# File, connection, Nq6, PetersQcl, RogalQcl, Nq6*Peters, Nq6*Rogal, MoroniQcl, Nq6*Moroni, area, volume, total solid, 2ndcluster
 ../1_seed.dataconnected         175  0.16634166500026587       0.65554692120575619        29.109791375046527        114.72071121100734       0.21219962451740240        37.134934290545424        218.41756449790057        246.35744951892934              282          10
 ../2_seed.dataconnected         150  0.17991386806002688       0.67410324133310084        26.987080209004031        101.11548619996513       0.22690986467447033        34.036479701170549        198.60394477214263        208.54418040749388              303          21
 ../3_seed.dataconnected         148  0.17008480927408137       0.65993403976149634        25.172551772564042        97.670237884701464       0.21268786918046451        31.477804638708747        137.97608175109835        133.04192145896508              311          19
 ../4_seed.dataconnected         186  0.17132465819908355       0.63727798892504051        31.866386425029539        118.53370594005753       0.20949062718869399        38.965256657097079        227.46005329809603        263.09381245130413              414          48
 ../5_seed.dataconnected         197  0.19387766872096471       0.72525475153084695        38.193900738030045        142.87518605157686       0.23577403707238367        46.447485303259583        194.64403228736606        216.66125438071285              351          17
 ../6_seed.dataconnected         104  0.17477340378067682       0.65504776140037202        18.176433993190390        68.124967185638695       0.23344390750757946        24.278166380788264        116.01736244766248        100.94431746703881              222          13
 ../7_seed.dataconnected         146  0.16518037405869188       0.60941701834176376        24.116334612569013        88.974884677897506       0.22016018492746514        32.143386999409913        183.30421268159046        193.48751255910270              356          29
 ../8_seed.dataconnected         135  0.15645078058020270       0.57314647436470612        21.120855378327366        77.374774039235319       0.22077401542802538        29.804492082783426        221.98088265515077        231.66901064206877              353          34
 ../9_seed.dataconnected         114  0.13922586600225503       0.54718848986314983        15.871748724257074        62.379487844399080       0.19442806938618937        22.164799910025589        171.38865702539229        157.56862467376766              241          23
 ../10_seed.dataconnected         129  0.17916538143635263       0.65623342731882284        23.112334205289489        84.654112124128147       0.23426940022078974        30.220752628481875        178.18141965194584        170.39198253475124              299          13
 ../11_seed.dataconnected         162  0.12491728505177294       0.46210187593407065        20.236600178387217        74.860503901319447       0.16409632532861529        26.583604703235675        239.02254610740064        271.60332527515948              340          13
 ../12_seed.dataconnected         177  0.18769054133824492       0.73034540143073046        33.221225816869350        129.27113605323930       0.22877451174253360        40.493088578428448        175.48237605553516        174.89196774748461              397          26
 ../13_seed.dataconnected         119  0.15405262612064866       0.57448620098903569        18.332262508357189        68.363857917695242       0.20186770559128858        24.022256965363340        147.30131932914989        134.11173913697897              281          26
 ../14_seed.dataconnected         198  0.19759542363882965       0.75690921619150175        39.123893880488268        149.86802480591734       0.24521271576143597        48.552117720764322        173.24411705731185        192.95860517507063              385          24
 ../15_seed.dataconnected         164  0.16817851469181236       0.63216895845861376        27.581276409457228        103.67570918721266       0.22500677791621582        36.901111578259396        206.94685029007698        218.40876846666256              335          18
 ../16_seed.dataconnected         144  0.13701640185743372       0.53344757602252424        19.730361867470457        76.816450947243496       0.19861876108055485        28.601101595599896        253.18201411335949        292.44671076782265              329          29
 ../17_seed.dataconnected         150  0.14496647982042507       0.54505384544109747        21.744971973063759        81.758076816164618       0.19349979152868191        29.024968729302287        201.07584546329377        206.50258382042796              329          20
 ../18_seed.dataconnected         139  0.16601212473469001       0.62290700810424871        23.075685338121911        86.584074126490563       0.20617129324303884        28.657809760782399        164.96829322650092        160.10850965155259              293          16
 ../19_seed.dataconnected         128  0.16441669007679824       0.62433581412638073        21.045336329830175        79.914984208176733       0.20911577554231489        26.766819269416306        119.80294929535590        102.68030050023751              283          22
 ../20_seed.dataconnected         186  0.16130817513063395       0.62531550056475649        30.003320574297913        116.30868310504471       0.19502360645220804        36.274390800110694        205.80662827432457        233.84399380960019              396          38
 ../21_seed.dataconnected         140  0.18011153122849297       0.70511042918861266        25.215614371989016        98.715460086405770       0.21810169721159209        30.534237609622892        136.20140504061621        126.18920450665077              291          17
 ../22_seed.dataconnected          89  0.17867390882116099       0.67585128313042642        15.901977885083328        60.150764198607952       0.22321390061365692        19.866037154615466        98.918611534829509        77.670784078602892              272          44
 ../23_seed.dataconnected         152  0.17749494371595212       0.67039090121885536        26.979231444824723        101.89941698526601       0.21998373565702600        33.437527819867952        192.55203890582092        194.80876976188770              304          13
 ../24_seed.dataconnected          96  0.17714797071595806       0.67463668637813357        17.006205188731975        64.765121892300826       0.23080324704946556        22.157111716748695        115.50793037724004        92.321751138294573              234          16
 ../25_seed.dataconnected         132  0.13834869260692048       0.53419969316121918        18.262027424113505        70.514359497280935       0.19150289764007755        25.278382488490237        184.13289471349484        198.88241469893114              265          10
 ../26_seed.dataconnected         159  0.13981577050515753       0.53812030387598275        22.230707510320048        85.561128316281255       0.19294225482330604        30.677818516905660        316.42340550641649        415.32826268126843              316          18
 ../27_seed.dataconnected         140  0.15931331542339924       0.61809953424783137        22.303864159275893        86.533934794696393       0.21169454727449424        29.637236618429196        168.07432719644041        174.96813359816056              289          11
 ../28_seed.dataconnected         166  0.16816166793489690       0.64493887257719995        27.914836877192887        107.05985284781519       0.21324118367027717        35.398036489266012        172.99503197429269        176.91605576443988              314          12
 ../29_seed.dataconnected         122  0.18470596048728691       0.67515026066404660        22.534127179449001        82.368331801013682       0.23175645905847139        28.274288005133510        125.20506315010358        104.45399727230716              352          27
 ../30_seed.dataconnected         158  0.15404969602457091       0.58432344231908939        24.339851971882204        92.323103886416121       0.20195000212823097        31.908100336260492        237.97376874025616        263.40777272307730              281           9
 ../31_seed.dataconnected         155  0.17297678320659976       0.65682259625398998        26.811401397022962        101.80750241936845       0.21984232932869738        34.075561045948092        174.11844110494656        179.55817451610952              344          26
 ../32_seed.dataconnected         140  0.16605799925964970       0.62355185909508382        23.248119896350957        87.297260273311736       0.22856746987210508        31.999445782094710        189.21171354498830        194.24050687609790              263           9
 ../33_seed.dataconnected         147  0.18337716484397037       0.71203174277727099        26.956443232063645        104.66866618825884       0.22148692709787346        32.558578283387398        163.79391728792095        160.43317020942229              327          26
 ../34_seed.dataconnected         127  0.14641128664533828       0.56718613838735632        18.594233403957961        72.032639575194253       0.20203923686916730        25.658983082384246        175.50565911295260        181.67787354889018              262          14
 ../35_seed.dataconnected          70  0.15273390762177974       0.58965761443376252        10.691373533524581        41.276033010363378       0.21731647310548180        15.212153117383727        131.57899549543487        105.63288720357407              207          22
 ../36_seed.dataconnected         141  0.17607523029134245       0.68879693963228250        24.826607471079285        97.120368488151826       0.21578979105912255        30.426360539336279        146.95271606789646        135.10879837571585              300          17
 ../37_seed.dataconnected         146  0.18798025270880286       0.70944150623138724        27.445116895485217        103.57845990978254       0.23399011109597395        34.162556220012199        133.73062171840536        127.62075254144405              317          26
 ../38_seed.dataconnected         102  0.19833486290737620       0.76215634303903401        20.230156016552371        77.739946989981476       0.24494971080810471        24.984870502426681        91.238622219610264        70.887027488334795              287          28
 ../39_seed.dataconnected          60  0.17480099908313948       0.69967110498604235        10.488059944988368        41.980266299162544       0.25780946114740894        15.468567668844535        88.856170858076368        58.924238310250445              264          36
 ../40_seed.dataconnected         128  0.15860633071408603       0.60688351088411308        20.301610331403012        77.681089393166474       0.20283256078617798        25.962567780630781        160.16014575596304        152.62674333791608              295          26
 ../41_seed.dataconnected         117  0.16591172648069380       0.60428414704869093        19.411671998241175        70.701245204696846       0.21651734771271849        25.332529682388063        152.23165712362268        144.61167361512332              291          13
 ../42_seed.dataconnected         130  0.15203995562711653       0.57776580850216219        19.765194231525150        75.109555105281089       0.20267021118014469        26.347127453418810        192.63383003767387        197.18950469902194              309          29
 ../43_seed.dataconnected         143  0.15242767573190225       0.59936508074957140        21.797157629662021        85.709206547188714       0.20388606776619206        29.155707690565464        192.77676883703515        201.90202281002948              303          21
 ../44_seed.dataconnected         146  0.17374902050612695       0.66115768447280654        25.367356993894536        96.529021933029753       0.21652611134201633        31.612812255934383        175.11060876577858        173.20344056109712              344          33
 ../45_seed.dataconnected         157  0.14423935322717457       0.54770523830597517        22.645578456666406        85.989722414038098       0.20352093753712408        31.952787193328479        280.84228659024143        344.64123157801441              286          16
 ../46_seed.dataconnected         137  0.14231790028619423       0.54879512833949406        19.497552339208610        75.184932582510683       0.18345799707237026        25.133745598914725        167.80300095265449        173.66084256935665              308          27
 ../47_seed.dataconnected         119  0.18128653321376906       0.67246524294899934        21.573097452438518        80.023363910930925       0.22602226687336896        26.896649757930906        129.69903167473504        110.17650678876191              215          10
 ../48_seed.dataconnected         171  0.18630573180042043       0.71882953312269193        31.858280137871894        122.91985016398031       0.22474351410568189        38.431140912071605        152.59749657824216        158.28581230442970              340          18
 ../49_seed.dataconnected         164  0.15418429966489514       0.58712045153492798        25.286225145042803        96.287754051728186       0.20715267794308542        33.973039182666007        289.06969551396372        339.02344739487432              293           9
 ../50_seed.dataconnected         172  0.15480059179560701       0.57484147075238379        26.625701788844406        98.872732969410009       0.21090964617280566        36.276459141722576        213.12947552708880        218.67898205941250              311          19
 ../51_seed.dataconnected         137  0.16101065966090530       0.61617688136871795        22.058460373544026        84.416232747514357       0.21624930033163647        29.626154145434196        205.56002859610072        206.12775142852971              302          24
 ../52_seed.dataconnected         190  0.16708300750354399       0.63486949089516276        31.745771425673357        120.62520327008093       0.22030620190176353        41.858178361335071        241.11283206526255        272.74410664016028              353          33
 ../53_seed.dataconnected         166  0.16990254588734291       0.65443622677323054        28.203822617298922        108.63641364435627       0.21884832483466346        36.328821922554134        180.46807764374125        188.45000063972100              303          24
 ../54_seed.dataconnected         109  0.14719424052579008       0.56158637056687377        16.044172217311118        61.212914391789241       0.20516237974888449        22.362699392628411        150.39377188992012        139.62271409367258              258           9
 ../55_seed.dataconnected         120  0.14522046388282434       0.56632906184749976        17.426455665938921        67.959487421699976       0.19438694468311818        23.326433361974182        173.54739158594600        170.41720325337141              265          22
 ../56_seed.dataconnected         108  0.16332749855416953       0.61990038372832168        17.639369843850311        66.949241442658746       0.21410118655770163        23.122928148231775        157.27664245421269        149.55998057947090              271          15
 ../57_seed.dataconnected         128  0.19164006096345501       0.73000893746534723        24.529927803322241        93.441143995564445       0.23565617623415483        30.163990557971818        131.08819570719902        120.37772434232697              286          15
 ../58_seed.dataconnected         131  0.16953914004802495       0.62402225353689689        22.209627346291267        81.746915213333494       0.20966393515351975        27.465975505111086        179.40726690399816        181.91910331075718              269          26
 ../59_seed.dataconnected         110  0.18581511495771300       0.68800183331993248        20.439662645348431        75.680201665192570       0.23431597804144691        25.774757584559161        121.25371804972065        109.04439777134293              278          22
 ../60_seed.dataconnected         169  0.15679388067308786       0.61419119194481198        26.498165833751848        103.79831143867322       0.19492769665222803        32.942780734226538        187.57576786459020        195.28584921191617              297          50
 ../61_seed.dataconnected         127  0.16394736427058701       0.60900277993129737        20.821315262364550        77.343353051274761       0.20266176145532566        25.738043704826360        159.09155202958846        153.77580122669013              261          13
 ../62_seed.dataconnected          84  0.15923055172647282       0.60498612330773904        13.375366345023718        50.818834357850079       0.20702976393218914        17.390500170303888        102.13747250570054        77.549970599672918              236          16
 ../63_seed.dataconnected         125  0.18253370250931927       0.68185278078451694        22.816712813664910        85.231597598064624       0.23578283400752029        29.472854250940035        159.92753865250930        158.01992579173125              267          12
 ../64_seed.dataconnected         118  0.16974416764765174       0.64722256156382163        20.029811782422904        76.372262264530946       0.22826483621272575        26.935250673101638        159.69863017319324        152.43533065137009              306          28
 ../65_seed.dataconnected          42  0.14116467920891151       0.53393516947257258        5.9289165267742838        22.425277117848047       0.24296768655820936        10.204642835444792        95.935032878276203        63.615362825427589              216          18
 ../66_seed.dataconnected          46  0.13587226649479583       0.54852356953642400        6.2501242587606081        25.232084198675505       0.21167862000228213        9.7372165201049778        79.115986267923319        46.669458868029224              250          30
 ../67_seed.dataconnected         142  0.16837360374232707       0.62950263383812077        23.909051731410443        89.389374005013153       0.21494025535520273        30.521516260438787        161.85321369931648        157.07834385165754              301          18
 ../68_seed.dataconnected         120  0.16658451898126247       0.64543069975219025        19.990142277751495        77.451683970262835       0.21309601708690154        25.571522050428186        123.92465360872799        112.44122854072155              274          20
 ../69_seed.dataconnected         109  0.17547660414841065       0.65461146546635340        19.126949852176761        71.352649735832514       0.23398328113249553        25.504177643442013        177.13346174379811        160.78829737575651              206          16
 ../70_seed.dataconnected         171  0.18685346217106341       0.70042213421374711        31.951942031251843        119.77218495055075       0.23066886818359525        39.444376459394789        202.31264187384528        218.00859934820329              306          12
 ../71_seed.dataconnected         160  0.20133672119860918       0.74000593623621680        32.213875391777471        118.40094979779468       0.24247183252752352        38.795493204403762        144.14602535361001        143.04625571220927              350          31
 ../72_seed.dataconnected         147  0.14060003581033589       0.53357631548665030        20.668205264119376        78.435718376537594       0.18406187057253121        27.057094974162087        231.84269137403527        258.71203469504616              296          19
 ../73_seed.dataconnected         166  0.17029406895962998       0.65440428701091724        28.268815447298575        108.63111164381226       0.21159321498450007        35.124473687427013        192.34347409817917        193.37549897392375              332          16
 ../74_seed.dataconnected         149  0.17179738254267402       0.62474454613651564        25.597809998858427        93.086937374340835       0.21996016236356555        32.774064192171267        187.21795746146117        198.59035313189810              299          12
 ../75_seed.dataconnected         121  0.16761202745170764       0.62532765384728084        20.281055321656623        75.664646115520981       0.21233596117127043        25.692651301723721        123.66110676762827        110.19073961105113              296           9
 ../76_seed.dataconnected         145  0.17141655894064328       0.63445899149009066        24.855401046393276        91.996553766063144       0.20652361336562547        29.945923938015692        136.02711208571844        123.91579879386164              270          10
 ../77_seed.dataconnected          96  0.12883016310974735       0.50269605794089556        12.367695658535744        48.258821562325977       0.17238573575258398        16.549030632248062        161.14305934127492        154.56256898641746              271          35
 ../78_seed.dataconnected         139  0.16181505118422004       0.61903134833172513        22.492292114606585        86.045357418109788       0.21832761670062392        30.347538721386726        178.24559431991213        170.66834253260578              257          12
 ../79_seed.dataconnected          93  0.18493449896517891       0.72873412837488805        17.198908403761639        67.772273938864586       0.21645931624783030        20.130716411048219        88.196737473138796        68.769023888953740              285          22
 ../80_seed.dataconnected         140  0.18506914030111485       0.68132852140433564        25.909679642156078        95.385992996606987       0.23979734356299751        33.571628098819652        161.32264593155497        158.80247702069866              320          43
 ../81_seed.dataconnected         170  0.15158431518244625       0.58542231418842750        25.769333581015861        99.521793412032679       0.20477365548190249        34.811521431923424        230.96362828442028        251.90907360591672              300          22
 ../82_seed.dataconnected         137  0.16451052965186211       0.63639033155924118        22.537942562305108        87.185475423616040       0.21288034636453781        29.164607451941681        163.78172802941182        164.76546749493286              262          16
 ../83_seed.dataconnected          51  0.17523337267372144       0.62519752086990921        8.9369020063597926        31.885073564365371       0.27043093931412615        13.791977905020433        110.85719989058607        72.886565132885607              211          27
 ../84_seed.dataconnected         133  0.18232735712973713       0.68767476693394269        24.249538498255038        91.460744002214383       0.23252777379689379        30.926193914986875        144.21454421268564        139.00285991465597              232          12
 ../85_seed.dataconnected         132  0.14640465750915826       0.57143269313580614        19.325414791208892        75.429115493926403       0.18337079148390001        24.204944475874800        151.16201179789434        151.43481203193480              276          16
 ../86_seed.dataconnected         196  0.16228018942630276       0.62727985196083802        31.806917127555341        122.94685098432426       0.20932884893865389        41.028454391976162        217.06445771361939        258.98242854546862              349          29
 ../87_seed.dataconnected         156  0.17775043580696848       0.67805114932134591        27.729067985887081        105.77597929412997       0.22374995335388706        34.904992723206384        175.26787757043269        177.39848476399490              335          20
 ../88_seed.dataconnected         129  0.15557025353606274       0.61123393892324329        20.068562706152093        78.849178121098390       0.22402554207876227        28.899294928160334        240.52689830926661        263.01154716959962              339          26
 ../89_seed.dataconnected         130  0.14835416318268266       0.57885451737337579        19.286041213748746        75.251087258538846       0.18560321266402088        24.128417646322713        149.85412054225415        146.43698460563195              251           9
 ../90_seed.dataconnected         150  0.18862997373316567       0.70295800743584003        28.294496059974851        105.44370111537600       0.23118440630718115        34.677660946077175        173.35413898787016        175.36490089489726              340          42
 ../91_seed.dataconnected         135  0.16064957028028221       0.62533858742164361        21.687691987838097        84.420709301921889       0.21296178113373057        28.749840453053626        168.33063394365954        158.52091247481357              306          15
 ../92_seed.dataconnected         146  0.15317268118548913       0.58961666519692479        22.363211453081412        86.084033118751023       0.20158693501321823        29.431692511929860        187.04818664872909        196.32374016687822              291          15
 ../93_seed.dataconnected         210  0.16027917893545388       0.62017576056775936        33.658627576445312        130.23690971922946       0.20227634095657132        42.478031600879980        277.30295856913119        332.18671786963966              407          27
 ../94_seed.dataconnected         105  0.18712271183038329       0.68051410813148872        19.647884742190246        71.453981353806313       0.23590892835176275        24.770437476935090        119.32079858472505        97.130674667034867              258          24
 ../95_seed.dataconnected         134  0.16682262292862526       0.63611258868679688        22.354231472435785        85.239086884030783       0.21315622419828650        28.562934042570390        164.50478262747444        162.14720217491165              261          14
 ../96_seed.dataconnected         143  0.18158296953517239       0.71093447903610096        25.966364643529651        101.66363050216243       0.23062254193921547        32.979023497307814        168.68360629967140        170.55662402781755              288          16
 ../97_seed.dataconnected         201  0.19431416696808973       0.75438431549972529        39.057147560586039        151.63124741544479       0.23162402238296775        46.556428498976516        172.01887395231100        183.84693227249250              331          18
 ../98_seed.dataconnected          76  0.12986915624848200       0.44762398456772357        9.8700558748846312        34.019422827146990       0.17563805141680544        13.348491907677214        93.357202981254261        65.220793774880136              252          15
 ../99_seed.dataconnected         137  0.18705669559985691       0.69711725722822049        25.626767297180397        95.505064240266208       0.23076425253735913        31.614702597618201        155.87260483625627        159.91074934063175              341          29
 ../100_seed.dataconnected         171  0.16641006559384530       0.62149700634856675        28.456121216547547        106.27598808560491       0.20422333948316307        34.922191051620885        161.43757236555609        164.73565530340844              311          11
 ../101_seed.dataconnected         119  0.15935612261169840       0.59817056903923072        18.963378590792111        71.182297715668454       0.21600312142565140        25.704371449652516        181.61335961365512        186.52726604791744              250          12
 ../102_seed.dataconnected          44  0.16572644875326009       0.62087633879396409        7.2919637451434438        27.318558906934420       0.26485396176759313        11.653574317774098        61.969580697687377        34.964533883936845              248          27
 ../103_seed.dataconnected         144  0.17786864525896059       0.68003589853486590        25.613084917290326        97.925169389020695       0.22171736621675317        31.927300735212455        138.38643870523114        134.35201815813801              289          18
 ../104_seed.dataconnected         138  0.16858276288507915       0.65056994087036057        23.264421278140922        89.778651840109760       0.22269245221918654        30.731558406247743        200.45595226200427        205.85019504604375              317          27
 ../105_seed.dataconnected         117  0.17831337995983310       0.64671546006267666        20.862665455300473        75.665708827333162       0.23064856949879969        26.985882631359566        161.98312089270684        149.51509693883906              296          14
 ../106_seed.dataconnected          65  0.16946791916561080       0.66465553435792168        11.015414745764701        43.202609733264907       0.23248016145562880        15.111210494615872        111.08412622651632        85.054368812515719              226          31
 ../107_seed.dataconnected          91  0.16851306612728925       0.62965375195792028        15.334689017583322        57.298491428170749       0.22053598309639660        20.068774461772090        139.33978075103764        115.07246194935580              267          19
 ../108_seed.dataconnected         176  0.19179155224579167       0.70059234578937490        33.755313195259333        123.30425285892998       0.22664359642238072        39.889272970339007        188.55637000509793        207.71880104351888              322          24
 ../109_seed.dataconnected         145  0.18026284158334410       0.68793081846454474        26.138112029584896        99.749968677358993       0.22470413929438388        32.582100197685662        157.24924438135028        160.64166651025928              301          36
 ../110_seed.dataconnected         207  0.17687065181305761       0.67560694425939716        36.612224925302925        139.85063746169521       0.20982072688362480        43.432890464910336        174.35085731948973        185.48744230590984              354          21
 ../111_seed.dataconnected         117  0.19062330439478961       0.74793623098491480        22.302926614190383        87.508539025235038       0.24264583637806716        28.389562856233859        109.28651353581655        93.581273872617047              256          18
 ../112_seed.dataconnected         180  0.19450403040697176       0.71338828224725059        35.010725473254915        128.40989080450510       0.24268460714798584        43.683229286637449        193.36832855646782        215.74215444795780              357          26
 ../113_seed.dataconnected         107  0.16923041856584248       0.64079136453940788        18.107654786545144        68.564676005716649       0.22604198686922164        24.186492595006715        127.88374973785315        109.28711914892838              237           8
 ../114_seed.dataconnected         103  0.16096896765292337       0.62036884604296583        16.579803668251106        63.897991142425482       0.22477894906457199        23.152231753650916        139.87796443058471        128.19989431368813              293          26
 ../115_seed.dataconnected         133  0.18682647350647336       0.72112989512104053        24.847920976360957        95.910276051098393       0.22374429625819062        29.757991402339353        146.27657956371374        136.56264175149389              279          32
 ../116_seed.dataconnected         145  0.17021925345537980       0.64290376010780192        24.681791751030072        93.221045215631278       0.21890984990413365        31.741928236099380        192.75566125374067        190.62405003865319              330          20
 ../117_seed.dataconnected         165  0.17476662359554207       0.67043982477334663        28.836492893264442        110.62257108760220       0.21187423084878129        34.959248090048916        172.02472170281942        167.23867589559723              340          35
 ../118_seed.dataconnected         154  0.16613924226393084       0.61894334201568235        25.585443308645349        95.317274670415088       0.21454111398485462        33.039331553667608        191.10544870519249        205.36314998251865              319          20
 ../119_seed.dataconnected         115  0.18227275525842271       0.69135926313243534        20.961366854718612        79.506315260230068       0.22279072605078706        25.620933495840511        113.38282793703254        95.268493096674661              259          13
 ../120_seed.dataconnected          98  0.13117255438575243       0.49434465098587210        12.854910329803738        48.445775796615465       0.18590625406727915        18.218812898593356        170.90795668823463        169.74897105138299              259          12
 ../121_seed.dataconnected         115  0.19088144578368701       0.71920450623447640        21.951366265124008        82.708518216964791       0.23800808322756387        27.370929571169846        115.26996692913170        98.020362163231766              313          27
 ../122_seed.dataconnected         111  0.17159871595381301       0.66299182675997170        19.047457470873244        73.592092770356857       0.21781913524504931        24.177924012200474        125.64174730765299        111.38631321784594              235           9
 ../123_seed.dataconnected         101  0.16893020478342591       0.68263538913477584        17.061950683126017        68.946174302612363       0.21521938603626509        21.737157989662773        134.40272210891970        120.13938167255354              332          26
 ../124_seed.dataconnected         114  0.17395837474563794       0.64698600380313553        19.831254721002725        73.756404433557449       0.24061458585975468        27.430062788012034        168.57839921592546        167.82783607379088              268          11
 ../125_seed.dataconnected         132  0.15436892743303343       0.58343645792055543        20.376698421160413        77.013612445513317       0.19415467899690528        25.628417627591496        152.19158136074768        137.01088071608135              370          96
 ../126_seed.dataconnected         155  0.15855003907237880       0.59704963895804519        24.575256056218713        92.542694038497004       0.21466312547375174        33.272784448431523        189.05344466350545        187.55793191322337              292          13
 ../127_seed.dataconnected         172  0.15836552762121475       0.62146809393646452        27.238870750848939        106.89251215707189       0.19747858717017569        33.966316993270219        238.61946244589657        269.78850293015631              328          15
 ../128_seed.dataconnected         156  0.18767081880064718       0.69161042336878764        29.276647732900958        107.89122604553087       0.23841436808255709        37.192641420878907        176.00567634835141        169.00199928542824              315          18
 ../129_seed.dataconnected         128  0.17995662519636121       0.68254445593752611        23.034448025134235        87.365690360003342       0.22621041526650928        28.954933154113188        139.67759358850392        120.82619596237960              337          31
 ../130_seed.dataconnected         123  0.17349665324899524       0.67121676786226681        21.340088349626416        82.559662447058813       0.22639888146988088        27.847062420795350        159.49794682278920        143.51694854740825              293          15
 ../131_seed.dataconnected          95  0.16418145826580266       0.63495955129008486        15.597238535251252        60.321157372558062       0.22421109109408283        21.300053653937869        125.25621436372734        103.69083194534619              265          17
 ../132_seed.dataconnected         114  0.15829390379542591       0.60344712063913086        18.045505032678552        68.792971752860922       0.21079787658390561        24.030957930565240        154.53023693435406        150.84693154080793              304          22
 ../133_seed.dataconnected         152  0.15067083145574275       0.57051253358874587        22.901966381272899        86.717905105489379       0.20691586139694887        31.451210932336227        252.78587346366189        297.04905943036169              328          28
 ../134_seed.dataconnected         167  0.18788718200235216       0.71208746694499947        31.377159394392812        118.91860697981491       0.21984741611002723        36.714518490374545        159.99922176152316        166.12238818874755              311          17
 ../135_seed.dataconnected         123  0.16885067662435943       0.64105439871538350        20.768633224796211        78.849691041992173       0.23208826635658347        28.546856761859768        159.70653806406679        149.90271603238219              226           9
 ../136_seed.dataconnected         137  0.19084738388757042       0.71840889781867423        26.146091592597148        98.422019001158375       0.23960442680025273        32.825806471634621        146.08604162808444        133.13665155239292              243           7
 ../137_seed.dataconnected         139  0.19956076458262179       0.73432670254200483        27.738946276984429        102.07141165333867       0.24112241307733151        33.516015417749081        126.10231820838396        117.77077518947848              295          26
 ../138_seed.dataconnected         130  0.13925794053716095       0.51788631951118891        18.103532269830925        67.325221536454563       0.19145984693476387        24.889780101519303        208.38929662301049        219.14291616095963              249           8
 ../139_seed.dataconnected         167  0.17650358853551498       0.67904091602537830        29.476099285431001        113.39983297623817       0.21399252503908719        35.736751681527565        180.98619268057541        190.40094152483243              284           7
 ../140_seed.dataconnected         198  0.16876092341135868       0.63854084495981456        33.414662835449015        126.43108730204328       0.21660966718178568        42.888714101993564        242.12146864883661        297.99662681948917              331          16
 ../141_seed.dataconnected         158  0.18312364918360613       0.69164488598747553        28.933536571009768        109.27989198602114       0.22312778500140942        35.254190030222688        149.60221156232240        145.52153948568360              310          37
 ../142_seed.dataconnected          80  0.17391505817993511       0.68396291913777596        13.913204654394809        54.717033531022075       0.23338191991763263        18.670553593410609        99.920411941890620        77.894782343258328              280          18
 ../143_seed.dataconnected          97  0.15445281491902801       0.57781130422681359        14.981923047145717        56.047696510000918       0.20532169962227367        19.916204863360548        137.08734577663319        114.68002036615177              257          15
 ../144_seed.dataconnected         154  0.13002744618244802       0.49577701087314185        20.024226712096993        76.349659674463851       0.18041015290437207        27.783163547273297        305.65396581131284        381.90081417751463              300          23
 ../145_seed.dataconnected         196  0.16064071250664774       0.62293675163832385        31.485579651302956        122.09560332111147       0.20097415324547732        39.390934036113556        279.14377359873788        338.95266899596015              277           7
 ../146_seed.dataconnected         135  0.15987021652692054       0.61889299391715358        21.582479231134272        83.550554178815730       0.21464008591283615        28.976411598232879        158.89630478322604        151.23902973644397              320          15
 ../147_seed.dataconnected         121  0.16958424309731276       0.65165564042914326        20.519693414774846        78.850332491926338       0.21154683676595085        25.597167248680051        161.85910137251594        151.46960407948984              220           9
 ../148_seed.dataconnected         135  0.18324291276241692       0.69142562424788501        24.737793222926282        93.342459273464470       0.23756656413854788        32.071486158703962        142.77346780577756        135.37026379606459              354          31
 ../149_seed.dataconnected         168  0.16605882019539175       0.63932546744932883        27.897881792825814        107.40667853148724       0.20637179581212525        34.670461696437044        171.02697866902923        183.86970449738448              276           8
 ../150_seed.dataconnected         113  0.15812348765327403       0.59985177491204211        17.867954104819965        67.783250565060754       0.22120598836525343        24.996276685273639        164.12425058316717        147.78735064682590              254          29
 ../151_seed.dataconnected         144  0.18637829737877640       0.71837792446047510        26.838474822543802        103.44642112230841       0.24849185812180330        35.782827569539677        178.29646283736622        181.41224482857925              348          21
 ../152_seed.dataconnected         146  0.17694858611909212       0.67474122767465550        25.834493573387448        98.512219240499704       0.22169729477452926        32.367805037081276        154.72511518494088        161.76545888270817              315          24
 ../153_seed.dataconnected         119  0.18181892393405061       0.67907597985049817        21.636451948152022        80.810041602209282       0.21664772392723475        25.781079147340936        136.82061407330573        124.07584949317499              281          13
 ../154_seed.dataconnected         144  0.18131393815625460       0.69521260939779539        26.109207094500661        100.11061575328253       0.22472027599985681        32.359719743979383        158.08660935869938        152.27474907639979              316          36
 ../155_seed.dataconnected         119  0.17778841985626187       0.69060965527375118        21.156821962895162        82.182548977576388       0.21466535725750777        25.545177513643424        120.50695443213864        108.33245121665995              263          10
 ../156_seed.dataconnected         101  0.12200349052893893       0.46579703197907485        12.322352543422831        47.045500229886557       0.18422731058697112        18.606958369284083        154.37774237826551        136.96589068125334              297          29
 ../157_seed.dataconnected         197  0.16137631683004222       0.60539789259638277        31.791134415518318        119.26338484148741       0.20462500174438542        40.311125343643930        215.31797114005951        254.89471901829884              390          43
 ../158_seed.dataconnected         109  0.17997550176815791       0.66985422129909733        19.617329692729211        73.014110121601604       0.21732201624563080        23.688099770773757        130.26610408536030        113.69888471884016              255          30
 ../159_seed.dataconnected         125  0.19096861553007100       0.71446675868305465        23.871076941258874        89.308344835381831       0.24583198206530146        30.728997758162684        136.54485867337308        123.74067779671829              253          22
 ../160_seed.dataconnected         143  0.13960317079875365       0.50824403010715213        19.963253424221772        72.678896305322752       0.19744727266854803        28.234959991602370        222.75367187505529        238.69574901942008              275          13
 ../161_seed.dataconnected         133  0.18377810004648776       0.71753354527852620        24.442487306182873        95.431961522043977       0.23141662807872809        30.778411534470838        127.04463942507249        110.04442849563948              285          33
 ../162_seed.dataconnected         178  0.17512678643049881       0.65134243889076104        31.172567984628788        115.93895412255547       0.22223457088668505        39.557753617829938        222.88648838381383        263.50861631593631              343          27
 ../163_seed.dataconnected          63  0.14865926052316294       0.55844029082663238        9.3655334129592660        35.181738322077841       0.20653227409038202        13.011533267694068        118.05398848044406        82.972658945968718              300          42
 ../164_seed.dataconnected         115  0.15086666336234553       0.58396179581627483        17.349666286669734        67.155606518871608       0.19266176387422324        22.156102845535671        150.62442210349724        135.91960690092077              249          14
 ../165_seed.dataconnected          96  0.15986122076490772       0.60641567173278288        15.346677193431141        58.215904486347156       0.21505887818400429        20.645652305664413        142.47671254529698        109.66696415832628              234          20
 ../166_seed.dataconnected         120  0.17412442814507051       0.66280277154656975        20.894931377408462        79.536332585588369       0.22452844587084317        26.943413504501180        151.89070152603992        147.70451284693721              286          31
 ../167_seed.dataconnected         121  0.19112166108232470       0.72332187350498423        23.125720990961288        87.521946694103093       0.24119005958725664        29.183997210058052        130.51404182606535        112.36672188308491              263          12
 ../168_seed.dataconnected          82  0.19697850668875364       0.75639629779544404        16.152237548477800        62.024496419226409       0.25496314968635514        20.906978274281123        76.507294279247589        55.989842451443579              247          25
 ../169_seed.dataconnected         164  0.18464636647038898       0.69043294797433430        30.282004101143794        113.23100346779083       0.22426432183684761        36.779348781243009        163.69528134591525        163.69702972261607              342          71
 ../170_seed.dataconnected         178  0.18462657643438357       0.70203631918876785        32.863530605320278        124.96246481560068       0.23004482881303484        40.947979528720204        200.93379002076003        204.74583176243993              391          33
 ../171_seed.dataconnected         109  0.13691511422689132       0.52518904227106666        14.923747450731154        57.245605607546267       0.17380599762079837        18.944853740667021        164.86271806166945        137.11836747392289              256          11
 ../172_seed.dataconnected         153  0.14510412951430637       0.55891546054449348        22.200931815688875        85.514065463307503       0.18855309157151101        28.848623010441184        201.72537029484803        217.79973416510273              278          10
 ../173_seed.dataconnected         141  0.17983606506775587       0.68670308962213755        25.356885174553579        96.825135636721399       0.23361647449330120        32.939922903555470        187.15863153615166        196.95626129259193              277          30
 ../174_seed.dataconnected         151  0.19336681415128890       0.73007968234509346        29.198388936844623        110.24203203410912       0.23980850530971759        36.211084301767357        161.69693713265940        160.23593808869293              273          10
 ../175_seed.dataconnected         105  0.17953912631153643       0.68945415341690275        18.851608262711324        72.392686108774782       0.23702714605349548        24.887850335617024        112.64552628851052        90.782409064053994              247           8
 ../176_seed.dataconnected         105  0.18048511803738634       0.67843224648062161        18.950937393925567        71.235385880465273       0.21416440083349028        22.487262087516481        106.24383632443836        89.973160057898482              221           9
 ../177_seed.dataconnected         125  0.17800362192814295       0.64043296140052153        22.250452741017870        80.054120175065194       0.23652851775545908        29.566064719432386        170.80383239331996        170.24331899179944              272          20
 ../178_seed.dataconnected         173  0.18529954418289857       0.69924198630953960        32.056821143641450        120.96886363155035       0.23494527577932936        40.645532709823982        168.53738625014643        177.44395123870976              315          19
 ../179_seed.dataconnected         120  0.15025666684313210       0.56813795753773466        18.030800021175853        68.176554904528160       0.20885819633280339        25.062983559936406        183.80177261514152        180.88667277776739              261          17
 ../180_seed.dataconnected         106  0.13189891993808467       0.51367792605340912        13.981285513436974        54.449860161661370       0.18511669369037348        19.622369531179590        170.06116870061240        160.88220250986711              261          12
 ../181_seed.dataconnected         108  0.18693900387347634       0.71010554239933565        20.189412418335444        76.691398579128247       0.23499272380024108        25.379214170426035        116.27486156786981        98.779907810544714              307          32
 ../182_seed.dataconnected         114  0.11048411472321376       0.40269584820757309        12.595189078446369        45.907326695663329       0.17231178968613411        19.643544024219288        311.88904386049188        308.53892665062017              285          13
 ../183_seed.dataconnected         146  0.14255916869784499       0.55033380707124002        20.813638629885368        80.348735832401047       0.19317921254630940        28.204165031761171        245.01912023853407        283.60370050095150              312          29
 ../184_seed.dataconnected         183  0.18170011979160750       0.67731130599522715        33.251121921864168        123.94796899712657       0.23118928121455393        42.307638462263370        215.39523049590508        241.09564251842485              315          33
 ../185_seed.dataconnected         154  0.17002544597529193       0.64915549934648997        26.183918680194957        99.969946899359456       0.21512364259634822        33.129040959837624        182.91745680910961        188.38841724775659              302          31
 ../186_seed.dataconnected         171  0.18365422063889258       0.71182963187353054        31.404871729250633        121.72286705037372       0.22745816648235509        38.895346468482721        207.85739620966930        213.58156838973193              326          20
 ../187_seed.dataconnected         182  0.19983548112666419       0.72869498235492602        36.370057565052882        132.62248678859655       0.23702219600068231        43.138039672124179        169.97172755673665        181.88267490726324              319          21
 ../188_seed.dataconnected         189  0.18955334323806219       0.73092229432736289        35.825581871993755        138.14431362787158       0.23690534341640754        44.775109905701022        204.47980210694024        221.87756764740575              365          20
 ../189_seed.dataconnected          95  0.12653314139758962       0.48747997457724318        12.020648432771013        46.310597584838099       0.18811057690157834        17.870504805649944        159.59608978461151        155.18588692030011              250          15
 ../190_seed.dataconnected         177  0.16456389063030766       0.64273961716467420        29.127808641564457        113.76491223814733       0.20363719166249925        36.043782924262366        185.57565375426788        186.39491409781286              353          14
 ../191_seed.dataconnected         179  0.17872902243023239       0.67556955047505163        31.992495015011599        120.92694953503424       0.22846059840110547        40.894447113797881        241.38195471831736        277.08588537386657              287          12
 ../192_seed.dataconnected         110  0.17606291917329495       0.68578851114009154        19.366921109062446        75.436736225410073       0.22381134270258873        24.619247697284759        113.37797832283486        97.394132372988935              241          13
 ../193_seed.dataconnected          91  0.17317960347522041       0.64932171080761347        15.759343916245056        59.088275683492824       0.21460989880115264        19.529500790904891        130.10573626252054        117.17552259210473              304          21
 ../194_seed.dataconnected          97  0.18543170217473734       0.69766629510384659        17.986875110949523        67.673630625073116       0.22820018505252512        22.135417950094936        110.52466911045545        88.842033718126046              270          32
 ../195_seed.dataconnected         100  0.17440134024427470       0.65509329330739374        17.440134024427469        65.509329330739376       0.23783405702542490        23.783405702542488        130.90206736518829        111.61216800646125              206          10
 ../196_seed.dataconnected         102  0.15988473845748880       0.59327315716546158        16.308243322663856        60.513862030877078       0.20042760027882883        20.443615228440542        131.21696083434836        105.65726435428225              213           9
 ../197_seed.dataconnected         135  0.13461390694570111       0.50588249809689534        18.172877437669648        68.294137243080868       0.19644648139894585        26.520274988857690        234.92468272545108        243.86376452903696              287          19
 ../198_seed.dataconnected         114  0.17943378265582680       0.66056643516834712        20.455451222764253        75.304573609191578       0.22744398434078153        25.928614214849095        147.23727949596574        132.18882273691395              306          31
 ../199_seed.dataconnected         151  0.15314446379831309       0.59608553615429893        23.124814033545277        90.008915959299145       0.19644360174162839        29.662983862985886        194.44964596274895        210.87161342747751              280           9
 ../200_seed.dataconnected         128  0.17022198239428962       0.68038805888223708        21.788413746469072        87.089671536926346       0.20385790283574018        26.093811562974743        151.40728863529489        151.42445820078987              289          15
 ../201_seed.dataconnected         139  0.17281822460147364       0.63280905805741539        24.021733219604837        87.960459069980743       0.21203093942306681        29.472300579806287        139.95672614261497        131.85907265405427              324          23
 ../202_seed.dataconnected         190  0.18081729082860881       0.67565875088588401        34.355285257435675        128.37516266831796       0.22483271378368291        42.718215618899755        206.11004735095767        230.72487775642429              304          19
 ../203_seed.dataconnected         169  0.15381031212613064       0.56961763131756626        25.993942749316076        96.265379692668702       0.19731077336951761        33.345520699448478        205.67121835270316        226.50981877123763              310          11
 ../204_seed.dataconnected         149  0.16370162284706613       0.64277864835703857        24.391541804212853        95.774018605198748       0.20272755403275514        30.206405550880515        170.42176154658580        177.31899824212238              269          15
 ../205_seed.dataconnected         126  0.18079406988189511       0.68041386521509550        22.780052805118785        85.732147017102037       0.23240870955689319        29.283497404168543        149.19855610343063        131.83995723333922              266          12
 ../206_seed.dataconnected         132  0.15899713658502476       0.60969438327778125        20.987622029223267        80.479658592667121       0.20531343801976831        27.101373818609417        159.46624867661907        157.60028921093453              273          14
 ../207_seed.dataconnected         129  0.16331538815088090       0.64133200111892819        21.067685071463636        82.731828144341733       0.21007144051889556        27.099215826937527        170.25726430735540        160.82713611285726              285          25
 ../208_seed.dataconnected         108  0.13919449432461015       0.53811679564073145        15.033005387057896        58.116613929198998       0.19293315626510701        20.836780876631558        135.02080872070255        124.09188578727294              324          24
 ../209_seed.dataconnected         121  0.17992052463024252       0.66163748604417838        21.770383480259344        80.058135811345579       0.22642306156066969        27.397190448841030        133.68223083960535        126.35315211831144              255          16
 ../210_seed.dataconnected         120  0.17279111296014452       0.67314590131556040        20.734933555217342        80.777508157867246       0.22516100258778940        27.019320310534727        154.13087723580347        144.61580380461473              239          10
 ../211_seed.dataconnected         161  0.16452973865668410       0.61667197622769587        26.489287923726142        99.284188172659029       0.20174330282182854        32.480671754314393        188.48899059913452        201.94126215294241              336          19
 ../212_seed.dataconnected         150  0.14803156971394149       0.56868061983091378        22.204735457091225        85.302092974637063       0.19368014245306045        29.052021367959068        237.52734915573268        238.21221933128783              319          26
 ../213_seed.dataconnected         200  0.19346520014309068       0.72188850069116484        38.693040028618135        144.37770013823297       0.23920862759130027        47.841725518260056        204.70364661000278        235.70411889416664              349          18
 ../214_seed.dataconnected         171  0.18134535721828487       0.68412106336814649        31.010056084326713        116.98470183595305       0.22372205675476250        38.256471705064385        191.08903452815613        208.16636566803891              283          10
 ../215_seed.dataconnected          96  0.18672442348824156       0.65653499259613901        17.925544654871189        63.027359289229345       0.24819423007838029        23.826646087524509        121.56414759310283        103.39240822852685              248          16
 ../216_seed.dataconnected         212  0.18695277589256659       0.72317193449233019        39.633988489224116        153.31245011237399       0.22427061529197201        47.545370441898065        191.91103038017840        214.20270754286054              366          19
 ../217_seed.dataconnected         104  0.15200729452825243       0.58894757189566260        15.808758630938252        61.250547477148913       0.19903505320648168        20.699645533474094        182.64729328153877        159.20749385496390              253          16
 ../218_seed.dataconnected         170  0.17277067549278152       0.65998919514599774        29.371014833772858        112.19816317481961       0.21379928511081406        36.345878468838393        183.61815322592480        199.43223743381907              328          14
 ../219_seed.dataconnected         207  0.16410436545497875       0.61295072665493555        33.969603649180598        126.88080041757166       0.20342206814314615        42.108368105631250        215.13151222177089        257.42207785500136              319          16
 ../220_seed.dataconnected         141  0.17499447762620249       0.65966628750676271        24.674221345294551        93.012946538453548       0.21977825531644662        30.988733999618972        173.46696739148007        182.15246371179700              266          17
 ../221_seed.dataconnected         141  0.16116232600712779       0.65381466646394959        22.723887967005020        92.187867971416892       0.21182936043790906        29.867939821745178        159.73878573484424        158.99980712166422              242          22
 ../222_seed.dataconnected          87  0.16451156486050741       0.62498265175250434        14.312506142864144        54.373490702467876       0.23943996147056495        20.831276647939152        128.60986648242192        102.58367505105828              207          10
 ../223_seed.dataconnected         120  0.18155625071854933       0.68970980106954027        21.786750086225918        82.765176128344834       0.22735340082248023        27.282408098697630        127.83765712558386        110.03497562023408              256          16
 ../224_seed.dataconnected         115  0.19381496322620789       0.71931494699975318        22.288720771013907        82.721218904971622       0.25078950777037545        28.840793393593177        136.57042162636222        116.81002055435954              283          27
 ../225_seed.dataconnected         202  0.17447969297624491       0.67283304781291653        35.244897981201468        135.91227565820913       0.21946947550023571        44.332834051047612        222.77800336588564        257.66732180131186              324          12
 ../226_seed.dataconnected          85  0.18934516794871134       0.71379170907401035        16.094339275640465        60.672295271290878       0.26631220210175316        22.636537178649018        120.54668266305053        96.071086574429728              276          18
 ../227_seed.dataconnected         200  0.15886914213926048       0.59907284147813500        31.773828427852095        119.81456829562700       0.20899803938938746        41.799607877877492        248.87303389258264        271.56886258916569              369          19
 ../228_seed.dataconnected         152  0.17369373026007021       0.65410099010679790        26.401446999530670        99.423350496233283       0.22149553736706529        33.667321679793922        176.55632383707103        181.56099840287635              299          16
 ../229_seed.dataconnected         123  0.17733777196120487       0.67415900783839433        21.812545951228199        82.921557964122499       0.22730269527743222        27.958231519124162        179.26213103814675        183.79326139594221              289          17
 ../230_seed.dataconnected         141  0.14566303359685290       0.57360636426407119        20.538487737156260        80.878497361234039       0.17780178921559053        25.070052279398265        163.62520264174555        162.93733388780632              278          12
 ../231_seed.dataconnected         147  0.16886459995077094       0.65530960900947222        24.823096192763327        96.330512524392418       0.21785997084571529        32.025415714320147        186.12066166362490        193.45465990877253              305          28
 ../232_seed.dataconnected         155  0.15364067535301812       0.56996770718560308        23.814304679717807        88.344994613768478       0.19763832412059215        30.633940238691782        242.41535578468864        299.96119788472890              281          14
 ../233_seed.dataconnected         160  0.14444561708106318       0.55499582897135802        23.111298732970109        88.799332635417286       0.18259009761922851        29.214415619076561        221.56040162056232        223.48687457563005              321          27
 ../234_seed.dataconnected         164  0.18629700136390023       0.72175523491752669        30.552708223679637        118.36785852647438       0.22626613670540646        37.107646419686660        156.80513719108421        148.66860451964243              330          12
 ../235_seed.dataconnected         105  0.17829290647063487       0.67767293172890164        18.720755179416660        71.155657831534668       0.23566817895166034        24.745158789924336        152.37857998611020        133.26866940888314              306          26
 ../236_seed.dataconnected         158  0.17688258113128988       0.66456692869837408        27.947447818743800        105.00157473434311       0.21710904121525126        34.303228512009703        173.03535893158258        168.22889124639408              386          29
 ../237_seed.dataconnected         129  0.18542920671843449       0.71025682541838209        23.920367666678050        91.623130478971291       0.22787637409844136        29.396052258698937        117.64352012635541        104.59469172251563              257          12
 ../238_seed.dataconnected         150  0.13256962523998903       0.51570318022051798        19.885443785998355        77.355477033077690       0.18677781761233839        28.016672641850757        198.08866109546290        203.49155250260631              309          30
 ../239_seed.dataconnected         138  0.16910247159741315       0.62547779395334957        23.336141080443014        86.315935565562242       0.22201872371688749        30.638583872930475        143.77688997743397        133.15341622210008              318          17
 ../240_seed.dataconnected         100  0.14973117507904807       0.60007803662116943        14.973117507904806        60.007803662116942       0.20960261147685552        20.960261147685554        150.78135781961160        135.96711023855303              228          10
 ../241_seed.dataconnected         112  0.17673337949788631       0.67550157149041046        19.794138503763268        75.656176006925975       0.21653946979421013        24.252420616951532        157.48263385868000        137.88195601139518              269          10
 ../242_seed.dataconnected          53  0.17412698977350316       0.65880396639742356        9.2287304579956668        34.916610219063450       0.25215952061618535        13.364454592657824        81.275147206384034        51.367626004384334              250          33
 ../243_seed.dataconnected         102  0.19236204117737488       0.72860163257666388        19.620928200092237        74.317366522819711       0.25400659365367623        25.908672552674975        106.21121765193925        88.287091068819109              278          42
 ../244_seed.dataconnected         121  0.17054300105921572       0.61888462687967960        20.635703128165101        74.885039852441238       0.21997449354200127        26.616913718582154        179.12041374320506        180.81964596989255              242          12
 ../245_seed.dataconnected         138  0.16781605866634672       0.62647144579101210        23.158616095955846        86.453059519159666       0.20717361011738702        28.589958196199408        155.14236046105739        144.53106870840980              308          14
 ../246_seed.dataconnected         165  0.15969656117727707       0.61992036040795662        26.349932594250717        102.28685946731284       0.20294573943309541        33.486047006460744        228.20098733023667        240.57373007260037              294          14
 ../247_seed.dataconnected         140  0.15819166369934753       0.61892445444024391        22.146832917908654        86.649423621634142       0.20608532262973472        28.851945168162860        192.20233179550596        196.38604055822620              286          14
 ../248_seed.dataconnected         158  0.17748337133578226       0.67523714173799299        28.042372671053599        106.68746839460289       0.22844830410721592        36.094832048940113        206.48488629031579        232.46514097387765              316          18
 ../249_seed.dataconnected         126  0.15349324256993810       0.59786690106665163        19.340148563812200        75.331229534398105       0.21411846412661692        26.978926479953731        178.58881154026858        161.01285048599559              250          12
 ../250_seed.dataconnected         166  0.16095130193578286       0.60993941353140047        26.717916121339954        101.24994264621247       0.19564843388952483        32.477640025661124        173.85206392331639        184.92040467304881              330          22
 ../251_seed.dataconnected         122  0.15790523725022346       0.58817500205531303        19.264438944527260        71.757350250748189       0.20859526882546206        25.448622796706371        170.48299519668245        160.11341026888144              242          15
 ../252_seed.dataconnected         143  0.17388820469367905       0.65140367846472647        24.866013271196103        93.150726020455878       0.22622496324873978        32.350169744569790        160.20091841035614        151.69348267288154              347          23
 ../253_seed.dataconnected         167  0.17357871659995763       0.67634809685216779        28.987645672192926        112.95013217431202       0.21984106743199353        36.713458261142918        164.71596184106306        173.87976605360547              301          12
 ../254_seed.dataconnected         159  0.15580950638219235       0.60055650613988376        24.773711514768582        95.488484476241524       0.19221239294132414        30.561770477670539        193.02243924458645        208.44531591568102              263          17
 ../255_seed.dataconnected          90  0.14954040825097770       0.59084043881951587        13.458636742587993        53.175639493756428       0.21447393565191772        19.302654208672596        138.70919551974274        125.09439666600386              236          15
 ../256_seed.dataconnected         163  0.16932125686372415       0.65312264913160167        27.599364868787038        106.45899180845107       0.21579416665117637        35.174449164141748        164.50309819820552        167.08419105983205              347          19
 ../257_seed.dataconnected         174  0.15210457825323412       0.59650110140024937        26.466196616062735        103.79119164364339       0.19164281216102130        33.345849316017706        179.10269847432195        187.92204903075466              321          34
 ../258_seed.dataconnected         140  0.16693887340946806       0.63102512176895065        23.371442277325528        88.343517047653094       0.21328891282408746        29.860447795372245        232.77811281269470        231.09991352830332              268           8
 ../259_seed.dataconnected         154  0.18235679533943727       0.71375122926334722        28.082946482273339        109.91768930655547       0.21550662742591814        33.188020623591392        149.91941450539841        148.90933211009420              294          29
 ../260_seed.dataconnected         159  0.18921213165895445       0.70441012021106530        30.084728933773757        112.00120911355938       0.22507120854291562        35.786322158323586        160.40282719667400        158.21281279879926              315          53
 ../261_seed.dataconnected         170  0.18635710564334029       0.70099055129684529        31.680707959367851        119.16839372046370       0.22900796222664854        38.931353578530249        179.17740622246313        185.47205047184207              265           7
 ../262_seed.dataconnected          92  0.14083004101934432       0.51188034679572414        12.956363773779678        47.092991905206624       0.19230674908746512        17.692220916046789        149.69203462810563        128.18871338616947              262          35
 ../263_seed.dataconnected         114  0.14888797712251486       0.54345776243876287        16.973229391966694        61.954184918018967       0.19143334978667070        21.823401875680460        175.95613895395888        160.85014175811909              274          21
 ../264_seed.dataconnected         169  0.16515396127612711       0.61289686825413392        27.911019455665482        103.57957073494863       0.21085173330613158        35.633942928736239        229.39610782224179        242.98462939188079              284          10
 ../265_seed.dataconnected         165  0.13244352149983335       0.51412728684524200        21.853181047472503        84.831002329464937       0.18034324486779132        29.756635403185570        243.47700567055887        294.44075594538918              316          23
 ../266_seed.dataconnected         138  0.15607134362125402       0.60066917517119955        21.537845419733056        82.892346173625540       0.20136348697184478        27.788161202114580        174.74125510570232        182.55670962664360              299          16
 ../267_seed.dataconnected         177  0.16382022429694854       0.59999296880763331        28.996179700559892        106.19875547895110       0.19634051653310652        34.752271426359854        202.37465239026699        230.50599204729616              422          47
 ../268_seed.dataconnected         120  0.16907341311273802       0.64248109415682542        20.288809573528564        77.097731298819056       0.21851871953847130        26.222246344616554        154.70108082915462        144.83477116819299              341          39
 ../269_seed.dataconnected         116  0.16763769410360635       0.63398047625297860        19.445972516018337        73.541735245345521       0.20395739592604756        23.659057927421518        122.94168813314037        109.13187535206208              267          14
 ../270_seed.dataconnected         153  0.17359433793673412       0.66591035387149489        26.559933704320322        101.88428414233871       0.20698923626682486        31.669353148824204        146.81021733568963        148.50773107244419              329          23
 ../271_seed.dataconnected         196  0.16590861216666283       0.65186391746499683        32.518087984665918        127.76532782313937       0.21622138517143683        42.379391493601617        243.38664720702050        289.89767383140128              334          24
 ../272_seed.dataconnected         140  0.19870802434689755       0.73964305806451136        27.819123408565655        103.55002812903159       0.23415144683403377        32.781202556764725        127.48999163353295        117.52941613471133              344          19
 ../273_seed.dataconnected         135  0.15750520607511637       0.58299666464367750        21.263202820140709        78.704549726896460       0.19713078362439915        26.612655789293886        155.13815938892068        158.63009121138251              287          16
 ../274_seed.dataconnected          86  0.15759551100584682       0.59857944124356732        13.553213946502826        51.477831946946793       0.21281501368219163        18.302091176668480        132.66437610409011        105.26914610296252              212           9
 ../275_seed.dataconnected         125  0.16723103365320258       0.63145265214086599        20.903879206650323        78.931581517608251       0.20040458328642125        25.050572910802657        187.08334359594843        187.52448975278722              277          19
 ../276_seed.dataconnected         125  0.16737672160637207       0.63243553027140886        20.922090200796507        79.054441283926110       0.21595274263576983        26.994092829471228        198.36372637707811        198.61842892266230              262           9
 ../277_seed.dataconnected          97  0.15049452500088503       0.59356500266206080        14.597968925085848        57.575805258219901       0.20002692870570224        19.402612084453118        157.80120101633440        141.09666006190250              301          20
 ../278_seed.dataconnected         160  0.13796674829646191       0.53750405888109232        22.074679727433907        86.000649420974767       0.18668205758045717        29.869129212873148        225.73529557408747        255.05985696250679              330          23
 ../279_seed.dataconnected         159  0.16430626679384616       0.62237843573252838        26.124696420221539        98.958171281472019       0.20702268152492201        32.916606362462602        175.47797446859823        185.44838208861012              298          12
 ../280_seed.dataconnected          97  0.13745650962298475       0.50644086278684342        13.333281433429521        49.124763690323810       0.18561448277286319        18.004604828967729        221.62533798145827        213.44876849250502              188           7
 ../281_seed.dataconnected         132  0.15657134337166406       0.58333941845484882        20.667417325059656        77.000803236040042       0.20135203539215707        26.578468671764732        182.86373250456040        176.10376886167074              264          28
 ../282_seed.dataconnected          84  0.16801819925751577       0.64694070758923472        14.113528737631324        54.343019437495720       0.21778017219952203        18.293534464759851        105.89169460421279        85.137895733608474              262          29
 ../283_seed.dataconnected         136  0.17183756542032272       0.65732256468614980        23.369908897163889        89.395868797316368       0.21461410431166919        29.187518186387010        149.97364928099574        141.68971115301878              297          21
 ../284_seed.dataconnected         166  0.19903796119682360       0.74555777227047615        33.040301558672716        123.76259019689904       0.23898531437431647        39.671562186136534        151.37453269098697        153.29293004036870              319          24
 ../285_seed.dataconnected         119  0.17540063155824234       0.67623730237330326        20.872675155430837        80.472238982423093       0.22167131464782666        26.378886443091371        149.04929887957957        138.51171447161320              299          23
 ../286_seed.dataconnected         140  0.16340982319157737       0.63099312632651294        22.877375246820833        88.339037685711816       0.20194795866685050        28.272714213359070        182.90434289595973        189.55433997750967              275           7
 ../287_seed.dataconnected         180  0.17567027887276235       0.66326559381328121        31.620650197097223        119.38780688639062       0.22591041209406520        40.663874176931735        204.20545384344112        226.93493219400963              381          34
 ../288_seed.dataconnected          91  0.18968173229667490       0.72185623675142174        17.261037638997415        65.688917544379379       0.23739839457416512        21.603253906249027        102.88498841882999        79.975124628122728              208          12
 ../289_seed.dataconnected         109  0.16509875767659060       0.60940276727548659        17.995764586748376        66.424901633028043       0.20987162197510387        22.876006795286322        140.98082380642160        114.03429269849622              290          17
 ../290_seed.dataconnected         150  0.18113535704116712       0.69677269024485566        27.170303556175067        104.51590353672835       0.23515325764225331        35.272988646338000        171.23421936113323        180.65351416406060              343          25
 ../291_seed.dataconnected         168  0.19280639193648499       0.71475523271272823        32.391473845329479        120.07887909573834       0.22600919009762691        37.969543936401323        172.69205295302422        178.57496496523376              317          18
 ../292_seed.dataconnected         151  0.16800742861107831       0.64173833311221040        25.369121720272826        96.902488299943769       0.21325852039065626        32.202036578989095        157.61033566932815        150.62433215670578              256          10
 ../293_seed.dataconnected         154  0.16937074966685720       0.63616872264906055        26.083095448696007        97.969983287955330       0.21772947409505089        33.530339010637839        208.86308368242319        237.91402469829418              268           6
 ../294_seed.dataconnected         118  0.17039330482386772       0.65960237943702993        20.106409969216390        77.833080773569534       0.22065388082507340        26.037157937358661        144.20046482376529        134.51126937186547              244          19
 ../295_seed.dataconnected         143  0.17181849951549591       0.66510939478999787        24.570045430715915        95.110643454969690       0.22351460561860961        31.962588603461175        160.48003097930302        159.41746134476648              321          27
 ../296_seed.dataconnected         118  0.16310900778030085       0.63069751261247553        19.246862918075500        74.422306488272113       0.21069539221989234        24.862056281947297        154.20116698476477        141.05936064847913              259          17
 ../297_seed.dataconnected         156  0.16627170325421994       0.63655794878478400        25.938385707658313        99.303040010426301       0.21590644263779024        33.681405051495275        183.04252790806217        189.06333370546614              374          36
 ../298_seed.dataconnected         126  0.16838207910086728       0.61533801060036586        21.216141966709277        77.532589335646094       0.21255494808398812        26.781923458582504        171.63940775074462        155.96303349122996              215          12
 ../299_seed.dataconnected         134  0.15872839651988851       0.60843584358830527        21.269605133665060        81.530403040832908       0.20701145748372662        27.739535302819366        155.38068882274811        152.62975280493254              276          25
 ../300_seed.dataconnected         157  0.16594308500328894       0.60534972710426227        26.053064345516365        95.039907155369178       0.21917842853525552        34.411013280035114        185.69985642089850        201.69581345399166              360          27
 ../301_seed.dataconnected          84  0.15895645925553506       0.60619883590638601        13.352342577464945        50.920702216136426       0.21895108954652270        18.391891521907908        156.22780295674619        144.89763965651227              196           8
 ../302_seed.dataconnected         196  0.18062735811002523       0.68849364667373714        35.402962189564946        134.94475474805247       0.21836399990924701        42.799343982212413        183.26103626799065        205.13314637415047              359          34
 ../303_seed.dataconnected         123  0.17475927163215244       0.66743796560938107        21.495390410754748        82.094869769953874       0.23283326729130344        28.638491876830322        144.20562476763166        131.90046754838193              261          11
 ../304_seed.dataconnected         134  0.18272802870442581       0.69139593045848746        24.485555846393058        92.647054681437325       0.22265139712639795        29.835287214937324        149.60990705242008        146.34504604854442              327          28
 ../305_seed.dataconnected         184  0.18380112687390471       0.68566430503899745        33.819407344798464        126.16223212717553       0.22803811726427892        41.959013576627321        174.76373385754775        182.69153564602448              322          27
 ../306_seed.dataconnected         155  0.18857514999605135       0.71590289877396873        29.229148249387958        110.96494930996515       0.22890021274347513        35.479532975238648        146.95428172864669        141.34924251687963              280          16
 ../307_seed.dataconnected         155  0.17979847022262552       0.70103946100815939        27.868762884506957        108.66111645626471       0.23719359240952734        36.765006823476739        197.60088438935639        201.90578148744694              291          16
 ../308_seed.dataconnected         112  0.16694456506534086       0.63154852635319114        18.697791287318175        70.733434951557413       0.21817752592531020        24.435882903634742        142.49601652198857        123.71042553533002              279          22
 ../309_seed.dataconnected         101  0.16686546832802421       0.64119505569715907        16.853412301130444        64.760700625413065       0.22163368149442217        22.385001830936638        127.02803124256370        104.96199373927440              256          16
 ../310_seed.dataconnected         115  0.19826382144996907       0.76934246257280381        22.800339466746443        88.474383195872434       0.24272766919674446        27.913681957625613        113.41282317116142        91.643185157830615              297          15
 ../311_seed.dataconnected         122  0.17530420990386897       0.67716040718791426        21.387113608272013        82.613569676925536       0.20891273248776118        25.487353363506863        135.49091680836329        124.46616464237432              271          46
 ../312_seed.dataconnected         159  0.19304289801450342       0.72345043280243015        30.693820784306045        115.02861881558640       0.23122250984055276        36.764379064647891        151.43464092876488        150.32297576847813              297          11
 ../313_seed.dataconnected         129  0.16816955522670468       0.62499433404774640        21.693872624244904        80.624269092159281       0.21907382118204635        28.260522932483980        153.39197163989476        140.91695695380946              308          30
 ../314_seed.dataconnected         110  0.15998329298414171       0.64152390940605286        17.598162228255589        70.567630034665811       0.21460009778393488        23.606010756232838        161.83813471143031        137.49843461004824              244          11
 ../315_seed.dataconnected          83  0.12170675729620854       0.45591728963998351        10.101660855585308        37.841135040118630       0.15621054391302835        12.965475144781353        149.44074293980177        134.69844746293836              248          17
 ../316_seed.dataconnected         129  0.15356348932724412       0.57353050983749010        19.809690123214491        73.985435769036229       0.19684953334883146        25.393589801999259        148.44455615330432        142.80005214093444              286          19
 ../317_seed.dataconnected         118  0.17439013769219569       0.66789177964468260        20.578036247679091        78.811229998072548       0.22805253883027851        26.910199581972865        139.12038517879040        126.13655216310714              327          43
 ../318_seed.dataconnected         114  0.17908611867918736       0.68004957203981775        20.415817529427358        77.525651212539231       0.24180722713488720        27.566023893377139        129.65270455389279        112.80156784071377              299          48
 ../319_seed.dataconnected          90  0.15388725705380121       0.59264820543972774        13.849853134842109        53.338338489575499       0.22012239283151622        19.811015354836460        127.22954683492350        98.215053982776169              203           9
 ../320_seed.dataconnected         119  0.20808696086547801       0.75740894095657829        24.762348342991885        90.131663973832815       0.25919549988845586        30.844264486726246        114.12513351555762        97.160777652924367              285          33
 ../321_seed.dataconnected          82  0.15830623915162662       0.60824722436323275        12.981111610433382        49.876272397785087       0.21618164454372404        17.726894852585371        128.39907562968034        104.53261060032578              259          14
 ../322_seed.dataconnected         108  0.20123033759617984       0.75038742090471622        21.732876460387423        81.041841457709353       0.25739048269840031        27.798172131427233        133.62889949486697        120.94975598334430              305          20
 ../323_seed.dataconnected         193  0.17842278851541662       0.67547665613849728        34.435598183475406        130.36699463472996       0.22600309382296924        43.618597107833061        217.25600162958136        246.33392822069052              342          50
 ../324_seed.dataconnected         180  0.17436966281851485       0.64670474740162354        31.386539307332672        116.40685453229224       0.21595584542540333        38.872052176572602        202.96803042596707        232.80507101720241              322          34
 ../325_seed.dataconnected         168  0.17305802792587885       0.63580225846696536        29.073748691547646        106.81477942245019       0.21719349885682987        36.488507807947421        216.81144262447097        243.46754921645197              264           6
 ../326_seed.dataconnected          63  0.18070098000491946       0.63738366694645787        11.384161740309926        40.155171017626849       0.25392971090665600        15.997571787119329        102.19770128720781        78.618151368422048              263          26
 ../327_seed.dataconnected          62  0.17780435070130077       0.69196534031532375        11.023869743480647        42.901851099550072       0.22084552540739774        13.692422575258661        64.574871690563953        40.110381734683024              211          15
 ../328_seed.dataconnected          89  0.13561037356028816       0.50499360294836804        12.069323246865645        44.944430662404756       0.20467690020549589        18.216244118289133        160.73184564404463        145.42951546383054              267          21
 ../329_seed.dataconnected         105  0.12856523677752257       0.50997195945347984        13.499349861639871        53.547055742615385       0.19108648085131594        20.064080489388175        166.79520380990897        167.33964090055065              267          19
 ../330_seed.dataconnected         154  0.16715428546006406       0.65388324239537265        25.741759960849866        100.69801932888738       0.20926144619842446        32.226262714557365        196.82082869353630        211.21330376526058              322          28
 ../331_seed.dataconnected         205  0.17985682371111902       0.67136219110471607        36.870648860779397        137.62924917646680       0.22235129354057950        45.582015175818796        208.62686097567010        247.70421694121990              391          21
 ../332_seed.dataconnected         101  0.16149650287945136       0.60359594858982935        16.311146790824587        60.963190807572765       0.20068603930072540        20.269289969373265        117.11900885701864        100.12360586318781              248          16
 ../333_seed.dataconnected         174  0.19687904485522650       0.74565511955366803        34.256953804809413        129.74399080233823       0.24320329625161272        42.317373547780612        157.75057133114564        165.81250636350103              382          28
 ../334_seed.dataconnected          91  0.19418125106485870       0.71022550639733484        17.670493846902144        64.630521082157472       0.25740573355477103        23.423921753484166        111.42378879272729        86.438083656030599              271          23
 ../335_seed.dataconnected         129  0.17084231153293877       0.66307919106803348        22.038658187749103        85.537215647776321       0.20554997823597412        26.515947192440663        154.69031182648587        148.18805136469305              315          43
 ../336_seed.dataconnected         115  0.19126938236308308       0.75264002505495675        21.995978971754553        86.553602881320032       0.23664908653199065        27.214644951178926        114.39229832691176        97.346116871277374              268           9
 ../337_seed.dataconnected         125  0.14850486732460874       0.56189420556426617        18.563108415576092        70.236775695533268       0.19647770965995376        24.559713707494218        182.27009404080695        179.87261016598697              287          22
 ../338_seed.dataconnected         116  0.14115670358470556       0.55080479031716933        16.374177615825843        63.893355676791643       0.18702434920878813        21.694824508219423        211.87818482932209        189.56090503690740              264          20
 ../339_seed.dataconnected         166  0.20180709700621860       0.77588578366921468        33.499978103032291        128.79704008908965       0.23961486822048772        39.776068124600961        136.84730046687721        134.54835167541219              305          22
 ../340_seed.dataconnected         106  0.12945373443126015       0.51346332764302316        13.722095849713575        54.427112730160452       0.18892874002430454        20.026446442576283        166.00864163262221        162.79612029212987              277          18
 ../341_seed.dataconnected         137  0.12376225779414819       0.47043968800353436        16.955429317798302        64.450237256484201       0.18283034913725241        25.047757831803580        269.98026382303806        292.36552265383887              316          18
 ../342_seed.dataconnected         156  0.17355365931589123       0.67818185076718562        27.074370853279031        105.79636871968096       0.21406807550335696        33.394619778523683        149.54602869299103        152.72657139958096              286          11
 ../343_seed.dataconnected         149  0.18284431040091717       0.71556088389163319        27.243802249736657        106.61857169985335       0.22876561290893499        34.086076323431314        163.39818940349016        169.50694703619394              325          23
 ../344_seed.dataconnected          90  0.18478267922093844       0.70558897873820892        16.630441129884460        63.503008086438804       0.23595130584421223        21.235617525979102        88.930952214140049        65.945565357082288              267          15
 ../345_seed.dataconnected         187  0.16899902296413652       0.67003081760261307        31.602817294293530        125.29576289168864       0.20047245905874031        37.488349843984437        228.11565333258181        252.92176681861469              329          21
 ../346_seed.dataconnected         134  0.16334987123139841       0.62979383338921702        21.888882745007386        84.392373674155081       0.21430712782677186        28.717155128787429        160.98010212027489        158.66268108555016              275          15
 ../347_seed.dataconnected         149  0.18345472162553519       0.67612464022985674        27.334753522204743        100.74257139424866       0.21757288984515130        32.418360586927541        145.59825957954368        141.33837664571820              291          16
 ../348_seed.dataconnected          45  0.20266483498677465       0.71179212370663048        9.1199175744048588        32.030645566798370       0.28484116682994332        12.817852507347450        57.725333229450449        33.531510225603796              251          16
 ../349_seed.dataconnected         127  0.16281247475331664       0.63611296171340725        20.677184293671214        80.786346137602720       0.21516168429856228        27.325533905917410        176.15110928098525        173.66775058767237              260          10
 ../350_seed.dataconnected         103  0.18191217018002204       0.69729984678627988        18.736953528542269        71.821884218986824       0.23459896142129733        24.163693026393624        141.09676479396080        116.49770396566097              273          27
 ../351_seed.dataconnected         142  0.16156531535557808       0.61007366421244480        22.942274780492088        86.630460318167167       0.21855284566529293        31.034504084471596        171.96434922813214        178.59656430771921              313          14
 ../352_seed.dataconnected         182  0.17514497361035800       0.64869944210311081        31.876385197085156        118.06329846276617       0.21908378291584379        39.873248490683572        214.07356000516540        243.05234627964117              350          22
 ../353_seed.dataconnected         112  0.18996631632199321       0.69515464616828937        21.276227428063240        77.857320370848413       0.23188136666666259        25.970713066666210        129.75642405350004        113.79531771150394              261          16
 ../354_seed.dataconnected         151  0.17259379954115422       0.64156747012562798        26.061663730714287        96.876687988969820       0.21606682233164956        32.626090172079081        180.03250483307991        192.33233651119647              357          22
 ../355_seed.dataconnected         169  0.18829634428323072       0.71707764092676962        31.822082183865991        121.18612131662407       0.23128459763342488        39.087097000048807        159.80821202703581        153.26878791181761              288          27
 ../356_seed.dataconnected         170  0.17275459136695157       0.65784441793069992        29.368280532381768        111.83355104821899       0.21951114746064274        37.316895068309265        181.76679431649634        195.72957407111349              274          13
 ../357_seed.dataconnected         151  0.13813675133789494       0.53318019900326519        20.858649452022135        80.510210049493040       0.19134983331033623        28.893824829860769        216.09499662422877        233.12754813106676              320          16
 ../358_seed.dataconnected         123  0.19022148107648099       0.72107231296039875        23.397242172407161        88.691894494129045       0.24199700365360327        29.765631449393201        166.19250035846534        157.97204830568916              242          10
 ../359_seed.dataconnected         136  0.16771496914635262       0.62258757672234111        22.809235803903956        84.671910434238384       0.22019882372371966        29.947040026425874        183.29786659554054        175.60091720334381              249          13
 ../360_seed.dataconnected         141  0.17512730571015708       0.66306326292435436        24.692950105132148        93.491920072333969       0.21459500115398147        30.257895162711389        141.69291016780565        132.11068723993077              305          16
 ../361_seed.dataconnected         172  0.18261922457479465       0.69886283137523997        31.410506626864681        120.20440699654128       0.22781448693693224        39.184091753152344        161.82303955437956        173.15838901137758              320          12
 ../362_seed.dataconnected          86  0.16620686091054709       0.62533625096657708        14.293790038307050        53.778917583125626       0.22982027912710534        19.764544004931061        133.84614929665744        118.47586872024765              188          12
 ../363_seed.dataconnected         132  0.16951022486919087       0.62434730048167697        22.375349682733194        82.413843663581360       0.20486151439162242        27.041719899694161        187.18923539072711        191.33876823026301              328          16
 ../364_seed.dataconnected         144  0.16621601722806106       0.62612291378594154        23.935106480840794        90.161699585175583       0.21899300659453977        31.534992949613727        223.48135412399145        252.87799261124164              303          12
 ../365_seed.dataconnected         179  0.18415179562150424       0.70755567137561304        32.963171416249260        126.65246517623473       0.21979975852929062        39.344156776743020        161.31062747142423        167.21978792707461              355          32
 ../366_seed.dataconnected         103  0.15890922359966839       0.63592069952079000        16.367650030765844        65.499832050641373       0.20702514989672380        21.323590439362551        166.15496527754919        154.95347073129042              274          22
 ../367_seed.dataconnected         127  0.17183286361000563       0.64472182974559988        21.822773678470714        81.879672377691179       0.21946053744690980        27.871488255757544        145.23207202028848        133.49074203903530              238          10
 ../368_seed.dataconnected         109  0.16365873481412244       0.62259244867110808        17.838802094739346        67.862576905150775       0.22264792455229462        24.268623776200116        157.57225725330758        147.85090715236390              227          11
 ../369_seed.dataconnected         166  0.17141598964158186       0.63933610772331584        28.455054280502591        106.12979388207043       0.21545950110586762        35.766277183574026        184.33789325505555        196.21486389548662              284           7
 ../370_seed.dataconnected         106  0.12269666625275553       0.47459375244730573        13.005846622792086        50.306937759414410       0.16877105731519562        17.889732075410738        204.11288531918004        210.20447770856651              255          14
 ../371_seed.dataconnected         182  0.14542897622689269       0.56488999557676078        26.468073673294469        102.80997919497047       0.18352165558910921        33.400941317217878        217.20218987527673        250.91164731719033              334          12
 ../372_seed.dataconnected         181  0.16740158380608863       0.64610195576291374        30.299686668902044        116.94445399308739       0.22425827671363385        40.590748085167725        216.87666289385362        248.05798808027848              342          30
 ../373_seed.dataconnected          68  0.11329107958539651       0.45792712235004257        7.7037934118069629        31.139044319802895       0.17105924123981897        11.632028404307690        146.99333097592847        113.29397682531926              186          15
 ../374_seed.dataconnected         149  0.16939945243057122       0.65170046349201538        25.240518412155112        97.103369060310285       0.21476916308845023        32.000605300179082        162.75220994399635        167.61304995535536              281          13
 ../375_seed.dataconnected         110  0.16407580536958155       0.62000587262620466        18.048338590653970        68.200645988882513       0.20758600947097036        22.834461041806740        145.18314146720550        129.02121938518644              256          18
 ../376_seed.dataconnected         172  0.17371149162562749       0.66309789887662429        29.878376559607929        114.05283860677937       0.20927479470339902        35.995264688984633        175.32041368442975        181.23725890507163              345          17
 ../377_seed.dataconnected         118  0.14703141840818376       0.59499932770759989        17.349707372165685        70.209920669496782       0.18732213931103484        22.104012438702110        173.16608650833649        170.42790729525061              301          42
 ../378_seed.dataconnected         170  0.18374715774146164       0.67350325725372284        31.237016816048477        114.49555373313288       0.23437505352110424        39.843759098587718        237.61751211738547        274.96094324168808              278          13
 ../379_seed.dataconnected         131  0.16392871356585126       0.59603503658671519        21.474661477126514        78.080589792859683       0.21594253329621521        28.288471861804194        183.72308034273505        186.50160396655590              267          12
 ../380_seed.dataconnected          95  0.16720701406850444       0.64109264274633337        15.884666336507921        60.903801060901671       0.22195896174602722        21.086101365872587        119.16380380570200        100.56084830478862              278          20
 ../381_seed.dataconnected         175  0.15923914439150971       0.60787087735062295        27.866850268514199        106.37740353635901       0.19733792549127296        34.534136960972766        198.47631320224275        208.80880502313491              341          17
 ../382_seed.dataconnected         117  0.16044620161434356       0.60924890352686500        18.772205588878197        71.282121712643203       0.21240455828850616        24.851333319755220        174.80440599331689        178.24403687817463              274          16
 ../383_seed.dataconnected          51  0.11909762488571703       0.42215165267723553        6.0739788691715679        21.529734286539011       0.20913659566944284        10.665966379141585        115.52703693634321        77.214253868695977              290          28
 ../384_seed.dataconnected         135  0.18619297976859892       0.71397489819153992        25.136052268760853        96.386611255857886       0.23747093460223442        32.058576171301645        126.59917511021769        115.00102636130136              319          19
 ../385_seed.dataconnected         143  0.13940856798817561       0.52500222075023750        19.935425222309110        75.075317567283960       0.19056209924817372        27.250380192488841        194.78564104656161        201.49068754622522              338          36
 ../386_seed.dataconnected         152  0.16408129295918761       0.64396271199845390        24.940356529796517        97.882332223764990       0.20915358471189707        31.791344876208356        171.47152109141612        175.75746133583448              304          18
 ../387_seed.dataconnected         122  0.14529735944072381       0.54200490238510324        17.726277851768305        66.124598090982602       0.19632663194885469        23.951849097760274        202.50580331467890        206.46778222286375              224          15
 ../388_seed.dataconnected         107  0.14248988195042203       0.56713891642796455        15.246417368695157        60.683864057792206       0.19445316433037232        20.806488583349839        197.23380483574996        181.38426209812573              268          22
 ../389_seed.dataconnected         119  0.14835684154805978       0.57226135549657542        17.654464144219116        68.099101304092471       0.20586259935650986        24.497649323424675        249.29139737261681        287.49279303107073              278          24
 ../390_seed.dataconnected         176  0.14550288635477196       0.55063522424130051        25.608507998439865        96.911799466468892       0.18664590164725556        32.849678689916978        249.15115083171258        274.61967661091148              278           8
 ../391_seed.dataconnected         147  0.16350121135836604       0.59541551984148933        24.034678069679806        87.526081416698929       0.20167628048667560        29.646413231541313        168.36520951066080        161.60086515308370              299          14
 ../392_seed.dataconnected         173  0.15325448057618984       0.57221134759455849        26.513025139680842        98.992563133858624       0.18631029962820492        32.231681835679453        220.08988208846878        253.65285363792003              251           5
 ../393_seed.dataconnected         128  0.17230425817567360       0.65571382972444059        22.054945046486221        83.931370204728395       0.21001172277325084        26.881500514976107        132.26552895009442        123.03181263362356              267          13
 ../394_seed.dataconnected          31  0.16516360182176265       0.63716592881675871        5.1200716564746420        19.752143793319519       0.24019692940661891        7.4461048116051858        57.709774770136853        27.313047042507584              231          17
 ../395_seed.dataconnected          95  0.15570083755000794       0.60117612571102874        14.791579567250754        57.111731942547728       0.22088343548213982        20.983926370803282        107.16840748354811        91.836622804095597              226          13
 ../396_seed.dataconnected         125  0.18390998073028164       0.66071303635355461        22.988747591285204        82.589129544194321       0.22178352545091740        27.722940681364676        129.71669381248131        120.19501954564070              295          22
 ../397_seed.dataconnected         103  0.17265599299329448       0.65001980203527110        17.783567278309331        66.952039609632919       0.22583121926195693        23.260615583981565        156.68314973356394        137.75014399533194              256          21
 ../398_seed.dataconnected         119  0.17249810128252960       0.66092171082953188        20.527274052621021        78.649683588714296       0.21708881914783468        25.833569478592327        165.65854444237948        161.35171610262842              300          11
 ../399_seed.dataconnected         144  0.16032659934369095       0.61325563862247179        23.087030305491496        88.308811961635939       0.22382874116188101        32.231338727310863        164.21890530209831        166.28840544357365              288          13
 ../400_seed.dataconnected          92  0.16513615654360789       0.61805331759632565        15.192526402011925        56.860905218861959       0.22691442923819477        20.876127489913920        129.06485235742707        106.92676360320337              253          40
 ../401_seed.dataconnected         153  0.19297315232130582       0.73783372964174732        29.524892305159792        112.88856063518735       0.23584929201437596        36.084941678199520        144.13697945804029        142.43753573415776              356          26
 ../402_seed.dataconnected         140  0.15219887468386722       0.56227706115069453        21.307842455741412        78.718788561097242       0.20718097429415352        29.005336401181495        167.09122998115782        159.64168525603142              281          17
 ../403_seed.dataconnected         168  0.18296248051923875       0.70057784622256403        30.737696727232109        117.69707816539076       0.22081959899463716        37.097692631099044        155.36632173019544        148.66173315620964              294          27
 ../404_seed.dataconnected         117  0.19841537104714321       0.74975917768178502        23.214598412515755        87.721823788768845       0.23975307287029712        28.051109525824764        107.71535459222889        91.690279105233529              330          29
 ../405_seed.dataconnected         111  0.15130745097794196       0.54986854468906621        16.795127058551557        61.035408460486352       0.21390345423397203        23.743283419970894        139.09466142586189        122.14391903702756              309          39
 ../406_seed.dataconnected         201  0.16586501032300466       0.63181764569702914        33.338867074923940        126.99534678510285       0.21526950712214168        43.269170931550477        236.87057112421218        292.41428442946852              342          15
 ../407_seed.dataconnected         149  0.20306551984346072       0.75765488208814835        30.256762456675649        112.89057743113410       0.25012992785316551        37.269359250121660        147.82000714753462        137.62691258760145              337          18
 ../408_seed.dataconnected         145  0.15128777199594409       0.58396193226245940        21.936726939411894        84.674480178056612       0.19183415965179512        27.815953149510293        252.76007900803114        260.97075858162833              371          22
 ../409_seed.dataconnected         194  0.18194570331679952       0.68836777564158547        35.297466443459108        133.54334847446759       0.22023120405626850        42.724853586916090        227.00115504792268        257.34040039907887              372          22
 ../410_seed.dataconnected         163  0.18774839518440001       0.73356431161489732        30.602988415057201        119.57098279322827       0.22978475025158598        37.454914291008514        178.38241930527795        189.89968687735313              288          16
 ../411_seed.dataconnected         214  0.18249078482925327       0.70156014048178605        39.053027953460202        150.13387006310222       0.22627100241931253        48.421994517732884        198.61388417671421        228.21404325717066              345          15
 ../412_seed.dataconnected         109  0.20020838374185521       0.74848981481311949        21.822713827862216        81.585389814630020       0.24579866575493189        26.792054567287575        116.09125280161462        96.761538863306413              245          36
 ../413_seed.dataconnected         143  0.19002467318671645       0.73114602853215627        27.173528265700451        104.55388208009835       0.23218393554934244        33.202302783555972        139.59463510653202        129.84022028388401              321          21
 ../414_seed.dataconnected         159  0.15821853325003940       0.59068997169405468        25.156746786756266        93.919705499354691       0.19959385987951520        31.735423720842917        179.34729391006786        194.78284658795184              288          13
 ../415_seed.dataconnected         134  0.16509603349637028       0.61160475702594819        22.122868488513618        81.955037441477060       0.20822551623969579        27.902219176119235        148.03547953275492        141.66153346962608              282          35
 ../416_seed.dataconnected         150  0.16500611616360933       0.63152200872661279        24.750917424541399        94.728301308991917       0.21278393522201267        31.917590283301898        156.12808729599510        149.19438880682023              278          12
 ../417_seed.dataconnected          72  0.15795170222694396       0.61630718932378314        11.372522560339965        44.374117631312387       0.21740591093594955        15.653225587388368        105.13047826365045        77.130598595225237              279          33
 ../418_seed.dataconnected         126  0.17100892629579453       0.63073166811884518        21.547124713270112        79.472190182974487       0.21337014044463362        26.884637696023837        165.32756695575853        165.21703490444136              291          22
 ../419_seed.dataconnected         104  0.15228574034772732       0.59400310995365091        15.837716996163641        61.776323435179691       0.21124627201088586        21.969612289132129        143.00522849023261        121.40116284103840              255           9
 ../420_seed.dataconnected         123  0.17035783388100384       0.65865979183724899        20.954013567363472        81.015154395981625       0.20945711138267417        25.763224700068925        148.00587912930399        138.94927447205239              269          17
 ../421_seed.dataconnected         102  0.18806040505093938       0.69722787755108973        19.182161315195817        71.117243510211154       0.25597739380506757        26.109694168116892        141.96777188211797        124.03796011900351              299          28
 ../422_seed.dataconnected         158  0.19451024313993037       0.70886666252439623        30.732618416108998        112.00093267885461       0.23662680578658268        37.387035314280062        165.04141180815321        156.97754624269106              278          12
 ../423_seed.dataconnected         155  0.15565470493030262       0.60629213189804321        24.126479264196906        93.975280444196699       0.20908511470994320        32.408192780041198        198.36267255501971        220.25804217316900              314          24
 ../424_seed.dataconnected         146  0.12912560193170780       0.48808779885288534        18.852337882029339        71.260818632521264       0.17416579300411203        25.428205778600358        244.53223364887901        263.85044701697302              280          14
 ../425_seed.dataconnected         180  0.18117993361395870       0.68648635386714996        32.612388050512564        123.56754369608699       0.21864482867998061        39.356069162396508        177.16669088357537        188.02640430882605              336          23
 ../426_seed.dataconnected         175  0.18686776616362250       0.71250009129784808        32.701859078633937        124.68751597712341       0.23176717974621180        40.559256455587068        164.17198520633610        165.71348855170945              346          13
 ../427_seed.dataconnected         160  0.16300605831910148       0.62135258983104413        26.080969331056238        99.416414372967068       0.19957511642995551        31.932018628792882        195.16272825089268        200.26849924207286              315          35
 ../428_seed.dataconnected         167  0.18575807661912680       0.70944503381454549        31.021598795394176        118.47732064702910       0.23219890946570496        38.777217880772724        165.79600077070347        169.71939863991827              322          25
 ../429_seed.dataconnected         170  0.17404948080123817       0.64732209795489803        29.588411736210489        110.04475665233267       0.22119698772412780        37.603487913101723        205.49108048356422        226.11215210825711              358          18
 ../430_seed.dataconnected         177  0.16755287510700353       0.61530672931887231        29.656858893939624        108.90929108944040       0.20970164509800374        37.117191182346659        226.39895564879197        254.42921353724242              281           7
 ../431_seed.dataconnected         186  0.17233274492772827       0.64189481011495142        32.053890556557455        119.39243468138096       0.21859680676130774        40.659006057603243        246.53395739412179        279.66510869036625              270           5
 ../432_seed.dataconnected         171  0.15494863409561749       0.57604693344646751        26.496216430350589        98.504025619345938       0.21564522608344286        36.875333660268730        235.51937454948671        266.17669538376157              331          15
 ../433_seed.dataconnected         142  0.17476892915680342       0.67929041459477846        24.817187940266084        96.459238872458542       0.22489491081662041        31.935077335960099        169.80455250956064        162.03659127567545              292          25
 ../434_seed.dataconnected         178  0.18209325097612528       0.68011568567785186        32.412598673750296        121.06059205065763       0.22925126543583890        40.806725247579323        207.47278244878675        219.33438052483200              336          13
 ../435_seed.dataconnected         131  0.17751610098683590       0.67462823075205725        23.254609229275502        88.376298228519502       0.23632135905110743        30.958098035695073        142.14093176722656        128.53658524115912              260          10
 ../436_seed.dataconnected          66  0.16856305906829605       0.65024577741750866        11.125161898507539        42.916221309555574       0.22598627204313565        14.915093954846952        109.40999007468744        80.652328987755553              230          26
 ../437_seed.dataconnected         113  0.17107389961633979       0.65341724217704678        19.331350656646396        73.836148366006285       0.22442427714617280        25.359943317517526        146.26699317473611        126.48557832091601              298          69
 ../438_seed.dataconnected         169  0.19402685193495320       0.72370976854592495        32.790537977007091        122.30695088426131       0.23217731051778123        39.237965477505028        158.95355829582448        165.10201908565122              346          47
 ../439_seed.dataconnected         169  0.17715827948736834       0.66228698129066443        29.939749233365252        111.92649983812228       0.23036338469176831        38.931412012908844        179.47147421599271        190.56352182443771              283          14
 ../440_seed.dataconnected         184  0.13331807758411615       0.50753576000496892        24.530526275477371        93.386579840914280       0.17540580678803452        32.274668448998355        250.84568503891859        304.26700247928710              366          17
 ../441_seed.dataconnected         147  0.19420374388964018       0.72868694225346509        28.547950351777107        107.11698051125937       0.24051140047285210        35.355175869509260        136.05306698328937        120.17487439950693              298          14
 ../442_seed.dataconnected         121  0.16439317346364846       0.65321727608347802        19.891573989101463        79.039290406100847       0.22256438596367184        26.930290701604292        149.12496066755742        139.49616884512474              239          13
 ../443_seed.dataconnected         198  0.19450006628886321       0.74923887734026673        38.511013125194914        148.34929771337281       0.23646747468610613        46.820559987849016        174.20171233853333        192.33988024156145              301          15
 ../444_seed.dataconnected         188  0.17783902264621440       0.66097191782326259        33.433736257488306        124.26272055077337       0.21371489941483315        40.178401089988633        188.85114782146107        207.22703309816868              343          22
 ../445_seed.dataconnected         201  0.17404887579308703       0.65239926046870333        34.983824034410496        131.13225135420936       0.21392653626920691        42.999233790110587        185.05873536166166        206.85233699401962              335          15
 ../446_seed.dataconnected         127  0.21041211983997404       0.76989207890873967        26.722339219676705        97.776294021409939       0.26098166634183984        33.144671625413658        134.76395242854198        114.75762483203577              291          17
 ../447_seed.dataconnected          95  0.18313198569786768       0.69128167230484827        17.397538641297430        65.671758868960580       0.23793492538495528        22.603817911570751        128.31537351185261        104.29788649269236              237          12
 ../448_seed.dataconnected         117  0.17025252053435747       0.63769520879310737        19.919544902519824        74.610339428793566       0.22138459238645042        25.901997309214700        161.27708032890479        139.06498764866359              244          10
 ../449_seed.dataconnected         131  0.17698357677050772       0.67562914235526972        23.184848556936512        88.507417648540340       0.21708220692823668        28.437769107599006        136.46045960066255        126.51752888604730              285          13
 ../450_seed.dataconnected         189  0.16093380752871697       0.59269021372492237        30.416489622927507        112.01845039401033       0.20818891020714811        39.347704029150989        249.74196446459501        290.27481194122839              310          17
 ../451_seed.dataconnected         120  0.20088182845083680       0.76312102227823353        24.105819414100417        91.574522673388017       0.25788374928435603        30.946049914122725        112.63442203423620        96.146829277537179              237           8
 ../452_seed.dataconnected         188  0.14193352590564026       0.54616160487022281        26.683502870260369        102.67838171560189       0.18386510707303341        34.566640129730281        266.20634707948381        323.50613588635963              320          17
 ../453_seed.dataconnected         151  0.18205769105421421       0.70759277570185075        27.490711349186345        106.84650913097947       0.22316263854212265        33.697558419860520        156.94543243086065        148.71325470766382              305          19
 ../454_seed.dataconnected         194  0.15224299410861417       0.58981138207276496        29.535140857071148        114.42340812211640       0.20224235885545327        39.235017617957936        246.83353994984103        287.11903597210016              388          22
 ../455_seed.dataconnected          62  0.12852334387708925       0.47790364236606070        7.9684473203795330        29.630025826695764       0.19014127942444861        11.788759324315814        116.12434679537193        96.244175946576433              229          14
 ../456_seed.dataconnected          59  0.15844082559013073       0.61657920015494405        9.3480087098177123        36.378172809141702       0.21759292104563766        12.837982341692621        91.522938061027261        58.148725926627627              270          52
 ../457_seed.dataconnected         118  0.15377094988259388       0.59185755830507392        18.144972086146076        69.839191879998722       0.20319639665781028        23.977174805621612        155.08921872670007        146.87048405696157              212           8
 ../458_seed.dataconnected         148  0.15573005148335442       0.61338350426905353        23.048047619536455        90.780758631819921       0.19450944315893368        28.787397587522182        177.53967610288638        182.73145231028590              329          20
 ../459_seed.dataconnected         119  0.14406655680170510       0.54013657555389749        17.143920259402908        64.276252490913805       0.20564024455568167        24.471189102126118        176.98714238743983        174.33309834091241              241           9
 ../460_seed.dataconnected         199  0.13585380847755632       0.53490216749112840        27.034907887033707        106.44553133073455       0.17623335227437542        35.070437102600707        250.57909880541300        291.41754265205424              353          16
 ../461_seed.dataconnected         148  0.17009241431256814       0.64296395394170447        25.173677318260083        95.158665183372264       0.21165130895779402        31.324393725753517        171.00090046274988        178.55931938724444              315          22
 ../462_seed.dataconnected         173  0.19402443557476901       0.74173614778748809        33.566227354435036        128.32035356723543       0.23999396295552056        41.518955591305058        173.24712098318381        186.29526988592863              296          18
 ../463_seed.dataconnected         147  0.16383616189287917       0.63068787086192002        24.083915798253237        92.711117016702246       0.19135083876856984        28.128573298979767        181.70773707742018        180.59998401606273              290          13
 ../464_seed.dataconnected         158  0.15705004719916832       0.60371937726194536        24.813907457468595        95.387661607387372       0.21331951853872486        33.704483929118524        278.27263249255174        328.09092419584204              273          14
 ../465_seed.dataconnected         167  0.18639473795049125       0.71294824441203508        31.127921237732039        119.06235681680985       0.23121169177939205        38.612352527158471        160.70769851954000        165.76665341680570              276          16
 ../466_seed.dataconnected         146  0.17209312245648445       0.69118493702817629        25.125595878646731        100.91300080611374       0.21791423897644777        31.815478890561373        153.35279399219391        142.30558181931377              335          29
 ../467_seed.dataconnected         180  0.17342326498356345       0.64612795700549086        31.216187697041420        116.30303226098836       0.21892052545854743        39.405694582538537        188.83051031923080        206.59495110851719              266          10
 ../468_seed.dataconnected         115  0.18047221424085327       0.67628846668107800        20.754304637698127        77.773173668323977       0.22664692248286628        26.064396085529623        128.26622511422462        109.67377891006628              266          16
 ../469_seed.dataconnected          96  0.13397221568383427       0.50574981488657100        12.861332705648090        48.551982229110820       0.19227064071251290        18.457981508401240        126.96753213502950        108.98203324202296              307          18
 ../470_seed.dataconnected         185  0.16611865537582526       0.62775864040918861        30.731951244527675        116.13534847569989       0.20800549484457861        38.481016546247041        195.99969787673010        209.38814844485145              303          13
 ../471_seed.dataconnected         146  0.16924987887120316       0.65071574286714129        24.710482315195662        95.004498458602626       0.21223589892698724        30.986441243340138        179.91618005173842        187.39628330158251              267          12
 ../472_seed.dataconnected         130  0.17347256028024854       0.65256312670351280        22.551432836432312        84.833206471456663       0.22552207102159827        29.317869232807777        143.62060356641274        133.65682797708126              269          16
 ../473_seed.dataconnected         190  0.19090351805846120       0.72915682182047281        36.271668431107628        138.53979614588982       0.22861740424747704        43.437306807020640        187.17575256290030        200.86837040240798              366          19
 ../474_seed.dataconnected         175  0.16958762129856231       0.64826797551137472        29.677833727248405        113.44689571449058       0.20973222386359319        36.703139176128808        220.16054393890599        239.58772527821844              375          84
 ../475_seed.dataconnected          75  0.16393202339749374       0.64042055680947996        12.294901754812031        48.031541760710994       0.22860361198953696        17.145270899215273        126.02092872012837        98.116437592156302              223          18
 ../476_seed.dataconnected         161  0.14203388039354792       0.53742011152357472        22.867454743361215        86.524637955295532       0.18009156188668682        28.994741463756579        198.57178927289593        189.69083086530688              277          12
 ../477_seed.dataconnected         205  0.19648271704297016       0.73870417173876635        40.278956993808883        151.43435520644709       0.23951959025903891        49.101516003102972        196.40395609306660        219.26120495505032              329          18
 ../478_seed.dataconnected         185  0.18676673471568395       0.69094198240380755        34.551845922401533        127.82426674470440       0.22841554634260616        42.256876073382138        196.08140798355399        208.76233198305295              308          19
 ../479_seed.dataconnected         115  0.18546553129949137       0.68886048209481165        21.328536099441507        79.218955440903343       0.22829137401240648        26.253508011426746        123.68295773713972        107.91617936232062              279          21
 ../480_seed.dataconnected         170  0.18188210169990862       0.68747740685587455        30.919957288984467        116.87115916549867       0.21970672601403435        37.350143422385841        173.48512328473453        176.41328797422906              289          14
 ../481_seed.dataconnected          96  0.17069328595034927       0.65978460230700875        16.386555451233530        63.339321821472836       0.20904888654588441        20.068693108404904        102.58484581455033        82.083898473350999              269          32
 ../482_seed.dataconnected         176  0.18622116349082540       0.71979568943129812        32.774924774385269        126.68404133990848       0.22543701287813026        39.676914266550924        168.85479465197733        172.40495483901176              320          18
 ../483_seed.dataconnected         179  0.18447671988418693       0.69927806897623312        33.021332859269464        125.17077434674573       0.22516829974533092        40.305125654414233        185.57012786652351        202.78957880124136              349          45
 ../484_seed.dataconnected         161  0.18712311009550725       0.71099787371637679        30.126820725376668        114.47065766833667       0.22030941615406577        35.469816000804592        165.62170806614563        171.43386777598192              314          16
 ../485_seed.dataconnected          91  0.18983665087811671       0.72958843684269836        17.275135229908621        66.392547752685545       0.24863850706856283        22.626104143239218        98.658188140371792        74.912667766646663              275          24
 ../486_seed.dataconnected         151  0.17447462782687276       0.67132143970042080        26.345668801857787        101.36953739476354       0.21034748012614901        31.762469499048500        150.44037586233281        146.29193969661330              294          34
 ../487_seed.dataconnected         155  0.16114877805954003       0.60371686674224823        24.978060599228705        93.576114345048481       0.21018332684080884        32.578415660325369        224.35021346727623        240.42246801694790              357          19
 ../488_seed.dataconnected         140  0.15856523001629150       0.58312980479029786        22.199132202280811        81.638172670641694       0.20929547295639858        29.301366213895800        184.46385553395379        190.69137732845022              299          26
 ../489_seed.dataconnected          91  0.10981472973956526       0.42196025076574678        9.9931404063004390        38.398382819682958       0.16411501310085000        14.934466192177350        204.05335148502803        183.37710405297477              270          27
 ../490_seed.dataconnected         120  0.14781420100168863       0.56994501927972241        17.737704120202636        68.393402313566696       0.19990503077018359        23.988603692422032        156.27100463261678        145.64118164808195              283          14
 ../491_seed.dataconnected         180  0.17184980478617681       0.66961377918234399        30.932964861511827        120.53048025282192       0.20588642143849620        37.059555858929315        183.89912072830373        202.10713757916818              283          14
 ../492_seed.dataconnected         114  0.17986260292154480       0.66604363518605669        20.504336733056107        75.928974411210461       0.22689157527721993        25.865639581603073        143.86148550958222        132.73718389533121              269          19
 ../493_seed.dataconnected         173  0.15170917526370239       0.57844943299038154        26.245687320620515        100.07175190733601       0.20361007305329226        35.224542638219560        230.88210553363118        245.26415020405273              387          40
 ../494_seed.dataconnected         119  0.17457277721507702       0.68243481379258797        20.774160488594166        81.209742841317961       0.21796626218091839        25.937985199529287        126.80180412152684        115.69262070715743              273          19
 ../495_seed.dataconnected         100  0.17082605952251417       0.65000490505177144        17.082605952251416        65.000490505177140       0.22426956996362468        22.426956996362467        128.86375160874016        109.86416910636153              253          15
 ../496_seed.dataconnected         140  0.15190840489361684       0.58270670161539107        21.267176685106357        81.578938226154747       0.21241564714150135        29.738190599810189        223.61053019509623        239.45883002244679              299          14
 ../497_seed.dataconnected         100  0.16745596904573459       0.62128680475488740        16.745596904573461        62.128680475488743       0.20726191074296202        20.726191074296203        136.78850906262926        118.07192076764855              209          11
 ../498_seed.dataconnected          97  0.17555247684943562       0.66478423604542847        17.028590254395255        64.484070896406564       0.24959706032548623        24.210914851572163        131.12118180115260        116.58628696901125              269          15
 ../499_seed.dataconnected         110  0.18720664608557816       0.72209362853304837        20.592731069413599        79.430299138635320       0.22385969730221578        24.624566703243737        138.97504054689352        118.87201080764868              338          40
 ../500_seed.dataconnected         154  0.17021059808103120       0.62756046839561219        26.212432104478804        96.644312132924284       0.22758260849640377        35.047721708446183        222.43577739141631        237.40494089758215              340          27
 ../501_seed.dataconnected         196  0.17961868646125956       0.67853678059587785        35.205262546406871        132.99320899679205       0.22180050019518618        43.472898038256496        223.99095322722567        255.81020653575652              340          34
 ../502_seed.dataconnected         152  0.17570688793689085       0.65909662182997597        26.707446966407410        100.18268651815634       0.22021990418062332        33.473425435454743        157.67323875819804        159.77976617695748              282          13
 ../503_seed.dataconnected         161  0.16945579413873441       0.63115867025172778        27.282382856336238        101.61654591052817       0.22137431443754269        35.641264624444375        224.14639963548092        245.98367462837706              288          15
 ../504_seed.dataconnected         156  0.18697421287720448       0.72299512954878986        29.167977208843897        112.78724020961121       0.23283836119741316        36.322784346796453        166.78121525991574        166.20040145385127              302          12
 ../505_seed.dataconnected         110  0.17157284274582060       0.65488277397005024        18.873012702040267        72.037105136705520       0.23849286276519158        26.234214904171072        142.15320897552272        135.82167532818212              263          12
 ../506_seed.dataconnected         172  0.16580917340356979       0.61420423789476630        28.519177825414005        105.64312891789980       0.21535319167800085        37.040748968616143        255.76112468355186        308.38512923502054              317          15
 ../507_seed.dataconnected         171  0.19046470545231931       0.72001501531135093        32.569464632346602        123.12256761824101       0.23668028758504953        40.472329177043470        173.73361101110424        172.93459689419382              334          20
 ../508_seed.dataconnected          94  0.12456592479562811       0.45501106024449084        11.709196930789043        42.771039662982140       0.17757547003093796        16.692094182908168        116.96147421695950        98.443680148823759              275          11
 ../509_seed.dataconnected         164  0.16192207438067652       0.60434459574922139        26.555220198430948        99.112513702872306       0.20731140440778198        33.999070322876243        170.09538627336048        170.05287203779437              291          22
 ../510_seed.dataconnected         130  0.14795028242599073       0.54282512750084289        19.233536715378794        70.567266575109571       0.19255007456640821        25.031509693633069        178.85600922798719        181.84527349237410              300          19
 ../511_seed.dataconnected          74  0.15298798446221720       0.59230993377539165        11.321110850204073        43.830935099378983       0.20790926902031689        15.385285907503450        111.70864115694195        78.098315468350179              215          24
 ../512_seed.dataconnected         165  0.16736833493471087       0.63191038769380425        27.615775264227295        104.26521396947770       0.21836256596554093        36.029823384314255        187.50349565501412        202.55700231273323              314          21
 ../513_seed.dataconnected          90  0.17018405842039247       0.64374184373485954        15.316565257835322        57.936765936137355       0.22077522245228995        19.869770020706095        111.04965137247733        93.519612458043753              328          40
 ../514_seed.dataconnected         136  0.17021673839816323       0.64107670078477685        23.149476422150201        87.186431306729645       0.21222771488229217        28.862969223991733        157.27152283080360        152.17706647710426              266          25
 ../515_seed.dataconnected         167  0.16691122113287213       0.62975267414569125        27.874173929189645        105.16869658233044       0.22245046829010071        37.149228204446821        208.00365529451267        225.74689710382864              308           8
 ../516_seed.dataconnected         134  0.16654219913277127       0.64364058051029915        22.316654683791349        86.247837788380082       0.20872179749944664        27.968720864925849        162.38895668274677        160.19230554233238              294          28
 ../517_seed.dataconnected         189  0.17009632111768028       0.64863640387862853        32.148204691241574        122.59228033306080       0.21227636367700978        40.120232734954847        193.09147210364353        205.77300370797272              318          15
 ../518_seed.dataconnected         102  0.13560910000083751       0.54234560289093003        13.832128200085426        55.319251494874862       0.18221566140710471        18.585997463524681        138.70028809107811        111.86830506933229              315          17
 ../519_seed.dataconnected          58  0.15675190891541052       0.59772034906043192        9.0916107170938094        34.667780245505050       0.20524706982594082        11.904330049904567        89.369884294605839        63.700484736801478              322          28
 ../520_seed.dataconnected         112  0.18094729125802347       0.69836924499153197        20.266096620898630        78.217355439051573       0.22838479619596275        25.579097173947829        128.34255324552853        114.29906484796587              281          22
 ../521_seed.dataconnected         135  0.17598812911360828       0.69841865233748035        23.758397430337119        94.286518065559846       0.22266869681515536        30.060274070045974        163.01577706278022        160.02032243691255              304          44
 ../522_seed.dataconnected         180  0.18118161095520596       0.69758264649115709        32.612689971937073        125.56487636840828       0.22002073836756397        39.603732906161518        189.24669230926310        197.77205984511602              335          18
 ../523_seed.dataconnected         187  0.18546397291863656       0.69548583666847419        34.681762935785038        130.05585145700468       0.22661519603393884        42.377041658346563        178.07041236031543        191.78683008422399              328          15
 ../524_seed.dataconnected         193  0.17760914457490284       0.66071939435748805        34.278564902956248        127.51884311099519       0.22835954598886812        44.073392375851547        225.81236997118774        250.75114886646298              361          27
 ../525_seed.dataconnected         125  0.16915011626312543       0.64310770519136351        21.143764532890678        80.388463148920437       0.22799395315109322        28.499244143886653        190.56038057732735        200.96499795784231              221          14
 ../526_seed.dataconnected          62  0.16837374175615966       0.62501482609366676        10.439171988881899        38.750919217807336       0.21903666986029260        13.580273531338142        101.59547543981631        69.256841425772905              176          13
 ../527_seed.dataconnected         204  0.16972753533421650       0.65772703392799570        34.624417208180169        134.17631492131113       0.20316812032712911        41.446296546734338        187.99406281874607        211.81367991492800              319          16
 ../528_seed.dataconnected         138  0.15547585227228675       0.61123176911281596        21.455667613575571        84.349984137568597       0.20577479012772537        28.396921037626100        175.24766869393798        180.75626427047627              263          12
 ../529_seed.dataconnected         147  0.18653068509519305       0.70660877377220421        27.420010708993377        103.87148974451402       0.22857890592762878        33.601099171361433        175.98681585142072        173.88100595542352              275          14
 ../530_seed.dataconnected          56  0.13726200794125068       0.55754888738587827        7.6866724447100383        31.222737693609183       0.22397520474274596        12.542611465593774        97.664719313530355        64.571378754735036              262          45
 ../531_seed.dataconnected         131  0.17910028380573959       0.66912119182923602        23.462137178551885        87.654876129629912       0.22505534785639542        29.482250569187798        164.99147747881557        158.48506318979022              246          12
 ../532_seed.dataconnected         194  0.17332843934094802       0.66490876298594359        33.625717232143913        128.99230001927305       0.21425311365041205        41.565104048179940        216.15003198645746        239.56650787234244              302          13
 ../533_seed.dataconnected         164  0.17227677867135427       0.64953959610400813        28.253391702102100        106.52449376105733       0.22282921646679779        36.543991500554839        192.21127758754977        192.99419624372166              337          14
 ../534_seed.dataconnected         186  0.19005139528645176       0.73211284881874672        35.349559523280028        136.17298988028688       0.22785569215010662        42.381158739919833        202.47783494817759        209.59652379284313              297          20
 ../535_seed.dataconnected         102  0.16734069964446327       0.63652301820016843        17.068751363735252        64.925347856417176       0.22068390821114953        22.509758637537253        134.97787553732215        119.41110699749852              294          16
 ../536_seed.dataconnected         135  0.17500895315092771       0.66059800169622762        23.626208675375242        89.180730228990726       0.21925556733215637        29.599501589841111        163.00972203663770        160.82174608970845              258          14
 ../537_seed.dataconnected         156  0.17153039628310421       0.65509209121180401        26.758741820164257        102.19436622904142       0.22056071641658509        34.407471760987271        170.61215055163828        178.75239757699197              292          13
 ../538_seed.dataconnected         146  0.18073920243893418       0.65907387684571106        26.387923556084392        96.224786019473811       0.23199048027701866        33.870610120444724        164.49257605166406        160.53831261238048              277          23
 ../539_seed.dataconnected         139  0.17793058718720070       0.67452840947155068        24.732351619020896        93.759448916545551       0.22090382972604766        30.705632331920626        164.86173219600437        153.81437410430331              337          16
 ../540_seed.dataconnected         124  0.16745717520856773       0.64132817211960735        20.764689725862400        79.524693342831313       0.22471006475654376        27.864048029811425        151.35559102931256        143.23530891272694              308          19
 ../541_seed.dataconnected          78  0.17919441897906488       0.67527441688202650        13.977164680367061        52.671404516798070       0.22034498698795180        17.186908985060239        93.035054429833863        68.557383223858082              269          27
 ../542_seed.dataconnected         163  0.16965949617080975       0.64593181518714160        27.654497875841990        105.28688587550408       0.21735227506021773        35.428420834815491        194.63044418540014        203.92255626643643              342          23
 ../543_seed.dataconnected         155  0.18321944758753450       0.68162362030302392        28.399014376067846        105.65166114696871       0.22448477437316819        34.795140027841072        153.03276792110265        150.23670256477516              299          17
 ../544_seed.dataconnected         123  0.18136835073027147       0.67764452037966871        22.308307139823391        83.350276006699247       0.22973428421372258        28.257316958287877        152.35987524486245        140.03550953804375              258          12
 ../545_seed.dataconnected         162  0.18024978966626509       0.68516272008532197        29.200465925934946        110.99636065382217       0.22389953478716199        36.271724635520243        175.03965052899707        189.33922623117152              337          11
 ../546_seed.dataconnected         130  0.17868447376104657       0.70944658077129485        23.228981588936055        92.228055500268326       0.22951457590794971        29.836894868033461        134.44214351710747        122.55790094546799              318          17
 ../547_seed.dataconnected         106  0.16185192450571226       0.60884211298893165        17.156303997605498        64.537263976826750       0.22944882846395717        24.321575817179461        165.79586864875751        162.89047089148616              248          16
 ../548_seed.dataconnected         182  0.18644142032452055       0.70077428348883175        33.932338499062737        127.54091959496738       0.23096315235221232        42.035293728102644        196.17598230696160        213.57010806904123              317          20
 ../549_seed.dataconnected         148  0.15272641189158376       0.57751888123763906        22.603508959954397        85.472794423170583       0.20519300413046615        30.368564611308990        202.86622583209473        229.20831131174404              313          36
 ../550_seed.dataconnected         173  0.16898880694678897       0.64951233892375293        29.235063601794494        112.36563463380925       0.21335042375640548        36.909623309858148        183.16011865942269        187.34410116678066              272           9
 ../551_seed.dataconnected         158  0.17277677161740362       0.63582314961152553        27.298729915549771        100.46005763862104       0.22706139155496760        35.875699865684879        195.26843948318839        218.17735677602192              289          16
 ../552_seed.dataconnected         204  0.16817429870763997       0.64952482682073787        34.307556936358552        132.50306467143054       0.21524627823053366        43.910240759028866        224.52505331637497        259.66106386307945              399          23
 ../553_seed.dataconnected         121  0.18975498492163542       0.72269511458521030        22.960353175517888        87.446108864810441       0.23828823578881395        28.832876530446487        138.46891177176724        118.54333583213729              263           8
 ../554_seed.dataconnected          76  0.17603794041186152       0.63962088283250551        13.378883471301476        48.611187095270417       0.26166163129155806        19.886283978158414        123.76748165046840        91.934767595651550              248          21
 ../555_seed.dataconnected          64  0.13937375891812154       0.54767769900501162        8.9199205707597784        35.051372736320744       0.20825150779516913        13.328096498890824        107.91999625926132        82.117197380477791              246          28
 ../556_seed.dataconnected         113  0.13592619056651509       0.52130516180665998        15.359659534016204        58.907483284152576       0.19765269185170534        22.334754179242704        165.25984921089562        147.63061475374641              242          21
 ../557_seed.dataconnected         195  0.17552804618681481       0.66501023659286018        34.227969006428886        129.67699613560774       0.21668727479874136        42.254018585754565        217.33677696057731        256.62762135140150              343          14
 ../558_seed.dataconnected         152  0.17449158408746696       0.63276277624357868        26.522720781294979        96.179941989023959       0.23001620523057620        34.962463195047583        243.42129282724289        270.00654290918629              326          16
 ../559_seed.dataconnected         114  0.15297680067653779       0.58631898370280144        17.439355277125308        66.840364142119370       0.21531486859846088        24.545895020224542        192.29037052421270        186.23567343437472              294          33
 ../560_seed.dataconnected         105  0.14802864977043756       0.52394746384400437        15.543008225895944        55.014483703620456       0.20873027687807358        21.916679072197727        174.37480793127008        148.51498896711377              215           9
 ../561_seed.dataconnected          63   8.6684614266841195E-002  0.33564705314275012        5.4611306988109956        21.145764347993257       0.12896124492755515        8.1245584304359735        109.26003743509470        82.589171928976128              248          49
 ../562_seed.dataconnected         126  0.13006597013301666       0.50993365564910842        16.388312236760100        64.251640611787664       0.17030848721866415        21.458869389551683        144.65292084046192        134.76545865179762              296          19
 ../563_seed.dataconnected         158  0.18589271614033717       0.71188959184744383        29.371049150173274        112.47855551189612       0.22851731408993722        36.105735626210084        162.62001787329953        169.37627061890620              238          12
 ../564_seed.dataconnected         153  0.16126670821221575       0.61871630324158156        24.673806356469012        94.663594395961979       0.20109318212530861        30.767256865172218        160.59135931165477        159.25793005036610              360          15
 ../565_seed.dataconnected         161  0.17061616435844726       0.65671561043177096        27.469202461710008        105.73121327951512       0.21729917732382428        34.985167549135710        202.51733056310815        229.27352529085772              271          13
 ../566_seed.dataconnected         137  0.15214796636116470       0.56280186175662683        20.844271391479566        77.103855060657878       0.19630016519772756        26.893122632088676        207.28044684545395        212.69708611311663              351          40
 ../567_seed.dataconnected         106  0.15476712193697525       0.57340417122810228        16.405314925319377        60.780842150178842       0.21569088535127368        22.863233847235009        187.74242845768370        189.64782620703110              267          16
 ../568_seed.dataconnected         108  0.16398588797170582       0.61865518288491761        17.710475900944228        66.814759751571103       0.20154941162345863        21.767336455333531        129.52216710621113        114.53346195662374              208          11
 ../569_seed.dataconnected         118  0.15442175493413735       0.59474288272426667        18.221767082228208        70.179660161463474       0.20934033724005371        24.702159794326338        157.25961637749455        150.05099517635446              249          31
 ../570_seed.dataconnected         158  0.17407711018566721       0.66195665309098328        27.504183409335418        104.58915118837535       0.21651935211960902        34.210057634898227        155.73349596543011        157.15878107428597              309          19
 ../571_seed.dataconnected         161  0.18675156669674681       0.68757398084368648        30.067002238176237        110.69941091583352       0.23675484364938318        38.117529827550690        183.13045984143065        194.09417745112790              323          21
 ../572_seed.dataconnected         125  0.14165146854578933       0.52145833700283439        17.706433568223666        65.182292125354294       0.19700709304670069        24.625886630837588        194.90469577770625        199.30930499202091              328          41
 ../573_seed.dataconnected          97  0.17946057737465723       0.66746331492475242        17.407676005341752        64.743941547700985       0.24348800423167069        23.618336410472057        125.87856817614843        100.14966679732180              232          25
 ../574_seed.dataconnected          70  0.15348686838305045       0.57198058723152578        10.744080786813532        40.038641106206803       0.21870101465655789        15.309071025959053        113.95246515019404        79.059219407004761              289          43
 ../575_seed.dataconnected         150  0.14020682948514707       0.52005063401801555        21.031024422772060        78.007595102702325       0.17988298343158202        26.982447514737302        183.49116595443152        196.49140148897172              287          19
 ../576_seed.dataconnected         105  0.18904097862035157       0.70809989854000066        19.849302755136915        74.350489346700073       0.23753017858025510        24.940668750926786        115.43871735342614        97.657821742633246              267          20
 ../577_seed.dataconnected         186  0.14776922698329828       0.55834859597654141        27.485076218893479        103.85283885163670       0.19748907701976684        36.732968325676630        255.13153364413520        288.96857406647973              323          17
 ../578_seed.dataconnected         126  0.18213600878781661       0.69100523656971824        22.949137107264892        87.066659807784504       0.22122892549795589        27.874844612742443        166.69365959342554        152.80764634647880              258          14
 ../579_seed.dataconnected         146  0.12891859504325820       0.49454301351819790        18.822114876315698        72.203279973656890       0.18623086996637692        27.189707015091031        234.29954891754531        230.49739817583000              280          16
 ../580_seed.dataconnected         141  0.15497262540359535       0.59674100037136946        21.851140181906946        84.140481052363100       0.19502375695160384        27.498349730176141        191.25879970456893        200.87705828715613              267          14
 ../581_seed.dataconnected          81  0.17132209200554410       0.65343920374750131        13.877089452449072        52.928575503547606       0.23080193580224956        18.694956799982215        107.97454445462520        78.862478850344246              273          33
 ../582_seed.dataconnected         166  0.17782939420649366       0.66304733944762373        29.519679438277947        110.06585834830554       0.23604484763194994        39.183444706903693        215.46338200657488        245.24291400416629              314          18
 ../583_seed.dataconnected         161  0.15488081139453613       0.59492329965996738        24.935810634520319        95.782651245254741       0.19339385610661444        31.136410833164927        158.71626719364980        151.77929643994696              366          68
 ../584_seed.dataconnected         162  0.17075970936217250       0.64878115772867018        27.663072916671943        105.10254755204457       0.22381759088068928        36.258449722671664        228.25359780107803        248.79823987282413              319          16
 ../585_seed.dataconnected         137  0.11243389672481346       0.45312949799530849        15.403443851299444        62.078741225357263       0.15226874930389539        20.860818654633668        234.48172966601152        268.55361660510573              280          16
 ../586_seed.dataconnected         152  0.16240802933279885       0.63856832774582895        24.686020458585425        97.062385817365993       0.20705125794043908        31.471791206946740        220.70694012128931        232.28372985636543              322          26
 ../587_seed.dataconnected         109  0.19171865089145337       0.72171642520694579        20.897332947168419        78.667090347557092       0.23334289610729270        25.434375675694906        120.88985499895274        107.30096244471235              253          20
 ../588_seed.dataconnected         131  0.14186678432920935       0.55869435955336699        18.584548747126426        73.188961101491074       0.18433095415614426        24.147354994454897        169.56482138942553        158.53542399690653              309          25
 ../589_seed.dataconnected         198  0.17928157455463142       0.67273690761840443        35.497751761817021        133.20190770844408       0.22064961740566086        43.688624246320849        194.72052817640625        218.27944118509103              335          13
 ../590_seed.dataconnected          95  0.18909676999441921       0.70350458331553178        17.964193149469825        66.832935414975523       0.24172920083714527        22.964274079528803        104.10577686012337        83.934999818921412              222          13
 ../591_seed.dataconnected         135  0.15466958012835280       0.60211416319268596        20.880393317327627        81.285412031012598       0.20001765991492138        27.002384088514386        161.17341874064925        158.31903072111973              285          20
 ../592_seed.dataconnected          86  0.17758637219778081       0.64855139470672540        15.272428009009150        55.775419944778385       0.22524520330436384        19.371087484175291        107.63365163785868        86.650841586070172              215          16
 ../593_seed.dataconnected         140  0.12229744503932845       0.45291026845307902        17.121642305505983        63.407437583431062       0.17581034158791697        24.613447822308377        256.59653947822920        294.91257829658718              308          30
 ../594_seed.dataconnected         176  0.18825659817513427       0.72696936452682948        33.133161278823628        127.94660815672199       0.22922712616952609        40.343974205836595        150.74859123886273        152.59562695497073              292           7
 ../595_seed.dataconnected         111  0.16920237318469294       0.61966351209009141        18.781463423500917        68.782649842000140       0.22288613951563288        24.740361486235251        162.39608742954232        155.57104861254538              315          34
 ../596_seed.dataconnected         106  0.20373892738045393       0.76210060956254433        21.596326302328116        80.782664613629706       0.23769524094012673        25.195695539653432        101.68018251937028        85.200774884038466              261          19
 ../597_seed.dataconnected         143  0.15722585570747297       0.60318275840469804        22.483297366168635        86.255134451871825       0.19595821141008793        28.022024231642575        142.61638728798795        138.76736149176969              314          29
 ../598_seed.dataconnected          59  0.16478440425395446       0.62326762278761805        9.7222798509833126        36.772789744469463       0.22984458074491931        13.560830263950239        88.160091264862515        60.142848755955974              227          19
 ../599_seed.dataconnected         164  0.19438510791637009       0.74725510018213737        31.879157698284693        122.54983642987052       0.23443225515804977        38.446889845920161        154.18553119490861        152.47325164407820              333          38
 ../600_seed.dataconnected         102  0.16047213041121286       0.59278930481176584        16.368157301943711        60.464509090800114       0.20203646821839194        20.607719758275977        119.20586304056907        102.21601922709165              236          14
 ../601_seed.dataconnected          76  0.19554188388733243       0.74004547501832663        14.861183175437265        56.243456101392823       0.25053025954110791        19.040299725124200        108.00835085483894        75.381033712964737              238          35
 ../602_seed.dataconnected          98  0.18918989181342202       0.71754030834469262        18.540609397715357        70.318950217779872       0.22882296173851749        22.424650250374714        121.80051428990339        96.539716189634333              243          23
 ../603_seed.dataconnected         162  0.16415561569208659       0.61250581886160393        26.593209742118027        99.225942655579843       0.21406187900030460        34.678024398049345        212.30115053263276        235.61330464115215              336          21
 ../604_seed.dataconnected          67  0.15453688099636143       0.59271599884734494        10.353971026756216        39.711971922772108       0.20518993739500788        13.747725805465528        102.06011482345821        71.886261852742933              227          20
 ../605_seed.dataconnected          68  0.14877128938050896       0.59379585324509698        10.116447677874609        40.378118020666598       0.22059494407144101        15.000456196857989        87.384736289846643        58.739865762885223              272          31
 ../606_seed.dataconnected         137  0.14190106353525786       0.56563281021762535        19.440445704330326        77.491694999814669       0.21574187107846970        29.556636337750348        320.31650495663467        415.02924412944520              300          14
 ../607_seed.dataconnected         138  0.17778894059209480       0.66071152821231027        24.534873801709082        91.178190893298819       0.24278994403131957        33.505012276322098        166.71252148149435        172.84842217572026              247          13
 ../608_seed.dataconnected         144  0.16691454372009376       0.62433996445959161        24.035694295693503        89.904954882181187       0.20809217954259157        29.965273854133187        173.22170516942452        173.72780273495977              285          21
 ../609_seed.dataconnected         116  0.17615956015255121       0.65388807572246399        20.434508977695941        75.851016783805818       0.21467886608054892        24.902748465343674        143.14812578115701        133.33751719137894              238          11
 ../610_seed.dataconnected         164  0.17841673967872776       0.65728550043196676        29.260345307311354        107.79482207084254       0.22868829934942067        37.504881093304988        187.39172293165063        204.73807465963546              308          15
 ../611_seed.dataconnected         181  0.18927011203570171       0.71826280161848222        34.257890278462007        130.00556709294528       0.23187240950448815        41.968906120312354        201.79672828511258        226.14829291226903              332          12
 ../612_seed.dataconnected         132  0.14577957961252364       0.54317154615958219        19.242904508853119        71.698644093064843       0.19895413517927060        26.261945843663721        164.53539838756356        149.67554215496060              283          20
 ../613_seed.dataconnected         176  0.17601239682058387       0.67395077648721735        30.978181840422760        118.61533666175025       0.21618250677255432        38.048121191969564        162.32579672246067        167.02578816804396              382          48
 ../614_seed.dataconnected         100  0.17625491069391044       0.67903363725370225        17.625491069391046        67.903363725370227       0.21605116928756746        21.605116928756747        114.77989824415151        98.046745999727293              225          14
 ../615_seed.dataconnected         182  0.16236356689484835       0.59332274758416881        29.550169174862400        107.98474006031873       0.20864303545412305        37.973032452650394        226.87472958453304        274.40827392880794              287           8
 ../616_seed.dataconnected         164  0.18060895517647099       0.66918055409197719        29.619868648941242        109.74561087108425       0.22009237873829937        36.095150113081097        149.31947776417329        153.17192553854400              272           6
 ../617_seed.dataconnected         168  0.12532970214900940       0.47365447572213060        21.055389961033580        79.573951921317942       0.16408745521367338        27.566692475897128        235.64140412111931        274.69049080640644              338          45
 ../618_seed.dataconnected         168  0.15491152082574902       0.59474674200483180        26.025135498725835        99.917452656811747       0.20615693731893248        34.634365469580658        229.34060611338720        252.07916138046352              300          25
 ../619_seed.dataconnected         130  0.19049417022968257       0.72691201567988450        24.764242129858733        94.498562038384989       0.23226453956578844        30.194390143552496        133.31489443275640        124.16953027025809              293          29
 ../620_seed.dataconnected         121  0.19759467764851238       0.73306649584765249        23.908955995469999        88.701045997565956       0.24032411760134287        29.079218229762485        154.40204328321582        146.66893288941705              280          21
 ../621_seed.dataconnected         144  0.16706400542481828       0.64968979777152258        24.057216781173832        93.555330879099245       0.21419031827966240        30.843405832271387        190.36610467651681        184.52540902736840              256          19
 ../622_seed.dataconnected          99  0.15946384864341623       0.61221253174290735        15.786921015698207        60.609040642547825       0.21387007876715536        21.173137797948382        143.11538674643560        137.09621711831639              237          17
 ../623_seed.dataconnected          88  0.14784366564781051       0.54594369408235333        13.010242577007325        48.043045079247094       0.21503959872564854        18.923484687857073        191.93204066830660        155.01518947370366              208          11
 ../624_seed.dataconnected         117  0.17718405086463435       0.67354404713079419        20.730533951162219        78.804653514302913       0.23233859724957792        27.183615878200616        129.65372455789429        115.64115671134189              326          27
 ../625_seed.dataconnected          81  0.14210139071419342       0.52714291766158838        11.510212647849666        42.698576330588658       0.17631128132667809        14.281213787460926        126.63572774994624        100.28336870034025              233          16
 ../626_seed.dataconnected         133  0.18270495142185889       0.68768644860739991        24.299758539107231        91.462297664784188       0.23361429361204419        31.070701050401876        151.46951126037845        139.82242809172030              272          18
 ../627_seed.dataconnected         109  0.16605362383809819       0.61381416773477782        18.099844998352701        66.905744283090783       0.20743623430779654        22.610549539549822        142.18510330397015        125.58311261710794              338          50
 ../628_seed.dataconnected         182  0.17520088414559098       0.66000054106105555        31.886560914497558        120.12009847311211       0.21842631021120068        39.753588458438522        206.15134734579576        216.98967978741260              297          14
 ../629_seed.dataconnected         118  0.18287501481724192       0.70910938822252534        21.579251748434547        83.674907810257992       0.23365630086459654        27.571443502022394        127.53485052976671        108.53203003302136              282          30
 ../630_seed.dataconnected          82  0.14514525596193584       0.58171662438159433        11.901910988878738        47.700763199290733       0.20860851256338922        17.105898030197917        124.38432851120099        100.56370269323526              237          38
 ../631_seed.dataconnected         113  0.16863336493642000       0.61502399336949598        19.055570237815459        69.497711250753042       0.21041527346324126        23.776925901346264        151.31849575585838        128.52082215175955              283          16
 ../632_seed.dataconnected         150  0.16391998525894430       0.61465622822285315        24.587997788841644        92.198434233427975       0.21745762265519217        32.618643398278827        211.79085661739020        233.97905157153409              280          11
 ../633_seed.dataconnected         158  0.17137091955584641       0.66547191583593990        27.076605289823732        105.14456270207850       0.21873443622981681        34.560040924311053        159.59749866970387        165.25248273589398              308          18
 ../634_seed.dataconnected         147  0.16432105891728632       0.63544849549467941        24.155195660841088        93.410928837717876       0.21601614480898643        31.754373286921005        172.54881016710092        170.92370257066634              294          29
 ../635_seed.dataconnected         127  0.14544002210474438       0.56219754653114529        18.470882807302537        71.399088409455445       0.18638764795700810        23.671231290540028        131.82148763032902        119.69563719946089              303          21
 ../636_seed.dataconnected         189  0.15948763411747888       0.58747433674940652        30.143162848203509        111.03264964563783       0.20412518810146668        38.579660551177206        232.57428797431388        278.29189297242010              340          17
 ../637_seed.dataconnected          97  0.17574633332081391       0.67612883048166039        17.047394332118948        65.584496556721064       0.22219584664888811        21.552997124942149        117.49282152105845        98.746654354148802              244          20
 ../638_seed.dataconnected         106  0.18319830219410069       0.67942297235247995        19.419020032574672        72.018835069362879       0.23426846921829242        24.832457737138995        110.74007973860863        97.058967510148733              273          14
 ../639_seed.dataconnected         194  0.17289160618729832       0.66192289588112896        33.540971600335872        128.41304180093903       0.21408818510594993        41.533107910554286        198.85665396882621        224.47009715767953              328          22
 ../640_seed.dataconnected         163  0.13551926455652663       0.49383347768124802        22.089640122713842        80.494856862043434       0.18825683495547252        30.685864097742019        328.38730692209435        432.03996672386052              284          13
 ../641_seed.dataconnected          85  0.15541749307098804       0.59514427740943276        13.210486911033984        50.587263579801785       0.22019474805175315        18.716553584399019        125.31645126867333        103.34237059896924              270          17
 ../642_seed.dataconnected         145  0.15953092852713896       0.60209287467961359        23.131984636435149        87.303466828543975       0.21413975068624105        31.050263849504955        165.33834711458874        158.90577351532357              311          19
 ../643_seed.dataconnected         176  0.15183046265174435       0.56804232337893279        26.722161426707007        99.975448914692166       0.18154286809580530        31.951544784861735        169.41748395139405        167.48000544774686              337          12
 ../644_seed.dataconnected         184  0.18664257498703296       0.68992381548103732        34.342233797614064        126.94598204851087       0.22659548259324466        41.693568797157020        208.25974844677577        220.87827798650306              321          14
 ../645_seed.dataconnected         109  0.15801588961208690       0.61333038102144732        17.223731967717473        66.853011531337756       0.19457534006265184        21.208712066829051        132.03653112119466        115.80834535432041              202          10
 ../646_seed.dataconnected         196  0.17860705799584126       0.64546088002293911        35.006983367184887        126.51033248449606       0.22897887598713637        44.879859693478728        264.56936219516206        319.44412794761610              309          16
 ../647_seed.dataconnected         167  0.15622686149826584       0.61073212800939081        26.089885870210395        101.99226537756826       0.19743244757020642        32.971218744224473        182.45173935349681        191.01999355943786              355          31
 ../648_seed.dataconnected          96  0.15916052161704133       0.59899986997330379        15.279410075235969        57.503987517437167       0.22836579190558542        21.923116022936199        200.51635027138917        194.65618825074793              264          24
 ../649_seed.dataconnected         151  0.14745246126028935       0.56753445930323221        22.265321650303694        85.697703354788061       0.19281290279994129        29.114748322791133        204.03598307559778        227.52825743234973              289          13
 ../650_seed.dataconnected         125  0.16191556889092501       0.61492201392184664        20.239446111365627        76.865251740230832       0.20426839097991625        25.533548872489533        142.20864478302070        134.63477810390489              307          19
 ../651_seed.dataconnected          84  0.15839488752992290       0.58567438075974187        13.305170552513523        49.196647983818316       0.22251812902417589        18.691522838030775        136.53365582221105        108.48242660712395              227          11
 ../652_seed.dataconnected         132  0.17675888084874328       0.67513997580372231        23.332172272034114        89.118476806091351       0.22159963256018517        29.251151497944441        155.99443448511599        154.53058269854631              289          16
 ../653_seed.dataconnected         116  0.16317514568954317       0.63651265854216454        18.928316899987006        73.835468390891094       0.22297246862445269        25.864806360436511        146.93865377410907        137.07525127583523              264          12
 ../654_seed.dataconnected         143  0.15915767525293456       0.58865732902093548        22.759547561169644        84.177998049993775       0.22094046803858086        31.594486929517064        210.55886625760516        230.59836827944613              296          23
 ../655_seed.dataconnected         123  0.17670789706495982       0.66987307504022309        21.735071338990057        82.394388229947438       0.22584534209138524        27.778977077240384        116.80312756797518        99.786362040699359              367          39
 ../656_seed.dataconnected         157  0.18013928725354950       0.65852311068176417        28.281868098807269        103.38812837703698       0.22399273400471531        35.166859238740301        178.22702740109111        186.42668283977676              355          37
 ../657_seed.dataconnected         107  0.12491165862287402       0.47131728496789765        13.365547472647521        50.430949491565052       0.16132011852877887        17.261252682579340        263.46324381393759        297.51997323998052              193           9
 ../658_seed.dataconnected         185  0.15369209410318710       0.60491933628805428        28.433037409089614        111.91007721329004       0.19848788373734441        36.720258491408714        200.66384829039370        229.56987380337316              331          19
 ../659_seed.dataconnected         101  0.12253800392716362       0.48020505846294625        12.376338396643526        48.500710904757568       0.16331785873734431        16.495103732471776        142.14003095616329        129.03183913927188              240          16
 ../660_seed.dataconnected         132  0.11042982995742080       0.43183121136427755        14.576737554379546        57.001719900084638       0.14576421634941952        19.240876558123379        189.18904445904431        195.24023319050480              245          12
 ../661_seed.dataconnected         136  0.19350086011407244       0.72539963564329035        26.316116975513854        98.654350447487488       0.23896321765072170        32.498997600498150        133.38953313708910        124.53900401411718              279          15
 ../662_seed.dataconnected         191  0.16300526588733705       0.61179977182731449        31.134005784481378        116.85375641901706       0.20576287590081757        39.300709297056159        194.83747624292727        213.96302468944000              362          16
 ../663_seed.dataconnected         101  0.18378855236731617       0.70219372817042547        18.562643789098935        70.921566545212968       0.24364071292347922        24.607712005271402        112.71083391556722        97.238596235781301              297          31
 ../664_seed.dataconnected         197  0.18332399013778092       0.68529639851609880        36.114826057142842        135.00339050767147       0.22164055644473779        43.663189619613348        176.77954858286742        188.03478957968628              353          35
 ../665_seed.dataconnected         111  0.16855436361224199       0.60902015424943567        18.709534360958862        67.601237121687362       0.23795051932054062        26.412507644580010        165.83057584482890        163.64398013587532              229          38
 ../666_seed.dataconnected         123  0.17870049829504883       0.68994054255052251        21.980161290291008        84.862686733714270       0.21848497207293160        26.873651564970586        143.91277577859481        132.05328145941198              359          29
 ../667_seed.dataconnected         172  0.16082604895666675       0.60883411755963346        27.662080420546680        104.71946822025696       0.19878569115055592        34.191138877895618        233.52396427413072        273.21563621988247              311          11
 ../668_seed.dataconnected         146  0.18284670115390822       0.71585550675587484        26.695618368470601        104.51490398635772       0.22542940353330004        32.912692915861804        153.83663809964060        149.74764582839538              331          37
 ../669_seed.dataconnected         161  0.17200240057067806       0.65757355892444369        27.692386491879169        105.86934298683543       0.22796563219817467        36.702466783906125        173.20295231787179        179.46318450863174              342          21
 ../670_seed.dataconnected         172  0.17291822864515838       0.65789427885036511        29.741935326967241        113.15781596226280       0.22420392752109791        38.563075533628840        182.04770974769286        194.96622703499469              272          14
 ../671_seed.dataconnected         182  0.16470629211093574       0.63821940562432100        29.976545164190306        116.15593182362642       0.20763442222206335        37.789464844415534        199.05587993911914        214.17431635971514              310          17
 ../672_seed.dataconnected         157  0.16356157566784371       0.62079464271913576        25.679167379851464        97.464758906904308       0.20484964353084989        32.161394034343431        176.41857101953130        178.89333893207299              349          22
 ../673_seed.dataconnected         111  0.17929376646702291       0.67759478660783412        19.901608077839544        75.213021313469582       0.22600216215710078        25.086239999438188        127.24907366693920        112.10185044685358              264          16
 ../674_seed.dataconnected         194  0.18075405456091181       0.69532096010151589        35.066286584816893        134.89226625969408       0.22042204895472181        42.761877497216034        189.14212357466101        212.52695073061733              412          21
 ../675_seed.dataconnected          81  0.16511103157043214       0.63813982547780412        13.373993557205003        51.689325863702138       0.23311400235555449        18.882234190799913        118.04269151543123        94.349040439893798              257          30
 ../676_seed.dataconnected          90  0.16272028726611468       0.62082775680364954        14.644825853950321        55.874498112328460       0.21697034216171315        19.527330794554185        116.42165052897649        96.440915028023554              236          25
 ../677_seed.dataconnected         195  0.18651689963471299       0.69807482962675305        36.370795428769036        136.12459177721684       0.22781050275860118        44.423048037927231        171.63623121112329        182.80040265882960              310          11
 ../678_seed.dataconnected         126  0.17287590253060778       0.63662955582313496        21.782363718856580        80.215324033715007       0.22292904681040465        28.089059898110985        157.20490015711999        148.33750440992003              275          14
 ../679_seed.dataconnected         141  0.15258588059592759       0.56663223392642459        21.514609164025792        79.895144983625869       0.20614576365656717        29.066552675575970        205.97603253681319        223.61991629935682              365          20
 ../680_seed.dataconnected         114  0.18022743077912745       0.68907632834438137        20.545927108820528        78.554701431259474       0.22870995818631920        26.072935233240390        135.85781033416086        115.21878949172830              272          14
 ../681_seed.dataconnected          92  0.17792945382688125       0.64977840367451101        16.369509752073075        59.779613138055012       0.24157834648551874        22.225207876667724        138.17886715048022        120.15006150668235              244          23
 ../682_seed.dataconnected         164  0.17604928299904607       0.66340509193454744        28.872082411843554        108.79843507726578       0.21876984176900363        35.878254050116595        161.09885053433749        159.70150096439912              330          18
 ../683_seed.dataconnected         142  0.17173343794379203       0.64865942355421713        24.386148188018467        92.109638144698835       0.21793368941309893        30.946583896660048        146.57443629481017        142.62736802975712              312          16
 ../684_seed.dataconnected         121  0.15495505383022226       0.58642269334608899        18.749561513456893        70.957145894876774       0.21027298541557982        25.443031235285158        165.20511132476483        159.64090639576995              275          25
 ../685_seed.dataconnected         171  0.15474602097430820       0.57981233373334262        26.461569586606704        99.147909068401589       0.20257859990068747        34.640940583017560        183.20394796477305        196.21523604557981              283          14
 ../686_seed.dataconnected         131  0.15971565927425715       0.62450559285198948        20.922751364927688        81.810232663610620       0.21805691448937789        28.565455798108502        194.95919512070319        207.19505125124090              248          12
 ../687_seed.dataconnected         130  0.15580935255388922       0.57389956569786837        20.255215832005600        74.606943540722895       0.20431808507616234        26.561351059901103        199.59797875017088        183.51869982065102              320          19
 ../688_seed.dataconnected         195  0.14862048218565468       0.56646060340215343        28.980994026202662        110.45981766341991       0.19488671570562843        38.002909562597544        231.29748546473442        267.64725455481232              360          25
 ../689_seed.dataconnected          71  0.17545159336504318       0.67140198627460468        12.457063128918065        47.669541025496933       0.24867628597661282        17.656016304339509        98.166972578193864        65.107180312826202              237          26
 ../690_seed.dataconnected         104  0.18247389201983111       0.70523561759013187        18.977284770062436        73.344504229373712       0.24019899790059618        24.980695781662003        121.66582784904232        104.63093035603465              315          37
 ../691_seed.dataconnected         141  0.17580869617140030       0.68314834441292271        24.789026160167442        96.323916562222109       0.22383653955089178        31.560952076675740        151.50619715513932        134.20649277957568              269          14
 ../692_seed.dataconnected         123  0.16044413712764719       0.60147757988568074        19.734628866700604        73.981742325938725       0.21049337648866226        25.890685308105457        222.34382318338183        232.27641493500246              304          28
 ../693_seed.dataconnected         181  0.18767601547155821       0.71406069361458746        33.969358800352033        129.24498554424034       0.23316050249442985        42.202050951491806        184.15913097735012        193.72250082972138              334          42
 ../694_seed.dataconnected         107  0.16892291126211478       0.59781173036517266        18.074751505046283        63.965855149073477       0.21227390763240400        22.713308116667228        118.79927553312095        101.45784673621709              244          16
 ../695_seed.dataconnected         155  0.13191932885418470       0.51146977251850323        20.447495972398627        79.277814740368001       0.18185275992389346        28.187177788203488        255.62466403158078        288.21055237710277              319          33
 ../696_seed.dataconnected         144  0.16634917361448862       0.61373019704823240        23.954281000486361        88.377148374945463       0.21929140673193401        31.577962569398498        204.15535104170704        204.79183872068256              371          36
 ../697_seed.dataconnected         135  0.18312866078382789       0.68710071989972155        24.722369205816765        92.758597186462410       0.22499338453705914        30.374106912502985        150.04556075440570        143.80622856457873              294          18
 ../698_seed.dataconnected         112  0.17061085668484238       0.65880765377467831        19.108415948702348        73.786457222763971       0.22511335787353981        25.212696081836459        136.19384259166904        119.15548040399607              303          30
 ../699_seed.dataconnected         115  0.14324143463100122       0.55277659645181865        16.472764982565142        63.569308591959143       0.20083472287097831        23.095993130162505        165.22131040586751        139.66489897493642              309          35
 ../700_seed.dataconnected         193  0.13499775535912362       0.52912462422304407        26.054566784310857        102.12105247504751       0.17718114408709007        34.195960808808387        375.86744610645331        485.08839681394210              345          13
 ../701_seed.dataconnected         142  0.16977792850681181       0.63316542405872867        24.108465847967278        89.909490216339464       0.20791165779983831        29.523455407577039        177.26576832769530        175.13249992933996              330          40
 ../702_seed.dataconnected         142  0.17625124653238358       0.67761773108617940        25.027677007598470        96.221717814237479       0.22970629642779972        32.618294092747561        158.15112104515615        155.42522170773250              292          14
 ../703_seed.dataconnected         136  0.17108547742636068       0.63403329888843840        23.267624929985054        86.228528648827620       0.22045712677398729        29.982169241262273        134.74824471635208        126.69882573671609              262          14
 ../704_seed.dataconnected         102  0.16554508702408366       0.63822085375426707        16.885598876456534        65.098527082935234       0.21692967499294599        22.126826849280491        138.29293618891359        118.00430335283450              321          26
 ../705_seed.dataconnected         188  0.16993493417072283       0.64333265693686537        31.947767624095892        120.94653950413068       0.21407419482564566        40.245948627221381        204.33604948070302        219.21842358042466              348          35
 ../706_seed.dataconnected         144  0.19073804930715499       0.71878287834483456        27.466279100230317        103.50473448165617       0.22861900519405248        32.921136747943557        157.79817429117256        157.27179348761837              257          17
 ../707_seed.dataconnected         105  0.17963823886229649       0.67140209954661145        18.862015080541131        70.497220452394203       0.23381399850901743        24.550469843446830        130.43687017504251        111.65821588998062              252          15
 ../708_seed.dataconnected         123  0.19177992870887814       0.69264240409455535        23.588931231192010        85.195015703630304       0.26089411002235796        32.089975532750032        149.65148333336913        142.23467053128871              276          21
 ../709_seed.dataconnected         131  0.17052831926994014       0.67098694307763218        22.339209824362158        87.899289543169814       0.21058035968764829        27.586027119081926        144.17518295822558        125.52170958094325              243          11
 ../710_seed.dataconnected         125  0.16897809232726352       0.64410603541593658        21.122261540907939        80.513254426992077       0.22487509996436614        28.109387495545768        150.53135368011499        142.22646415044179              196           5
 ../711_seed.dataconnected         187  0.16766012018737902       0.63419011733994779        31.352442475039879        118.59355194257023       0.21187224935785334        39.620110629918578        189.85638328093103        203.45086833232250              312          13
 ../712_seed.dataconnected         127  0.15474982288319955       0.59125986731631275        19.653227506166342        75.090003149171721       0.19248889399785343        24.446089537727385        155.35844760595134        136.45003320317824              298          16
 ../713_seed.dataconnected         150  0.17320004088959204       0.65182768720736772        25.980006133438806        97.774153081105155       0.22061225407816062        33.091838111724094        180.72547647705790        194.42328434126878              321          17
 ../714_seed.dataconnected          93  0.15627259374852276       0.58407998491917013        14.533351218612616        54.319438597482822       0.20177686230142994        18.765248194032985        123.39844059779514        95.359030207135788              265          24
 ../715_seed.dataconnected         191  0.17725695099402172       0.68997911405175150        33.856077639858150        131.78601078388454       0.22911010458225764        43.760029975211211        214.48126313058700        237.51296567160222              359          31
 ../716_seed.dataconnected         185  0.20247797305211451       0.76572726230148858        37.458425014641186        141.65954352577538       0.23762056891855698        43.959805249933041        168.15491857528588        177.99269639222925              346          13
 ../717_seed.dataconnected         103  0.17775545344635352       0.68365977900246799        18.308811704974413        70.416957237254209       0.21808592339038890        22.462850109210056        128.53655601303768        113.17825132763056              254          32
 ../718_seed.dataconnected         117  0.17554501062344618       0.65546405143954367        20.538766242943204        76.689294018426608       0.22401838001382493        26.210150461617516        160.41328799552755        152.00654355066854              236          13
 ../719_seed.dataconnected         109  0.18197596989670756       0.68126422628512096        19.835380718741124        74.257800665078179       0.23384999044042937        25.489648958006800        134.65901132950546        120.66877611028502              219          15
 ../720_seed.dataconnected         118  0.12660189950220163       0.51043091882357416        14.939024141259793        60.230848421181754       0.16873265343477498        19.910453105303446        156.14756891043120        149.00357775353521              278          11
 ../721_seed.dataconnected         156  0.15931376646274917       0.60849553558050751        24.852947568188871        94.925303550559164       0.20943644512805251        32.672085439976193        217.83614975992393        243.25135964978793              353          51
 ../722_seed.dataconnected         136  0.15987935799556138       0.59084117653871560        21.743592687396347        80.354400009265319       0.20597141294750615        28.012112160860838        181.49151887155131        176.46478016685811              308          16
 ../723_seed.dataconnected          88  0.17167144513205257       0.65337929226657865        15.107087171620627        57.497377719458925       0.21766358708643496        19.154395663606277        133.54420792865895        107.81501629638987              314          19
 ../724_seed.dataconnected          51  0.12563357636499131       0.48718869701643758        6.4073123946145571        24.846623547838316       0.19216323589569681        9.8003250306805381        95.204137647308812        65.399596560205623              246          40
 ../725_seed.dataconnected         154  0.15383145448846983       0.59929126542619859        23.690043991224353        92.290854875634579       0.20534010133853112        31.622375606133794        204.11579409449720        228.18123459332512              326          15
 ../726_seed.dataconnected         106  0.16870989045668627       0.64810139865891403        17.883248388408745        68.698748257844883       0.22767055267249212        24.133078583284163        132.76480747627352        124.17649954712105              275          26
 ../727_seed.dataconnected         205  0.18451740688391460       0.70169187223630713        37.826068411202492        143.84683380844297       0.22030354683215939        45.162227100592673        195.42133380592392        225.68151977814054              329          12
 ../728_seed.dataconnected          88  0.18741803502178217       0.70393249755578979        16.492787081916831        61.946059784909501       0.24177835285125798        21.276495050910704        108.38545377865537        83.977942233330566              234          13
 ../729_seed.dataconnected         112  0.17182287351974171       0.65195301993815358        19.244161834211070        73.018738233073208       0.23089704328930061        25.860468848401666        131.62864290383914        116.55631261046256              282          21
 ../730_seed.dataconnected         118  0.15734827460603604       0.59202048234569993        18.567096403512252        69.858416916792592       0.21532516466511137        25.408369430483141        184.93601908268153        191.81711052672219              301          27
 ../731_seed.dataconnected          89  0.15269835818614488       0.56124150958287633        13.590153878566895        49.950494352875992       0.20812174396405436        18.522835212800839        132.65696774430143        100.53328582731324              189           9
 ../732_seed.dataconnected         114  0.14567857853219668       0.56721348446487019        16.607357952670423        64.662337228995199       0.18947798239738081        21.600489993301412        158.16156822934445        138.79444459743411              278          12
 ../733_seed.dataconnected         154  0.16450372834716395       0.64710458188880393        25.333574165463247        99.654105610875803       0.20987539181030679        32.320810338787247        198.02613495643718        204.18091774813553              269          30
 ../734_seed.dataconnected         164  0.17672892794847522       0.66024066581461172        28.983544183549938        108.27946919359633       0.23118613396868179        37.914525970863814        206.39617257114551        222.46535093710526              314          16
 ../735_seed.dataconnected         120  0.21016843607761140       0.74291989388918589        25.220212329313370        89.150387266702310       0.25656334133538750        30.787600960246500        116.51808951008093        100.97731283505546              261          14
 ../736_seed.dataconnected          89  0.17193566068432198       0.65916002153872633        15.302273800904656        58.665241916946641       0.24103073453339724        21.451735373472353        126.85615687551052        105.33505301766601              261          40
 ../737_seed.dataconnected         106  0.18658417174408626       0.68387343546111290        19.777922204873143        72.490584158877965       0.23803742876380324        25.231967448963143        143.76271830988367        132.99263124361298              249           6
 ../738_seed.dataconnected         144  0.18027373408947830       0.68504026415879693        25.959417708884875        98.645798038866758       0.22799591308726347        32.831411484565940        138.47923515513912        131.43039881681747              265          12
 ../739_seed.dataconnected         158  0.17046355431418564       0.65766023789444350        26.933241581641330        103.91031758732207       0.22084041030135484        34.892784827614065        208.17851171867457        218.48423685755532              248           6
 ../740_seed.dataconnected         189  0.19573148873109672       0.74184914767624155        36.993251370177283        140.20948891080965       0.23981717330942318        45.325445755480978        172.16384454288911        182.73058281264647              343          15
 ../741_seed.dataconnected         103  0.17101041834289099       0.62630738298268840        17.614073089317770        64.509660447216902       0.22888585194116334        23.575242749939825        138.02114461200580        113.32133601371662              211           7
 ../742_seed.dataconnected         146  0.16610629782871342       0.62968156785056351        24.251519482992158        91.933508906182269       0.20305102480285217        29.645449621216418        156.55611398062373        149.25875581938504              270          19
 ../743_seed.dataconnected         174  0.16636552553587328       0.63759506214768880        28.947601443241950        110.94154081369786       0.21777753761576260        37.893291545142695        212.99313041858505        231.63603252373474              366          15
 ../744_seed.dataconnected         157  0.14427398762611540       0.53774910115467733        22.651016057300119        84.426608881284338       0.19555095651048993        30.701500172146918        240.51157483511204        262.35087339797911              343          40
 ../745_seed.dataconnected         138  0.19917062984943709       0.74399654696708761        27.485546919222319        102.67152348145810       0.24209006263424637        33.408428643526001        135.87687405925774        126.68519355414109              281          19
 ../746_seed.dataconnected         128  0.16724614470351198       0.62197668283771201        21.407506522049534        79.613015403227138       0.19703743379050914        25.220791525185170        133.93367111076734        125.37789858091071              273          15
 ../747_seed.dataconnected         140  0.15211419878887744       0.57846670540936229        21.295987830442840        80.985338757310714       0.20383501909600615        28.536902673440860        155.07209752293517        156.73857697049394              318          25
 ../748_seed.dataconnected         175  0.15480571450620503       0.59085268986284090        27.091000038585882        103.39922072599715       0.20040815347395904        35.071426857942832        200.72467198639495        225.20733213938107              312          13
 ../749_seed.dataconnected          93  0.17474182321009990       0.65725764339934378        16.250989558539292        61.124960836138975       0.22772881248369084        21.178779560983248        114.49129289069312        91.991524625360185              289          66
 ../750_seed.dataconnected         109  0.16159333081608684       0.62330709974824072        17.613673058953466        67.940473872558243       0.19470873585635246        21.223252208342419        158.34435860164703        145.41450821470536              302          17
 ../751_seed.dataconnected         155  0.16053309786767275       0.61008385967665346        24.882630169489278        94.562998249881289       0.20688119484763190        32.066585201382942        169.21052832711825        161.43565513748220              314          30
 ../752_seed.dataconnected         134  0.16899750578170084       0.64286082713961212        22.645665774747911        86.143350836708024       0.21074102448682858        28.239297281235029        143.05303770885146        131.14264857554895              258          11
 ../753_seed.dataconnected          90  0.19657385687890375       0.70937525416227099        17.691647119101336        63.843772874604390       0.24852092434943673        22.366883191449308        94.869801279990270        71.909491414820806              245          33
 ../754_seed.dataconnected         157  0.16328631528982046       0.60705883727961352        25.635951500501811        95.308237452899320       0.20278830265463918        31.837763516778352        204.57137959332957        228.53534228801101              287          14
 ../755_seed.dataconnected         153  0.17176802934656532       0.66398994446726045        26.280508490024495        101.59046150349084       0.21249795260061527        32.512186747894134        198.00391144209181        222.67152169115937              335          30
 ../756_seed.dataconnected         176  0.16791552385714653       0.62007436489921908        29.553132198857789        109.13308822226256       0.22652448447679813        39.868309267916473        257.42410864965086        299.12935155620988              308          27
 ../757_seed.dataconnected         203  0.19357834217441452       0.73649672565513080        39.296403461406150        149.50883530799155       0.23295389950155135        47.289641598814924        162.39341770221259        175.93503863229267              403          23
 ../758_seed.dataconnected         214  0.16334229677680645       0.61218386386626700        34.955251510236579        131.00734686738113       0.20677160831600766        44.249124179625639        256.29853428284389        286.20346409666308              364          16
 ../759_seed.dataconnected          98  0.14669920732411570       0.52219464512046410        14.376522317763339        51.175075221805479       0.19662029232628833        19.268788647976258        174.55271386489812        158.90753329826691              285          21
 ../760_seed.dataconnected         169  0.14853393265329556       0.57138197678874425        25.102234618406950        96.563554077297781       0.18184086275504321        30.731105805602304        183.00057206295469        194.34265117392599              325          35
 ../761_seed.dataconnected         148  0.15521849179164668       0.60073032685154659        22.972336785163709        88.908088374028893       0.19476635480210486        28.825420510711520        174.89123830876753        173.75966650758158              374          35
 ../762_seed.dataconnected         117  0.16895522598426974       0.63023540724679972        19.767761440159560        73.737542647875571       0.22176164373984181        25.946112317561493        167.00941295543552        163.17340295821393              316          42
 ../763_seed.dataconnected         191  0.16605616056810296       0.64060534711191663        31.716726668507665        122.35562129837608       0.20439050411814139        39.038586286565007        216.39610383326746        209.81471358361262              354          18
 ../764_seed.dataconnected         115  0.16134342358628315       0.61472435047910889        18.554493712422563        70.693300305097523       0.22549945356469886        25.932437159940370        157.39748324052215        154.87791891415748              286          26
 ../765_seed.dataconnected         131  0.13096679255270618       0.48909375741918026        17.156649824404511        64.071282221912611       0.18634158897680636        24.410748155961635        226.95071094374219        229.98405185422232              250          12
 ../766_seed.dataconnected         120  0.16268272900798339       0.59055374183766107        19.521927480958006        70.866449020519326       0.20969065782459625        25.162878938951550        167.22936932987045        151.15760534545379              273          19
 ../767_seed.dataconnected         217  0.18131289041814327       0.68326531776535637        39.344897220737089        148.26857395508233       0.21191066605821238        45.984614534632087        202.86346166592696        232.58430680286648              421          25
 ../768_seed.dataconnected         142  0.16700171306816861       0.63205939537570255        23.714243255679943        89.752434143349760       0.22043861108584253        31.302282774189639        182.58198188360655        183.75858294835533              283          11
 ../769_seed.dataconnected          87  0.16809722015400472       0.65043122998984482        14.624458153398411        56.587517009116496       0.21679389633506535        18.861068981150684        107.59118237032912        84.903904454351590              255          10
 ../770_seed.dataconnected         189  0.16077248444936659       0.61484109699306544        30.385999560930287        116.20496733168937       0.21031591913521760        39.749708716556128        257.90581315371429        319.62989836544313              364          21
 ../771_seed.dataconnected         162  0.19330278138309098       0.72516882641052749        31.315050584060739        117.47734987850545       0.23007122928578480        37.271539144297137        147.20998892566539        149.34324876529666              343          35
 ../772_seed.dataconnected          90  0.17999905450098325       0.67995404826164618        16.199914905088491        61.195864343548159       0.24687913153413119        22.219121838071807        151.42588927084017        135.62261554039841              276          19
 ../773_seed.dataconnected         117  0.14808509394802913       0.56239421095943243        17.325955991919407        65.800122682253601       0.19791354935521360        23.155885274559992        135.62603383980806        119.36553252663703              303          21
 ../774_seed.dataconnected         140  0.16053178162438544       0.58779213056931623        22.474449427413962        82.290898279704265       0.20403093100294770        28.564330340412678        186.04173809131274        197.25295918000276              426          31
 ../775_seed.dataconnected         161  0.15377825938036618       0.60349572860999490        24.758299760238955        97.162812306209176       0.19716692095284916        31.743874273408714        163.24837413456206        165.13039383533064              309          19
 ../776_seed.dataconnected         152  0.13079972874738086       0.52536582501415652        19.881558769601892        79.855605402151795       0.16728491559473610        25.427307170399889        203.74911267063575        211.46997705285548              280          12
 ../777_seed.dataconnected         134  0.17787192375506852       0.69112371836174402        23.834837783179182        92.610578260473702       0.22816265061326055        30.573795182176912        154.70131655967100        148.27384056810308              270          14
 ../778_seed.dataconnected         200  0.13147526967847201       0.52144108027709601        26.295053935694401        104.28821605541920       0.16576205277530232        33.152410555060463        256.64882363138838        312.84623568544481              310          13
 ../779_seed.dataconnected          69  0.15399066907192283       0.59775454005482032        10.625356165962675        41.245063263782605       0.23231679053316090        16.029858546788102        115.98165720674551        92.992034248721538              235          17
 ../780_seed.dataconnected         182  0.16420880097452559       0.60964299194675164        29.886001777363656        110.95502453430881       0.21120911542834556        38.440059007958894        255.92717198380407        304.81132817085580              324          10
 ../781_seed.dataconnected         154  0.18881333455768134       0.70728238482599670        29.077253521882927        108.92148726320349       0.24557745161787956        37.818927549153450        153.32353850291901        152.95818417985043              284          17
 ../782_seed.dataconnected         109  0.14976355867834740       0.56674468877057149        16.324227895939867        61.775171075992290       0.19312160450540147        21.050254891088759        151.18764963557103        136.38369574835326              253          24
 ../783_seed.dataconnected         184  0.18627916027699001       0.71505121996371135        34.275365490966159        131.56942447332290       0.23068377480357682        42.445814563858136        195.81861846240022        210.63109661132185              326          28
 ../784_seed.dataconnected         131  0.14807807861684522       0.54546131445321544        19.398228298806725        71.455432193371223       0.20046465253032006        26.260869481471929        180.48700789080721        178.12502042726973              300          16
 ../785_seed.dataconnected         174  0.16647482638506636       0.64478249338982818        28.966619791001548        112.19215384983011       0.21197108440331386        36.882968686176611        195.40915688102677        204.90934258793487              333          16
 ../786_seed.dataconnected         181  0.17194289808211657       0.64467507218520181        31.121664552863098        116.68618806552153       0.21875857705187460        39.595302446389304        216.53619104101713        235.91893525467893              334          32
 ../787_seed.dataconnected         123  0.16070845035164921       0.60067041197741156        19.767139393252855        73.882460673221615       0.21861307548276146        26.889408284379659        185.19101287296320        184.13218230550027              260          19
 ../788_seed.dataconnected         182  0.18188708874029896       0.68991796712781384        33.103450150734410        125.56507001726212       0.23026362078273030        41.907978982456918        221.28849842858429        252.84562351496075              301          11
 ../789_seed.dataconnected         151  0.13101117197464848       0.50423612135006401        19.782686968171920        76.139654323859659       0.17421516649582436        26.306490140869478        239.32640957064785        279.49181351776934              288          27
 ../790_seed.dataconnected         104  0.16477852164624221       0.60739312272929757        17.136966251209191        63.168884763846947       0.21418763289246950        22.275513820816830        134.19760421426412        119.01038453930725              264          17
 ../791_seed.dataconnected         142  0.19063258849989170       0.71465291652573237        27.069827566984621        101.48071414665399       0.24150720183204863        34.294022660150908        165.41942189611169        168.92908503512854              273          12
 ../792_seed.dataconnected         151  0.12529689705073280       0.48955854218925832        18.919831454660653        73.923339870578005       0.16113895336757947        24.331981958504500        204.93301738497553        219.37587832773465              340          23
 ../793_seed.dataconnected         171  0.16362556731963745       0.62439597800134361        27.979972011658006        106.77171223822975       0.21440283179089201        36.662884236242533        192.76246640258609        210.48585511225863              325          16
 ../794_seed.dataconnected          50  0.12340312300131367       0.44958148656359703        6.1701561500656839        22.479074328179852       0.22947422795747283        11.473711397873641        114.39237901439105        89.267153496949135              215          23
 ../795_seed.dataconnected         175  0.19070176687250659       0.71962985291217041        33.372809202688650        125.93522425962982       0.22744338829855315        39.802592952246805        165.35864458759593        171.87774685156526              282          16
 ../796_seed.dataconnected         110  0.16149223760962872       0.60728820868813160        17.764146137059161        66.801702955694481       0.20022959319764871        22.025255251741360        158.74024618316864        151.14627858215601              284          22
 ../797_seed.dataconnected         170  0.15722540808855454       0.57869269449248295        26.728319375054269        98.377758063722098       0.21058504682582313        35.799457960389930        270.84142957661390        302.41650668324786              289          24
 ../798_seed.dataconnected          78  0.20363044025292654       0.74451916066119894        15.883174339728271        58.072494531573518       0.25691134416309380        20.039084844721316        86.089277545324364        62.483743522207320              265          49
 ../799_seed.dataconnected         116  0.19844677470310804       0.73166122633132535        23.019825865560531        84.872702254433747       0.24228050763237474        28.104538885355471        124.40612252514664        111.58931519207532              238          10
 ../800_seed.dataconnected         182  0.17888768274882808       0.67958411124260698        32.557558260286712        123.68430824615447       0.22718996197360569        41.348573079196235        198.19820566962622        220.40336056656693              341          23
 ../801_seed.dataconnected         132  0.16855565020600577       0.62427670849686145        22.249345827192762        82.404525521585711       0.22943046436904418        30.284821296713833        194.11672234411833        202.14855109714981              300          15
 ../802_seed.dataconnected         157  0.17097163138914442       0.65633172266069517        26.842546128095673        103.04408045772914       0.21893846094521305        34.373338368398450        179.05405617383005        183.04663991853332              305          22
 ../803_seed.dataconnected         157  0.15293075058919267       0.58286495968448482        24.010127842503248        91.509798670464122       0.19531994181628640        30.665230865156964        185.54530424187769        194.81300807081217              343          13
 ../804_seed.dataconnected         119  0.16423593400952455       0.62288462824623436        19.544076147133421        74.123270761301896       0.21243871297073685        25.280206843517686        181.46192738822430        179.10723073338832              306          24
 ../805_seed.dataconnected          82  0.13450821284228529       0.50558431863488440        11.029673453067394        41.457914128060523       0.20966712112533120        17.192703932277158        179.20147453022744        141.07018227809510              241          47
 ../806_seed.dataconnected         111  0.18262339946730335       0.69758605825958320        20.271197340870671        77.432052466813730       0.22421600785206944        24.887976871579706        126.82143098081258        106.85036319061577              263          47
 ../807_seed.dataconnected          58  0.17816647011719125       0.67658464101401317        10.333655266797093        39.241909178812762       0.22526241676747272        13.065220172513417        74.450607662304265        48.235498306623583              251          24
 ../808_seed.dataconnected         142  0.13398310295476978       0.50661109245369673        19.025600619577311        71.938775128424936       0.17497989846010856        24.847145581335415        191.20707931635144        197.94914261187881              293          15
 ../809_seed.dataconnected          99  0.16892351490611449       0.63904236142340376        16.723427975705334        63.265193780916974       0.22731377907235334        22.504064128162980        128.22653704819612        113.15434646522743              320          58
 ../810_seed.dataconnected         184  0.17542405169490843       0.67330316889213171        32.278025511863149        123.88778307615223       0.22356922608453206        41.136737599553896        229.93203024923193        259.03905181932612              349          35
 ../811_seed.dataconnected         170  0.20023875000470387       0.71852892090547060        34.040587500799660        122.14991655393000       0.23449281813409245        39.863779082795716        156.78081737210505        156.35623817781155              291          35
 ../812_seed.dataconnected          92  0.15865215952618647       0.62607019193961810        14.595998676409156        57.598457658444865       0.21129355344474102        19.439006916916174        141.88542721258000        121.98828868994430              234          18
 ../813_seed.dataconnected         185  0.16129812650065845       0.60286884862489676        29.840153402621812        111.53073699560591       0.20364049138655108        37.673490906511951        206.62954627343134        214.44927287164862              374          17
 ../814_seed.dataconnected          66  0.14624701828494144       0.58780226625216270        9.6523032068061347        38.794949572642736       0.21133638817498043        13.948201619548708        92.530344043072418        64.332846584313728              280          44
 ../815_seed.dataconnected         114  0.18707661849416615       0.71784933731843426        21.326734508334940        81.834824454301511       0.22671670560726834        25.845704439228591        120.40486912858547        105.00306235058103              237          23
 ../816_seed.dataconnected          84  0.15717088731645787       0.59020672159639420        13.202354534582462        49.577364614097114       0.20340639484683143        17.086137167133842        135.16376779416004        113.47804962180214              248          19
 ../817_seed.dataconnected         167  0.15744779468928863       0.60487748800390095        26.293781713111201        101.01454049665146       0.20044461811605457        33.474251225381117        208.46982800291232        232.80453126536165              297          15
 ../818_seed.dataconnected         142  0.18386444869811097       0.69181646466473712        26.108751715131756        98.237937982392666       0.23618527790643656        33.538309462713990        169.67038777525300        171.25174265154962              346          38
 ../819_seed.dataconnected         183  0.16942426038113548       0.63829371587614381        31.004639649747791        116.80775000533431       0.20458278475678712        37.438649610492043        214.93597386902428        242.72024584736985              328          19
 ../820_seed.dataconnected         128  0.15304508350081203       0.58788426203324418        19.589770688103940        75.249185540255255       0.20647108540287507        26.428298931568008        199.89272978735045        180.24933681571554              341          33
 ../821_seed.dataconnected         122  0.17425774295391713       0.65295768508891372        21.259444640377890        79.660837580847470       0.22745557029994704        27.749579576593540        135.75967064699779        121.53174138806429              319          18
 ../822_seed.dataconnected         149  0.16827402974762568       0.64183288173349606        25.072830432396227        95.633099378290908       0.21060694676357686        31.380435067772950        205.46603094966528        221.15317992260637              304          22
 ../823_seed.dataconnected         101  0.17206091205525850       0.64763688090148142        17.378152117581109        65.411324971049623       0.23502963333982285        23.737992967322107        118.45752051990145        104.37684315650938              261          14
 ../824_seed.dataconnected         114  0.17427660895221872       0.64700963788511523        19.867533420552935        73.759098718903132       0.20959258675926670        23.893554890556405        113.47145780879295        96.895629242169022              211           9
 ../825_seed.dataconnected          95  0.17817175476297464       0.62728234229809310        16.926316702482591        59.591822518318843       0.24410332737900917        23.189816101005871        171.82062101568243        161.16813629129359              259          13
 ../826_seed.dataconnected          71  0.13769338309420256       0.48754600529428888        9.7762301996883814        34.615766375894509       0.20989105850889764        14.902265154131733        132.32967482804307        103.09633186936625              206          17
 ../827_seed.dataconnected         149  0.14714358975259023       0.56157503370416662        21.924394873135945        83.674680021920821       0.21151515607746310        31.515758255542003        254.72125387413675        292.93326376319220              288          24
 ../828_seed.dataconnected         132  0.17271322251562993       0.65371412991718481        22.798145372063150        86.290265149068389       0.21644006562056889        28.570088661915094        151.56993179509294        145.33921786214646              314          26
 ../829_seed.dataconnected         125  0.18100023556853745       0.67646533984350388        22.625029446067181        84.558167480437987       0.22108909824591491        27.636137280739362        189.54218922252005        178.45057117052698              252          18
 ../830_seed.dataconnected         119  0.18536145077146787       0.70162054033658305        22.058012641804677        83.492844300053378       0.23813310406657132        28.337839383921988        125.70854700436705        106.75260709998598              272          13
 ../831_seed.dataconnected         150  0.18039330680925514       0.71329336208071092        27.058996021388271        106.99400431210664       0.22328985608421581        33.493478412632371        141.95284954978521        138.65659552012724              340          20
 ../832_seed.dataconnected         149  0.15309068539796028       0.59182222981373855        22.810512124296082        88.181512242247038       0.20319013028750194        30.275329412837788        208.69577584304329        223.08801182548567              256           9
 ../833_seed.dataconnected         166  0.17696003524298001       0.67388480294283104        29.375365850334681        111.86487728850996       0.23007787923570203        38.192927953126535        181.30236562905219        186.30388745745182              300          21
 ../834_seed.dataconnected         191  0.17345673638429943       0.67685297302145342        33.130236649401191        129.27891784709760       0.21696976801784851        41.441225691409066        225.82868261513164        254.79081333736934              326          10
 ../835_seed.dataconnected         175  0.16717858211837977       0.64122932197121252        29.256251870716461        112.21513134496219       0.21198728372478781        37.097774651837867        201.09102234710062        216.96638427100328              321           8
 ../836_seed.dataconnected         143  0.15261979560244437       0.57950361715208121        21.824630771149547        82.869017252747611       0.19353634448571463        27.675697261457191        192.12599678447435        196.35250561315527              246          19
 ../837_seed.dataconnected         137  0.17982021375742152       0.66124080830646137        24.635369284766750        90.589990737985204       0.24174144201214454        33.118577555663805        168.48093998640212        170.77517600740532              329          22
 ../838_seed.dataconnected         111  0.15102922900144888       0.55300657473234982        16.764244419160825        61.383729795290833       0.20728443098336119        23.008571839153092        169.72598074539940        152.09237365262948              291          22
 ../839_seed.dataconnected         175  0.16030351917236740       0.59883540588966644        28.053115855164297        104.79619603069163       0.21635934613423405        37.862885573490956        241.31995352357887        284.20709434644533              285          13
 ../840_seed.dataconnected         171  0.19127515364352485       0.71532785668242038        32.708051273042749        122.32106349269388       0.23261083236747190        39.776452334837693        176.07688610894832        180.52403778079517              380          24
 ../841_seed.dataconnected          70  0.15580047158108365       0.60444415303294674        10.906033010675856        42.311090712306274       0.22640780555502502        15.848546388851751        146.24183997618223        121.71427822945648              218          10
 ../842_seed.dataconnected         161  0.19895507017949693       0.73967107369947283        32.031766298899008        119.08704286561513       0.24096460798196626        38.795301885096571        149.24064322503105        143.97466253656407              369          40
 ../843_seed.dataconnected         105  0.15234669380798221       0.56849119444445317        15.996402849838132        59.691575416667582       0.19305700729347927        20.270985765815322        141.01218571364979        126.81530409170891              253          17
 ../844_seed.dataconnected         106  0.17110798467989782       0.66317556772961195        18.137446376069168        70.296610179338870       0.21467766959965207        22.755832977563120        135.78980134261676        114.23158789805417              208          11
 ../845_seed.dataconnected         113  0.20159716698231381       0.75268985221038287        22.780479869001461        85.053953299773269       0.25702177776807017        29.043460887791930        122.02042300565479        103.53987286271139              274          28
 ../846_seed.dataconnected         149  0.16567874980908820       0.63949293511914063        24.686133721554143        95.284447332751952       0.21879687571268874        32.600734481190621        182.81344112078298        183.34966991949204              243          10
 ../847_seed.dataconnected         130  0.17269434962068436       0.65460429914634988        22.450265450688967        85.098558889025483       0.22195486678447007        28.854132681981110        165.98723128356369        153.75806229871870              272          16
 ../848_seed.dataconnected         101  0.16259154861301695       0.63827484456162042        16.421746409914711        64.465759300723661       0.20786833991449649        20.994702331364145        130.63144528833323        105.05562626292273              223          14
 ../849_seed.dataconnected          66  0.15595667701813540       0.59063328880269250        10.293140683196937        38.981797060977705       0.22629801879947756        14.935669240765518        108.41906775015732        85.830481010118476              258          21
 ../850_seed.dataconnected         192  0.16791901360761866       0.65501371899119931        32.240450612662784        125.76263404631027       0.20897256583211321        40.122732639765736        202.14835759511311        219.98462357835103              292          13
 ../851_seed.dataconnected         156  0.16838944153041543       0.65217044889795206        26.268752878744809        101.73859002808052       0.22168424527650593        34.582742263134925        207.82914055334709        229.25889181382908              280          31
 ../852_seed.dataconnected         124  0.13318064062991197       0.50008728716148465        16.514399438109084        62.010823608024097       0.16179658504693964        20.062776545820515        153.95318380440952        142.05238007124888              258          15
 ../853_seed.dataconnected         162  0.17974915567787922       0.67954792444547285        29.119363219816435        110.08676376016660       0.23579947807867987        38.199515448746141        172.18686031299296        169.32856626302018              302          10
 ../854_seed.dataconnected         181  0.16094200519836444       0.58890544108485543        29.130502940903963        106.59188483635883       0.21082581194850475        38.159471962679362        275.51674699464280        324.77224775631305              282           9
 ../855_seed.dataconnected         144  0.17428340699723655       0.66226747398406904        25.096810607602063        95.366516253705939       0.21241179016410919        30.587297783631723        153.26078815096508        155.72041816673911              273          12
 ../856_seed.dataconnected         100  0.14667291294268323       0.55703526653528646        14.667291294268322        55.703526653528648       0.21623770956464736        21.623770956464735        196.46613841924662        181.40153220241402              272          15
 ../857_seed.dataconnected         199  0.17880336655569901       0.69222382640237623        35.581869944584099        137.75254145407288       0.22443432527797408        44.662430730316842        204.10150010144858        229.12202367686334              290          11
 ../858_seed.dataconnected         150  0.16224332126446789       0.61594486485671029        24.336498189670184        92.391729728506547       0.20680845732828737        31.021268599243104        188.08095719352070        204.16663636444397              285          12
 ../859_seed.dataconnected         157  0.18549547009158643       0.71878145653406145        29.122788804379070        112.84868867584764       0.22134011061803871        34.750397367032079        169.17409797006582        170.38179942323382              274          15
 ../860_seed.dataconnected         108  0.19619287332979857       0.73502038954911519        21.188830319618244        79.382202071304448       0.25155098128313330        27.167505978578397        114.92081812016924        98.218257320176690              256          11
 ../861_seed.dataconnected          82  0.13407693352232869       0.52830703160710735        10.994308548830952        43.321176591782802       0.19757960603772734        16.201527695093642        167.10556696280463        162.25974516229903              264          21
 ../862_seed.dataconnected         103  0.16692034379014370       0.63160032262008103        17.192795410384800        65.054833229868350       0.21488057325396445        22.132699045158340        172.45210355620094        148.41890688680715              304          23
 ../863_seed.dataconnected         156  0.11530631710656616       0.43135821641418748        17.987785468624320        67.291881760613251       0.17433329003077278        27.195993244800555        306.11210471435317        386.10689710896207              274          13
 ../864_seed.dataconnected         186  0.17233919049087887       0.67015272512071522        32.055089431303472        124.64840687245304       0.21259352726132075        39.542396070605662        230.02383285182825        266.58284110780443              309          16
 ../865_seed.dataconnected          38  0.18055147940733984       0.67119518460974692        6.8609562174789138        25.505417015170384       0.25679606849935488        9.7582506029754850        53.322651625319672        26.607696975554973              344          32
 ../866_seed.dataconnected         131  0.19413928439651043       0.71116445606301337        25.432246255942868        93.162543744254748       0.24585001499001047        32.206351963691368        191.54707594100552        189.68794197130308              259          17
 ../867_seed.dataconnected         150  0.16560032791691354       0.64519559089151368        24.840049187537030        96.779338633727050       0.21958953390172117        32.938430085258176        175.24625416530799        176.40201733909075              280          22
 ../868_seed.dataconnected         126  0.16457053329322877       0.62045719231533369        20.735887194946823        78.177606231732042       0.21559311648167684        27.164732676691283        129.95282755517900        113.48009872909427              270          16
 ../869_seed.dataconnected         161  0.17251608215453554       0.64892402587944586        27.775089226880223        104.47676816659079       0.22356975486475694        35.994730533225869        192.52315231269094        202.97080703005398              362          25
 ../870_seed.dataconnected         144  0.18687072999007584       0.68288718964127015        26.909385118570921        98.335755308342897       0.23661851448098575        34.073066085261949        164.52279099168118        168.68559708231439              236          12
 ../871_seed.dataconnected         107  0.15875536892770667       0.62376859052021227        16.986824475264612        66.743239185662716       0.20402472739559499        21.830645831328663        148.61602366265669        139.12173042427258              265          22
 ../872_seed.dataconnected          73  0.14512100983805798       0.55931496283667959        10.593833718178232        40.829992287077609       0.19984096175708066        14.588390208266889        110.98153503514008        88.237894064516553              245          26
 ../873_seed.dataconnected         150  0.18296978428034433       0.65700642693353317        27.445467642051650        98.550964040029982       0.22911297028535049        34.366945542802576        172.03718323514252        174.48636187797791              285          21
 ../874_seed.dataconnected         129  0.16147143024645902       0.60681189904772426        20.829814501793212        78.278734977156432       0.22273602086541927        28.732946691639086        181.60324953308555        177.93021914729982              264          23
 ../875_seed.dataconnected         191  0.16580460952447962       0.62591964886580953        31.668680419175608        119.55065293336962       0.20862797157480151        39.847942570787090        201.47032653359454        236.91978223195630              357          11
 ../876_seed.dataconnected         110  0.12433724606614659       0.46320946446194300        13.677097067276124        50.953041090813727       0.16844815460871074        18.529297006958181        219.99501309980019        210.86667125417324              300          19
 ../877_seed.dataconnected         191  0.15225138927262560       0.58500377025546990        29.080015351071491        111.73572011879475       0.19286601942722548        36.837409710600063        199.91426076501051        222.45223819831116              364          20
 ../878_seed.dataconnected         166  0.17731353970740973       0.69886023252556839        29.434047591430016        116.01079859924435       0.21668095055251280        35.969037791717128        155.21413990699793        153.15481843142004              355          18
 ../879_seed.dataconnected         164  0.17434708988908715       0.65783686879575087        28.592922741810291        107.88524648250315       0.22399837985428481        36.735734296102706        168.69543297089587        177.01796676979313              313          14
 ../880_seed.dataconnected         112  0.15157549937847450       0.57035754993045973        16.976455930389143        63.880045592211488       0.20369759048586233        22.814130134416580        148.82697416296739        134.43583390883433              234          10
 ../881_seed.dataconnected         154  0.16302864482091356       0.64217227751673123        25.106411302420689        98.894530737576602       0.20169910017241677        31.061661426552181        176.95235098354900        179.54165315777379              328          23
 ../882_seed.dataconnected         111  0.15774985528391339       0.60235406873266695        17.510233936514386        66.861301629326036       0.20964014799846700        23.270056427829836        143.88820055624845        127.86187872056998              237          17
 ../883_seed.dataconnected         157  0.12509660766984376       0.48212470663430979        19.640167404165471        75.693578941586637       0.16384398152319044        25.723505099140898        225.98594008155149        262.11476144279044              290          16
 ../884_seed.dataconnected         210  0.17107008495865475       0.65989724564374275        35.924717841317495        138.57842158518596       0.21021293332927762        44.144715999148303        194.15951619912940        214.72677704845177              311          10
 ../885_seed.dataconnected         129  0.18140053316694218       0.67995455979772823        23.400668778535543        87.714138213906935       0.23618436735772408        30.467783389146405        154.90784291166750        148.54260035131713              272          28
 ../886_seed.dataconnected         141  0.17315896945078516       0.65430573962393979        24.415414692560706        92.257109286975506       0.21550231645829585        30.385826620619714        152.10404589685604        146.77799677281143              294          24
 ../887_seed.dataconnected         172  0.14189578606499312       0.55301303088706955        24.406075203178816        95.118241312575961       0.18483922307372028        31.792346368679887        200.76624528082314        226.10693980796151              360          28
 ../888_seed.dataconnected          27  0.13197174865910952       0.49708286752988984        3.5632372137959569        13.421237423307026       0.20807299125633916        5.6179707639211571        45.473175252200498        18.361923825218621              227          24
 ../889_seed.dataconnected         156  0.13731244152024782       0.54905069526792782        21.420740877158661        85.651908461796737       0.17056400123186424        26.607984192170822        198.38343252920041        206.90084125034235              283          10
 ../890_seed.dataconnected         179  0.19027515247826762       0.71824071126680211        34.059252293609902        128.56508731675757       0.22797189225829018        40.806968714233939        206.49438220403545        238.78220342940003              349          21
 ../891_seed.dataconnected         113  0.16378630735277999       0.63241904098672885        18.507852730864141        71.463351631500359       0.20804094227580933        23.508626477166455        179.65344069687416        168.59830976115242              269          16
 ../892_seed.dataconnected          75  0.16664012326673153       0.62695569889532921        12.498009245004864        47.021677417149689       0.22905084926879504        17.178813695159629        113.85325749053160        89.718063156105387              215          18
 ../893_seed.dataconnected         132  0.18443951059493319       0.71056411642849515        24.346015398531179        93.794463368561367       0.22981821185988963        30.336003965505430        153.50816128989467        144.44685050661727              282          15
 ../894_seed.dataconnected         149  0.15860463091795363       0.59780033371974972        23.632090006775091        89.072249724242710       0.21149921948158992        31.513383702756897        264.50368989588355        262.75431302336438              279          17
 ../895_seed.dataconnected          90  0.15346274783851585       0.58422223400861228        13.811647305466426        52.580001060775103       0.19458357646897681        17.512521882207913        116.95875013246135        94.941274724974988              259          15
 ../896_seed.dataconnected         104  0.16105606328144062       0.62351371225559671        16.749830581269826        64.845426074582065       0.20767725424498484        21.598434441478425        136.57326597442113        124.54188737623272              233           8
 ../897_seed.dataconnected          69  0.18318313803541886       0.71119236739636060        12.639636524443901        49.072273350348880       0.24665595783829641        17.019261090842452        80.898565512441536        55.245040362741904              268          27
 ../898_seed.dataconnected          57  0.16703092225712587       0.59138279061853039        9.5207625686561741        33.708819065256229       0.23726952330617107        13.524362828451752        77.837704233287397        48.358194259975498              276          41
 ../899_seed.dataconnected         127  0.17818770868430561       0.67989102224431530        22.629839002906813        86.346159825028039       0.23505510254062892        29.851998022659874        148.96483745733079        141.07225295326180              269          10
 ../900_seed.dataconnected         102  0.17815119715063618       0.67463648497863304        18.171422109364890        68.812921467820573       0.21379309074852551        21.806895256349602        118.39423303894536        93.911548410592488              272          31
 ../901_seed.dataconnected         118  0.18183092338301970       0.66932925834699952        21.456048959196327        78.980852484945942       0.21914621643733440        25.859253539605458        136.27386638895706        118.80002814879433              243          12
 ../902_seed.dataconnected         119  0.14510164051094171       0.52449413532674860        17.267095220802062        62.414802103883083       0.19252898424032105        22.910949124598204        224.57778144500881        234.64973637602378              255          28
 ../903_seed.dataconnected         155  0.17413761066616110       0.67920020236239098        26.991329653254969        105.27603136617060       0.21028864822155482        32.594740474340995        150.30231258578144        148.42257831402839              293          16
 ../904_seed.dataconnected         128  0.19055410549813817       0.70661359050886619        24.390925503761686        90.446539585134872       0.24802493356702260        31.747191496578893        163.48998003188024        163.76454723397256              304          47
 ../905_seed.dataconnected         166  0.16802182499767732       0.63658540445607503        27.891622949614433        105.67317713970846       0.22158843226267189        36.783679755603536        193.19979446979326        210.85701679627132              276          12
 ../906_seed.dataconnected         171  0.18059810972293586       0.69104672499947895        30.882276762622030        118.16898997491090       0.21538173629382432        36.830276906243959        157.07497876720640        157.20001444111946              344          26
 ../907_seed.dataconnected         187  0.19512802325261139       0.75813507505217748        36.488940348238330        141.77125903475718       0.23802884188148746        44.511393431838151        165.12538122468015        177.52870331917137              332          18
 ../908_seed.dataconnected          85  0.19738361556456632       0.76465544566270904        16.777607322988139        64.995712881330263       0.23847049853477778        20.269992375456113        82.453192369082700        60.217103270005452              308          28
 ../909_seed.dataconnected         117  0.18677673489992372       0.71860877295401848        21.852877983291076        84.077226435620162       0.23687883774534424        27.714824016205277        141.08932602751545        125.96138153919175              278          15
 ../910_seed.dataconnected         142  0.18344812866970547       0.68578359114035448        26.049634271098178        97.381269941930341       0.23400619975653922        33.228880365428566        149.77192655691508        149.79275249450623              283          17
 ../911_seed.dataconnected         103  0.14264658540849373       0.54444391885937526        14.692598297074854        56.077723642515650       0.20244352545936661        20.851683122314761        159.10635234394977        143.11333023764317              297          27
 ../912_seed.dataconnected         172  0.18747288724873662       0.70406743834217256        32.245336606782701        121.09959939485368       0.23556543486990816        40.517254797624204        169.89558116050861        181.83439414049474              271          13
 ../913_seed.dataconnected         204  0.18016737334943478       0.69078815636966073        36.754144163284693        140.92078389941079       0.22619183440785104        46.143134219201613        219.39888617224119        243.14158449882157              332          19
 ../914_seed.dataconnected         192  0.18052266612936047       0.69902030951314587        34.660351896837213        134.21189942652401       0.21413038345200669        41.113033622785281        177.70866138533677        193.96833989000118              368          23
 ../915_seed.dataconnected         123  0.18012681521835688       0.66364847983976238        22.155598271857897        81.628763020290776       0.23353855049925448        28.725241711408302        157.17214899125096        145.81543606254240              268          18
 ../916_seed.dataconnected         101  0.16324193455090072       0.63114447464717316        16.487435389640972        63.745591939364488       0.22597499051913122        22.823474042432252        150.11535985360220        136.03292405398696              215           7
 ../917_seed.dataconnected         130  0.16327280932044205       0.62241000225037091        21.225465211657468        80.913300292548215       0.21090873938300320        27.418136119790415        152.08939211171270        135.78097711648400              271          13
 ../918_seed.dataconnected         146  0.18129176708867814       0.68317962677447697        26.468597994947007        99.744225509073644       0.21974982863103185        32.083474980130653        171.49698601353404        171.64217053406745              261          13
 ../919_seed.dataconnected         115  0.19340061723479976       0.74970054182675672        22.241070982001972        86.215562310077019       0.23850455730826370        27.428024090450325        109.88451174394059        94.010786996561180              324          17
 ../920_seed.dataconnected         135  0.13767686550217509       0.52768302590708660        18.586376842793637        71.237208497456692       0.20148474176937237        27.200440138865268        209.69183311954751        218.32491088051924              284          17
 ../921_seed.dataconnected         127  0.16588857814667321       0.63744014219799661        21.067849424627497        80.954898059145563       0.21099258301859164        26.796058043361139        185.98789240740891        189.32633563630296              275          14
 ../922_seed.dataconnected         130  0.17680917105967053       0.68362785917692581        22.985192237757168        88.871621693000350       0.22340949681129144        29.043234585467886        162.23249136464435        157.06433359580620              258          15
 ../923_seed.dataconnected         140  0.17084089277748310       0.62452931075927887        23.917724988847635        87.434103506299039       0.22243987933731732        31.141583107224424        170.25429964664806        176.06920345950817              270          20
 ../924_seed.dataconnected          99  0.17802363151993691       0.66481979482332387        17.624339520473754        65.817159687509061       0.25752387880670302        25.494864001863601        134.31581200044994        116.80135832366140              297          23
 ../925_seed.dataconnected         110  0.16762995571928474       0.64041317994394698        18.439295129121323        70.445449793834172       0.21162378847430699        23.278616732173770        150.96538390314851        136.59306591298451              217          23
 ../926_seed.dataconnected         172  0.17594328576908341       0.67504078783433796        30.262245152282347        116.10701550750613       0.21822194798862166        37.534175054042926        172.31445283519383        179.02244087622537              305           9
 ../927_seed.dataconnected         141  0.16706913508031576       0.64094887839848214        23.556748046324522        90.373791854185981       0.21260278258268284        29.976992344158280        200.05466905425550        199.95746574316112              287          30
 ../928_seed.dataconnected          31  0.17378497164062950       0.66441919064707844        5.3873341208595145        20.596994910059433       0.26318652420945371        8.1587822504930649        61.152976801324449        29.952376613409431              216          15
 ../929_seed.dataconnected         109  0.15873992439320192       0.58839039245520497        17.302651758859010        64.134552777617344       0.20597936032110511        22.451750275000457        174.23842398594124        176.10520792028618              261          19
 ../930_seed.dataconnected         137  0.16201728192942000       0.61744611472532851        22.196367624330541        84.590117717370006       0.20677553248013913        28.328247949779062        155.81170604008844        149.82818974204852              284          16
 ../931_seed.dataconnected         158  0.16493169791485046       0.62387603017349658        26.059208270546375        98.572412767412459       0.20684426359887223        32.681393648621814        186.72960862381282        198.53500745827486              265          16
 ../932_seed.dataconnected         173  0.16442349955341459       0.65409309939643046        28.445265422740725        113.15810619558246       0.21656898645451439        37.466434656630987        208.19595847071380        234.23294368210819              313          19
 ../933_seed.dataconnected         201  0.16749744592969223       0.63718939557911169        33.666986631868141        128.07506851140144       0.22234427552071934        44.691199379664589        231.69464692881181        270.54834118165542              322          10
 ../934_seed.dataconnected         185  0.16379658296790475       0.62718730651776355        30.302367849062378        116.02965170578626       0.21066034987461799        38.972164726804330        193.98089465654061        214.77600652283465              332          19
 ../935_seed.dataconnected         132  0.15443354760943676       0.57259121179464678        20.385228284445652        75.582039956893368       0.21459552867989817        28.326609785746559        192.33315954349604        190.29584893499779              267          20
 ../936_seed.dataconnected         118  0.17836943756512708       0.69801389358118970        21.047593632684993        82.365639442580388       0.22334213806645148        26.354372291841276        118.82279477535602        103.76105856280152              247          18
 ../937_seed.dataconnected         121  0.16501291128154802       0.62256701985645324        19.966562265067310        75.330609402630841       0.20619642739149360        24.949767714370726        185.49745964561799        176.57603063016353              287          30
 ../938_seed.dataconnected         138  0.17831977559026249       0.65364798843153171        24.608129031456222        90.203422403551372       0.22511646321612799        31.066071923825664        170.19711517258867        168.87573806354942              266          13
 ../939_seed.dataconnected         157  0.15292842681541322       0.57212327775899474        24.009763010019874        89.823354608162177       0.18309459357191157        28.745851190790116        150.14479520818665        148.67109185207815              261           6
 ../940_seed.dataconnected         116  0.17235620263227280       0.62755144061250590        19.993319505343646        72.795967111050686       0.23041314102747618        26.727924359187238        162.69427765022942        152.03633823468027              224          10
 ../941_seed.dataconnected          97  0.12491969996439879       0.49619910773668757        12.117210896546682        48.131313450458691       0.17040180128961083        16.528974725092251        170.25010272313716        167.13181580238538              274          18
 ../942_seed.dataconnected         180  0.14301386889179354       0.54775591250849076        25.742496400522839        98.596064251528333       0.17583984465295094        31.651172037531168        195.23827093015657        211.57741940689363              319          13
 ../943_seed.dataconnected         159  0.16108013443072045       0.62975005360532788        25.611741374484552        100.13025852324714       0.20303000419654660        32.281770667250910        233.24374177267040        276.17803217377542              290          18
 ../944_seed.dataconnected         179  0.13433247478607671       0.51487212265725535        24.045512986707731        92.162109955648702       0.17582749301018541        31.473121248823187        230.16909570077891        254.34841164859279              341          10
 ../945_seed.dataconnected         135  0.17563670478405552       0.68614408180145914        23.710955145847496        92.629451043196980       0.22489334080543927        30.360601008734299        143.11919981803044        133.71207712085689              288          18
 ../946_seed.dataconnected         128  0.15229108764264263       0.57386555335121969        19.493259218258256        73.454790828956121       0.20505773682293693        26.247390313335927        162.48074710206274        158.49421282632170              325          19
 ../947_seed.dataconnected         166  0.16281756186357138       0.62290075016359192        27.027715269352850        103.40152452715625       0.21221552655949583        35.227777408876307        224.09753779446783        222.54547811269890              295          16
 ../948_seed.dataconnected         141  0.18526053615441715       0.67694242330420729        26.121735597772819        95.448881685893227       0.23144749840422060        32.634097274995106        144.79827808874379        140.07193028467864              305          26
 ../949_seed.dataconnected         140  0.15990823907037602       0.59418330339711611        22.387153469852642        83.185662475596260       0.21986439403523705        30.781015164933187        202.21053654587402        202.73359674634148              320          18
 ../950_seed.dataconnected         128  0.19072266238708896       0.71356892139785788        24.412500785547387        91.336821938925809       0.23367589270619826        29.910514266393378        127.67413205104197        110.33460096470458              243          19
 ../951_seed.dataconnected         181  0.18971687845138185       0.71147028311300053        34.338754999700114        128.77612124345310       0.22679217138789362        41.049383021208747        151.05237711931935        151.22983597403817              300          15
 ../952_seed.dataconnected          67  0.18272196005611183       0.66515573287036822        12.242371323759492        44.565434102314669       0.25772903095433664        17.267845073940556        92.232250491130713        66.778698602384935              256          21
 ../953_seed.dataconnected         188  0.16857051044541971       0.61680470008416277        31.691255963738904        115.95928361582260       0.21797295703662858        40.978915922886173        216.71774111039966        256.24275808275348              290          11
 ../954_seed.dataconnected         134  0.18507363186309828       0.70722189426968962        24.799866669655170        94.767733832138404       0.23726906176712509        31.794054276794760        164.22919468011023        159.78125697959024              345          25
 ../955_seed.dataconnected         183  0.18102261553586010       0.68682937088324691        33.127138643062402        125.68977487163419       0.23296216193212410        42.632075633578708        214.46273787526007        227.05387072418907              371          12
 ../956_seed.dataconnected          59  0.14045797266116836       0.54334854181481762        8.2870203870089334        32.057563967074238       0.20803962278230415        12.274337744155945        102.20678892384518        75.444523978080994              239          18
 ../957_seed.dataconnected         119  0.15915590523507178       0.59075941297585621        18.939552722973541        70.300370144126887       0.20374532804775367        24.245694037682686        142.34005871274317        128.60480845032683              258          22
 ../958_seed.dataconnected         119  0.16169122150618623       0.61931630741352095        19.241255359236160        73.698640582208995       0.22403090140632084        26.659677267352180        154.70223211956716        142.78911561910175              255           9
 ../959_seed.dataconnected         139  0.11850495738837788       0.45046504283551086        16.472189076984524        62.614640954136007       0.16515352375532269        22.956339801989852        262.26299073629838        303.37558836100180              313          18
 ../960_seed.dataconnected          69  0.18937882273952955       0.72523410451029890        13.067138769027538        50.041153211210627       0.25965015651583950        17.915860799592927        79.848770099854079        54.154359188306742              255          23
 ../961_seed.dataconnected          61  0.16926323060639378       0.65173218935972466        10.325057066990020        39.755663550943204       0.21873128768403088        13.342608548725885        72.293826937756819        47.671108472962800              233          16
 ../962_seed.dataconnected         155  0.18212024194841145       0.67923620921872996        28.228637502003775        105.28161242890314       0.22549790558996000        34.952175366443797        215.11775155878831        233.28223354385713              285          25
 ../963_seed.dataconnected         107  0.13337839847867836       0.51180081648351949        14.271488637218583        54.762687363736589       0.17310190637166631        18.521903981768293        141.54010092573961        129.52918579358683              299          21
 ../964_seed.dataconnected         155  0.16484688073396545       0.64693623603237393        25.551266513764645        100.27511658501795       0.22078674084234531        34.221944830563523        231.25883602313215        250.21965709750779              269           8
 ../965_seed.dataconnected         117  0.19102823121404311       0.72377946769907420        22.350303052043042        84.682197720791677       0.24312521574752405        28.445650242460314        116.98809128225429        100.52201167580125              228          10
 ../966_seed.dataconnected         139  0.15193956976130180       0.55065162809233126        21.119600196820951        76.540576304834048       0.20063827723770256        27.888720536040655        182.66714864441226        189.85541828420114              248          14
 ../967_seed.dataconnected         124  0.17798026277614948       0.68585623970745235        22.069552584242537        85.046173723724095       0.22521219110357055        27.926311696842749        136.12524972787892        124.80555228103495              273          26
 ../968_seed.dataconnected         126  0.18217690743770057       0.68296805471203403        22.954290337150272        86.053974893716287       0.23031378846237610        29.019537346259387        122.27094278191984        110.60783478198458              334          39
 ../969_seed.dataconnected         144  0.17368042070237408       0.63851050969830303        25.009980581141868        91.945513396555640       0.23300821194388238        33.553182519919062        193.49683263082790        212.75128419120807              269          11
 ../970_seed.dataconnected         190  0.15489524265930743       0.58814448312389833        29.430096105268412        111.74745179354068       0.20742290512374753        39.410351973512029        299.28364935405790        398.68256309624724              319          23
 ../971_seed.dataconnected         199  0.19989730675766881       0.73957519872125943        39.779564044776095        147.17546454553062       0.24252556939708061        48.262588310019041        177.04033951082161        194.63458144603271              373          19
 ../972_seed.dataconnected         130  0.18297555384568143       0.65331391341234279        23.786821999938585        84.930808743604558       0.23736034132210709        30.856844371873922        162.30869226508818        163.75222461272821              283          13
 ../973_seed.dataconnected         143  0.18955681106584826       0.72940174783866596        27.106623982416302        104.30444994092923       0.23845517428269838        34.099089922425868        142.56090312934259        138.45259284275889              253          10
 ../974_seed.dataconnected         186  0.16174169030642438       0.63173691114911024        30.083954396994933        117.50306547373451       0.20717792871305360        38.535094740627969        250.19399296422256        292.70390260667324              319          18
 ../975_seed.dataconnected         146  0.16118958488740964       0.59897054367464952        23.533679393561808        87.449699376498828       0.20090738163801414        29.332477719150063        190.26408831428265        193.57411030090080              322          21
 ../976_seed.dataconnected         110  0.18352056057922594       0.70082274793784582        20.187261663714853        77.090502273163040       0.24419000984994615        26.860901083494078        120.46707232284248        105.36910393183655              306          45
 ../977_seed.dataconnected         129  0.18283939335796054       0.69318106042310434        23.586281743176908        89.420356794580456       0.23119190124718128        29.823755260886387        141.49421481673275        133.21299170050096              242           9
 ../978_seed.dataconnected         182  0.14200195626804082       0.54826028485331835        25.844356040783431        99.783371843303939       0.19407541048962687        35.321724709112090        314.38462818379503        412.50475978489590              361          37
 ../979_seed.dataconnected         168  0.15583749790415410       0.59177102899867018        26.180699647897889        99.417532871776586       0.20154967720586253        33.860345770584907        227.90689091655014        244.77808723308542              343          29
 ../980_seed.dataconnected         168  0.18276778602902496       0.72326362201446337        30.704988052876192        121.50828849842985       0.23146943016552352        38.886864267807951        209.91528525007530        231.79701110376044              297          13
 ../981_seed.dataconnected         113  0.15292165834361626       0.58920344576838168        17.280147392828638        66.579989371827125       0.20470382186841654        23.131531871131070        162.37635236385398        135.32733917808974              316          18
 ../982_seed.dataconnected         203  0.20023625711797222       0.75346659905858904        40.647960194948361        152.95371960889358       0.24092766410628313        48.908315813575477        170.14512700612471        179.90721234488853              351          15
 ../983_seed.dataconnected          67  0.15182744837219961       0.57264929934332909        10.172439040937373        38.367503056003052       0.19030166937731707        12.750211848280244        81.161514576599245        55.685451927643285              203          42
 ../984_seed.dataconnected         108  0.13665082880853760       0.52230153891741837        14.758289511322062        56.408566203081186       0.19286478439437493        20.829396714592491        198.32972079742237        194.61230297594614              248          40
 ../985_seed.dataconnected         105  0.16397300985120367       0.64209440255514594        17.217166034376383        67.419912268290318       0.22198561604696820        23.308489684931661        132.77921528529993        109.17517356733171              283          17
 ../986_seed.dataconnected         153  0.18005716881255063       0.66675824241834647        27.548746828320247        102.01401109000702       0.23350198685173301        35.725803988315150        202.25663631979833        209.63597385806179              300          15
 ../987_seed.dataconnected         143  0.17611003393035704       0.66718419312876398        25.183734852041056        95.407339617413243       0.21914623576659692        31.337911714623360        153.50178375022114        143.57367344838599              277          15
 ../988_seed.dataconnected         174  0.19018723760373088       0.71210260950940618        33.092579343049174        123.90585405463668       0.23259164182551259        40.470945677639193        176.25319524760866        182.35780127038424              275          15
 ../989_seed.dataconnected         108  0.17144349714299584       0.66181991628107240        18.515897691443552        71.476550958355816       0.22097335076657679        23.865121882790294        161.86471550672215        144.92147618092810              225           7
 ../990_seed.dataconnected         146  0.17870866917596545       0.67772778132635725        26.091465699690957        98.948256073648153       0.23031042907220975        33.625322644542621        155.40809829882363        148.42089048959161              300          26
 ../991_seed.dataconnected         116  0.16030169139102596       0.62182564436559284        18.594996201359010        72.131774746408766       0.19926720570141382        23.114995861364005        143.55162139631324        124.64326959502095              286          41
 ../992_seed.dataconnected         120  0.14965256587004153       0.56312518475418361        17.958307904404982        67.575022170502038       0.19943919112173306        23.932702934607967        164.94630510560094        155.38047838335495              258           9
 ../993_seed.dataconnected         133  0.16837384799441249       0.62980375630550711        22.393721783256861        83.763899588632441       0.21963427251849707        29.211358244960110        172.70026115231121        169.96210436533420              285          36
 ../994_seed.dataconnected         150  0.16712680108273345       0.62756722966558209        25.069020162410016        94.135084449837308       0.22507385757082954        33.761078635624429        229.70681738558039        270.13221188269728              378          33
 ../995_seed.dataconnected         125  0.18900009660134962       0.72456625620151005        23.625012075168701        90.570782025188763       0.23623223530379103        29.529029412973880        154.12795646176761        133.07458880119364              291          30
 ../996_seed.dataconnected         119  0.15164200134118466       0.57247126934533521        18.045398159600975        68.124081052094894       0.20956185621817947        24.937860889963357        218.33070595233082        208.71674565531225              285          17
 ../997_seed.dataconnected          69  0.16015853093956023       0.60878999793208632        11.050938634829656        42.006509857313958       0.21223904395561902        14.644494032937713        115.29287876888743        87.540136863008939              269          45
 ../998_seed.dataconnected         100  0.19187815553527024       0.73291140653636755        19.187815553527024        73.291140653636759       0.23951488110116773        23.951488110116774        111.36807030987526        87.736055758006231              269          25
 ../999_seed.dataconnected         191  0.16381140867870850       0.63962283722609070        31.287979057633322        122.16796191018332       0.21167103113563329        40.429166946905958        248.26130594047186        293.00904597403013              378          31
 ../1000_seed.dataconnected         104  0.18040240136901853       0.67547709881547457        18.761849742377926        70.249618276809358       0.23785527463547709        24.736948562089619        111.82914499704845        92.185017182131830              273          16
 ../1001_seed.dataconnected         102  0.11112029559941544       0.43593446196946017        11.334270151140375        44.465315120884938       0.14425258392459098        14.713763560308280        188.54578831652969        175.96250661683837              252          17
 ../1002_seed.dataconnected         135  0.17634961346322173       0.68066540735908465        23.807197817534934        91.889829993476425       0.22662772428132849        30.594742777979345        158.18820640999101        156.16726471342832              298          17
 ../1003_seed.dataconnected         122  0.14255416295855619       0.54026757108607482        17.391607880943855        65.912643672501133       0.19817394273412245        24.177221013562939        214.84638377194989        226.64441802644404              301          24
 ../1004_seed.dataconnected         188  0.18498762310308597       0.70903098624182681        34.777673143380163        133.29782541346344       0.23035795182627086        43.307294943338924        192.43150119840641        207.68442857814793              328          13
 ../1005_seed.dataconnected         134  0.16006110940608870       0.60408387383079021        21.448188660415884        80.947239093325891       0.22061555288226503        29.562484086223513        200.80987756786851        212.25046381091775              249          21
 ../1006_seed.dataconnected         134  0.15663728460116530       0.60701626087078908        20.989396136556149        81.340178956685733       0.20048073063799851        26.864417905491802        179.46032976660385        180.59192909775783              280          14
 ../1007_seed.dataconnected         106  0.18379822536659909       0.69204894255540628        19.482611888859505        73.357187910873066       0.22380906920740670        23.723761335985110        118.16798074434102        103.15599737134978              244          29
 ../1008_seed.dataconnected         154  0.15957690289400883       0.60188152874617828        24.574843045677362        92.689755426911461       0.21435480655219546        33.010640209038101        222.24075089327198        237.11108457530742              303          22
 ../1009_seed.dataconnected         117  0.10893158765646825       0.43276335097968943        12.744995755806785        50.633312064623667       0.16576820186978972        19.394879618765398        177.31101897448406        186.00359069842409              296          18
 ../1010_seed.dataconnected         120  0.18882424776811188       0.71695511147646218        22.658909732173427        86.034613377175461       0.23746621476702923        28.495945772043505        128.52444211087345        111.60705626188030              252          18
 ../1011_seed.dataconnected         130  0.17047360477487619       0.64079997292839508        22.161568620733906        83.303996480691353       0.21487427830210271        27.933656179273353        196.16961858952035        200.12128955042320              296          13
 ../1012_seed.dataconnected         168  0.16404598337132986       0.60614029348202747        27.559725206383415        101.83156930498062       0.20346754900836850        34.182548233405910        198.32059329885979        227.73673619170143              285          13
 ../1013_seed.dataconnected          62  0.11429603718910310       0.42713851092712796        7.0863543057243916        26.482587677481934       0.16595933778762906        10.289478942833002        151.59625478037290        137.31236720656804              216          44
 ../1014_seed.dataconnected         111  0.18203622922997112       0.67442435958532287        20.206021444526794        74.861103913970837       0.23209784821801180        25.762861152199310        119.05328900063228        102.66484438920428              231          14
 ../1015_seed.dataconnected          52  0.15950324287444073       0.59731883113681294        8.2941686294709172        31.060579219114274       0.22699763833674463        11.803877193510720        75.753682901111674        48.365583054973143              225          33
 ../1016_seed.dataconnected         171  0.19432534310573935       0.73942625732577805        33.229633671081430        126.44189000270805       0.23979058590066035        41.004190189012917        173.18751097044833        177.11220415707390              327          19
 ../1017_seed.dataconnected         147  0.16053157046505542       0.62042123534373050        23.598140858363148        91.201921595528390       0.20303820869088235        29.846616677559705        181.90368179024890        188.43758706263901              289          10
 ../1018_seed.dataconnected         110  0.15801844404936749       0.60917610603640759        17.382028845430423        67.009371664004831       0.20803238364923327        22.883562201415661        152.23489102052059        126.19592394507251              239          12
 ../1019_seed.dataconnected         161  0.17218019343855703       0.63436583795039692        27.721011143607683        102.13289991001390       0.21753210309222853        35.022668597848792        191.85835221526889        206.07054351478754              321          37
 ../1020_seed.dataconnected         121  0.15871184143754002       0.60592491752226385        19.204132813942344        73.316915020193932       0.20684881505357747        25.028706621482872        169.64958333186379        167.77936830509304              354          27
 ../1021_seed.dataconnected         160  0.16898091157934636       0.64382783616161399        27.036945852695418        103.01245378585824       0.21468712381397423        34.349939810235874        188.88516449976061        204.54860858255384              288          19
 ../1022_seed.dataconnected         140  0.18378559923568466       0.68655323075972152        25.729983892995854        96.117452306361017       0.23851389241651838        33.391944938312577        136.14388010387299        122.91021734579844              333          35
 ../1023_seed.dataconnected         104  0.15165463990122455       0.55887964149317038        15.772082549727353        58.123482715289718       0.19773969555005586        20.564928337205810        210.50099854196603        198.73338108855020              290          18
 ../1024_seed.dataconnected         181  0.17255789511270256       0.66708084900949038        31.232979015399163        120.74163367071776       0.21586245432130222        39.071104232155704        193.53938645860501        206.31602116966144              330          15
 ../1025_seed.dataconnected         184  0.13131135353341236       0.49792240657219133        24.161289050147875        91.617722809283208       0.18239193993489011        33.560116948019783        275.67836717001143        350.16342324396567              350          32
 ../1026_seed.dataconnected         136  0.16970078657069793       0.62857847242822817        23.079306973614919        85.486672250239025       0.20864999347564164        28.376399112687263        172.23293818601456        169.26779788795471              293          19
 ../1027_seed.dataconnected         139  0.18894213593120843       0.72412234687634669        26.262956894437970        100.65300621581218       0.22527202780836655        31.312811865362949        147.42346575678613        142.42313637526027              315          18
 ../1028_seed.dataconnected         181  0.15969639058174309       0.61005021477353516        28.905046695295500        110.41908887400986       0.21063222725119449        38.124433132466201        240.23350877923855        280.67147632420574              319          11
 ../1029_seed.dataconnected         173  0.15774412032798185       0.60425960304293103        27.289732816740859        104.53691132642707       0.19440061784647755        33.631306887440616        190.49549388400362        207.76236948898654              336          18
 ../1030_seed.dataconnected         173  0.17772414636912806       0.68025561610997243        30.746277321859154        117.68422158702523       0.23361260570694001        40.414980787300621        205.65317824075450        235.43272558775240              334          15
 ../1031_seed.dataconnected         131  0.17812677652264491       0.65849476092934667        23.334607724466483        86.262813681744419       0.22115323336774420        28.971073571174490        152.18201764031340        141.77996615883524              248          10
 ../1032_seed.dataconnected          91  0.14879597463465741       0.58971238450541685        13.540433691753824        53.663826989992934       0.20253670222629849        18.430839902593164        119.37421158387079        98.114309681657559              293          51
 ../1033_seed.dataconnected         177  0.17509742679602686       0.67309420979637069        30.992244542896753        119.13767513395761       0.21585517602579568        38.206366156565835        192.41843828334223        209.47051262965132              287          13
 ../1034_seed.dataconnected         107  0.18299298632728578       0.67451343417875598        19.580249537019579        72.172937457126892       0.23044506595835279        24.657622057543747        137.26899338045794        120.35418454714346              253          15
 ../1035_seed.dataconnected         136  0.17435926476727534       0.65076773699587809        23.712860008349445        88.504412231439417       0.21545456340397032        29.301820622939964        151.00178586112912        135.78548340715713              333          25
 ../1036_seed.dataconnected         139  0.15908370415584078       0.58775889475977239        22.112634877661868        81.698486371608368       0.21212824220731549        29.485825666816854        167.62738587424923        170.46600225230787              265          19
 ../1037_seed.dataconnected         160  0.18880769164701505       0.72404625723026983        30.209230663522408        115.84740115684318       0.23477646276131972        37.564234041811154        156.18511215361659        156.39474662162206              337          30
 ../1038_seed.dataconnected         190  0.17534161101221371       0.67366678592122509        33.314906092320605        127.99668932503276       0.22017073180025892        41.832439042049195        193.72928233324603        211.52945645159588              302          20
 ../1039_seed.dataconnected         123  0.15823378386999284       0.60647948532283558        19.462755416009120        74.596976694708772       0.20891152587756773        25.696117682940830        155.58880573643742        145.35871907958105              294          16
 ../1040_seed.dataconnected         142  0.18081568211063137       0.69666967332667018        25.675826859709655        98.927093612387168       0.23253501403074270        33.019971992365463        156.88222033380669        160.09431683921073              247          10
 ../1041_seed.dataconnected         181  0.17599246679580846       0.66459253365882398        31.854636490041333        120.29124859224714       0.22301845622139119        40.366340576071806        210.91016616972439        230.01727642019250              352          24
 ../1042_seed.dataconnected         142  0.13566264714445742       0.53446466759470068        19.264095894512952        75.893982798447496       0.17033034194936425        24.186908556809723        191.82178038093596        202.75565989580576              313          19
 ../1043_seed.dataconnected          93  0.17575905507178435       0.64953206298322297        16.345592121675946        60.406481857439736       0.24277508242557577        22.578082665578545        142.22981746543991        124.64565593825880              220          23
 ../1044_seed.dataconnected          88  0.15893437862293117       0.61939463740520617        13.986225318817942        54.506728091658147       0.20233263185560688        17.805271603293406        126.72350149557795        101.82918097252349              260          38
 ../1045_seed.dataconnected         151  0.15454418443626136       0.58488854495240117        23.336171849875466        88.318170287812578       0.20176611653340681        30.466683596544428        182.55315158925845        180.79810565641895              321          27
 ../1046_seed.dataconnected         116  0.16602115928415564       0.59658259087100229        19.258454476962054        69.203580541036260       0.20797183573602351        24.124732945378728        141.95342723181585        130.80207713879312              303          51
 ../1047_seed.dataconnected         189  0.17495352371264461       0.66924585728076524        33.066215981689830        126.48746702606464       0.20963868246030318        39.621710984997300        170.48024478097298        175.73272379725805              332          22
 ../1048_seed.dataconnected         102  0.17113321785434293       0.65326383758600681        17.455588221142978        66.632911433772691       0.22126711740422816        22.569245975231272        128.01199396523199        114.06629361707935              265          17
 ../1049_seed.dataconnected         120  0.14193740302505553       0.53286383896472789        17.032488363006664        63.943660675767347       0.19850588556945836        23.820706268335002        150.98243273071890        143.65533107142335              285          37
 ../1050_seed.dataconnected         156  0.14859255810187319       0.59859130782940972        23.180439063892219        93.380244021387924       0.18396008615788295        28.697773440629739        189.71599121459454        194.17640841381385              308          16
 ../1051_seed.dataconnected         152  0.17881980820920784       0.67834518808693678        27.180610847799592        103.10846858921440       0.22463410700852393        34.144384265295635        159.99971475721131        155.97060982824701              281          12
 ../1052_seed.dataconnected         160  0.13716284769266893       0.53164394983535523        21.946055630827029        85.063031973656834       0.17671915122880152        28.275064196608245        220.27936192012436        234.88260005858950              286          13
 ../1053_seed.dataconnected         114  0.19732523502992572       0.73269624067289940        22.495076793411531        83.527371436710538       0.25305101865985391        28.847816127223346        124.78980866515664        108.48842649304000              280          29
 ../1054_seed.dataconnected          94  0.16613484450624874       0.62853866114894041        15.616675383587381        59.082634148000402       0.21062063830948366        19.798340001091464        128.83006349831663        109.59767816159649              310          26
 ../1055_seed.dataconnected         124  0.14098563183995191       0.55694690952062342        17.482218348154039        69.061416780557309       0.17869462005477604        22.158132886792231        212.35011504557059        208.42611647662790              291          44
 ../1056_seed.dataconnected         137  0.15313118093949016       0.58666986238786434        20.978971788710151        80.373771147137418       0.20142433962607206        27.595134528771872        210.34296104882577        227.32029153447519              295          13
 ../1057_seed.dataconnected         189  0.14512462205793455       0.56389031566810555        27.428553568949631        106.57526966127195       0.18754232456243147        35.445499342299549        307.02794195892039        388.62156347480527              303          11
 ../1058_seed.dataconnected          97  0.16373135066829356       0.62393313683725138        15.881941014824475        60.521514273213384       0.22247711897096331        21.580280540183441        135.84800788979493        120.56959151214201              256          40
 ../1059_seed.dataconnected          78  0.14245150816448299       0.55154331995000461        11.111217636829673        43.020378956100359       0.17628156205134704        13.749961840005069        151.80304505877896        122.41712970497805              237          18
 ../1060_seed.dataconnected         177  0.16545385964947842       0.63143344338344010        29.285333157957680        111.76371947886889       0.20727145967865965        36.687048363122756        227.07106743865398        238.63592837158077              321          15
 ../1061_seed.dataconnected         123  0.16745927186720763       0.63044551894337231        20.597490439666540        77.544798830034793       0.21748281447169651        26.750386180018673        144.33359261048491        139.75780411934883              295          19
 ../1062_seed.dataconnected          97  0.17309414271127074       0.65982164755328343        16.790131842993262        64.002699812668496       0.23402807741313009        22.700723509073619        141.64905734723149        122.77235901406439              255          15
 ../1063_seed.dataconnected         132  0.14842482056235945       0.53948790084338127        19.592076314231448        71.212402911326322       0.19595146356673529        25.865593190809058        187.49843122640820        183.00337307412087              303          14
 ../1064_seed.dataconnected         117  0.16334399120355111       0.63724044749232767        19.111246970815479        74.557132356602338       0.20960056676973482        24.523266312058976        158.87978617107018        141.87105025940534              222          16
 ../1065_seed.dataconnected          96  0.16627161127383946       0.64075803539290443        15.962074682288588        61.512771397718822       0.21319559361587762        20.466776987124252        125.41821401606383        109.69456887001844              284          15
 ../1066_seed.dataconnected         104  0.16193522192981277       0.62564429040289726        16.841263080700529        65.067006201901322       0.21452616982192310        22.310721661480002        144.79795099668547        127.01379688135890              272          20
 ../1067_seed.dataconnected         199  0.16418475119984019       0.61513238672772474        32.672765488768199        122.41134495881722       0.19977191178176118        39.754610444570474        227.33776596444059        272.07359230292343              326          19
 ../1068_seed.dataconnected         153  0.16428106065739029       0.62683147351527058        25.135002280580714        95.905215447836397       0.21365942948982553        32.689892711943308        184.59475049032858        184.90011441602763              305          12
 ../1069_seed.dataconnected         128  0.16921282329789333       0.62166142421844950        21.659241382130347        79.572662299961536       0.21671319048545501        27.739288382138241        153.13520165585496        149.64631700728475              302          21
 ../1070_seed.dataconnected         172  0.17087906397358746       0.65879187363636127        29.391199003457043        113.31220226545413       0.21145788002505139        36.370755364308842        193.20052721353596        209.19998768910574              332          11
 ../1071_seed.dataconnected         111  0.14632705213839609       0.56281086776565925        16.242302787361965        62.472006321988175       0.20201351595847764        22.423500271391017        181.93672695564064        170.89406179798220              240          15
 ../1072_seed.dataconnected         121  0.18977082449632451       0.72981033880684532        22.962269764055264        88.307050995628288       0.23901855299611255        28.921244912529620        117.87457854839367        100.28258286859798              266          25
 ../1073_seed.dataconnected         140  0.16599327110799039       0.64946362780461198        23.239057955118653        90.924907892645678       0.20779007697417673        29.090610776384743        188.59867499964975        199.44518642815098              306          28
 ../1074_seed.dataconnected         120  0.13442592315361993       0.52128538693275450        16.131110778434390        62.554246431930537       0.19558841706358457        23.470610047630149        201.26231647515357        187.23857450627477              297          14
 ../1075_seed.dataconnected         184  0.16306037860719713       0.61519375803821508        30.003109663724274        113.19565147903157       0.20383168079700761        37.505029266649402        187.91609692041115        198.55780615933543              270          10
 ../1076_seed.dataconnected         112  0.14710494343887345       0.54998327048459983        16.475753665153828        61.598126294275183       0.20657672628906462        23.136593344375239        169.88880025686294        162.91053015184144              242           7
 ../1077_seed.dataconnected         120  0.17409486907802169       0.66046020689349016        20.891384289362602        79.255224827218825       0.22414544254534249        26.897453105441098        144.22833415111009        136.07980988197298              330          36
 ../1078_seed.dataconnected         142  0.14143976453652068       0.53365835154705954        20.084446564185939        75.779485919682458       0.19716415908050772        27.997310589432097        259.90339274041111        295.76614392943031              264          12
 ../1079_seed.dataconnected         105  0.16664323703437614       0.62223650896781402        17.497539888609495        65.334833441620475       0.21814354565645439        22.905072293927709        164.13610502688900        148.03246961147994              294          22
 ../1080_seed.dataconnected         132  0.17916889530442751       0.68950696426911451        23.650294180184432        91.014919283523113       0.22245900347884903        29.364588459208072        153.95057967635779        150.26860491532801              339          17
 ../1081_seed.dataconnected         125  0.17339535748001428       0.67576063365603600        21.674419685001784        84.470079207004503       0.22672551207223432        28.340689009029290        171.09642942342808        160.75557985839714              325          17
 ../1082_seed.dataconnected         141  0.16585984915078314       0.63495320736347971        23.386238730260423        89.528402238250635       0.20506959229685090        28.914812513855978        159.00977233755219        154.64232166818081              266          15
 ../1083_seed.dataconnected         105  0.17236082357250473       0.65097078205088565        18.097886475112997        68.351932115342990       0.21740882550264115        22.827926677777320        164.65077571622422        156.03096373914826              262          45
 ../1084_seed.dataconnected         161  0.17557039778717937       0.66529162166707700        28.266834043735876        107.11195108839939       0.22467331339171473        36.172403456066071        197.47339025683840        205.84258523995896              292          16
 ../1085_seed.dataconnected         175  0.17921137253536190       0.69129277618322715        31.361990193688332        120.97623583206475       0.22172425896246709        38.801745318431742        196.72703440629596        211.64475549477194              340          37
 ../1086_seed.dataconnected         115  0.16713988671076072       0.64956492197890803        19.221086971737481        74.699966027574419       0.22065047139355501        25.374804210258826        140.85250153300197        126.15737986129932              292          23
 ../1087_seed.dataconnected         141  0.17644975257779558       0.68922974344185739        24.879415113469175        97.181393825301896       0.21985429172740861        30.999455133564613        158.70490369397902        154.72363635319488              273          13
 ../1088_seed.dataconnected         195  0.17700983327930481       0.67986422290217385        34.516917489464440        132.57352346592390       0.21828310471249016        42.565205418935584        243.60477139132138        288.25128114270638              342          24
 ../1089_seed.dataconnected         126  0.18562374983834029       0.69862404097493891        23.388592479630876        88.026629162842298       0.23028380986709823        29.015760043254378        126.23499349056314        109.00738788591750              244          15
 ../1090_seed.dataconnected         108  0.16575712903451220       0.62738312064262869        17.901769935727319        67.757377029403898       0.20736589221358520        22.395516359067202        150.46904036324062        137.71170244944093              248          11
 ../1091_seed.dataconnected         154  0.16039264793596891       0.61431882770177271        24.700467782139214        94.605099466073000       0.20072745049281690        30.912027375893803        203.88060027859490        209.90823263224854              340          50
 ../1092_seed.dataconnected         117  0.17195505959812007       0.63764118271629810        20.118741972980050        74.604018377806881       0.21517758605059537        25.175777567919656        127.46973806234116        117.67465179281014              235           9
 ../1093_seed.dataconnected         170  0.14818950477395881       0.57155606483608856        25.192215811573000        97.164531022135051       0.19064948616694627        32.410412648380863        211.82141233330489        226.70691259646694              289          11
 ../1094_seed.dataconnected         178  0.17757385825808503       0.66755400621146299        31.608146769939136        118.82461310564041       0.22152475848069184        39.431407009563145        192.77024092655574        207.69062706257833              332          22
 ../1095_seed.dataconnected         125  0.16324392238308952       0.63154824170545532        20.405490297886189        78.943530213181916       0.21222097368555642        26.527621710694554        149.65361111417545        144.74995796195051              307          25
 ../1096_seed.dataconnected         139  0.18271029697152036       0.69746802211035486        25.396731279041330        96.948055073339319       0.22958756517046935        31.912671558695241        159.67470985440801        150.90865495795359              342          70
 ../1097_seed.dataconnected         172  0.18457554544481805       0.69873010883883779        31.746993816508706        120.18157872028010       0.23123655713684199        39.772687827536821        159.01670938007297        163.39932330874208              379          29
 ../1098_seed.dataconnected         166  0.17554466030557150       0.66391359690071461        29.140413610724870        110.20965708551863       0.21995172990440306        36.511987164130908        187.51507107426113        189.10093812029660              308          16
 ../1099_seed.dataconnected         111  0.17431686297603854       0.66479351127673358        19.349171790340279        73.792079751717424       0.22644288476302232        25.135160208695478        156.13460045185141        147.26990037786445              250          27
 ../1100_seed.dataconnected         169  0.12915652625662905       0.50761111571787410        21.827452937370310        85.786278556320724       0.17592922472333936        29.732038978244351        229.22902030701965        258.95921805637943              344          27
 ../1101_seed.dataconnected         191  0.16194974989029146       0.61968678501813268        30.932402229045667        118.36017593846334       0.20286386801818074        38.746998791472521        249.09233889990705        279.77266420199868              368          20
 ../1102_seed.dataconnected         149  0.13984356526748487       0.54326243507999405        20.836691224855247        80.946102826919116       0.18591781857448181        27.701754967597790        169.42733018711291        175.68289246326478              329          23
 ../1103_seed.dataconnected         162  0.15856269415140872       0.57876750527302923        25.687156452528214        93.760335854230732       0.20710535766976676        33.551067942502215        204.71135641655246        216.76150673296704              340          18
 ../1104_seed.dataconnected         129  0.16588485130471706       0.62721707174985264        21.399145818308501        80.911002255730992       0.21366778896464803        27.563144776439596        147.29468141416001        143.67671825268630              300          19
 ../1105_seed.dataconnected         128  0.18575464312003687       0.70168114506988222        23.776594319364719        89.815186568944924       0.24369260042065810        31.192652853844237        145.75741551277329        131.94158278373462              297          21
 ../1106_seed.dataconnected         121  0.19054266776970999       0.70158169538234627        23.055662800134908        84.891385141263896       0.24883892206601799        30.109509569988177        163.87449795918437        156.21856321240031              264          23
 ../1107_seed.dataconnected         126  0.17307883965581000       0.67025972539783596        21.807933796632060        84.452725400127335       0.22705336100364745        28.608723486459578        173.01402688774152        169.28614426600359              306          26
 ../1108_seed.dataconnected         126  0.16133267503255902       0.62252430965564620        20.327917054102436        78.438063016611423       0.22431321416134856        28.263464984329918        150.47222905934944        136.62984211727689              336          50
 ../1109_seed.dataconnected         123  0.16500596029259795       0.60629234699237056        20.295733115989549        74.573958680061580       0.21255378943416553        26.144116100402361        140.75292272973812        135.50557908905603              315          26
 ../1110_seed.dataconnected         147  0.15282896840296625       0.58172311113074437        22.465858355236040        85.513297336219424       0.19841630044970679        29.167196166106898        209.51101086949242        229.72405542455510              320          31
 ../1111_seed.dataconnected         146  0.17217620335311803       0.65630219758362707        25.137725689555232        95.820120847209552       0.22009491666867884        32.133857833627111        168.34114026591473        159.44548772455920              274          22
 ../1112_seed.dataconnected         110  0.17336817289149276       0.62964824742361436        19.070499018064204        69.261307216597586       0.22209870791017247        24.430857870118970        130.33971941543408        112.02738296352393              233          34
 ../1113_seed.dataconnected         109  0.15498341677285107       0.60904486300697114        16.893192428240766        66.385890067759860       0.21320080187924065        23.238887404837232        148.47783933632314        128.44154528367025              264          33
 ../1114_seed.dataconnected         193  0.17849061411943742       0.66862048296332766        34.448688525051423        129.04375321192225       0.21139505230773123        40.799245095392131        183.69775731683683        194.93560865257035              354          23
 ../1115_seed.dataconnected         155  0.19449072583896007       0.75317120632075540        30.146062505038810        116.74153697971708       0.23813571453076637        36.911035752268788        144.01521280852765        138.65623446357509              326          31
 ../1116_seed.dataconnected         169  0.16483017514340745       0.64105585875633098        27.856299599235857        108.33844012981993       0.21293606713317606        35.986195345506751        190.73692366524568        207.79995728033333              348          18
 ../1117_seed.dataconnected         156  0.13267954607869328       0.50752951630865861        20.698009188276153        79.174604544150739       0.18983078569390516        29.613602568249206        264.24590142406112        313.58711481125255              296          20
 ../1118_seed.dataconnected         168  0.17319337267632731       0.66542147149449393        29.096486609622989        111.79080721107498       0.21654548279567462        36.379641109673337        189.55925805927924        198.44812179679479              295          15
 ../1119_seed.dataconnected         128  0.14367560180200706       0.54016633380474233        18.390477030656903        69.141290727007018       0.20053639887833882        25.668659056427369        216.90839810173219        222.49682180921803              285          25
 ../1120_seed.dataconnected         189  0.17867240426536196       0.69077602728700560        33.769084406153411        130.55666915724404       0.21317439252268208        40.289960186786914        198.25567007297661        212.09523618374220              358          31
 ../1121_seed.dataconnected         199  0.15231343504192540       0.59457909097283745        30.310373573343156        118.32123910359465       0.20002975107473112        39.805920463871495        258.50292276208808        305.00750640249095              338          23
 ../1122_seed.dataconnected         149  0.19605954928273270       0.74549999527640176        29.212872843127172        111.07949929618387       0.24270457279593463        36.162981346594258        146.29655732121790        139.60892375929691              285          11
 ../1123_seed.dataconnected         140  0.16650512194429257       0.63316279731500014        23.310717072200958        88.642791624100013       0.21117111623092427        29.563956272329399        168.41281874181590        145.95454148390337              276          16
 ../1124_seed.dataconnected         146  0.17497034533185482       0.67836018873015946        25.545670418450804        99.040587554603277       0.22042633879727613        32.182245464402314        145.26994168566159        144.01674915274302              278          15
 ../1125_seed.dataconnected          91  0.17446265624969376       0.66887006494938561        15.876101718722133        60.867175910394089       0.22393447781297790        20.378037480980989        118.81635030022137        107.80017974804007              200          23
 ../1126_seed.dataconnected         168  0.18328091615908607       0.67839624797866427        30.791193914726460        113.97056966041559       0.22019987323697413        36.993578703811650        150.25720819121017        150.54047623155179              302          35
 ../1127_seed.dataconnected         183  0.18266894049671487       0.70288585386383573        33.428416110898823        128.62811125708194       0.22688254772342739        41.519506233387212        186.75463830926134        198.71076277100292              301           8
 ../1128_seed.dataconnected         109  0.17648219763735420       0.69299723191066620        19.236559542471607        75.536698278262620       0.22876988242423993        24.935917184242154        105.57112198658830        83.476367056232888              304          14
 ../1129_seed.dataconnected         108  0.17771714457721072       0.66954303269405835        19.193451614338759        72.310647530958306       0.21515482134541908        23.236720705305260        137.50726530309902        120.45286905269793              232          40
 ../1130_seed.dataconnected         139  0.17456150088193517       0.64140532058812838        24.264048622588987        89.155339561749841       0.21640112101697120        30.079755821358997        167.75195504023532        170.06128819728934              317          16
 ../1131_seed.dataconnected         123  0.17542154728392306       0.65940598472188150        21.576850315922538        81.106936120791431       0.22522328385751786        27.702463914474695        138.72691883531854        128.66703808863454              349          30
 ../1132_seed.dataconnected         153  0.19312205689049330       0.69619372241651201        29.547674704245477        106.51763952972634       0.23703528521439066        36.266398637801771        166.01588778526656        165.67480081602147              295          13
 ../1133_seed.dataconnected         134  0.16271912043927184       0.59662919021478900        21.804362138862427        79.948311488781727       0.19706500661918011        26.406710886970135        133.92623405730455        121.59183333218228              290          19
 ../1134_seed.dataconnected         157  0.14933522017947129       0.57549238338993314        23.445629568176994        90.352304192219506       0.19972284492591519        31.356486653368684        227.26926268960443        252.15210830959887              291          22
 ../1135_seed.dataconnected         167  0.16949283946056445       0.65249157841297245        28.305304189914263        108.96609359496640       0.22194801446075402        37.065318414945921        166.43403221181671        168.72327329701378              300          11
 ../1136_seed.dataconnected          84  0.15290814761013138       0.58351968681512834        12.844284399251036        49.015653692470778       0.21529020838509680        18.084377504348129        134.90393566503673        114.96504115981924              205          28
 ../1137_seed.dataconnected         120  0.14855542690381165       0.53189132574934328        17.826651228457397        63.826959089921196       0.18912392544132736        22.694871052959282        161.54238968630656        144.84618645405885              266          14
 ../1138_seed.dataconnected         175  0.20400589080457915       0.76453603334098996        35.701030890801349        133.79380583467324       0.24396742829780263        42.694299952115458        151.31621379297394        148.94823490050024              341          15
 ../1139_seed.dataconnected         106  0.15279179503132309       0.56929015019047235        16.195930273320247        60.344755920190067       0.19203891291239600        20.356124768713975        123.48686874026630        108.97381880295841              244          15
 ../1140_seed.dataconnected         152  0.13003053887230220       0.51086739361548961        19.764641908589937        77.651843829554423       0.16816739722660665        25.561444378444211        192.39173542951272        216.01392976098407              291          22
 ../1141_seed.dataconnected          98  0.13268503763697681       0.49189689315494156        13.003133688423727        48.205895529184275       0.17827261131025487        17.470715908404976        198.03095606979284        172.06549749222151              249          29
 ../1142_seed.dataconnected         109  0.13979671185586484       0.53124502937063867        15.237841592289268        57.905708201399612       0.20349813700286537        22.181296933312325        235.45357896999934        229.20525542882496              307          33
 ../1143_seed.dataconnected         148  0.16129999583368654       0.61326719355380666        23.872399383385609        90.763544645963378       0.21704322122584790        32.122396741425490        187.98789904076486        194.63616316571193              415          56
 ../1144_seed.dataconnected         170  0.15793232961148454       0.61290167999268874        26.848496033952372        104.19328559875709       0.20526074148524173        34.894326052491095        237.76993558551115        271.45171422826701              354          29
 ../1145_seed.dataconnected          64  0.17265842489245395       0.63215121643667149        11.050139193117053        40.457677851946976       0.22600901461651041        14.464576935456666        109.38337116999531        83.308584513672344              253          33
 ../1146_seed.dataconnected         155  0.18662859015434669       0.72143537304115668        28.927431473923736        111.82248282137928       0.22110080547934791        34.270624849298926        166.11066623246745        168.39448210723344              260          10
 ../1147_seed.dataconnected         115  0.16404780152140006       0.62626381925976726        18.865497174961007        72.020339214873232       0.20391895621122605        23.450679964290995        132.89258327532835        116.88701538868705              229          13
 ../1148_seed.dataconnected          92  0.18554191257405989       0.68196565439680135        17.069855956813509        62.740840204505723       0.24693674376944214        22.718180426788678        126.10942756322669        107.22665351512397              242          11
 ../1149_seed.dataconnected         127  0.18434066456115353       0.69053709313789169        23.411264399266496        87.698210828512245       0.22200766630866450        28.194973621200393        129.00684988516042        119.60174713955108              254          13
 ../1150_seed.dataconnected         201  0.18348442908925561       0.69493553020161936        36.880370246940380        139.68204157052548       0.22943824971258536        46.117088192229659        230.60095669688039        245.74512962997460              375          36
 ../1151_seed.dataconnected         133  0.19447646256491447       0.73426870569945135        25.865369521133623        97.657737858027033       0.24525292867163351        32.618639513327260        145.28009640270508        136.41079339026822              268          13
 ../1152_seed.dataconnected         180  0.19181381645598958       0.73081006567404205        34.526486962078124        131.54581182132756       0.24558476563652837        44.205257814575106        192.79094332898390        194.80152017600182              361          23
 ../1153_seed.dataconnected         160  0.17268565248147077       0.64847241572095948        27.629704397035326        103.75558651535351       0.21551916014281758        34.483065622850816        191.89946751012494        195.07019067252276              268          10
 ../1154_seed.dataconnected         132  0.15332006574501728       0.57847825742674408        20.238248678342281        76.359129980330223       0.19856932356965312        26.211150711194211        143.42785099638991        135.71648969547638              323          41
 ../1155_seed.dataconnected         185  0.15492098042791866       0.58126129698701923        28.660381379164953        107.53333994259856       0.20917329317616618        38.697059237590743        288.09342593694106        372.07754548507307              351          17
 ../1156_seed.dataconnected         168  0.16922445044761228       0.64129808615250794        28.429707675198863        107.73807847362133       0.21039882832423937        35.347003158472212        183.34624564251394        194.61817405663601              306          23
 ../1157_seed.dataconnected         107  0.16963929776938230       0.65011591928806611        18.151404861323908        69.562403363823080       0.22312386757999653        23.874253831059630        152.04517827446855        130.41197047426047              227           9
 ../1158_seed.dataconnected         109  0.17929318830959820       0.67500933919830852        19.542957525746203        73.576017972615631       0.24948210254235245        27.193549177116417        159.60356575089958        153.01644973389054              237          14
 ../1159_seed.dataconnected         129  0.17549411928939063       0.64871322459278091        22.638741388331390        83.684005972468739       0.22070720788489562        28.471229817151535        162.03473242398860        147.76591440962520              303          16
 ../1160_seed.dataconnected         112  0.16277425336646395       0.62703627431910314        18.230716377043962        70.228062723739555       0.22076214474588440        24.725360211539055        149.66917045602455        126.52915564498279              228          22
 ../1161_seed.dataconnected         154  0.16821776645966996       0.63021733595405849        25.905536034789172        97.053469736925010       0.20733922091071899        31.930240020250725        184.99922834944684        187.47000775521383              284          13
 ../1162_seed.dataconnected         126  0.11591002458416198       0.44847927612748595        14.604663097604410        56.508388792063229       0.16162300837616361        20.364499055396614        175.41177833917627        164.75930831452143              260           8
 ../1163_seed.dataconnected         171  0.18440978788649559       0.71025803129746534        31.534073728590744        121.45412335186657       0.22847695260959944        39.069558896241503        173.70562810442891        180.30985444592486              349          33
 ../1164_seed.dataconnected          99  0.18118375193384925       0.65837944892698319        17.937191441451077        65.179565443771338       0.24999531469513561        24.749536154818426        141.12061122008484        130.46108349640986              277          16
 ../1165_seed.dataconnected         120  0.18530050777275134       0.70851967511841829        22.236060932730162        85.022361014210190       0.22705896355849972        27.247075627019967        120.86592197188355        107.84781024659405              272          22
 ../1166_seed.dataconnected         116  0.16517780594002762       0.62633307824179718        19.160625489043206        72.654637076048473       0.22381342155345216        25.962356900200451        164.45638807201951        161.14781232090175              240          12
 ../1167_seed.dataconnected         142  0.15798314599076418       0.58145236026315439        22.433606730688513        82.566235157367927       0.20306509145216775        28.835242986207820        170.18082127564088        168.00232512032042              317          25
 ../1168_seed.dataconnected          99  0.17510441347724731       0.68277531210616138        17.335336934247483        67.594755898509973       0.22364379087809058        22.140735296930966        144.64192359748338        139.25688013412892              290          29
 ../1169_seed.dataconnected         204  0.18165750593990507       0.68873519788655735        37.058131211740637        140.50198036885769       0.23261263148033515        47.452976821988372        206.37419979900918        228.82433866575212              318          13
 ../1170_seed.dataconnected         148  0.18185297499252293       0.69052650615748734        26.914240298893393        102.19792291130813       0.23039823948157148        34.098939443272577        164.96336012278772        152.17785271285101              301          11
 ../1171_seed.dataconnected         162  0.18085425027052424       0.68174759792764017        29.298388543824927        110.44311086427771       0.22204160082023114        35.970739332877443        154.26224357554364        147.52575067683651              322          34
 ../1172_seed.dataconnected         114  0.16675276005121656       0.64076878962545325        19.009814645838688        73.047642017301669       0.21255062974092620        24.230771790465585        150.18806083893125        139.61461484416242              200           7
 ../1173_seed.dataconnected         111  0.14079408429031812       0.54922131823171871        15.628143356225310        60.963566323720777       0.18148495904412934        20.144830453898358        165.06524095503681        151.08725264743862              270          31
 ../1174_seed.dataconnected         165  0.18003805971558615       0.66596594679684906        29.706279853071713        109.88438122148010       0.22464156433596130        37.065858115433613        168.48551257193282        167.40268880790549              341          12
 ../1175_seed.dataconnected         126  0.13970613711760513       0.52781135851597916        17.602973276818247        66.504231173013380       0.18782881237718316        23.666430359525076        204.56804885037022        210.72728250245390              262          20
 ../1176_seed.dataconnected         115  0.19203813843280310       0.70046747480615856        22.084385919772355        80.553759602708240       0.23572925398210751        27.108864207942364        133.25432244274586        116.74858634484076              248          25
 ../1177_seed.dataconnected         202  0.19679998810116187       0.74097576364673112        39.753597596434695        149.67710425663969       0.23350271552691859        47.167548536437558        193.42772660328478        206.04337059922403              330          12
 ../1178_seed.dataconnected         171  0.16668741421305494       0.64681115759296937        28.503547830432396        110.60470794839776       0.20930435611199677        35.791044895151451        172.80612695182583        165.83314852746693              416          57
 ../1179_seed.dataconnected          97  0.17850039159983100       0.67449107939499409        17.314537985183605        65.425634701314422       0.24000893570075268        23.280866762973009        139.42232045366228        118.33092755294686              334          46
 ../1180_seed.dataconnected         127  0.19302566904652571       0.73105153712509940        24.514259968908764        92.843545214887627       0.24325354831654222        30.893200636200863        148.66221966331409        132.12379630456007              277          24
 ../1181_seed.dataconnected          66  0.19612152598872579       0.75095582702940789        12.944020715255903        49.563084583940920       0.25363048440524888        16.739611970746427        70.480420460201174        46.025729470746946              229          34
 ../1182_seed.dataconnected         162  0.20369791765360554       0.76129446092955166        32.999062659884096        123.32970267058737       0.24224327397314480        39.243410383649454        149.10176933962518        146.80633734958090              269          16
 ../1183_seed.dataconnected         125  0.16565447032736441       0.65891330618909749        20.706808790920551        82.364163273637189       0.21125180257588311        26.406475321985390        133.74911461266686        114.03207047273776              246          15
 ../1184_seed.dataconnected         162  0.14583437237041269       0.54005534498266616        23.625168324006857        87.488965887191924       0.20100177054874899        32.562286828897335        243.44026087815911        271.30000702944665              273          10
 ../1185_seed.dataconnected         104  0.17247892975860085       0.64031065986833657        17.937808694894489        66.592308626307002       0.21695943380680727        22.563781115907958        127.12682195306306        106.82311460729753              263          11
 ../1186_seed.dataconnected         116  0.17766451870679570       0.65787417083846800        20.609084169988300        76.313403817262284       0.23160455954844966        26.866128907620162        136.11930204697441        122.33191407053890              313          31
 ../1187_seed.dataconnected         126  0.14174597497809946       0.53681704826782006        17.859992847240530        67.638948081745326       0.19710223409734204        24.834881496265098        179.35868819544851        172.28780920301716              281          41
 ../1188_seed.dataconnected         196  0.11648925774401316       0.43763548788109841        22.831894517826580        85.776555624695291       0.16233770581488199        31.818190339716871        338.21111334040819        451.28147096565226              401          32
 ../1189_seed.dataconnected         131  0.16838470940620007       0.64090355557823819        22.058396932212208        83.958365780749205       0.22342043033546208        29.268076373945533        157.69149255080401        150.26699753726012              319          22
 ../1190_seed.dataconnected         123  0.19234035082377751       0.74325924380138941        23.657863151324634        91.420886987570896       0.24017487106615268        29.541509141136778        137.70008010484432        132.66219540060936              300          18
 ../1191_seed.dataconnected         128  0.18541374379665773       0.70450652072008146        23.732959205972190        90.176834652170427       0.23478282773535641        30.052201950125621        133.63857392963183        123.13385745897102              291          19
 ../1192_seed.dataconnected         132  0.16501526043187165       0.61545336031736497        21.782014377007059        81.239843561892172       0.22051732059621140        29.108286318699903        201.69685762376398        213.69330158994234              275          21
 ../1193_seed.dataconnected         172  0.17805436463262789       0.69000762363410473        30.625350716811997        118.68131126506601       0.23200824042945289        39.905417353865900        179.40639194812849        187.84469123597603              310          17
 ../1194_seed.dataconnected         127  0.17528190892229512       0.66547072075224323        22.260802433131481        84.514781535534894       0.22839791211381211        29.006534838454137        142.30737488490431        133.09239287328799              304          50
 ../1195_seed.dataconnected          91  0.14025948237550739       0.52515267763856011        12.763612896171173        47.788893665108972       0.20013939903887273        18.212685312537420        140.91795003207713        122.76196239044441              246          17
 ../1196_seed.dataconnected         112  0.14920732756704463       0.54936095041678223        16.711220687508998        61.528426446679610       0.20720655982583658        23.207134700493697        162.95587417461363        149.24780284821733              367          48
 ../1197_seed.dataconnected         188  0.17917719912213653       0.69438898180457309        33.685313434961671        130.54512857925974       0.22173764579587490        41.686677409624480        227.69004792221844        265.18414281425811              362          22
 ../1198_seed.dataconnected          86  0.16133651162895929       0.59506517179882790        13.874940000090499        51.175604774699202       0.22358056069646121        19.227928219895663        119.26087178318686        96.258869431422013              288          42
 ../1199_seed.dataconnected         151  0.19901560636175539       0.74540502539116171        30.051356560625063        112.55615883406541       0.24443151886851641        36.909159349145980        153.62074102779212        148.88526030648319              276          19
 ../1200_seed.dataconnected         111  0.14030264602616210       0.52326152430939854        15.573593708903994        58.082029198343236       0.20473878747619853        22.726005409858036        239.26390270063220        254.79103364479332              232          13
 ../1201_seed.dataconnected         164  0.19560157349905119       0.73268444882505079        32.078658053844393        120.16024960730833       0.23585135831453294        38.679622763583403        139.80827703778016        140.13321627772567              263          13
 ../1202_seed.dataconnected          51  0.13096956093545609       0.46099018410805448        6.6794476077082603        23.510499389510777       0.20724507855401667        10.569499006254850        117.55234221518535        86.520041040217819              254          17
 ../1203_seed.dataconnected         148  0.18648837270511492       0.69497413860822344        27.600279160357008        102.85617251401708       0.24874752921852616        36.814634324341874        178.17403476635369        183.76733189754245              359          39
 ../1204_seed.dataconnected         159  0.17824047729679068       0.68486458527464544        28.340235890189717        108.89346905866863       0.22912059576186733        36.430174726136904        184.65873614242889        204.47807248865175              293          17
 ../1205_seed.dataconnected         121  0.17236341846385206       0.63983066584814163        20.855973634126098        77.419510567625139       0.22686482018830056        27.450643242784370        182.04778866818299        172.79971161666271              293          41
 ../1206_seed.dataconnected         135  0.18492096570574218       0.70823049040955677        24.964330370275196        95.611116205290159       0.23606918121693093        31.869339464285677        134.22068813388498        122.75529162709068              282          21
 ../1207_seed.dataconnected         121  0.19103761011155562       0.72624761786994507        23.115550823498232        87.875961762263358       0.23631313561728465        28.593889409691442        137.32087938831410        119.00798798737645              313          27
 ../1208_seed.dataconnected          89  0.17722321139741898       0.68158302624336187        15.772865814370290        60.660889335659206       0.22575632414606750        20.092312849000006        125.58582940490950        101.59526891505972              224          16
 ../1209_seed.dataconnected         115  0.15158721802881994       0.58900687759858628        17.432530073314293        67.735790923837428       0.18772042680884077        21.587849083016689        135.57302356379645        112.15989416354726              244          18
 ../1210_seed.dataconnected          98  0.17590855568071884       0.65075620299045533        17.239038456710446        63.774107893064624       0.23174383900399473        22.710896222391483        139.57805639315112        117.15528263924026              239          30
 ../1211_seed.dataconnected         158  0.16537548975081356       0.63045447323815784        26.129327380628542        99.611806771628935       0.21979595232902224        34.727760467985512        275.61058909241189        292.60620979789229              356          17
 ../1212_seed.dataconnected         176  0.17369979214266237       0.65631912321547059        30.571163417108579        115.51216568592282       0.22005845480524056        38.730288045722340        195.56369060410319        211.74238110683567              354          41
 ../1213_seed.dataconnected          84  0.16963786826548150       0.64194417353909961        14.249580934300445        53.923310577284369       0.24310024022740773        20.420420179102248        139.75218792812390        117.74379347857733              205          16
 ../1214_seed.dataconnected         118  0.15613696630869428       0.61222946342332141        18.424162024425925        72.243076683951926       0.20525465377765306        24.220049145763060        146.28400013277593        126.21878406935600              295          20
 ../1215_seed.dataconnected         159  0.18487909145438358       0.72001353647482336        29.395775541246991        114.48215229949692       0.22651543639425450        36.015954386686467        156.54721670968067        149.81811351739984              270          25
 ../1216_seed.dataconnected         155  0.15162022253207294       0.59909555695821048        23.501134492471305        92.859811328522625       0.18798753308818811        29.138067628669155        180.29220282144396        191.07859757514632              391          28
 ../1217_seed.dataconnected         111  0.17135900174506088       0.64024552120405998        19.020849193701757        71.067252853650658       0.22287478022242876        24.739100604689593        127.71480985235719        110.49593894324812              320          29
 ../1218_seed.dataconnected         191  0.19527872963775522       0.73070211966045107        37.298237360811250        139.56410485514616       0.23380034956281520        44.655866766497702        178.48862774376764        192.62372985477967              358          26
 ../1219_seed.dataconnected         150  0.17458211906796489       0.66685383525740305        26.187317860194735        100.02807528861045       0.21748606927258707        32.622910390888059        159.39242284511349        160.39094471280055              305          22
 ../1220_seed.dataconnected         181  0.16681518535856529       0.63517796926932257        30.193548549900317        114.96721243774739       0.21279454034146500        38.515811801805164        198.02953323954927        208.17010725710759              343          38
 ../1221_seed.dataconnected         121  0.13039999913610686       0.50638807757157422        15.778399895468931        61.272957386160478       0.18051694590363859        21.842550454340270        247.93431556287615        289.38944045138840              282          13
 ../1222_seed.dataconnected         138  0.16739091058211683       0.62535466958144703        23.099945660332121        86.298944402239684       0.21434506559287489        29.579619051816735        155.57977343263840        157.71739671650019              242          11
 ../1223_seed.dataconnected         121  0.16564357779691966       0.61346100775631607        20.042872913427278        74.228781938514246       0.20601049090274745        24.927269399232440        161.19646007283757        158.87898960364410              223          22
 ../1224_seed.dataconnected         144  0.12746871735866797       0.47794746195716364        18.355495299648187        68.824434521831563       0.18045483415856800        25.985496118833794        266.56779367917579        276.32303258037001              272           9
 ../1225_seed.dataconnected         138  0.16862859179534795       0.62845869652991937        23.270745667758018        86.727300121128877       0.21882629620431396        30.198028876195327        172.02366906287654        171.08423797250089              290          23
 ../1226_seed.dataconnected         156  0.16452539787394188       0.64251949751704640        25.665962068334935        100.23304161265924       0.20240502019653642        31.575183150659679        177.73744140570454        185.54845444735645              289          36
 ../1227_seed.dataconnected         166  0.19922557061304011       0.75772521334730691        33.071444721764657        125.78238541565295       0.23691915463841690        39.328579669977202        147.42091233073251        146.53295549654072              345          29
 ../1228_seed.dataconnected         164  0.17919091462651923       0.67011443308869667        29.387309998749153        109.89876702654625       0.22627300078459009        37.108772128672776        163.09822612118842        167.65783767353423              326          21
 ../1229_seed.dataconnected         112  0.17471061500079912       0.63978396943874982        19.567588880089502        71.655804577139975       0.22785314273066995        25.519551985835033        139.31255760647011        127.58216348867577              346         102
 ../1230_seed.dataconnected         150  0.15087896799147438       0.57671746252194855        22.631845198721155        86.507619378292290       0.20348323668736010        30.522485503104015        273.74377562990998        290.67047602643481              288          20
 ../1231_seed.dataconnected         104  0.16463408797690388       0.60114058161600592        17.121945149598002        62.518620488064613       0.23828705567090011        24.781853789773610        166.87195066632626        169.77125668219423              244          15
 ../1232_seed.dataconnected         126  0.15956507309359511       0.60593755248506054        20.105199209792982        76.348131613117630       0.20329098903168175        25.614664617991899        167.58606456046297        170.57684718648409              268          12
 ../1233_seed.dataconnected         158  0.17955765228833662       0.68839079561818417        28.370109061557187        108.76574570767310       0.22386937942568844        35.371361949258770        162.77233021716111        158.95235566182896              289          15
 ../1234_seed.dataconnected         109  0.19065289784042413       0.71585364835024923        20.781165864606230        78.028047670177159       0.24873286263769395        27.111882027508642        115.73747674748675        97.901428321427801              278          32
 ../1235_seed.dataconnected         136  0.15629936841032080       0.60460081310726688        21.256714103803628        82.225710582588292       0.21294231631888197        28.960155019367949        168.87763162739046        162.87552133187125              246          12
 ../1236_seed.dataconnected         174  0.16834183259474225       0.64750329440587095        29.291478871485150        112.66557322662155       0.21260804279438300        36.993799446222646        172.70983245349808        181.88301443916234              326          17
 ../1237_seed.dataconnected         140  0.14559200583231019       0.55536667190267897        20.382880816523425        77.751334066375051       0.21603707280077050        30.245190192107870        179.09086037774367        194.76391318632119              278          13
 ../1238_seed.dataconnected         124  0.15319965310644740       0.58389917318796392        18.996756985199479        72.403497475307532       0.19910063172399281        24.688478333775109        168.98399417341361        168.91627227810923              299          13
 ../1239_seed.dataconnected         102  0.16167455752120083       0.59420256554205442        16.490804867162485        60.608661685289547       0.22245197258058291        22.690101203219456        168.23829501300196        156.43694506478249              273          21
 ../1240_seed.dataconnected         161  0.17724709901847505       0.67587886458193591        28.536782941974483        108.81649719769169       0.22370167919206099        36.015970349921822        206.42957773430828        230.76252352076088              325          25
 ../1241_seed.dataconnected         158  0.18820053460435263       0.69807808351426781        29.735684467487715        110.29633719525431       0.24274653462698959        38.353952471064353        157.06375797328820        155.87022272909942              295          20
 ../1242_seed.dataconnected         128  0.17524757074194466       0.67282462559906142        22.431689054968917        86.121552076679862       0.23507134473631039        30.089132126247730        149.54719078822149        138.22158679998878              290          18
 ../1243_seed.dataconnected         160  0.18049276856993490       0.68455452909947112        28.878842971189584        109.52872465591538       0.22082088581352660        35.331341730164254        211.46753468312195        224.53724801229919              315          15
 ../1244_seed.dataconnected         187  0.19107141444491235       0.71752569634143704        35.730354501198612        134.17730521584872       0.23447978713217588        43.847720193716889        200.04058868688878        220.10428974987346              341          21
 ../1245_seed.dataconnected         204  0.17190685786250318       0.65615643412950531        35.068999003950651        133.85591256241909       0.22064346312997982        45.011266478515886        203.74389730016011        228.32010045272693              337          19
 ../1246_seed.dataconnected         163  0.17708889287126861       0.68301156973148758        28.865489538016785        111.33088586623248       0.21639308051938633        35.272072124659971        156.80110149976264        158.56326675245992              306          20
 ../1247_seed.dataconnected         164  0.19239157643150281       0.71278594712073062        31.552218534766460        116.89689532779983       0.23427369938923984        38.420886699835336        165.61064401617628        178.05017816215619              259          17
 ../1248_seed.dataconnected         132  0.14972741312905835       0.58572132497726703        19.764018533035703        77.315214896999251       0.19431411226113224        25.649462818469456        172.64874306630929        176.82951437771874              286          27
 ../1249_seed.dataconnected         121  0.17093205635152003       0.65901423126907699        20.682778818533926        79.740721983558316       0.21356829518904641        25.841763717874617        147.00365500735560        135.28502762871562              241           5
 ../1250_seed.dataconnected          90  0.17094095257606409       0.65573020933312132        15.384685731845769        59.015718839980920       0.22036346893329684        19.832712203996714        167.45811016347244        133.11702053011535              237          15
 ../1251_seed.dataconnected          80  0.15926741118512164       0.60342049931223474        12.741392894809731        48.273639944978783       0.19898119664152200        15.918495731321761        120.74610463339151        92.133747715606518              229          22
 ../1252_seed.dataconnected          96  0.14659494142039686       0.55972597644216660        14.073114376358099        53.733693738447997       0.21963595546287829        21.085051724436315        181.64854445735838        174.37016665677535              210           8
 ../1253_seed.dataconnected         115  0.17126569616171178       0.70616786304996093        19.695555058596856        81.209304250745504       0.21900533647168613        25.185613694243905        121.44587887730954        104.46459214782601              232          12
 ../1254_seed.dataconnected         141  0.16677119516543795       0.64111565617247457        23.514738518326752        90.397307520318918       0.20760387003642677        29.272145675136176        175.46523275193624        163.88945482203854              280          16
 ../1255_seed.dataconnected          81  0.16812980063190527       0.62745036964374701        13.618513851184327        50.823479941143511       0.22398827982877709        18.143050666130943        132.46292157601835        121.71203870937710              291          29
 ../1256_seed.dataconnected         160  0.15996156192381589       0.59489726367697626        25.593849907810544        95.183562188316202       0.21198331144826688        33.917329831722697        228.68808652096163        220.88555971919368              311          21
 ../1257_seed.dataconnected         166  0.19215511812490496       0.70064409353996682        31.897749608734223        116.30691952763449       0.23509210948318870        39.025290174209324        152.97670280581312        153.47951911594461              290          14
 ../1258_seed.dataconnected         175  0.16014747887855790       0.62278224886659272        28.025808803747633        108.98689355165372       0.21170626472412232        37.048596326721409        270.34156826557489        325.62465776263286              331          20
 ../1259_seed.dataconnected         160  0.14218641759861017       0.55913698366805076        22.749826815777627        89.461917386888118       0.18111986456354687        28.979178330167500        239.54593308819119        261.97696382984765              277          15
 ../1260_seed.dataconnected         136  0.16997407891862532       0.66197380014729312        23.116474732933042        90.028436820031871       0.23215784464803177        31.573466872132322        187.53483247495183        190.13539274103607              309          21
 ../1261_seed.dataconnected         146  0.18240375223403488       0.69876061985314275        26.630947826169091        102.01905049855884       0.21801544180592095        31.830254503664460        136.10576196110122        128.04653536117718              317          27
 ../1262_seed.dataconnected         153  0.19704938879295561       0.75376032248750335        30.148556485322207        115.32532934058801       0.24025482377090082        36.758988036947827        134.46714016326317        126.52265190920581              269          13
 ../1263_seed.dataconnected         157  0.18609162503684501       0.71545763730000012        29.216385130784666        112.32684905610002       0.22512390412163472        35.344452947096649        160.67612126702571        156.32823733813461              292          15
 ../1264_seed.dataconnected         138  0.19567313858983504       0.73118979972577436        27.002893125397236        100.90419236215686       0.24511037475096714        33.825231715633464        141.73875959451584        135.52134612640290              277          22
 ../1265_seed.dataconnected         170  0.18432291341307575       0.70530343219721159        31.334895280222877        119.90158347352597       0.22874442612334389        38.886552440968458        169.77960856023972        176.39743914339732              273          12
 ../1266_seed.dataconnected         193  0.18235114069475575       0.68612181227533386        35.193770154087858        132.42150976913945       0.22917639438315790        44.231044115949473        224.84552953317791        258.83231562279082              356          33
 ../1267_seed.dataconnected         163  0.18764837862768932       0.72156701158588210        30.586685716313358        117.61542288849878       0.22863196820155995        37.267010816854274        221.33335095574364        237.97726156689200              369          47
 ../1268_seed.dataconnected         138  0.19161504863138290       0.71295621663280007        26.442876711130840        98.387957895326409       0.23924604659984100        33.015954430778059        150.47015430642071        140.93684524666159              262          11
 ../1269_seed.dataconnected         111  0.14336175383137675       0.54404076525116329        15.913154675282820        60.388524942879123       0.20185172099199750        22.405541030111721        196.80988156640220        183.52573976624029              257          21
 ../1270_seed.dataconnected         121  0.14495657378343033       0.57416568546068070        17.539745427795069        69.474047940742366       0.20365870864444949        24.642703745978388        178.68736991302134        170.36063630832453              269          11
 ../1271_seed.dataconnected         155  0.16741494167243803       0.62115635973937078        25.949315959227896        96.279235759602471       0.21879437701747359        33.913128437708409        179.65323351344372        183.07582174064669              335          18
 ../1272_seed.dataconnected         167  0.16878748023364740       0.64928037475294476        28.187509199019114        108.42982258374177       0.22134287176237027        36.964259584315833        165.75902266498778        180.34664863817704              373          41
 ../1273_seed.dataconnected         151  0.18271507494691094       0.70553746263126427        27.589976316983552        106.53615685732090       0.22328523468386557        33.716070437263703        160.59901207996251        157.82481487200303              271          14
 ../1274_seed.dataconnected          77  0.18489500741830012       0.71009102490365605        14.236915571209108        54.677008917581517       0.22762595033487337        17.527198175785248        80.351526845078055        56.750904183421461              246          22
 ../1275_seed.dataconnected         108  0.14752289420327666       0.52224971433119671        15.932472573953879        56.402969147769248       0.20552215674142282        22.196392928073664        166.18311315435957        149.14532109094210              258          17
 ../1276_seed.dataconnected         158  0.13570130971295175       0.51607902394255278        21.440806934646375        81.540485782923341       0.17252361522836016        27.258731206080906        241.26591912209963        260.23390550152033              248          11
 ../1277_seed.dataconnected         119  0.13842354725899744       0.51458267589682394        16.472402123820697        61.235338431722049       0.18052565727726924        21.482553215995040        163.10465915472113        154.75261005441041              252          37
 ../1278_seed.dataconnected         108  0.15361777242490524       0.59375041721166266        16.590719421889766        64.125045058859570       0.21538866251260649        23.261975551361502        155.87051504455451        127.43746917858148              273          33
 ../1279_seed.dataconnected         154  0.17897825766411776       0.69299064716013015        27.562651680274136        106.72055966266004       0.22312959413940842        34.361957497468893        154.36848170200173        150.16188238871823              293          12
 ../1280_seed.dataconnected         108  0.17145420349589177       0.64467482659325492        18.517053977556312        69.624881272071534       0.23824763211649230        25.730744268581169        141.86236817635790        129.27671479916020              280          20
 ../1281_seed.dataconnected         131  0.14282275116311349       0.53493266015482277        18.709780402367869        70.076178480281783       0.19103118248855319        25.025084906000469        180.64804663773538        178.79298847441217              289          15
 ../1282_seed.dataconnected         200  0.19154642995855697       0.72751956467411649        38.309285991711391        145.50391293482329       0.24463849270225135        48.927698540450272        190.96870619731828        217.22856141391432              333          14
 ../1283_seed.dataconnected         119  0.17906728834583341       0.68426307372857542        21.309007313154176        81.427305773700482       0.22893579914470000        27.243360098219298        159.46301872730686        144.54790961961834              264          19
 ../1284_seed.dataconnected         132  0.13597799830160101       0.53885493625468961        17.949095775811333        71.128851585619032       0.18766324031750659        24.771547721910871        225.37542956295491        229.61698870967047              308          17
 ../1285_seed.dataconnected         113  0.16489975606800622       0.60602667475653316        18.633672435684701        68.481014247488247       0.21883002891894002        24.727793267840223        148.90695931853151        138.54786367048865              285          18
 ../1286_seed.dataconnected         122  0.15346160206511647       0.55645424160864088        18.722315451944208        67.887417476254186       0.21595450398117150        26.346449485702923        178.22884292802294        166.65626720996880              285          21
 ../1287_seed.dataconnected          82  0.17102253388488958       0.64993453375507704        14.023847778560945        53.294631767916314       0.22360068101358183        18.335255843113710        106.28901770343779        86.870800827541373              213          36
 ../1288_seed.dataconnected          95  0.14063718197432989       0.55217279466587110        13.360532287561339        52.456415493257758       0.18976917764595652        18.028071876365871        174.62302394747005        153.78727155040156              247          28
 ../1289_seed.dataconnected         112  0.18183819255704542       0.68710607113778366        20.365877566389088        76.955879967431770       0.22551809158304639        25.258026257301196        114.40077991887529        98.512267088978533              303          22
 ../1290_seed.dataconnected         150  0.19340985761651322       0.72834522670626134        29.011478642476984        109.25178400593920       0.24282740833247651        36.424111249871480        167.87340555005096        173.05440241551892              286          26
 ../1291_seed.dataconnected         128  0.18013194106542915       0.68803224007121200        23.056888456374931        88.068126729115136       0.23296655090122323        29.819718515356573        135.99028148516902        129.92108902621698              270          12
 ../1292_seed.dataconnected         136  0.17094478416152870       0.63338454474387307        23.248490645967902        86.140298085166734       0.21742761073229613        29.570155059592274        142.73994992054543        139.71029658698481              292          27
 ../1293_seed.dataconnected         149  0.18796834737938092       0.72570133261661007        28.007283759527759        108.12949855987490       0.22967450075063606        34.221500611844775        140.22779379124995        133.36404923465329              262           8
 ../1294_seed.dataconnected         145  0.16747253576491491       0.63294863799586920        24.283517685912663        91.777552509401033       0.20971458991062691        30.408615537040902        159.69056905042621        158.48072963990208              311          19
 ../1295_seed.dataconnected          98  0.14180944813310117       0.52744836256694438        13.897325917043915        51.689939531560547       0.17754047386282062        17.398966438556421        124.84150742417020        112.09530487249252              228          18
 ../1296_seed.dataconnected         203  0.17583402146226906       0.64826230600043078        35.694306356840620        131.59724811808744       0.23045121110394268        46.781595854100367        249.26656562099902        299.76940504923709              301           9
 ../1297_seed.dataconnected         125  0.19011002273835459       0.71496030836027924        23.763752842294323        89.370038545034902       0.23456976578964597        29.321220723705746        143.59423564546347        128.31046204376901              314          23
 ../1298_seed.dataconnected         195  0.17357423760581456       0.65859209202958202        33.846976333133838        128.42545794576850       0.20784812879965325        40.530385115932383        208.87606766465245        235.95156253451049              390          29
 ../1299_seed.dataconnected         149  0.17547588130101296       0.66358174316408580        26.145906313850933        98.873679731448789       0.21829343895337691        32.525722404053163        172.03683016184362        167.12967075349368              277          16
 ../1300_seed.dataconnected         164  0.18339249561770807       0.69128836506972291        30.076369281304125        113.37129187143455       0.22369909268436564        36.686651200235964        160.91346284069559        161.48076148419696              278          10
 ../1301_seed.dataconnected          91  0.17555341303183417       0.68852899407569124        15.975360585896910        62.656138460887902       0.23296474294414432        21.199791607917135        120.88080785100648        106.38269701197311              292          30
 ../1302_seed.dataconnected         139  0.18166344526533518       0.68573186961691535        25.251218891881589        95.316729876751239       0.22396336943390960        31.130908351313433        153.86539140323146        149.02216103820726              256          13
 ../1303_seed.dataconnected         184  0.16185166711756399       0.61161029719965965        29.780706749631776        112.53629468473737       0.20448378492162253        37.625016425578544        189.86010999204896        204.27791893377071              281           6
 ../1304_seed.dataconnected         147  0.14160856093042576       0.53385457768718858        20.816458456772587        78.476622920016723       0.19374199942644688        28.480073915687690        211.49639996535052        240.33640038552070              294          13
 ../1305_seed.dataconnected         142  0.17894891286912334       0.69307801569406124        25.410745627415515        98.417078228556690       0.22620019957935750        32.120428340268766        185.71786231246912        179.49617329916376              263          14
 ../1306_seed.dataconnected         160  0.16495735492410482       0.61885612359299913        26.393176787856770        99.016979774879857       0.21188768957546775        33.902030332074837        181.91057670216827        183.06354175493303              278           7
 ../1307_seed.dataconnected         180  0.16008771130528879       0.60008070180947604        28.815788034951982        108.01452632570569       0.19868342284155113        35.763016111479203        253.39139623359205        304.25593408191031              354          32
 ../1308_seed.dataconnected         109  0.13727637473922530       0.51413996587314514        14.963124846575557        56.041256280172817       0.19884812818542708        21.674445972211551        162.62899840034234        155.66770870017194              230          13
 ../1309_seed.dataconnected          94  0.19178889860582146       0.71724996590640711        18.028156468947216        67.421496795202273       0.23935737460147458        22.499593212538610        109.13045550857476        87.419359872926165              284          36
 ../1310_seed.dataconnected         192  0.16473154765567316       0.61902129410341578        31.628457149889247        118.85208846785582       0.20853058896033147        40.037873080383640        247.58698786937902        269.03544077418377              347          26
 ../1311_seed.dataconnected         165  0.18334385291769031       0.69121132045179945        30.251735731418901        114.04986787454690       0.22228564397733938        36.677131256260999        176.73913121011398        180.65542593996940              287          11
 ../1312_seed.dataconnected         129  0.17964595998788352       0.69656524991534330        23.174328838436974        89.856917239079280       0.22371020931737173        28.858617001940953        128.88777806688606        118.54604274829667              311          24
 ../1313_seed.dataconnected         173  0.17767658856499632       0.68347250172612872        30.738049821744365        118.24074279862027       0.21908384221536703        37.901504703258496        198.91980737255801        225.39337500884400              290          15
 ../1314_seed.dataconnected         154  0.16507424549330624       0.61436994440072035        25.421433805969162        94.612971437710939       0.20678282958255734        31.844555755713831        176.36080170809572        180.03049721481264              313          15
 ../1315_seed.dataconnected         156  0.13611211309569793       0.51316631531435775        21.233489642928877        80.053945189039808       0.18279943972358120        28.516712596878669        230.00208698850201        249.00090457304745              256          20
 ../1316_seed.dataconnected          97  0.15869055123516615       0.60820026118916970        15.392983469811117        58.995425335349459       0.21854234609397746        21.198607571115815        150.51030968715014        123.74379767898182              218           8
 ../1317_seed.dataconnected          75  0.18894060819229225       0.72774714290492826        14.170545614421918        54.581035717869618       0.25941300220400842        19.455975165300632        81.797628218527592        56.954019452177803              331          20
 ../1318_seed.dataconnected         154  0.18120993124561680       0.66493716181265261        27.906329411824988        102.40032291914851       0.23190069703710137        35.712707343713610        148.36737064195478        145.28481567780545              269          13
 ../1319_seed.dataconnected         103  0.18529918553525296       0.71871897154629283        19.085816110131056        74.028054069268165       0.22629580671682595        23.308468091833074        117.43703375293673        89.550438364753461              243          16
 ../1320_seed.dataconnected          70  0.17576744403303754       0.66232139014490787        12.303721082312627        46.362497310143553       0.24221348799218234        16.954944159452765        83.097988142484468        55.398968538031923              240          32
 ../1321_seed.dataconnected         151  0.15663971485631770       0.57869543637054632        23.652596943303973        87.383010891952495       0.20083465724114713        30.326033243413217        194.48405562028810        214.77374767052322              314          16
 ../1322_seed.dataconnected         116  0.17148361165983461       0.67416576653696159        19.892098952540813        78.203228918287550       0.21472756398240680        24.908397421959190        128.62181744896620        111.31370477012599              269          13
 ../1323_seed.dataconnected         206  0.18741619927804837       0.71746125110762604        38.607737051277965        147.79701772817097       0.24223002216105993        49.899384565178345        201.48364986096863        219.12800054124162              335          23
 ../1324_seed.dataconnected         105  0.18005496714402877       0.65484633818235660        18.905771550123021        68.758865509147441       0.21764291256336346        22.852505819153162        132.57640729806491        121.01873486619724              257          28
 ../1325_seed.dataconnected         188  0.17437019892164141       0.64255891493349793        32.781597397268584        120.80107600749761       0.21766174415164397        40.920407900509062        197.65374113866116        219.26148312506726              337          17
 ../1326_seed.dataconnected         143  0.14812518169841990       0.56035944893260425        21.181900982874044        80.131401197362408       0.20200197493769270        28.886282416090058        178.35821771491828        191.55394416927433              310          29
 ../1327_seed.dataconnected          85  0.13946488108861790       0.51664297981065810        11.854514892532523        43.914653283905942       0.21858931884161692        18.580092101537439        202.73798839670374        195.01190338848554              217          17
 ../1328_seed.dataconnected         180  0.14851149358357058       0.57701779908692485        26.732068845042704        103.86320383564647       0.19462025559939181        35.031646007890522        229.17344476541948        272.52035736919066              323          16
 ../1329_seed.dataconnected         165  0.17759952732622317       0.67485449500548389        29.303922008826824        111.35099167590484       0.22133460226501173        36.520209373726935        159.35018410530796        163.03297321964322              358          26
 ../1330_seed.dataconnected          85  0.15119029793203825       0.59341907554814455        12.851175324223252        50.440621421592283       0.20175514371449610        17.149187215732169        123.67552277278561        102.53714700492070              252          16
 ../1331_seed.dataconnected         147  0.19181642300578677       0.71066044094344594        28.197014181850655        104.46708481868656       0.23265628351372197        34.200473676517127        147.28440576403287        141.40134789479762              284          15
 ../1332_seed.dataconnected         115  0.18464226023742258       0.69103209456592174        21.233859927303598        79.468690875080995       0.24242431856765206        27.878796635279986        132.51201798226080        119.77227757679043              316          14
 ../1333_seed.dataconnected         149  0.17854616366094586       0.69929953951330281        26.603378385480934        104.19563138748212       0.22047309806369611        32.850491611490718        145.34419687198292        139.68115748961847              315          24
 ../1334_seed.dataconnected         135  0.15765367169614494       0.59737049915470264        21.283245678979569        80.645017385884856       0.19675578574112601        26.562031075052012        167.56799139391714        156.73247798969604              293          23
 ../1335_seed.dataconnected         190  0.16192168655578518       0.61481612611824976        30.765120445599184        116.81506396246745       0.20961916427060820        39.827641211415560        217.10016118463210        240.57823159398234              332          27
 ../1336_seed.dataconnected         162  0.17733085203998655       0.67424795664026183        28.727598030477822        109.22816897572241       0.22735850034650279        36.832077056133450        164.69335165292378        172.01429782305786              315          19
 ../1337_seed.dataconnected         109  0.17528084960037890       0.67317160304687484        19.105612606441301        73.375704732109355       0.22518367558659869        24.545020638939256        126.49593202183262        112.53316372064710              292          63
 ../1338_seed.dataconnected          96  0.18451347043689550       0.70370968719607274        17.713293161941969        67.556129970822980       0.24263832616124401        23.293279311479424        104.54546130651748        83.939922006407969              230          13
 ../1339_seed.dataconnected         165  0.17849686595657091       0.69382404945076404        29.451982882834201        114.48096815937606       0.21033288436603850        34.704925920396356        146.41357920530922        145.14875020060740              300          20
 ../1340_seed.dataconnected         178  0.14358241809906289       0.55931121776060777        25.557670421633194        99.557396761388176       0.19891808581931802        35.407419275838606        267.12741324300072        331.63315992075070              365          15
 ../1341_seed.dataconnected         155  0.12437467598279237       0.47903044486920876        19.278074777332815        74.249718954727356       0.17944289070174135        27.813648058769910        247.07428287490080        301.46843801555957              325          27
 ../1342_seed.dataconnected         119  0.17628979762989180       0.66700650607440437        20.978485917957126        79.373774222854124       0.22967791416379624        27.331671785491753        142.35290294610965        131.81458083482298              224          20
 ../1343_seed.dataconnected         184  0.16239237984572066       0.60825536209190967        29.880197891612603        111.91898662491138       0.20851616938049036        38.366975166010228        206.28445979484704        231.82850509664732              271          12
 ../1344_seed.dataconnected         137  0.18147478774144285       0.70113640550202638        24.862045920577671        96.055687553777616       0.23429981919921103        32.099075230291909        142.46551909748666        133.77377468567559              296          19
 ../1345_seed.dataconnected         173  0.16584693190149435       0.64813547783269920        28.691519218958522        112.12743766505696       0.20461679788448145        35.398706034015291        213.14363079533692        248.67012862613484              330          16
 ../1346_seed.dataconnected         149  0.18196660978981163       0.71370162677644999        27.113024858681932        106.34154238969104       0.22398549119151742        33.373838187536094        148.24310467898482        141.09794013973479              353          21
 ../1347_seed.dataconnected         182  0.16480400430424039       0.62912130122788346        29.994328783371749        114.50007682347479       0.21100573226199804        38.403043271683643        221.23124042952873        260.45130263514642              366          25
 ../1348_seed.dataconnected         117  0.16394747176265714       0.62627478129784020        19.181854196230887        73.274149411847304       0.21535765718283845        25.196845890392098        133.75873516988304        122.82376676195503              297          56
 ../1349_seed.dataconnected          60  0.17457238349151971       0.66535117370155550        10.474343009491182        39.921070422093329       0.23976492937163477        14.385895762298086        106.83823556112411        66.453962783447054              335          54
 ../1350_seed.dataconnected         175  0.17980983048047122       0.67154020778165602        31.466720334082463        117.51953636178980       0.21873657020253270        38.278899785443222        179.46998436022022        184.14102564886812              308          12
 ../1351_seed.dataconnected         104  0.18257025613407479       0.68250768794565886        18.987306637943778        70.980799546348521       0.23261282161574717        24.191733448037706        149.96292043677377        140.87051407469519              223          11
 ../1352_seed.dataconnected         159  0.14149910749641190       0.53211700293057773        22.498358091929493        84.606603465961854       0.19120092565113389        30.400947178530288        236.65942668304956        269.94923094176096              281          14
 ../1353_seed.dataconnected         153  0.14538116524360520       0.57825117610737786        22.243318282271595        88.472429944428811       0.19467461623242127        29.785216283560455        214.27892643421467        244.80661780138786              260          11
 ../1354_seed.dataconnected         138  0.16493603650264985       0.65891753878159121        22.761173037365680        90.930620351859588       0.21535354129954468        29.718788699337164        142.64683345669280        137.00204631770256              240           8
 ../1355_seed.dataconnected         167  0.17253039831650682       0.64947250617305308        28.812576518856638        108.46190853089986       0.22047417722536658        36.819187596636219        207.97490362838502        222.13866162745023              300          18
 ../1356_seed.dataconnected         123  0.13416545767474727       0.51394824549419293        16.502351293993915        63.215634195785732       0.18804349502089546        23.129349887570140        163.01264166399176        144.98811305272378              342          31
 ../1357_seed.dataconnected         169  0.16578170414952562       0.61810606592511352        28.017108001269829        104.45992514134419       0.20606392802151763        34.824803835636480        191.48443198411587        210.75002084156498              372          40
 ../1358_seed.dataconnected          89  0.17482500256116137       0.69026023310946039        15.559425227943363        61.433160746741976       0.21168211473777601        18.839708211662064        90.533360691882535        68.319648195780857              261          34
 ../1359_seed.dataconnected         191  0.17859308038042099       0.70074708717743117        34.111278352660406        133.84269365088934       0.21985118878569998        41.991577058068700        185.34238916254930        199.72099088355029              363          13
 ../1360_seed.dataconnected         106  0.16743342355391308       0.65683049130691540        17.747942896714786        69.624032078533034       0.20555936227106433        21.789292400732819        109.36541447960708        91.632728310628053              258          17
 ../1361_seed.dataconnected         153  0.15275469113540829       0.58446811845197699        23.371467743717467        89.423622123152484       0.21798345736633898        33.351468977049862        205.48149443090878        238.63047565440647              369          53
 ../1362_seed.dataconnected         193  0.17648813361275503       0.67960086651302620        34.062209787261722        131.16296723701404       0.22128523372367306        42.708050108668900        196.96416790748285        216.26208672765790              341          15
 ../1363_seed.dataconnected         110  0.16537426690785498       0.62445154684003101        18.191169359864048        68.689670152403409       0.20957863846314054        23.053650230945458        131.11284439185010        120.10338917301830              243          10
 ../1364_seed.dataconnected          99  0.18250788092407294       0.68926870263175188        18.068280211483220        68.237601560543439       0.23064970356131625        22.834320652570309        120.39710864926572        104.71550776932941              312          17
 ../1365_seed.dataconnected         191  0.17303718428641832       0.65816331633504244        33.050102198705900        125.70919341999310       0.22122304988081432        42.253602527235536        178.51271474578030        188.47634641926589              376          34
 ../1366_seed.dataconnected         109  0.10579655914892408       0.41569100724899033        11.531824947232725        45.310319790139943       0.14107691854405988        15.377384121302526        171.42043045177346        165.85364604212492              231          14
 ../1367_seed.dataconnected         136  0.14537142050460000       0.55917321688126720        19.770513188625600        76.047557495852345       0.19389484881998217        26.369699439517575        182.80767306064237        189.11136453588182              262          14
 ../1368_seed.dataconnected         115  0.16448909416889468       0.60976890141372242        18.916245829422888        70.123423662578077       0.22057964229378527        25.366658863785304        133.49325614108869        117.98748628873992              279          18
 ../1369_seed.dataconnected          96  0.16786822679627536       0.64449869831381890        16.115349772442435        61.871875038126618       0.21813835810031343        20.941282377630088        120.19695969775981        96.331970897307002              213          12
 ../1370_seed.dataconnected         125  0.16217008579944905       0.60457034764129036        20.271260724931132        75.571293455161296       0.21403084467831088        26.753855584788859        150.21652390652645        144.06081578411457              259          10
 ../1371_seed.dataconnected         129  0.12851687304388101       0.48054354677217054        16.578676622660652        61.990117533609997       0.18416918636627513        23.757825041249493        181.87734115209409        191.39480664301820              274          16
 ../1372_seed.dataconnected         159  0.17546028577268777       0.67084696824427847        27.898185437857354        106.66466795084028       0.21791841266313861        34.649027613439038        171.80168729263102        172.65627296676496              315          17
 ../1373_seed.dataconnected         173  0.17319653005681948       0.64499321280168775        29.962999699829769        111.58382581469198       0.21455882002237858        37.118675863871495        229.04387885033586        264.04883669158426              284          14
 ../1374_seed.dataconnected         170  0.17737354288359494       0.67973352693857025        30.153502290211140        115.55469957955694       0.21909719438366201        37.246523045222546        187.58523562732793        193.78688202977099              290          17
 ../1375_seed.dataconnected         122  0.15104158023559142       0.56220390972577039        18.427072788742151        68.588876986543994       0.20368166470581303        24.849163094109191        201.06234090755888        200.56795738239211              268          31
 ../1376_seed.dataconnected         112  0.17131236141189257       0.64212456216682667        19.186984478131969        71.917950962684586       0.22369667573887672        25.054027682754192        145.00246796524507        126.36098480164891              307          16
 ../1377_seed.dataconnected         157  0.18723567072053257       0.70781947694548331        29.396000303123614        111.12765788044088       0.22871928463713645        35.908927688030424        146.48855358208331        146.21414439056065              329          18
 ../1378_seed.dataconnected         116  0.14253550844425822       0.51154319073643328        16.534118979533954        59.339010125426263       0.18763208488352554        21.765321846488963        175.37268517936130        180.59208893764111              228          13
 ../1379_seed.dataconnected         195  0.17486370646143959       0.66398736259143243        34.098422759980721        129.47753570532933       0.22162439370324993        43.216756772133735        206.71801371631796        235.44822487720731              358          24
 ../1380_seed.dataconnected         180  0.17508265406532925       0.67826939591548074        31.514877731759263        122.08849126478654       0.22323473503480926        40.182252306265667        173.77346248460313        185.53028313703027              332          17
 ../1381_seed.dataconnected         139  0.16998089589741805       0.67963548711228516        23.627344529741109        94.469332708607638       0.22046892956308775        30.645181209269197        149.79404981004640        144.43723715365050              274          13
 ../1382_seed.dataconnected         170  0.17867907201140704       0.68050826909944706        30.375442241939197        115.68640574690600       0.21782640477625559        37.030488811963451        178.84762666207843        188.11193532746680              327          38
 ../1383_seed.dataconnected         168  0.15916950782469275       0.62641302595210502        26.740477314548382        105.23738835995364       0.19936098118022005        33.492644838276966        217.91795600367132        231.00036885707735              313          23
 ../1384_seed.dataconnected         115  0.17337526889462718       0.66991386410569320        19.938155922882125        77.040094372154712       0.22982012923634834        26.429314862180060        164.37493020433408        154.18251213542155              241          21
 ../1385_seed.dataconnected         192  0.17712110513260709       0.66427511740794254        34.007252185460558        127.54082254232497       0.22513318608384419        43.225571728098089        213.53846368983491        235.05511942206704              371          19
 ../1386_seed.dataconnected         146  0.15246029963091270       0.57232991093452057        22.259203746113254        83.560166996440003       0.20954173353451244        30.593093096038817        206.31227067164139        220.52909791109650              310          27
 ../1387_seed.dataconnected         154  0.15834176800859967       0.57559077577217466        24.384632273324350        88.640979468914892       0.20796365445920481        32.026402786717540        196.64442335509602        197.86379483026045              309          18
 ../1388_seed.dataconnected         167  0.15931588727303139       0.60677091712975773        26.605753174596241        101.33074316066954       0.20603960546262004        34.408614112257546        215.04208245982613        251.71064188844952              320          36
 ../1389_seed.dataconnected         124  0.16842739814056909       0.65406097761705018        20.884997369430568        81.103561224514223       0.21671534745693097        26.872703084659442        152.96719380568646        136.77560446839541              281          25
 ../1390_seed.dataconnected          97  0.17537676507479807       0.65315444469243600        17.011546212255414        63.355981135166289       0.22629968135013068        21.951069090962676        137.94219624761510        110.83777590392502              271          27
 ../1391_seed.dataconnected         169  0.18827955916276332       0.69685722440703768        31.819245498507001        117.76887092478937       0.22753366032465025        38.453188594865892        161.30115003544921        164.98523750949036              348          16
 ../1392_seed.dataconnected         122  0.13383404531578927       0.49462861552293486        16.327753528526291        60.344691093798055       0.18035341174254119        22.003116232590024        192.90777100081792        205.81117672693486              251          10
 ../1393_seed.dataconnected         138  0.15708257308326554       0.59837573019049595        21.677395085490645        82.575850766288440       0.20956066273480964        28.919371457403731        175.35068001499999        177.42201379036072              354          43
 ../1394_seed.dataconnected         113  0.19666053510668469       0.73399757360110951        22.222640467055371        82.941725816925370       0.24122032356491810        27.257896562835747        116.81520644012842        93.323714374299215              231          10
 ../1395_seed.dataconnected         125  0.18882955461652032       0.70192282095092084        23.603694327065039        87.740352618865103       0.23622333215823696        29.527916519779620        142.75355039185177        135.75230201705048              311          20
 ../1396_seed.dataconnected         177  0.18613770273948002       0.68215361875262448        32.946373384887963        120.74119051921453       0.23200907598562426        41.065606449455494        192.56159339239406        219.22425701902031              304          18
 ../1397_seed.dataconnected         146  0.18998539060014796       0.71389603822949721        27.737867027621604        104.22882158150659       0.24114644568599755        35.207381070155641        165.71927449367050        163.43330419413098              286          10
 ../1398_seed.dataconnected         185  0.15126479172677024       0.58333404446463621        27.983986469452493        107.91679822595771       0.19972926778996775        36.949914541144032        277.46864673850268        333.45726699546117              313          17
 ../1399_seed.dataconnected         153  0.17510208785800835       0.66291051044152571        26.790619442275279        101.42530809755344       0.22144784757556954        33.881520679062142        224.76151343549992        229.82709901652609              262          12
 ../1400_seed.dataconnected         144  0.16833531460308554       0.64039602207649315        24.240285302844317        92.217027179015020       0.20734194810306444        29.857240526841281        170.23544142241727        163.06659766313484              308          20
 ../1401_seed.dataconnected         194  0.16530847189857098       0.61382604280434527        32.069843548322773        119.08225230404298       0.20609246709784595        39.981938616982113        189.14344654814906        208.39391888521897              387          60
 ../1402_seed.dataconnected         150  0.18229380949331417       0.67856353014587167        27.344071423997125        101.78452952188076       0.22584803156557762        33.877204734836646        156.54211289956476        159.66339843018136              273           8
 ../1403_seed.dataconnected          81  0.14937944159207850       0.57321084598897609        12.099734768958358        46.430078525107064       0.19224655815694947        15.571971210712906        105.67971739604333        77.666178919119147              247          24
 ../1404_seed.dataconnected         130  0.16572268853694438       0.62162575205344850        21.543949509802768        80.811347766948302       0.22040926881343212        28.653204945746175        196.31405875932899        209.79867908449441              258          17
 ../1405_seed.dataconnected         128  0.15222087660876174       0.58677225230100860        19.484272205921503        75.106848294529101       0.21346679463089810        27.323749712754957        177.19295485719371        187.52391981732740              255          14
 ../1406_seed.dataconnected         150  0.17569472486132090       0.66262869376167033        26.354208729198135        99.394304064250548       0.22673827539354427        34.010741309031637        182.76875103869256        188.44599743933972              365          25
 ../1407_seed.dataconnected         138  0.19684118471656467       0.72016152556322133        27.164083490885925        99.382290527724550       0.22951448844496838        31.672999405405637        139.90957993418797        133.79250029893046              375          29
 ../1408_seed.dataconnected         128  0.16540439282319738       0.63373184991931542        21.171762281369265        81.117676789672373       0.22055200656337046        28.230656840111418        189.85891677726661        186.11525013155810              256          16
 ../1409_seed.dataconnected         119  0.17484860431546012       0.65081473840984305        20.806983913539753        77.446953870771324       0.23258532794627024        27.677654025606159        153.25634585034024        143.35490760426833              263          30
 ../1410_seed.dataconnected         105  0.15265311124246073       0.58498466274630712        16.028576680458375        61.423389588362248       0.19885120356451236        20.879376374273797        174.72914538631025        162.76973852606613              233          22
 ../1411_seed.dataconnected         165  0.15579012108623794       0.59696050199129969        25.705369979229260        98.498482828564448       0.20196614023286044        33.324413138421974        205.92995324806367        231.34422939434126              305          19
 ../1412_seed.dataconnected          41  0.16078775651689928       0.57620054424311973        6.5922980171928707        23.624222313967909       0.24490435278621978        10.041078464235010        65.852888812687155        43.479658909362023              245          39
 ../1413_seed.dataconnected         155  0.17398180199573102       0.66451338603302257        26.967179309338306        102.99957483511849       0.22905456656980480        35.503457818319745        175.89433442074872        179.34660595450774              325          24
 ../1414_seed.dataconnected         168  0.17511554219965472       0.66603698313040804        29.419411089541992        111.89421316590855       0.21042279546812914        35.351029638645699        173.22374496122856        181.57530046389215              310          24
 ../1415_seed.dataconnected         115  0.16491950017375678       0.63126427149007636        18.965742519982030        72.595391221358781       0.22739063456600764        26.149922975090877        154.05721060913353        137.54938762820143              305          30
 ../1416_seed.dataconnected         143  0.15577497568022408       0.58405774994787529        22.275821522272043        83.520258242546163       0.19250669809714449        27.528457827891661        151.46269338920038        148.30433234570322              307          17
 ../1417_seed.dataconnected         117  0.18010147793172301       0.67442557291481831        21.071872918011593        78.907792031033736       0.23480309341674890        27.471961929759622        160.43535586206661        147.53818576965463              302          24
 ../1418_seed.dataconnected         133  0.18547552614993842       0.69980052605576193        24.668244977941811        93.073469965416336       0.22920394965126323        30.484125303618008        143.26571883348976        131.06939094340456              257           7
 ../1419_seed.dataconnected         114  0.18702074037201696       0.73660184125932426        21.320364402409933        83.972609903562969       0.24250926066369091        27.646055715660765        159.66588826494771        148.69129603637558              264          32
 ../1420_seed.dataconnected          86  0.16436825508385497       0.63165153559597220        14.135669937211528        54.322032061253609       0.22434083576089919        19.293311875437329        127.05548168890850        102.48058085188732              217          20
 ../1421_seed.dataconnected         122  0.15960465228407023       0.61497406487614126        19.471767578656568        75.026835914889233       0.21313044786740140        26.001914639822971        209.15001897053324        229.35358760009586              271          31
 ../1422_seed.dataconnected         121  0.15172296413888076       0.57760399451852895        18.358478660804572        69.890083336742009       0.20872570740557828        25.255810596074973        228.09797807513786        244.62242676193378              255          18
 ../1423_seed.dataconnected         153  0.16183134877937749       0.62990069772574486        24.760196363244756        96.374806752038964       0.20922622579389488        32.011612546465919        203.81959477959523        217.98561315130303              266           7
 ../1424_seed.dataconnected         162  0.16111189384558874       0.62310127160416340        26.100126802985375        100.94240599987447       0.20104538153153131        32.569351808108074        154.60796068209035        155.66793603487864              339          22
 ../1425_seed.dataconnected         179  0.17851427058792046       0.67024263293403608        31.954054435237762        119.97343129519246       0.22147172027230663        39.643437928742884        172.48167451220851        176.33450625701335              316          20
 ../1426_seed.dataconnected         153  0.15734273656516673       0.60073482463750350        24.073438694470511        91.912428169538032       0.20912492420607789        31.996113403529918        210.93669996116535        227.31685301492953              280          12
 ../1427_seed.dataconnected         145  0.18465822957884820       0.70580674673529609        26.775443288932991        102.34197827661794       0.23465408580567562        34.024842441822962        189.65698218002399        199.02686049784498              352          45
 ../1428_seed.dataconnected         142  0.19822628394544101       0.73681320162848052        28.148132320252621        104.62747463124424       0.24207173371453075        34.374186187463366        127.09995090098775        119.17106571805179              280          18
 ../1429_seed.dataconnected         102  0.14942454989186713       0.57211008197001711        15.241304088970447        58.355228360941744       0.19616133044821177        20.008455705717601        165.61536350710966        154.59546673996257              236          19
 ../1430_seed.dataconnected         164  0.18507879725992071       0.70016208236878197        30.352922750626998        114.82658150848025       0.24025030824750615        39.401050552591009        193.94433553169307        203.60158877303860              301          19
 ../1431_seed.dataconnected         116  0.16263500112311408       0.59520806287705907        18.865660130281231        69.044135293738847       0.23750466629665562        27.550541290412053        172.89287835243209        169.01900975645711              225           7
 ../1432_seed.dataconnected         135  0.18588885033454836       0.70464524609592960        25.094994795164027        95.127108222950497       0.23171573430040376        31.281624130554508        163.72481727820650        159.75687766367170              356          43
 ../1433_seed.dataconnected         205  0.18284753964450653       0.67943099787963068        37.483745627123838        139.28335456532429       0.21897624510459213        44.890130246441387        205.33860321380681        235.96571550060790              356          11
 ../1434_seed.dataconnected         189  0.15709366767422739       0.62375681707049602        29.690703190428977        117.89003842632374       0.20269541932118812        38.309434251704552        226.65724394314898        264.98328806127904              346          14
 ../1435_seed.dataconnected         141  0.16556547056495247       0.63454429094054454        23.344731349658296        89.470745022616782       0.21643539349035776        30.517390482140446        182.84946852810029        173.12313693904369              289          10
 ../1436_seed.dataconnected         159  0.18713627328075733       0.71776078206671345        29.754667451640415        114.12396434860744       0.23483620142568939        37.338956026684613        157.37536010881095        152.81270217121940              307          14
 ../1437_seed.dataconnected         109  0.18527495933130794       0.70921178007164609        20.194970567112566        77.304084027809424       0.23317781233165585        25.416381544150489        139.17431827754197        126.99788619229035              257          16
 ../1438_seed.dataconnected         154  0.15283360480249183       0.57505504748447644        23.536375139583743        88.558477312609369       0.21129598746215331        32.539582069171608        242.54459933926671        253.15785217030674              247           8
 ../1439_seed.dataconnected         101  0.15726657347267292       0.60087604810457418        15.883923920739965        60.688480858561995       0.21208445881317894        21.420530340131073        156.45843226089031        139.19842848272444              316          48
 ../1440_seed.dataconnected         173  0.17845048534969751       0.68418232075186691        30.871933965497671        118.36354149007298       0.22479105692733281        38.888852848428577        176.04173613666248        188.01996922918042              278          10
 ../1441_seed.dataconnected         116  0.17152364482806501       0.64964356858769656        19.896742800055542        75.358653956172802       0.23566453111601460        27.337085609457695        132.64764035804785        106.95985121052183              278          15
 ../1442_seed.dataconnected         206  0.17082942919398633       0.65840408065908285        35.190862413961185        135.63124061577108       0.21485601853545527        44.260339818303784        248.23626088443228        305.27889206289700              333          16
 ../1443_seed.dataconnected         114  0.17314867470381762       0.63939330212765855        19.738948916235209        72.890836442553081       0.22747720739019661        25.932401642482414        135.91549582694535        116.95279348836424              256          16
 ../1444_seed.dataconnected         113  0.12087905429689823       0.45865971488216911        13.659333135549499        51.828547781685110       0.17770878935615472        20.081093197245483        204.39172183206412        205.60018767672307              278          19
 ../1445_seed.dataconnected         141  0.17689559773232311       0.66516699162760140        24.942279280257559        93.788545819491802       0.21740600566071855        30.654246798161317        160.76978957063849        150.03795922240792              324          38
 ../1446_seed.dataconnected         168  0.14276965236329586       0.55109237621401419        23.985301597033704        92.583519203954381       0.18741340304976203        31.485451712360021        259.05238403051129        275.95642665587764              305          17
 ../1447_seed.dataconnected         140  0.14673270008928457       0.55755291037642907        20.542578012499842        78.057407452700076       0.19982660163986221        27.975724229580710        184.69090262426897        195.41454803509671              277          12
 ../1448_seed.dataconnected          96  0.13149039326385284       0.46283046315096771        12.623077753329873        44.431724462492902       0.21257104705386018        20.406820517170576        161.49779684944644        144.56388487796019              276          21
 ../1449_seed.dataconnected          35  0.14183079795944631       0.51843883371869082        4.9640779285806209        18.145359180154177       0.20737250195992854        7.2580375685974987        82.985059327977879        49.529336113405805              203          31
 ../1450_seed.dataconnected          51  0.19716250811285888       0.73286053419109931        10.055287913755803        37.375887243746064       0.26060583033379608        13.290897347023600        58.147160040420871        31.308790002217417              265          33
 ../1451_seed.dataconnected         165  0.19112491246906466       0.73458842853042960        31.535610557395668        121.20709070752089       0.23852970208363847        39.357400843800349        170.62474023398406        180.12616502282185              309           9
 ../1452_seed.dataconnected         147  0.15754783757863219       0.60571763625116326        23.159532124058934        89.040492528920993       0.20075162098231158        29.510488284399802        184.38003725026033        199.97323058735103              267          12
 ../1453_seed.dataconnected         121  0.18964978340767363       0.69715504802417727        22.947623792328510        84.355760810925446       0.24118935497517344        29.183911951995984        147.05400569202945        123.91308191390360              291          19
 ../1454_seed.dataconnected         181  0.17278188321287069       0.67135617854789487        31.273520861529594        121.51546831716897       0.20616554061262654        37.315962850885406        189.97239511309959        210.79284032993814              336          18
 ../1455_seed.dataconnected         129  0.14483208504374659       0.56222898486162065        18.683338970643309        72.527539047149062       0.19851549800769708        25.608499242992924        263.03876222240262        281.71742560756383              232          22
 ../1456_seed.dataconnected         165  0.14850187843198187       0.57570547401317773        24.502809941277008        94.991403212174319       0.19977002756432521        32.962054548113663        226.82722562554216        258.81095607959969              268           9
 ../1457_seed.dataconnected         118  0.16275262863458839       0.60850364527962553        19.204810178881431        71.803430142995808       0.20833831633529956        24.583921327565349        138.82392554505890        127.86776575309577              260           9
 ../1458_seed.dataconnected         140  0.17341711771299465       0.64178045567131403        24.278396479819250        89.849263793983965       0.22213116643966269        31.098363301552777        170.25065669063517        170.90790994179497              266          23
 ../1459_seed.dataconnected         107  0.19896524177038735       0.73515851808772603        21.289280869431447        78.661961435386687       0.24524936284856302        26.241681824796245        127.25386213529018        113.88969315136904              287          15
 ../1460_seed.dataconnected         121  0.16847890541677046       0.65814425994364456        20.385947555429226        79.635455453180995       0.21930334370633842        26.535704588466949        143.35358236291302        130.97736206713813              266          19
 ../1461_seed.dataconnected         135  0.17830807895773404       0.67400592368003298        24.071590659294095        90.990799696804459       0.22632245779355867        30.553531802130419        130.69557335930085        123.51874664134559              373          24
 ../1462_seed.dataconnected         183  0.15291615219545907       0.57196920126292150        27.983655851769008        104.67036383111463       0.20425705907364644        37.379041810477297        256.24430484506780        287.24532128865195              316          17
 ../1463_seed.dataconnected         127  0.19760750140841374       0.74246195147270277        25.096152678868545        94.292667837033250       0.23639789373973993        30.022532504946973        125.90839020970498        114.50188055812863              272          13
 ../1464_seed.dataconnected         134  0.15396222302635973       0.61037198117885361        20.630937885532205        81.789845477966381       0.19012125676204264        25.476248406113715        157.37964979519938        152.23431265665619              262          12
 ../1465_seed.dataconnected         186  0.16455896718762353       0.64398906506468845        30.607967896897975        119.78196610203206       0.20918304810915272        38.908046948302406        236.33209369039989        257.68092608461598              331          24
 ../1466_seed.dataconnected         163  0.15876521869638846       0.59869402780159031        25.878730647511318        97.587126531659223       0.20257008592126621        33.018924005166390        207.31152055664401        219.41217612354015              333          30
 ../1467_seed.dataconnected         165  0.10009877304694129       0.36153244797352646        16.516297552745311        59.652853915631866       0.13429115007467049        22.158039762320630        312.80377966196806        425.20003378736470              303          12
 ../1468_seed.dataconnected         201  0.16323629563962402       0.61285650975429484        32.810495423564426        123.18415846061326       0.20772935128829176        41.753599608946644        246.17767786816415        306.71372924742258              347          16
 ../1469_seed.dataconnected         155  0.15958808721749901       0.60109716659687851        24.736153518712346        93.170060822516163       0.21035707426850650        32.605346511618507        246.57048186015876        263.50710868880736              347          15
 ../1470_seed.dataconnected         160  0.16819217917720761       0.64508104359145446        26.910748668353218        103.21296697463271       0.21484512982555840        34.375220772089342        211.31001117445732        245.95418377536103              337          22
 ../1471_seed.dataconnected          86  0.18826310595707177       0.69723714004103321        16.190627112308171        59.962394043528853       0.23624662949258224        20.317210136362071        87.321875570637843        63.709654169662379              261          17
 ../1472_seed.dataconnected         132  0.18545574898602518       0.69940377114844765        24.480158866155325        92.321297791595086       0.22357179490331805        29.511476927237982        136.06978585512149        118.98999763160080              273          15
 ../1473_seed.dataconnected         147  0.17737962848676886       0.66906382404552411        26.074805387555021        98.352382134692050       0.22232190762929749        32.681320421506733        196.48375540032873        198.09881243899829              338          16
 ../1474_seed.dataconnected         174  0.17698853986421964       0.66945633012890982        30.796005936374218        116.48540144243030       0.21847368542619386        38.014421264157733        179.83286338972002        192.98847253800989              354          30
 ../1475_seed.dataconnected         113  0.18676876002814269       0.71146973612298214        21.104869883180125        80.396080181896977       0.24023026055879018        27.146019443143292        111.89854902504938        95.354171032619803              248          22
 ../1476_seed.dataconnected         120  0.16716403861123241       0.64381548197810867        20.059684633347889        77.257857837373038       0.20652049905911607        24.782459887093928        145.82944078617015        132.28473428418499              265          13
 ../1477_seed.dataconnected         185  0.18410226819972689       0.69286078119880012        34.058919616949474        128.17924452177803       0.23208734686078961        42.936159169246075        246.94436491314124        294.16707577102375              306           8
 ../1478_seed.dataconnected         170  0.15649932629918747       0.58985500090228582        26.604885470861870        100.27535015338859       0.20745489877077833        35.267332791032317        242.86692869871470        261.90305251218189              318          14
 ../1479_seed.dataconnected          95  0.14138340209128492       0.54155694107456076        13.431423198672068        51.447909402083269       0.16560730230949905        15.732693719402409        172.24780122844706        145.91262970196141              276          15
 ../1480_seed.dataconnected         140  0.18840340298130276       0.71178093554240440        26.376476417382385        99.649330975936621       0.23148342494129664        32.407679491781529        134.06915245164959        125.72377568829130              385          50
 ../1481_seed.dataconnected         149  0.18819570444122491       0.68896622304831434        28.041159961742512        102.65596723419884       0.22716424840837318        33.847473012847601        156.38610335004554        159.55716924274290              315          13
 ../1482_seed.dataconnected         111  0.15159350060507656       0.58381553144350795        16.826878567163497        64.803523990229380       0.21570104632279355        23.942816141830082        183.21442156433315        192.78548866651195              289          24
 ../1483_seed.dataconnected          80  0.10756330905015710       0.40983028690178003        8.6050647240125677        32.786422952142402       0.17194066328198693        13.755253062558953        159.82167987217599        137.94254433919787              248          19
 ../1484_seed.dataconnected         107  0.18345636611886137       0.69252042594599517        19.629831174718166        74.099685576221489       0.23001124826636279        24.611203564500819        131.45347969169515        107.90531773461295              270          25
 ../1485_seed.dataconnected          93  0.18983878785318378       0.70337111870380598        17.655007270346093        65.413514039453958       0.23580414747937858        21.929785715582209        98.705482518109974        79.396686799621904              252          14
 ../1486_seed.dataconnected         151  0.18360314408780615       0.67952700227246432        27.724074757258727        102.60857734314212       0.23509306271397862        35.499052469810771        166.57062341190138        161.41889976589846              274          23
 ../1487_seed.dataconnected         122  0.17142650340459617       0.65724598084751118        20.914033415360734        80.184009663396367       0.22942477537059472        27.989822595212555        139.64592491736823        132.16640808448986              282          12
 ../1488_seed.dataconnected         179  0.18494674670026373       0.70510048300546724        33.105467659347205        126.21298645797863       0.23376528505530991        41.843986024900474        201.31767337030351        217.17824599496004              328          23
 ../1489_seed.dataconnected          82  0.14759269849177578       0.55445461642355021        12.102601276325615        45.465278546731113       0.18700253485801682        15.334207858357379        109.71961578323945        88.737218794850534              229          23
 ../1490_seed.dataconnected         153  0.14327168485925415       0.53648529055088878        21.920567783465884        82.082249454285986       0.18894568223470201        28.908689381909408        274.89596060402329        327.62511533269281              323          22
 ../1491_seed.dataconnected         219  0.19149692833480400       0.69057044232356435        41.937827305322074        151.23492686886058       0.23803838863021567        52.130407110017231        230.87986317595940        256.23469806303837              353          19
 ../1492_seed.dataconnected         109  0.18910912023863441       0.71698946599455549        20.612894106011151        78.151851793406550       0.24740528678111467        26.967176259141500        111.66974176657116        89.111629464435808              239           9
 ../1493_seed.dataconnected         134  0.16020977472258793       0.62607644093985060        21.468109812826782        83.894243085939976       0.21354688183231743        28.615282165530537        169.92302633757069        168.82165633210266              382          22
 ../1494_seed.dataconnected         161  0.16578809175239770       0.63969570337089221        26.691882772136029        102.99100824271365       0.20996447170768456        33.804279944937214        195.36468529499908        207.59606390883448              284          22
 ../1495_seed.dataconnected         124  0.19365493678041185       0.74060632441532970        24.013212160771069        91.835184227500889       0.24354108774999944        30.199094880999930        128.85997484234994        116.45166147231612              264          15
 ../1496_seed.dataconnected         198  0.17221815165645499       0.63629831496223410        34.099194027978086        125.98706636252236       0.20986802485389358        41.553868921070929        216.66697911152664        252.90813720464911              379          20
 ../1497_seed.dataconnected         188  0.16194649509401834       0.62911648414318888        30.445941077675450        118.27389901891951       0.20528166976356033        38.592953915549344        195.48527359661045        217.41089327593551              344          15
 ../1498_seed.dataconnected         168  0.17587865475892397       0.65453428494884935        29.547613999499227        109.96175987140668       0.21440636554242776        36.020269411127863        190.26276085740699        203.66902327418813              310          15
 ../1499_seed.dataconnected         103  0.11016940403191190       0.41124842556890606        11.347448615286925        42.358587833597326       0.14586193392003444        15.023779193763547        186.35398752425937        163.96945643805830              264          28
 ../1500_seed.dataconnected          54  0.17251749359293958       0.64605824229572906        9.3159446540187378        34.887145083969372       0.24050466530599446        12.987251926523701        67.430602242849872        41.724182179545437              253          33
 ../1501_seed.dataconnected         121  0.19416751285561296       0.72107722341321168        23.494269055529166        87.250344032998612       0.25414706872118764        30.751795315263706        153.78782922562493        145.16754880601999              237          17
 ../1502_seed.dataconnected         153  0.16118624044044735       0.61662314971123922        24.661494787388445        94.343341905819599       0.20156251554709823        30.839064878706029        191.38949438526674        190.77511155979607              333          24
 ../1503_seed.dataconnected         115  0.16941715804054022       0.64527614551674783        19.482973174662124        74.206756734425994       0.21773634519062687        25.039679696922089        157.84085266017743        146.37494279815365              283          22
 ../1504_seed.dataconnected         128  0.15202602681227914       0.57303737995025816        19.459331431971730        73.348784633633045       0.19369864445798915        24.793426490622611        158.22525440468863        143.69044894973905              298          27
 ../1505_seed.dataconnected         153  0.17898250917728445       0.69998338820551997        27.384323904124521        107.09745839544456       0.22388127726115023        34.253835420955987        162.58414677834975        163.85411055853879              281          32
 ../1506_seed.dataconnected         110  0.12491149489575085       0.47073847390997248        13.740264438532593        51.781232130096974       0.17728916692861774        19.501808362147951        207.52255503266355        206.51182330378225              251          30
 ../1507_seed.dataconnected         142  0.19007777620674643       0.71779229600157635        26.991044221357992        101.92650603222384       0.23175634761882000        32.909401361872440        131.91545169114218        124.20998595749704              293          18
 ../1508_seed.dataconnected         170  0.12651795052872283       0.48129480271550240        21.508051589882882        81.820116461635408       0.15270812080692187        25.960380537176718        210.27681315047087        237.96313304851802              302          27
 ../1509_seed.dataconnected         175  0.16467939761907466       0.62361065807961147        28.818894583338064        109.13186516393201       0.21362098237902491        37.383671916329362        215.80267233714113        251.46132338033141              320          32
 ../1510_seed.dataconnected         111  0.16453325970613245       0.62300886498209362        18.263191827380702        69.153984013012391       0.21954811826784418        24.369841127730705        173.37358367472748        153.66875129886756              233          10
 ../1511_seed.dataconnected         146  0.16981752629114821       0.65112845691150134        24.793358838507640        95.064754709079196       0.21967755865449587        32.072923563556394        159.31539243381292        157.55482452319256              278          18
 ../1512_seed.dataconnected         170  0.17734761077116412       0.67883363013751408        30.149093831097900        115.40171712337740       0.21354798547970874        36.303157531550482        173.14224120833691        183.18380757021740              320          16
 ../1513_seed.dataconnected         147  0.17730694313132919       0.69048564926194655        26.064120640305390        101.50139044150615       0.21222146245124210        31.196554980332589        133.32015259013986        125.26577580967310              392          48
 ../1514_seed.dataconnected         141  0.15764953005179375       0.59317094267834714        22.228583737302920        83.637102917646942       0.21295180439417180        30.026204419578225        257.84445950500185        302.43970529176624              245           9
 ../1515_seed.dataconnected         177  0.15822834300697228       0.60528706599970994        28.006416712234092        107.13581068194866       0.21075895486074339        37.304335010351579        255.61217359452945        300.74339763634924              323          14
 ../1516_seed.dataconnected         125  0.16734819311623808       0.64765470698404726        20.918524139529762        80.956838373005908       0.21284148037078146        26.605185046347682        138.95202763940219        123.25335998181345              218           8
 ../1517_seed.dataconnected         115  0.16546455975296073       0.65001364762580927        19.028424371590486        74.751569476968072       0.21439548658606153        24.655480957397074        146.39733272518197        137.93148094382292              279          40
 ../1518_seed.dataconnected         179  0.15676595480114924       0.59325005053667934        28.061105909405715        106.19175904606560       0.21000827834824634        37.591481824336093        226.81123195031350        256.63357767228081              335          17
 ../1519_seed.dataconnected         155  0.16043268260990357       0.60812273425101326        24.867065804535052        94.259023808907060       0.20434543787778459        31.673542871056611        176.09143755184189        188.35697899171294              293          17
 ../1520_seed.dataconnected         142  0.17051164414355238       0.65266228249008695        24.212653468384438        92.678044113592350       0.21334896167868334        30.295552558373032        161.20857698933611        160.93054703343989              301          17
 ../1521_seed.dataconnected         202  0.18370162174532489       0.67957157985756567        37.107727592555626        137.27345913122826       0.22324809994940442        45.096116189779693        197.12561185484373        213.91758462006194              303          13
 ../1522_seed.dataconnected         109  0.16522644785675908       0.64351065531095375        18.009682816386739        70.142661428893959       0.22736261042777461        24.782524536627434        160.87386306625416        147.13769001838449              274          34
 ../1523_seed.dataconnected         150  0.16532387467652185       0.60638191259840302        24.798581201478278        90.957286889760454       0.20759094176876478        31.138641265314718        164.98435817999112        165.84033133397816              307          14
 ../1524_seed.dataconnected         134  0.17014497656277866       0.64518083514573288        22.799426859412339        86.454231909528204       0.21491805003117892        28.799018704177975        166.41338480681392        159.72797903802731              231          16
 ../1525_seed.dataconnected         164  0.18411944417363180       0.70709299156575300        30.195588844475616        115.96325061678350       0.23088887165947478        37.865774952153863        181.09856436032564        190.37745742436411              310          20
 ../1526_seed.dataconnected         156  0.16098908918124805       0.60149255554889192        25.114297912274694        93.832838665627136       0.20754920162884269        32.377675454099460        154.56544086027321        147.79689004623998              315          22
 ../1527_seed.dataconnected         138  0.17432532199340284       0.66063295339017081        24.056894435089593        91.167347567843578       0.21852538823789217        30.156503576829120        156.76842394035197        154.03836674486220              287          19
 ../1528_seed.dataconnected         101  0.15311277248307395       0.59877083497675831        15.464390020790470        60.475854332652588       0.19903882477287774        20.102921302060651        153.22918225938125        125.69575052176388              254          17
 ../1529_seed.dataconnected         101  0.19521497439130739       0.74133928202904853        19.716712413522046        74.875267484933900       0.24395737502949175        24.639694877978666        99.073410405158796        80.858373411596830              269          11
 ../1530_seed.dataconnected         179  0.18051360954148465       0.70354733733561070        32.311936107925753        125.93497338307432       0.22548898284525254        40.362527929300207        140.65983920511891        140.89542737008105              291          21
 ../1531_seed.dataconnected         134  0.16359729032088829       0.60172176268156430        21.922036902999032        80.630716199329612       0.21693705273303787        29.069565066227074        216.79408566303499        230.67848189840785              311          21
 ../1532_seed.dataconnected         102  0.15734437789082653       0.59365324736755576        16.049126544864308        60.552631231490686       0.21474606345555541        21.904098472466654        137.85603458346105        111.36604798241289              298          22
 ../1533_seed.dataconnected         187  0.18498381007749978       0.71420320008356697        34.591972484492459        133.55599841562702       0.23362942300032272        43.688702101060350        202.69566320296826        220.86030895851027              359          21
 ../1534_seed.dataconnected         132  0.17020695729929228       0.64455999651957774        22.467318363506582        85.081919540584266       0.22302824895982559        29.439728862696978        158.73352381661834        149.97713313431666              271          16
 ../1535_seed.dataconnected         163  0.18978714876822517       0.73591339627627905        30.935305249220701        119.95388359303348       0.23460779834317905        38.241071129938184        158.50222373178713        155.05961637073005              307          17
 ../1536_seed.dataconnected          99  0.18513123688956878       0.72862547040537795        18.327992452067310        72.133921570132415       0.22895887909084997        22.666929029994147        115.68273477090318        98.748405369233822              216          18
 ../1537_seed.dataconnected         166  0.18296147426212800       0.70393164536393504        30.371604727513247        116.85265313041322       0.22553931512013742        37.439526309942813        158.88344148689418        159.65726343453147              342          17
 ../1538_seed.dataconnected         155  0.18343064170997175       0.69918783310312105        28.431749465045623        108.37411413098376       0.22768520914180282        35.291207416979439        140.27682114494672        137.55480757046422              309          18
 ../1539_seed.dataconnected         117  0.18062499962780099       0.66861419054010707        21.133124956452715        78.227860293192521       0.22046901757338686        25.794875056086262        112.34355626772208        92.280102644657788              280          24
 ../1540_seed.dataconnected         155  0.18978423305580169       0.71521798595649488        29.416556123649261        110.85878782325670       0.23453526024881843        36.352965338566854        147.94047252574234        144.35636824255843              280          12
 ../1541_seed.dataconnected         133  0.15783972540338811       0.61803449625866891        20.992683478650619        82.198588002402971       0.19331627470295526        25.711064535493051        142.96984663135476        134.19607942783458              316          38
 ../1542_seed.dataconnected         101  0.14230009183927991       0.56961354041863643        14.372309275767272        57.530967582282280       0.18987809151417334        19.177687242931508        177.62455132192414        158.07190345822977              257          17
 ../1543_seed.dataconnected         164  0.17505882764921796       0.66824594676401550        28.709647734471744        109.59233526929854       0.23370738632424012        38.328011357175377        233.65385967512685        243.43415950622762              308           9
 ../1544_seed.dataconnected         147  0.18491846874062351       0.67622798227543823        27.183014904871655        99.405513394489418       0.23718335346586419        34.865952959482037        168.20259366961685        163.59547489676217              259          20
 ../1545_seed.dataconnected         150  0.17984141468360687       0.68442410902402973        26.976212202541031        102.66361635360445       0.23895953760255115        35.843930640382673        217.05387149550913        250.24456070416107              276          20
 ../1546_seed.dataconnected         128  0.13843152295320676       0.52563172102566880        17.719234938010466        67.280860291285606       0.18512687405503075        23.696239879043937        157.23220271545873        147.57555157684760              316          24
 ../1547_seed.dataconnected         144  0.19044884412118465       0.71819389687755697        27.424633553450590        103.41992115036820       0.24636185349502429        35.476106903283501        167.05676821685805        159.01161760138103              281          13
 ../1548_seed.dataconnected         172  0.15256748103155651       0.58978519925785067        26.241606737427720        101.44305427235031       0.20671481640449738        35.554948421573549        210.60869647258531        235.88234885097609              310          49
 ../1549_seed.dataconnected         155  0.18731010742979917       0.73265629997778015        29.033066651618871        113.56172649655592       0.23203790915525629        35.965875919064729        142.79078917115706        138.15322669183919              329          42
 ../1550_seed.dataconnected         116  0.17087285559067719       0.65655174099164670        19.821251248518553        76.160001955031021       0.21051662093943960        24.419928028974994        128.18786009167050        109.53757315042938              234          23
 ../1551_seed.dataconnected         129  0.18152431965084814       0.67243471536283961        23.416637234959410        86.744078281806310       0.22572436859514511        29.118443548773719        126.05631487075877        108.73110128027420              300          17
 ../1552_seed.dataconnected          75  0.16311898170890904       0.57896350133824437        12.233923628168178        43.422262600368327       0.21990398650916063        16.492798988187047        131.98116218243354        109.99212989982880              244          13
 ../1553_seed.dataconnected         119  0.15466704821937030       0.58639903635550950        18.405378738105068        69.781485326305628       0.21922930669301052        26.088287496468251        217.29639017051352        222.42933853850150              199           5
 ../1554_seed.dataconnected         148  0.16862242670102801       0.63575240449751813        24.956119151752144        94.091355865632679       0.20744501879156219        30.701862781151203        215.13411617669422        232.63553879123322              224           9
 ../1555_seed.dataconnected         109  0.18754919705011330       0.68784041810670271        20.442862478462349        74.974605573630598       0.23455204945906749        25.566173391038358        130.23713256141457        114.31795998678261              292          21
 ../1556_seed.dataconnected          99  0.13875153112282318       0.53139568973442730        13.736401581159495        52.608173283708304       0.19858272646103015        19.659689919641984        164.54544876238612        150.89748371609056              244          26
 ../1557_seed.dataconnected         114  0.15878242253190347       0.61097654723036077        18.101196168636996        69.651326384261125       0.21012893854472006        23.954698994098088        139.81461464984139        121.66867155211274              273          13
 ../1558_seed.dataconnected          79  0.18046072856368781       0.66002326381584675        14.256397556531336        52.141837841451895       0.24878971274515507        19.654387306867250        101.92747374387757        73.007162488134796              212          14
 ../1559_seed.dataconnected          99  0.16881491078584646       0.63175843588233827        16.712676167798801        62.544085152351485       0.23125437726146136        22.894183348884674        140.29012119350719        121.27241989505451              259          22
 ../1560_seed.dataconnected          81  0.16981831249099902       0.65601902812987944        13.755283311770921        53.137541278520231       0.21927020959758578        17.760886977404446        106.02799017557581        82.324925894996042              277          28
 ../1561_seed.dataconnected          53  0.17492768568708994       0.69314641012934963        9.2711673414157669        36.736759736855532       0.23440315899321762        12.423367426640533        67.180301772696296        39.364640581837946              247          39
 ../1562_seed.dataconnected         116  0.16617501787935976       0.63612309241602760        19.276302074005731        73.790278720259195       0.21943101210768459        25.453997404491414        127.06323285171089        112.15380882002307              268          12
 ../1563_seed.dataconnected          76  0.14254289246780150       0.55597805828237856        10.833259827552913        42.254332429460774       0.20838074260981784        15.836936438346155        149.03977476228587        133.65688899057329              209          17
 ../1564_seed.dataconnected          93  0.15153170810727259       0.58198959904452674        14.092448853976352        54.125032711140989       0.19671491901869659        18.294487468738783        120.30500223788347        101.00859343619692              180           8
 ../1565_seed.dataconnected         188  0.15745847285702635       0.58138339454537591        29.602192897120954        109.30007817453067       0.19977024842907365        37.556806704665846        239.96121489319304        282.13583491790473              303          10
 ../1566_seed.dataconnected         140  0.19717101473024326       0.73839894739631617        27.603942062234058        103.37585263548426       0.24202315368104513        33.883241515346320        126.76896715218669        113.36472919881730              274          10
 ../1567_seed.dataconnected         120  0.14733096186790484       0.57300471890535121        17.679715424148583        68.760566268642151       0.20210820464632190        24.252984557558626        171.16627267978873        167.98516021487652              226           9
 ../1568_seed.dataconnected         119  0.18355598659889835       0.68958323895482809        21.843162405268902        82.060405435624546       0.22892260813312809        27.241790367842242        121.04591639958076        106.75681255145173              279          16
 ../1569_seed.dataconnected         162  0.16265540332890371       0.62464528061560098        26.350175339282401        101.19253545972735       0.21571144095074446        34.945253434020600        199.53163707497029        204.39073602864369              316          14
 ../1570_seed.dataconnected         121  0.17924919579282753       0.67730701148610495        21.689152690932129        81.954148389818698       0.23408893818997378        28.324761520986829        137.72588791809585        123.42019487655176              263          24
 ../1571_seed.dataconnected         152  0.11809451749004010       0.45055447849948993        17.950366658486097        68.484280731922468       0.16976913893946363        25.804909118798474        228.94988100795536        269.06504651205069              381          47
 ../1572_seed.dataconnected         121  0.17595558921849028       0.68919490835279651        21.290626295437324        83.392583910688373       0.21641650303563018        26.186396867311252        169.20264574433747        157.60943885397796              275          14
 ../1573_seed.dataconnected         116  0.16738754754428967       0.61289544905053084        19.416955515137602        71.095872089861572       0.22751616550567569        26.391875198658379        171.87768284277868        157.82259248532029              283          21
 ../1574_seed.dataconnected         112  0.13651141531913366       0.52150101578779129        15.289278515742970        58.408113768232624       0.18952494156739094        21.226793455547785        217.48709358517686        208.10146412791894              247          21
 ../1575_seed.dataconnected         138  0.16797723847115550       0.65108446454086499        23.180858909019459        89.849656106639372       0.22033095795889321        30.405672198327263        178.31462355256750        174.61340347436882              262          16
 ../1576_seed.dataconnected         152  0.17320515957526211       0.67604835533632690        26.327184255439843        102.75935001112168       0.22261466782252645        33.837429509024020        182.72104622176099        180.07344875256587              310          19
 ../1577_seed.dataconnected         120  0.14059462475394563       0.53477136512753520        16.871354970473476        64.172563815304230       0.18501343228877459        22.201611874652951        153.24173101997772        142.65862568059873              242          13
 ../1578_seed.dataconnected         146  0.13959433983219019       0.54332322664668153        20.380773615499766        79.325191090415501       0.18450510968733599        26.937746014351056        167.89606993451588        168.35822419641636              280          16
 ../1579_seed.dataconnected         138  0.18781431031721435       0.71248096715252240        25.918374823775579        98.322373467048095       0.22378138967818176        30.881831775589081        131.36197608511975        123.69677658746978              253          17
 ../1580_seed.dataconnected         173  0.18257587742853498       0.69995473571470579        31.585626795136552        121.09216927864411       0.22196251389139174        38.399514903210772        186.93960758545927        190.34538752388147              334          18
 ../1581_seed.dataconnected         171  0.15586576558810344       0.59472754781521320        26.653045915565688        101.69841067640145       0.19905610115874292        34.038593298145038        189.02233736779195        203.39455248533048              290          14
 ../1582_seed.dataconnected         139  0.19148549966884065       0.74327616442213862        26.616484453968852        103.31538685467727       0.23926122752223900        33.257310625591224        146.90115334409413        131.76487127683438              300          23
 ../1583_seed.dataconnected         165  0.16087641988268611       0.60389590659746584        26.544609280643208        99.642824588581860       0.20930542752675502        34.535395541914575        197.82424013135986        222.97551014223077              280           7
 ../1584_seed.dataconnected         114  0.15792323985650389       0.63398680993005541        18.003249343641443        72.274496332026317       0.20627857421244097        23.515757460218271        119.03785810630413        104.15273208711535              288          21
 ../1585_seed.dataconnected         136  0.17137168186121604       0.65368276706828210        23.306548733125382        88.900856321286369       0.22875911207781641        31.111239242583032        171.79628888563266        166.18014926923286              305          23
 ../1586_seed.dataconnected         137  0.16078891693486014       0.60060878015577135        22.028081620075838        82.283402881340677       0.20290782235179766        27.798371662196281        158.51310179339208        144.61227684369720              299          11
 ../1587_seed.dataconnected         182  0.18000039642087096       0.68585256160617014        32.760072148598510        124.82516621232297       0.23065963970570838        41.980054426438926        240.81624620247641        291.02882806676672              307          13
 ../1588_seed.dataconnected         132  0.16955483634036911       0.65596217650803812        22.381238396928723        86.587007299061028       0.22185661318356456        29.285072940230521        157.46082946912330        153.84381648274456              297          15
 ../1589_seed.dataconnected          91  0.12757566314275373       0.47929265839978996        11.609385345990589        43.615631914380884       0.17279214735978962        15.724085409740855        198.90459480541844        201.46895562126093              313          19
 ../1590_seed.dataconnected         105  0.17034150527791753       0.65941772536211463        17.885858054181341        69.238861163022037       0.22444933151552593        23.567179809130224        133.93467083190663        121.09038019618903              277          19
 ../1591_seed.dataconnected         170  0.16288449876683217       0.62987777681242896        27.690364790361468        107.07922205811292       0.19761147768887802        33.593951207109264        194.55388804446764        217.96520530575518              257           9
 ../1592_seed.dataconnected         104  0.14565183275952082       0.54096604107870183        15.147790606990165        56.260468272184994       0.18042903333974122        18.764619467333087        138.65855311065039        122.82764876592880              318          42
 ../1593_seed.dataconnected          36  0.13901347770611289       0.51902925526761656        5.0044851974200641        18.685053189634196       0.23670732585999554        8.5214637309598391        82.429619574236540        43.992548004825728              246          28
 ../1594_seed.dataconnected         163  0.18343699119837545       0.69440660324858161        29.900229565335199        113.18827632951880       0.21884209570375243        35.671261599711649        155.41574870965096        156.83690171584891              327          18
 ../1595_seed.dataconnected         113  0.18375552134980289       0.70121616966313027        20.764373912527727        79.237427171933717       0.23747786746395885        26.834999023427351        127.57579095487064        113.42925240802072              285          36
 ../1596_seed.dataconnected         167  0.14151676880457109       0.52692563619484423        23.633300390363374        87.996581244538987       0.17876594132382984        29.853912201079581        221.53922361034412        245.96102939622608              303          31
 ../1597_seed.dataconnected         128  0.16850939817348864       0.61969963224008617        21.569202966206547        79.321552926731030       0.22321059433320492        28.570956074650230        186.07501354541736        186.90064602504833              285          15
 ../1598_seed.dataconnected         145  0.16904694277499180       0.63719010379677932        24.511806702373811        92.392565050532994       0.21615903877761047        31.343060622753519        171.57279627573226        168.83937755407314              231           8
 ../1599_seed.dataconnected         131  0.14420556882675206       0.55764328448645650        18.890929516304521        73.051270267725798       0.20203420467107297        26.466480811910561        200.46897254216557        210.87701210614773              344          24
 ../1600_seed.dataconnected         126  0.16472545494504615       0.61483526084037032        20.755407323075815        77.469242865886656       0.22734769052073681        28.645809005612836        179.73106819075076        181.80710656947934              269          16
 ../1601_seed.dataconnected         168  0.15889951859234164       0.61190913519701418        26.695119123513393        102.80073471309838       0.20160381485798545        33.869440896141555        177.20078797226395        187.39752640843619              251          11
 ../1602_seed.dataconnected         140  0.14626048784513340       0.53896332762576471        20.476468298318675        75.454865867607054       0.19549693640022961        27.369571096032146        207.63546061791897        227.01376972287767              238          14
 ../1603_seed.dataconnected         185  0.17896256303705999       0.67716199825533396        33.108074161856095        125.27496967723678       0.23723662859866809        43.888776290753597        239.80002612960683        263.71153269834792              277           7
 ../1604_seed.dataconnected         149  0.16767360569078404       0.65512473281753369        24.983367247926822        97.613585189812525       0.21015795015784650        31.313534573519128        145.78198225987285        135.26400007589368              362          90
 ../1605_seed.dataconnected         146  0.15636530475903579       0.60843634249261414        22.829334494819225        88.831706003921667       0.21826196550681509        31.866246963995003        205.68908520570997        214.77748437381894              269          15
 ../1606_seed.dataconnected         157  0.15392004554771530       0.58821665658951916        24.165447150991302        92.350015084554514       0.20822694706752423        32.691630689601304        195.27246657813814        222.06346436751627              320          16
 ../1607_seed.dataconnected         192  0.18890271274089590       0.72107563819431442        36.269320846252015        138.44652253330838       0.23562303723647721        45.239623149403627        192.35720141207165        213.17954104080158              376          23
 ../1608_seed.dataconnected         117  0.16072922332397482       0.62025651923052261        18.805319128905055        72.570012749971141       0.19151481420857142        22.407233262402855        133.63755462057864        113.56497547625646              267          21
 ../1609_seed.dataconnected         187  0.15811663556493405       0.59396173471952418        29.567810850642669        111.07084439255102       0.20956154591696377        39.188009086472228        228.66176369128053        246.55751179746949              326          63
 ../1610_seed.dataconnected         164  0.18837597951107279       0.71934526531615517        30.893660639815938        117.97262351184945       0.23448634361797410        38.455760353347756        201.33069692241187        231.13750098450154              352          24
 ../1611_seed.dataconnected         114  0.19847998246625123       0.73492938673768449        22.626718001152639        83.781950088096025       0.25068283315829198        28.577842980045286        104.36313500810942        86.240448423149886              270          25
 ../1612_seed.dataconnected         180  0.16285797434293500       0.63654442668671019        29.314435381728302        114.57799680360783       0.21204390367341971        38.167902661215550        216.42258664150560        237.52601399772485              365          26
 ../1613_seed.dataconnected         122  0.16680193388385803       0.62382798800499906        20.349835933830679        76.107014536609881       0.21617020242185317        26.372764695466088        156.03775990791809        149.20816527218619              271          25
 ../1614_seed.dataconnected         150  0.13860966490150903       0.52333027029865054        20.791449735226355        78.499540544797583       0.18743786727329428        28.115680090994143        197.42269401781112        208.17351937866675              290          14
 ../1615_seed.dataconnected         135  0.16952812029768530       0.66061176387765308        22.886296240187516        89.182588123483171       0.23157969346937798        31.263258618366027        191.60546405718469        201.69733189973019              301          17
 ../1616_seed.dataconnected         103  0.17479269853103399       0.66159399277593989        18.003647948696500        68.144181255921808       0.22934675466985410        23.622715730994972        120.59521742812213        104.97974543706118              284          15
 ../1617_seed.dataconnected         112  0.14407336132894946       0.55253760722132039        16.136216468842338        61.884212008787884       0.19255045876417107        21.565651381587159        157.65128311776186        155.57605688793112              238          21
 ../1618_seed.dataconnected         116  0.16822737891659464       0.64498425962657668        19.514375954324979        74.818174116682897       0.21222927360769508        24.618595738492630        128.13581617983053        114.15527920090376              209          12
 ../1619_seed.dataconnected         175  0.18521088935459862       0.70810880497111206        32.411905637054758        123.91904086994461       0.22052185251203119        38.591324189605459        160.81133384144681        171.59063474603755              311          19
 ../1620_seed.dataconnected         137  0.17619928039954463       0.67275103300407046        24.139301414737616        92.166891521557659       0.23100543235691784        31.647744232897743        192.15645044242876        188.26789177797338              284          15
 ../1621_seed.dataconnected         128  0.14957159276250595       0.57538079425820832        19.145163873600762        73.648741665050665       0.19097143448764267        24.444343614418262        192.46577245215684        191.83357269909888              281          14
 ../1622_seed.dataconnected         146  0.16183060692593346       0.62988711104774064        23.627268611186285        91.963518212970129       0.20949798183141802        30.586705347387031        150.72566257319610        148.01341068762611              296          17
 ../1623_seed.dataconnected         210  0.16940666184592426       0.64467355671242677        35.575398987644093        135.38144690960962       0.22352281644159935        46.939791452735861        236.28605979716627        280.53568698997458              378          15
 ../1624_seed.dataconnected         157  0.18401422823182934       0.70399509806133598        28.890233832397207        110.52723039562974       0.23615304425282657        37.076027947693774        149.74959323290773        149.96239925057395              308          23
 ../1625_seed.dataconnected         118  0.17140361740406146       0.64072222063641027        20.225626853679252        75.605222035096418       0.20285987541470846        23.937465298935599        143.88584318228160        129.85427144678818              266          14
 ../1626_seed.dataconnected         126  0.16864822320569492       0.64332066236697882        21.249676123917560        81.058403458239326       0.20526048960718996        25.862821690505935        141.30950449394956        132.39292097470243              276          22
 ../1627_seed.dataconnected         123  0.17022293428740556       0.65845588010752509        20.937420917350885        80.990073253225589       0.21711714439197599        26.705408760213047        150.01686274385685        138.05860158576510              258          17
 ../1628_seed.dataconnected         171  0.16874601273202075       0.62827336110662002        28.855568177175549        107.43474474923202       0.21273308267437122        36.377357137317475        204.24171059001719        229.54736008831676              316          18
 ../1629_seed.dataconnected         154  0.18147854995236842       0.69143664030273033        27.947696692664739        106.48124260662047       0.23245863611330853        35.798629961449514        185.21220560892147        191.48813493938474              302          12
 ../1630_seed.dataconnected         124  0.17610044230853583       0.67629212234299940        21.836454846258444        83.860223170531924       0.21534038532990499        26.702207780908218        156.54260875701783        148.81434575194794              263          17
 ../1631_seed.dataconnected         156  0.16638559122711546       0.61838315485129591        25.956152231430014        96.467772156802170       0.21771139404707654        33.962977471343940        185.67169905086834        195.07474150796972              324          20
 ../1632_seed.dataconnected          91  0.16491895783478089       0.60973791318169701        15.007625162965061        55.486150099534427       0.22253879752899100        20.251030575138181        135.20476250739085        113.06945150738775              259          25
 ../1633_seed.dataconnected         105  0.16064699983607847       0.60211560255350716        16.867934982788238        63.222138268118250       0.21411543627624671        22.482120809005906        150.63298388739392        138.90166787865388              277          23
 ../1634_seed.dataconnected          89  0.15303106976901804       0.60605588365558516        13.619765209442605        53.938973645347076       0.20254091889888301        18.026141782000590        118.44956772879766        102.11664170224567              215          15
 ../1635_seed.dataconnected          94  0.17278657790181573       0.64458470640540744        16.241938322770679        60.590962402108296       0.23376833659145174        21.974223639596463        128.92534263110221        105.04529874500629              261          44
 ../1636_seed.dataconnected         203  0.17023990869668509       0.66770344480894661        34.558701465427077        135.54379929621615       0.21207915168538055        43.052067792132249        228.09837213349098        270.76524636712645              365          18
 ../1637_seed.dataconnected         114  0.17092347561299556       0.65355384839455766        19.485276219881495        74.505138716979573       0.23024891957532215        26.248376831586725        132.34171638186805        117.39853896970510              238          13
 ../1638_seed.dataconnected         165  0.18033628768382698       0.68106171547720995        29.755487467831450        112.37518305373965       0.22936346928042078        37.844972431269433        203.55998892893297        226.63235113327545              336          16
 ../1639_seed.dataconnected         118  0.16587739744349728       0.64910583741324457        19.573532898332680        76.594488814762855       0.21124927664843932        24.927414644515839        145.93381781022339        128.51997228811632              228          23
 ../1640_seed.dataconnected          89  0.17106848333591987       0.66337409012063586        15.225095016896868        59.040294020736589       0.22608459072449899        20.121528574480411        120.54854345249404        90.382855778675108              215          17
 ../1641_seed.dataconnected         154  0.17110047653942734       0.66603140999347488        26.349473387071811        102.56883713899514       0.21254728947498913        32.732282579148325        186.63792060800884        191.77064439673688              360          46
 ../1642_seed.dataconnected         137  0.18916758305255543       0.70283514080655640        25.915958878200094        96.288414290498224       0.23431880570201954        32.101676381176681        133.54136948115425        123.93114134045477              284          26
 ../1643_seed.dataconnected         154  0.15953157843509863       0.62993989085557522        24.567863079005189        97.010743191758579       0.19518409807497603        30.058351103546308        143.73214382649456        140.03266372096516              265          11
 ../1644_seed.dataconnected         128  0.19016029030823400       0.68853482521182008        24.340517159453952        88.132457627112970       0.24117825975500373        30.870817248640478        142.29952638912988        125.97048751733459              305          26
 ../1645_seed.dataconnected         183  0.17929697251391655       0.66421601046578627        32.811345970046730        121.55152991523889       0.21869580662089946        40.021332611624601        192.19113894298172        211.22607697430900              346          31
 ../1646_seed.dataconnected         196  0.18121797265875050       0.69379847373890202        35.518722641115097        135.98450085282479       0.22283249220036638        43.675168471271810        188.49009847352696        204.67663651483940              309          15
 ../1647_seed.dataconnected         126  0.17719461749602902       0.69562771031609782        22.326521804499656        87.649091499828330       0.21896047198269991        27.589019469820190        128.48694869625726        119.15119486891032              240          12
 ../1648_seed.dataconnected         118  0.16771518028754664       0.66079795240799499        19.790391273930503        77.974158384143408       0.22173221866699969        26.164401802705964        145.67720199602675        119.62671687278053              257          10
 ../1649_seed.dataconnected         132  0.18400039051786896       0.70323026209621098        24.288051548358702        92.826394596699856       0.23791057022297274        31.404195269432403        137.69817902705501        126.78934001354051              323          16
 ../1650_seed.dataconnected          72  0.18863049788274158       0.70745151002309403        13.581395847557394        50.936508721662769       0.24701778632078844        17.785280615096767        85.386362572747373        60.874947239208979              304          27
 ../1651_seed.dataconnected         133  0.17234176282614469       0.67231210948955367        22.921454455877242        89.417510562110635       0.21401691456420011        28.464249637038613        157.69162993953850        146.98657488081548              334          21
 ../1652_seed.dataconnected         100  0.14573363964135286       0.55844879996569152        14.573363964135286        55.844879996569155       0.21547696131400049        21.547696131400048        147.35032629736082        131.35319254962454              273          43
 ../1653_seed.dataconnected         154  0.17597855250420449       0.67180348910954268        27.100697085647493        103.45773732286958       0.22927894115132785        35.308956937304487        166.60023291841622        165.95232244360841              292          19
 ../1654_seed.dataconnected         138  0.15610527992300222       0.58993191124259514        21.542528629374306        81.410603751478135       0.19918977816692299        27.488189387035373        202.85322773338731        208.75290597534922              262          18
 ../1655_seed.dataconnected         161  0.15911106603171743       0.57070518288105343        25.616881631106505        91.883534443849598       0.21569132016384748        34.726302546379443        280.36501690539291        301.22119351752684              373          50
 ../1656_seed.dataconnected         194  0.16233399773270171       0.61356354886755760        31.492795560144131        119.03132848030617       0.21180987223678815        41.091115213936902        263.00474411350029        311.64341770288638              336          27
 ../1657_seed.dataconnected         120  0.15083150137540793       0.57935667116232004        18.099780165048951        69.522800539478411       0.20856772781348135        25.028127337617761        185.70472531193928        191.89390802037062              260           8
 ../1658_seed.dataconnected         111  0.18401715403602437       0.69647124245728786        20.425904097998703        77.308307912758949       0.23083333759184407        25.622500472694693        135.92400721624415        126.24018202519940              278          15
 ../1659_seed.dataconnected         171  0.18020060830332182       0.68148883650479664        30.814304019868032        116.53459104232023       0.22572720038130414        38.599351265203012        184.36887489133827        200.92645723149775              322          30
 ../1660_seed.dataconnected         124  0.16473921370384897       0.62473549255013638        20.427662499277272        77.467201076216909       0.20635964889150074        25.588596462546093        159.71348647562957        152.01298084884564              287          38
 ../1661_seed.dataconnected         140  0.17757637254117775       0.68070822254626440        24.860692155764884        95.299151156477009       0.22053633055505140        30.875086277707197        154.96733590089201        156.19795510966557              346          44
 ../1662_seed.dataconnected         191  0.16431844150985039       0.62037055424283738        31.384822328381425        118.49077586038194       0.20764316613323916        39.659844731448679        207.56038129571476        223.44365790992580              358          19
 ../1663_seed.dataconnected         116  0.19224624446113797       0.72808628499201322        22.300564357492004        84.458009059073532       0.23014234664235503        26.696512210513184        125.29801824006672        109.99315743499351              260          22
 ../1664_seed.dataconnected         111  0.16989762708556241       0.61666983395900532        18.858636606497427        68.450351569449595       0.23451369629942914        26.031020289236636        159.90759187422734        138.28594619097996              268          10
 ../1665_seed.dataconnected         123  0.17898781325974428       0.66490680116291978        22.015501030948545        81.783536543039133       0.23832479739624354        29.313950079737957        130.53984451076465        107.53331008098839              280          18
 ../1666_seed.dataconnected         141  0.15891016457524787       0.60574313010325753        22.406333205109949        85.409781344559306       0.20415781442687284        28.786251834189070        153.95080925463435        156.34787161319196              363          18
 ../1667_seed.dataconnected         171  0.16066201592691465       0.61251425825468375        27.473204723502405        104.73993816155092       0.21253552595987490        36.343574939138605        213.49877517430784        232.55948768050621              303          11
 ../1668_seed.dataconnected         184  0.15540308218552973       0.58991908322648501        28.594167122137470        108.54511131367325       0.18502174931610890        34.044001874164039        195.37002705983002        202.16132026659142              357          43
 ../1669_seed.dataconnected          89  0.17873041502078715       0.65405211509259875        15.907006936850056        58.210638243241291       0.23025504678212080        20.492699163608751        104.99554284887346        87.337336724732722              210          15
 ../1670_seed.dataconnected         133  0.10787296277400173       0.40802537037157965        14.347104048942230        54.267374259420095       0.15583421573919998        20.725950693313596        193.45929962998048        207.67458866334292              265          20
 ../1671_seed.dataconnected         173  0.13365384157608867       0.51362991391899182        23.122114592663340        88.857975107985581       0.18427780398042445        31.880060088613430        234.66539638340222        245.64228498989044              375          38
 ../1672_seed.dataconnected         176  0.16893897862791946       0.64437899194613546        29.733260238513825        113.41070258251985       0.20762340869024398        36.541719929482937        192.47212936357033        209.87989680695406              305          25
 ../1673_seed.dataconnected         139  0.18872383842787460       0.71054026245584201        26.232613541474571        98.765096481362036       0.23296675534727390        32.382378993271075        149.52904221086766        145.91283061284761              231           9
 ../1674_seed.dataconnected         116  0.18119233725709613       0.65604882728928349        21.018311121823150        76.101663965556881       0.22278811945578156        25.843421856870659        110.74775516412038        96.084759541838196              243          25
 ../1675_seed.dataconnected         131  0.18581415458348521       0.71063345319934290        24.341654250436562        93.092982369113926       0.23774266138712138        31.144288641712901        144.15670844663819        131.30327841188492              371          41
 ../1676_seed.dataconnected         170  0.17131105325126483       0.64681647030406020        29.122879052715021        109.95879995169024       0.20594284340204927        35.010283378348376        182.78618462208351        196.69208298439020              318          16
 ../1677_seed.dataconnected         125  0.18394779456867866       0.69628005719137276        22.993474321084832        87.035007148921594       0.23783016907136006        29.728771133920009        120.84821476973940        108.15669958913121              308          11
 ../1678_seed.dataconnected         123  0.16650329386485666       0.62618189396330803        20.479905145377369        77.020372957486885       0.21403973382864921        26.326887260923854        149.21701115519747        135.62836163413357              333          20
 ../1679_seed.dataconnected          92  0.16430727255909677       0.61629098396483772        15.116269075436904        56.698770524765074       0.21015802058651908        19.334537893959755        125.23605982145166        98.972357272351388              310          23
 ../1680_seed.dataconnected         165  0.16331265328971989       0.63945707164174004        26.946587792803783        105.51041682088710       0.20290828612729592        33.479867211003828        194.00645672229055        196.18186096124708              317          11
 ../1681_seed.dataconnected         206  0.18628323437285557       0.69731660895378722        38.374346280808247        143.64722144448018       0.23096663669794054        47.579127159775751        275.88894824365320        356.20876613200159              378          23
 ../1682_seed.dataconnected         121  0.12473606589645514       0.46024029252238879        15.093063973471072        55.689075395209045       0.17673425715991209        21.384845116349364        189.10703375064605        187.29896957424097              301          20
 ../1683_seed.dataconnected         136  0.17111389858175921       0.63322591639920711        23.271490207119253        86.118724630292164       0.21559093412045596        29.320367040382010        177.13458254557301        166.25738822369678              239          14
 ../1684_seed.dataconnected         114   7.5178115146664504E-002  0.27689513669695581        8.5703051267197541        31.566045583452961       0.11252611570110260        12.827977189925697        263.05182019585794        274.48597814823444              212           8
 ../1685_seed.dataconnected          90  0.17808634708953064       0.70702601550586541        16.027771238057756        63.632341395527888       0.23348309532756126        21.013478579480513        100.94649722680568        77.981518313786410              242          23
 ../1686_seed.dataconnected         198  0.18901591903660322       0.70587363646201351        37.425151969247437        139.76298001947868       0.23103366496702227        45.744665663470407        182.44547939744572        204.15309487497740              323          13
 ../1687_seed.dataconnected         173  0.17762231558565147       0.68581688345163971        30.728660596317706        118.64632083713367       0.21480856587846753        37.161881896974883        172.58140363708856        177.38965873918801              335          42
 ../1688_seed.dataconnected         179  0.17282599419881706       0.64763520953628329        30.935852961588253        115.92670250699470       0.21244055739483170        38.026859773674872        165.61469879054312        166.29540107636899              288           8
 ../1689_seed.dataconnected          47  0.14293922771851811       0.54032115853666107        6.7181437027703508        25.395094451223070       0.20169989432236216        9.4798950331510206        66.044586994994788        37.966937054814139              212          12
 ../1690_seed.dataconnected         150  0.10726271097966483       0.42771052172454971        16.089406646949726        64.156578258682458       0.15297445247151584        22.946167870727376        226.11951831720191        231.51936410329472              302          27
 ../1691_seed.dataconnected         129  0.17805581353234004       0.65919146435067022        22.969199945671864        85.035698901236458       0.23103217832988138        29.803151004554696        143.96587539098422        132.43149730717295              353          43
 ../1692_seed.dataconnected         154  0.17798266744418639       0.66328275696734651        27.409330786404706        102.14554457297136       0.22179254024434589        34.156051197629267        170.06895845156620        167.86101204388927              315          21
 ../1693_seed.dataconnected         168  0.16852687602972510       0.62370372200071278        28.312515172993816        104.78222529611975       0.21210034227222499        35.632857501733795        217.45770205401197        253.82175262059761              320          15
 ../1694_seed.dataconnected         117  0.16481392787874410       0.63289605003633631        19.283229561813059        74.048837854251346       0.20878895159209196        24.428307336274759        141.30162097248405        131.46996233006990              262          22
 ../1695_seed.dataconnected         114  0.18141791010460415       0.70493287970433915        20.681641751924872        80.362348286294662       0.22712575938195828        25.892336569543243        154.03134456659478        148.02605705972491              222          14
 ../1696_seed.dataconnected         112  0.13800123642207884       0.52617252541443116        15.456138479272830        58.931322846416293       0.18246506639642773        20.436087436399905        244.51670070029954        264.93176292067898              257          18
 ../1697_seed.dataconnected         130  0.15848764452703756       0.59464058846467116        20.603393788514882        77.303276500407250       0.20381989638306999        26.496586529799099        191.80163958677170        191.56441728606700              364          47
 ../1698_seed.dataconnected         135  0.16847367846642711       0.64658460625681036        22.743946592967660        87.288921844669403       0.22292588336984057        30.094994254928476        156.33097045305033        150.49534462345389              265          13
 ../1699_seed.dataconnected         111  0.19472425404939514       0.70717139000768026        21.614392199482861        78.496024290852503       0.24554130227626181        27.255084552665060        134.54420765023696        120.29218084517652              219          12
 ../1700_seed.dataconnected          76  0.17044773115307296       0.66934852464600736        12.954027567633545        50.870487873096558       0.21974949779754380        16.700961832613327        104.42142577730725        80.488906418472652              229          23
 ../1701_seed.dataconnected         173  0.17985782263464850       0.69630311223479857        31.115403315794190        120.46043841662015       0.21911471160934248        37.906845108416249        167.82588722815581        169.87664425705580              368          35
 ../1702_seed.dataconnected         119  0.15547610221538055       0.59459812106974508        18.501656163630287        70.757176407299667       0.19791247919683541        23.551585024423414        173.96166825930439        163.70893437984847              296          33
 ../1703_seed.dataconnected         135  0.16538116467522029       0.63894460326447755        22.326457231154741        86.257521440704465       0.21574683072214293        29.125822147489295        182.79186101143955        179.89045882935048              255          18
 ../1704_seed.dataconnected          73  0.15382631943652528       0.59165378278908165        11.229321318866345        43.190726143602959       0.18840419198358682        13.753506014801838        112.49363741144090        84.827334528530656              222          28
 ../1705_seed.dataconnected         176  0.15308271306240376       0.57243795111967410        26.942557498983060        100.74907939706264       0.21755982833086229        38.290529786231765        312.83814086210776        391.32644686570859              337          13
 ../1706_seed.dataconnected          93  0.17820786651012493       0.67616103728184007        16.573331585441618        62.882976467211130       0.24026424716918296        22.344574986734017        107.43948638214948        87.425422833309185              262          24
 ../1707_seed.dataconnected         165  0.18725374532034408       0.70239158707458871        30.896867977856775        115.89461186730713       0.23957052478417490        39.529136589388855        171.15823743068609        169.27102861865694              290          18
 ../1708_seed.dataconnected         146  0.17629957111400635       0.66760716425228794        25.739737382644925        97.470645980834036       0.23093491588587722        33.716497719338072        169.87849131998692        165.67960129147122              287          12
 ../1709_seed.dataconnected         152  0.13726393752899019       0.53088571977975219        20.864118504406509        80.694629406522338       0.18782420389306687        28.549278991746164        228.35670238932755        277.11041660262333              268          14
 ../1710_seed.dataconnected         154  0.16416451454550793       0.62079174298007045        25.281335240008222        95.601928418930854       0.21785791495312001        33.550118902780483        210.28734095430929        230.16897770841072              264          19
 ../1711_seed.dataconnected         195  0.17603819543944679       0.66041645163317342        34.327448110692124        128.78120806846883       0.21974377755939800        42.850036624082612        190.42885454736091        206.86254304274533              359          33
 ../1712_seed.dataconnected         172  0.16323672585326557       0.59823343142807595        28.076716846761677        102.89615020562906       0.21342806228725264        36.709626713407452        243.05915940425706        271.41090629264107              311          36
 ../1713_seed.dataconnected         183  0.16141389451763241       0.60585172561530265        29.538742696726732        110.87086578760038       0.20293883201500282        37.137806258745513        224.71039766215114        262.95890891405770              312          13
 ../1714_seed.dataconnected         138  0.15693339763193101       0.59588493741151205        21.656808873206479        82.232121362788661       0.21570010627097605        29.766614665394695        237.76446330244127        259.54641289539205              340          19
 ../1715_seed.dataconnected         159  0.16047418705000357       0.61573374415759752        25.515395740950570        97.901665321058005       0.22016574200462202        35.006352978734903        237.34809279469059        248.78224364261990              292          16
 ../1716_seed.dataconnected         177  0.14026311466970254       0.52972543667460947        24.826571296537349        93.761402291405872       0.18510270695075481        32.763179130283604        239.22057223582530        285.31537126306921              336          37
 ../1717_seed.dataconnected         201  0.18116888354692703       0.68411317535129212        36.414945592932334        137.50674824560971       0.22785708169933352        45.799273421566042        195.59750135173496        221.08530635982743              368          27
 ../1718_seed.dataconnected         147  0.16967136863236329       0.63535295690425864        24.941691188957403        93.396884664926020       0.21071473578222472        30.975066159987033        169.06785495188268        170.17816199823747              322          30
 ../1719_seed.dataconnected         105  0.18158955904384155       0.71209878755246858        19.066903699603362        74.770372693009207       0.21949813501879911        23.047304176973906        105.08812419423660        86.182420885746438              317          31
 ../1720_seed.dataconnected          71  0.18318464065001319       0.71820112362021493        13.006109486150937        50.992279777035257       0.24167810621300115        17.159145541123081        74.221060980121450        49.951053475765718              248          39
 ../1721_seed.dataconnected         122  0.15081208816803318       0.55875344767612434        18.399074756500049        68.167920616487166       0.20458430162977967        24.959284798833121        176.61190993513441        162.77839148607362              234          20
 ../1722_seed.dataconnected         144  0.16634510439297967       0.62309845251815876        23.953695032589074        89.726177162614860       0.21706168715170876        31.256882949846062        212.46279761672261        250.55625957904596              323          19
 ../1723_seed.dataconnected         161  0.17937212464473928       0.70426345652550670        28.878912067803025        113.38641650060659       0.22036212946695752        35.478302844180163        174.49743415357131        184.09220125345419              281          17
 ../1724_seed.dataconnected         109  0.15024318671473713       0.57962190467276842        16.376507351906348        63.178787609331756       0.21096216665623493        22.994876165529607        176.34191326109348        155.48074753973873              318          24
 ../1725_seed.dataconnected         116  0.16362444777782223       0.60965543116854171        18.980435942227377        70.720030015550833       0.21860476271336643        25.358152474750504        153.39873714444209        145.50522306765714              269           9
 ../1726_seed.dataconnected         170  0.17425303785759977       0.65497700776891177        29.623016435791961        111.34609132071500       0.21311749888380985        36.229974810247676        176.86021239012157        187.98045766305574              354          12
 ../1727_seed.dataconnected         144  0.16252887850972497       0.63113570164116883        23.404158505400396        90.883541036328310       0.20396072041737312        29.370343740101731        160.61182054103548        158.91595910338316              304          22
 ../1728_seed.dataconnected         140  0.16688185861616583       0.64283464583641770        23.363460206263216        89.996850417098472       0.22972986643411214        32.162181300775700        162.73856341596110        158.69924453089669              330          23
 ../1729_seed.dataconnected         170  0.18570981088063956       0.70491505973413648        31.570667849708727        119.83556015480320       0.24026215370116219        40.844566129197574        194.00039245276238        210.03912688874033              313          24
 ../1730_seed.dataconnected         155  0.17515101624942539       0.67538081651096071        27.148407518660935        104.68402655919891       0.22101410654933429        34.257186515146813        157.03670821329317        160.12063248735311              292          15
 ../1731_seed.dataconnected         117  0.17278925092311145       0.65164000901653252        20.216342358004042        76.241881054934311       0.23633969341279787        27.651744129297352        194.87850278406728        180.74329004619989              276          20
 ../1732_seed.dataconnected         125  0.19167768058591717       0.73035840979990962        23.959710073239645        91.294801224988703       0.24813840607097107        31.017300758871382        122.36290031074728        106.10111323250341              288          15
 ../1733_seed.dataconnected          93  0.20668303830282161       0.77866372698744868        19.221522562162409        72.415726609832731       0.25362954099764307        23.587547312780806        97.390882383337839        77.335776847563707              233           8
 ../1734_seed.dataconnected         106  0.12920738147878838       0.50589018965388155        13.695982436751569        53.624360103311446       0.18873465327221692        20.005873246854993        198.36805888579772        181.98681376449878              234          13
 ../1735_seed.dataconnected         142  0.15372180197426019       0.60081167364455113        21.828495880344946        85.315257657526260       0.21302201822024067        30.249126587274176        233.22476597413024        262.68146138907480              305          26
 ../1736_seed.dataconnected         144  0.16009744090328484       0.61502174135966081        23.054031490073019        88.563130755791150       0.20349245334826299        29.302913282149870        152.71056383058004        149.87032620339059              317          21
 ../1737_seed.dataconnected         135  0.15586377075983507       0.60213558667028866        21.041609052577734        81.288304200488966       0.20452338353843247        27.610656777688384        169.59159211180571        168.76155362423125              318          32
 ../1738_seed.dataconnected         130  0.17602484962191917       0.66231765386982355        22.883230450849492        86.101295003077055       0.23332023617869921        30.331630703230896        153.20324839957541        149.23933036318311              259          16
 ../1739_seed.dataconnected         113  0.15311678137478477       0.57663944326323946        17.302196295350679        65.160257088746064       0.18982823947070929        21.450591060190149        158.18055184899239        149.42716582349016              238          11
 ../1740_seed.dataconnected         100  0.13943485145447798       0.51953493372949722        13.943485145447799        51.953493372949723       0.20841536255696913        20.841536255696912        172.06343610448656        161.52959207304019              262          21
 ../1741_seed.dataconnected         128  0.19138940737265564       0.72034163550770314        24.497844143699922        92.203729344986002       0.23490476451951012        30.067809858497295        149.79493340506639        145.76714421605902              259          16
 ../1742_seed.dataconnected         134  0.15799580405046978       0.60565528387560030        21.171437742762951        81.157808039330448       0.20362299735195491        27.285481645161958        169.89054676626722        171.87596961878401              349          46
 ../1743_seed.dataconnected         103  0.15445362523095435       0.58985547517584791        15.908723398788299        60.755113943112335       0.19751822970076024        20.344377659178306        135.58333231708048        125.54045259075426              308          19
 ../1744_seed.dataconnected         130  0.18520039165237098       0.68555375376980443        24.076050914808228        89.121987990074572       0.24108017517337485        31.340422772538730        182.14344374842776        175.56289149563327              274          11
 ../1745_seed.dataconnected          75  0.12662145797769572       0.46235784265462299        9.4966093483271798        34.676838199096721       0.18761297143226599        14.070972857419950        182.98855318693944        153.60116133411694              254          25
 ../1746_seed.dataconnected         113  0.15391097738447282       0.58456810995731412        17.391940444445428        66.056196425176495       0.19687618025882186        22.247008369246871        135.71129494859849        119.51794780046382              242          28
 ../1747_seed.dataconnected         129  0.16070129652795670       0.59690119361866067        20.730467252106415        77.000253976807230       0.21578817388897839        27.836674431678212        196.89648092908786        214.05976748990423              302          17
 ../1748_seed.dataconnected          72  0.14864137195129792       0.57540680122093602        10.702178780493451        41.429289687907392       0.23312297427857448        16.784854148057363        147.05482880037241        123.00535611170960              217          25
 ../1749_seed.dataconnected         134  0.15258609662786338       0.58798563027689943        20.446536948133691        78.790074457104524       0.20160552824462641        27.015140784779938        146.18528329980569        136.69587923298957              348          34
 ../1750_seed.dataconnected         170  0.17600905032634978       0.66376150043757542        29.921538555479462        112.83945507438783       0.21860690434892546        37.163173739317330        167.27213423783667        156.29946169961281              321          31
 ../1751_seed.dataconnected          63  0.11318749950385999       0.42287887791062378        7.1308124687431791        26.641369308369299       0.15808869587868296        9.9595878403570257        112.76935553627169        87.515590731599289              253          34
 ../1752_seed.dataconnected          92  0.11531561048682294       0.42745453118564680        10.609036164787710        39.325816869079503       0.15195017906595418        13.979416474067785        146.25432537827976        132.23736278200681              289          31
 ../1753_seed.dataconnected         150  0.17118124292776135       0.64668500377193072        25.677186439164203        97.002750565789611       0.21489921609374538        32.234882414061808        175.35246267483240        182.75569156358583              331          28
 ../1754_seed.dataconnected         185  0.18175619143893709       0.68818164512504620        33.624895416203366        127.31360434813355       0.22596205302954250        41.802979810465366        190.23315087995135        206.65333768992633              365          22
 ../1755_seed.dataconnected         169  0.17927600589636297       0.68670549556982063        30.297644996485342        116.05322875129968       0.21259109963391767        35.927895838132088        194.58987673563610        197.65751409915038              270           6
 ../1756_seed.dataconnected         146  0.13458669844017054       0.51539938777681982        19.649657972264901        75.248310615415690       0.19713025358304423        28.781017023124459        228.44412019442041        263.40791936722684              283          12
 ../1757_seed.dataconnected          45  0.11444886713097058       0.43945394664049670        5.1501990208936759        19.775427598822350       0.16216471520544010        7.2974121842448048        120.78410393821500        67.273329165104471              269          35
 ../1758_seed.dataconnected          57  0.14936201060748036       0.54938656687648146        8.5136346046263807        31.315034311959444       0.23125926724771667        13.181778233119850        121.15793750790695        87.445262480098151              268          21
 ../1759_seed.dataconnected          68  0.14340697080237691       0.57134764923719294        9.7516740145616296        38.851640148129121       0.20560928440566059        13.981431339584921        136.56749302804644        96.086406011601213              279          16
 ../1760_seed.dataconnected         189  0.17442967569364817       0.65568999883565071        32.967208706099505        123.92540977993798       0.21253054463428361        40.168272935879600        192.01214960567893        211.53786609648546              353          12
 ../1761_seed.dataconnected         152  0.16617007041709370       0.61928736085062108        25.257850703398240        94.131678849294403       0.20602416457062761        31.315673014735395        200.10755881535505        230.05572362713121              303          15
 ../1762_seed.dataconnected         168  0.17519516505986243       0.68380360329744316        29.432787730056887        114.87900535397046       0.20872967193981931        35.066584885889647        156.01022812591523        158.02102600200629              299          23
 ../1763_seed.dataconnected         130  0.17995631475928725       0.69343163821315867        23.394320918707344        90.146112967710621       0.23832856937258290        30.982714018435775        162.92866418442011        155.39491234425878              277          13
 ../1764_seed.dataconnected          68  0.16912447662449898       0.65202220154241997        11.500464410465931        44.337509704884560       0.22452013213690361        15.267368985309446        88.462470750849050        62.840185407617362              224          15
 ../1765_seed.dataconnected         150  0.15120730950239264       0.57681449636242299        22.681096425358895        86.522174454363451       0.20006494228152991        30.009741342229486        156.72012938171105        160.58734027150555              289          14
 ../1766_seed.dataconnected         112  0.19168466859827418       0.73268989974084042        21.468682883006707        82.061268770974124       0.23459704533515144        26.274869077536962        114.07080108195134        92.315110937756828              239          14
 ../1767_seed.dataconnected         139  0.15140617969976150       0.58414606971236016        21.045458978266847        81.196303690018055       0.20996380082035160        29.184968314028872        184.88790342266572        179.78394441863605              337          23
 ../1768_seed.dataconnected         162  0.17344037849623231       0.66054553547674488        28.097341316389635        107.00837674723267       0.21576457734089552        34.953861529225073        172.44229002064031        173.74137934927020              295          17
 ../1769_seed.dataconnected         145  0.17604634495425772       0.65192728977546177        25.526720018367371        94.529457017441956       0.22171589692526483        32.148805054163404        180.78469529020552        178.09484539361546              290          19
 ../1770_seed.dataconnected         126  0.14535424239971786       0.55254637065555579        18.314634542364452        69.620842702600029       0.20075587207553902        25.295239881517915        177.17750961480155        183.09896019213249              300          14
 ../1771_seed.dataconnected          97  0.15664093298114939       0.60546931792794889        15.194170499171491        58.730523839011042       0.21521541508719344        20.875895263457764        135.76972734354766        115.17076763081906              268          31
 ../1772_seed.dataconnected         127  0.13878550114606752       0.52803946115271361        17.625758645550576        67.061011566394626       0.19940550160309339        25.324498703592862        211.38376483417204        224.23573743393936              278          15
 ../1773_seed.dataconnected          66  0.14421006378681561       0.55205461264366040        9.5178642099298312        36.435604434481590       0.20320510033726383        13.411536622259412        144.06899583842142        120.36113371246239              286          34
 ../1774_seed.dataconnected         175  0.15932624082105409       0.60327348245444268        27.882092143684467        105.57285942952747       0.19230088810771764        33.652655418850586        195.99387748341124        219.30591634950207              304           9
 ../1775_seed.dataconnected         149  0.17933051667435967       0.69036732553769664        26.720246984479591        102.86473150511679       0.22454384153427112        33.457032388606400        171.99824196199350        177.76603262298858              293          11
 ../1776_seed.dataconnected         130  0.10704751669395705       0.41344591058449187        13.916177170214416        53.747968375983945       0.15522775867980468        20.179608628374609        269.52479733316665        309.23545781594095              271          15
 ../1777_seed.dataconnected          81  0.14973444948390688       0.59601988375248827        12.128490408196457        48.277610583951549       0.20604621243629864        16.689743207340189        134.76529020538268        105.83656416649995              279          22
 ../1778_seed.dataconnected         140  0.17389655305114377       0.66802426987170860        24.345517427160129        93.523397782039197       0.21954215598270296        30.735901837578414        160.07731664313405        163.97894702457623              270          12
 ../1779_seed.dataconnected         194  0.19027983070401677       0.72859107151910507        36.914287156579256        141.34666787470638       0.22890313239567422        44.407207684760799        176.16207548873470        189.35244069360309              410          58
 ../1780_seed.dataconnected         103  0.15012798242195788       0.59013703318530819        15.463182189461662        60.784114418086745       0.20371593702944643        20.982741514032984        154.42245399658268        142.50645741593897              248          29
 ../1781_seed.dataconnected         149  0.16306574379966551       0.63486398540975408        24.296795826150163        94.594733826053357       0.21152579026706431        31.517342749792583        189.96696897169352        197.16015067268611              251           6
 ../1782_seed.dataconnected         181  0.17652424952889081       0.67752875780577693        31.950889164729237        122.63270516284562       0.23239423654802721        42.063356815192925        214.99880385520950        247.83534590753652              355          13
 ../1783_seed.dataconnected         114  0.14405113944877276       0.56322055177830432        16.421829897160094        64.207142902726687       0.18855962702865828        21.495797481267044        208.32395954919937        188.01945767928996              266          17
 ../1784_seed.dataconnected         115  0.16232593254322644       0.60178390779755253        18.667482242471042        69.205149396718539       0.21666441957563823        24.916408251198398        173.93418228862328        161.87061004415042              338          68
 ../1785_seed.dataconnected         175  0.15349130519592954       0.57458396423253422        26.860978409287672        100.55219374069348       0.19552786012716875        34.217375522254528        184.97458167841015        186.43713074969480              300          15
 ../1786_seed.dataconnected         111  0.13345809954731361       0.50882726183985572        14.813849049751811        56.479826064223985       0.18770281917825682        20.835012928786508        183.36221514539000        169.82658083361127              319          40
 ../1787_seed.dataconnected         165  0.18759048895577229       0.72405544728913429        30.952430677702427        119.46914880270715       0.22962091755483202        37.887451396547284        219.87952269605563        230.78353909841499              335          18
 ../1788_seed.dataconnected          54  0.18146452679513644       0.67454343454815013        9.7990844469373677        36.425345465600110       0.24058876817134239        12.991793481252490        89.251332951107855        59.883471057356779              192          31
 ../1789_seed.dataconnected         122  0.10244721952814222       0.39731497532870541        12.498560782433350        48.472426990102058       0.13724467057355064        16.743849809973177        215.83949667667869        215.46218606511334              299          44
 ../1790_seed.dataconnected         170  0.18277746403362075       0.68097648765880603        31.072168885715527        115.76600290199703       0.22331971918227372        37.964352260986530        164.75467571510336        168.46928459102290              302          12
 ../1791_seed.dataconnected         113  0.17115551126648221       0.68487547067541632        19.340572773112491        77.390928186322043       0.21539347262105926        24.339462406179695        138.72328686991511        121.27430484563240              268          28
 ../1792_seed.dataconnected         125  0.19927906610552659       0.73551914303128552        24.909883263190824        91.939892878910683       0.22877923927494920        28.597404909368649        127.53523907582834        113.20987431209053              260          16
 ../1793_seed.dataconnected          98  0.15975545463764243       0.61253294756335130        15.656034554488958        60.028228861208426       0.22014573345868840        21.574281878951464        188.98868313829007        189.35271326962453              230          17
 ../1794_seed.dataconnected         127  0.17583856980895818       0.64411836035050130        22.331498365737687        81.803031764513662       0.23048868292050589        29.272062730904249        186.47969230791759        182.91023995103711              240          10
 ../1795_seed.dataconnected         136  0.18233292063241086       0.69547353782661259        24.797277206007877        94.584401144419317       0.23338310177881372        31.740101841918666        153.53673818633109        143.95984137575289              294          17
 ../1796_seed.dataconnected         137  0.15842624963909385       0.59984990407161187        21.704396200555859        82.179436857810828       0.21146522276759097        28.970735519159962        200.09483803888651        215.97458453526366              361          88
 ../1797_seed.dataconnected         110  0.16393817242768596       0.60119268724247465        18.033198967045458        66.131195596672214       0.21530141031089567        23.683155134198522        156.17847307426339        148.62912459688528              315          40
 ../1798_seed.dataconnected         150  0.18282757946692585       0.69196033728392936        27.424136920038876        103.79405059258940       0.23206275426468514        34.809413139702770        146.43693938561572        137.94429902683154              289          15
 ../1799_seed.dataconnected         171  0.17702825025246793       0.67339649322932360        30.271830793172018        115.15080034221434       0.22644450104316230        38.722009678380751        212.86850524195768        226.49841129802522              296          11
 ../1800_seed.dataconnected         148  0.15702815561418001       0.59800765805783229        23.240167030898643        88.505133392559173       0.19258989224202186        28.503304051819235        174.19859058710713        175.13582560822763              330          16
 ../1801_seed.dataconnected         111  0.16373794892854368       0.59684988966985664        18.174912331068349        66.250337753354088       0.20981196599805213        23.289128225783788        159.00052066368769        144.39957407434389              294          26
 ../1802_seed.dataconnected         124  0.16345978683134316       0.63817923796541187        20.269013567086553        79.134225507711079       0.21704635741465678        26.913748319417440        149.39777381625595        127.86058758348658              340          21
 ../1803_seed.dataconnected         175  0.18836969046957372       0.71656769134437448        32.964695832175401        125.39934598526554       0.22585219725069600        39.524134518871797        155.22153485005575        158.58162159210337              275           8
 ../1804_seed.dataconnected         129  0.17030315624008377       0.64541855090475297        21.969107154970807        83.258993066713131       0.21899530143442675        28.250393885041049        143.19205525015249        129.85486750137747              334          20
 ../1805_seed.dataconnected         120  0.17892829573181596       0.67852793296747282        21.471395487817915        81.423351956096738       0.23966948800497781        28.760338560597337        148.32582700579846        143.70123557701535              271          14
 ../1806_seed.dataconnected         171  0.16907028153766010       0.62914651287795909        28.911018142939877        107.58405370213100       0.21340305694050860        36.491922736826972        172.70908438208889        176.49382409708491              294          17
 ../1807_seed.dataconnected         216  0.16252242719984580       0.63186475438491851        35.104844275166691        136.48278694714239       0.20249519303233937        43.738961694985306        225.38949898877229        266.40165174726269              347          25
 ../1808_seed.dataconnected         168  0.19137542547996222       0.71657013587229679        32.151071480633654        120.38378282654585       0.23495357174810644        39.472200053681881        161.15479477387180        164.14239877603495              330          23
 ../1809_seed.dataconnected          93  0.16434174217361272       0.62517363057698716        15.283782022145983        58.141147643659806       0.21396805111362682        19.899028753567293        170.87558149802518        153.74194139856084              204          20
 ../1810_seed.dataconnected         125  0.16318603470109141       0.60688445401892688        20.398254337636427        75.860556752365866       0.21371226899653317        26.714033624566646        209.95203797048342        229.44932915045979              242          21
 ../1811_seed.dataconnected         111  0.17818443795439187       0.66926468099782155        19.778472612937499        74.288379590758197       0.21736637469296499        24.127667590919113        131.38085488132131        116.85390281240173              276          15
 ../1812_seed.dataconnected         212  0.16286395589971578       0.63653012318247626        34.527158650739743        134.94438611468496       0.20761408634320294        44.014186304759022        255.29339327254013        301.05258632180221              338          18
 ../1813_seed.dataconnected         164  0.19477762335925497       0.73805637943306712        31.943530230917816        121.04124622702301       0.22901797975307558        37.558948679504397        152.43513629146446        155.01426078253994              281          11
 ../1814_seed.dataconnected         161  0.16513110724564814       0.64042867530320025        26.586108266549349        103.10901672381524       0.21148947635537613        34.049805693215554        180.51355171088193        193.34376452053326              292           9
 ../1815_seed.dataconnected         192  0.17733228978846585       0.67121283631216289        34.047799639385445        128.87286457193528       0.21364495562777241        41.019831480532304        202.79423407290776        236.61021045860795              388          50
 ../1816_seed.dataconnected         127  0.12451629487543366       0.46179569488550598        15.813569449180074        58.648053250459256       0.15558007518910341        19.758669549016133        235.27770888731089        263.69905008471250              256          18
 ../1817_seed.dataconnected         149  0.19055832530577321       0.69829535144349397        28.393190470560210        104.04600736508060       0.23564480544179067        35.111076010826807        174.72262402950611        177.44870928775867              341          21
 ../1818_seed.dataconnected         190  0.18495488230565824       0.70895364948412687        35.141427638075065        134.70119340198411       0.22954242497238447        43.613060744753049        190.86813809688357        207.25358187942459              367          20
 ../1819_seed.dataconnected         112  0.16628431774904301       0.63010860383701794        18.623843587892818        70.572163629746015       0.21866112468734172        24.490045964982272        181.17688354037730        152.19526134406556              307          22
 ../1820_seed.dataconnected         103  0.15039975369114647       0.56636820508202923        15.491174630188086        58.335925123449009       0.19874891040301770        20.471137771510822        170.43459324049189        150.70574990881357              253          25
 ../1821_seed.dataconnected         168  0.14647375128857690       0.57157874229040373        24.607590216480919        96.025228704787821       0.19936422879971646        33.493190438352364        191.04588231141636        211.44441528108149              362          26
 ../1822_seed.dataconnected          88  0.18256821468303303       0.70785042777061880        16.066002892106905        62.290837643814456       0.22937639860647918        20.185123077370168        101.64190225038908        80.118354444228345              249          29
 ../1823_seed.dataconnected          45  0.18411590424857305       0.69033707716753046        8.2852156911857868        31.065168472538872       0.27409453294065805        12.334253982329612        63.897260038327673        34.684619665188016              209          16
 ../1824_seed.dataconnected         143  0.16125177745147387       0.60379521326910401        23.059004175560762        86.342715497481876       0.21731198335893126        31.075613620327172        194.92504054011056        210.44974969997008              264          17
 ../1825_seed.dataconnected         155  0.18663259534652410       0.72722109227548515        28.928052278711235        112.71926930270020       0.22609928335632679        35.045388920230650        157.15466877505185        165.08447202368566              312          40
 ../1826_seed.dataconnected         153  0.18026064652904208       0.68029616281140282        27.579878918943439        104.08531291014464       0.22241534342465547        34.029547543972285        179.49556900634033        179.91798803282288              330          19
 ../1827_seed.dataconnected         137  0.16628921203572208       0.64231209691169200        22.781622048893926        87.996757276901803       0.22499555761009310        30.824391392582754        183.99414898386931        199.56905752646094              281          25
 ../1828_seed.dataconnected         185  0.16340621519466908       0.61811246967361577        30.230149811013781        114.35080688961892       0.20849799392047291        38.572128875287490        246.29609554018640        270.05743507130580              309          25
 ../1829_seed.dataconnected         183  0.18233852375589268       0.70496695826614220        33.367949847328362        129.00895336270403       0.23067678652572568        42.213851934207803        202.64763104638391        219.34163934212032              280          16
 ../1830_seed.dataconnected         129  0.14312156411203247       0.54375739527705469        18.462681770452189        70.144703990740055       0.18467357864024506        23.822891644591611        169.32881177042532        151.66965359218287              277          13
 ../1831_seed.dataconnected         157  0.17571777311100698       0.63697221433564255        27.587690378428096        100.00463765069588       0.23505101681271848        36.903009639596803        188.61867337786231        206.15419759756341              327          32
 ../1832_seed.dataconnected         166  0.15526442816155742       0.60394725353655088        25.773895074818530        100.25524408706744       0.20264785771505414        33.639544380698986        269.63324163332078        320.65936307045297              312          22
 ../1833_seed.dataconnected         178  0.15907104177779477       0.60207633087017731        28.314645436447471        107.16958689489157       0.19204623940691598        34.184230614431044        202.27202749716835        216.09276632189824              321          20
 ../1834_seed.dataconnected          69  0.17502617414063340       0.63023310303133429        12.076806015703704        43.486084109162064       0.23766444124698585        16.398846446042025        109.53863277288936        82.780245785655339              203          24
 ../1835_seed.dataconnected         168  0.15394090547599371       0.60470068961605195        25.862072119966943        101.58971585549672       0.19001218931079258        31.922047804213154        158.83338939693871        162.12368064003991              283          17
 ../1836_seed.dataconnected         129  0.13576708701275925       0.51579362370699877        17.513954224645943        66.537377458202840       0.18695946726715140        24.117771277462531        212.25834965688796        237.45325519373500              268          16
 ../1837_seed.dataconnected         153  0.17995184334138759       0.67516677596507180        27.532632031232300        103.30051672265598       0.21610976957591357        33.064794745114774        181.01661957420771        190.44712339036911              315          35
 ../1838_seed.dataconnected         126  0.15988596858893056       0.63658653589261083        20.145632042205250        80.209903522468963       0.19104932318149995        24.072214720868992        152.32323051703963        142.67994860691778              261          29
 ../1839_seed.dataconnected         136  0.14549473912084984       0.55655307729730374        19.787284520435577        75.691218512433309       0.18342218928586360        24.945417742877449        176.63621318641700        184.40718487972197              329          16
 ../1840_seed.dataconnected         110  0.19687588763356542       0.70957168303440854        21.656347639692196        78.052885133784940       0.24685762850721735        27.154339135793908        120.85457219930849        101.31631837776111              276          39
 ../1841_seed.dataconnected         161  0.16774947589592040       0.62998312348938013        27.007665619243184        101.42728288179021       0.21695845776742173        34.930311700554896        189.32561128492389        198.53361652274091              329          14
 ../1842_seed.dataconnected         147  0.17123399129042266       0.63417514030032562        25.171396719692130        93.223745624147867       0.22091649244622061        32.474724389594428        180.97470702608447        183.03488177500438              301          24
 ../1843_seed.dataconnected         132  0.14630245163199190       0.54337535466277820        19.311923615422931        71.725546815486723       0.19906975201399266        26.277207265847032        187.09930013104153        178.84003568357826              223          11
 ../1844_seed.dataconnected         175  0.15220553952451774       0.57554291579428551        26.635969416790605        100.72001026399997       0.20575748566951571        36.007559992165248        258.29200033548443        314.26699788039286              283          21
 ../1845_seed.dataconnected         124  0.17825720418951932       0.67297476135531997        22.103893319500397        83.448870408059676       0.23684038347570302        29.368207550987176        153.20230832444835        149.02273410562384              291          22
 ../1846_seed.dataconnected         200  0.16771004297509248       0.65638245247716343        33.542008595018494        131.27649049543268       0.21034112120235973        42.068224240471949        226.45990872987002        262.38067845752772              341          27
 ../1847_seed.dataconnected          69  0.12160619309085195       0.45024791353570903        8.3908273232687840        31.067106033963924       0.17530758016776818        12.096223031576004        119.14096227813423        95.934156542301949              229          17
 ../1848_seed.dataconnected         120  0.15991425528709161       0.61111129207892834        19.189710634450993        73.333355049471407       0.20571527914720947        24.685833497665136        138.24081182580511        121.84563622333614              295          27
 ../1849_seed.dataconnected         153  0.17416007449400103       0.64044441328024793        26.646491397582157        97.987995231877932       0.21587876234459782        33.029450638723468        161.86559771396736        158.37802611031410              282          15
 ../1850_seed.dataconnected         148  0.16313853381216334       0.63857211744965703        24.144503004200175        94.508673382549233       0.23087568133393577        34.169600837422493        233.60518292051631        252.22036059828312              301          38
 ../1851_seed.dataconnected         152  0.17201222492521445       0.63822684161357290        26.145858188632598        97.010479925263084       0.22311847351053160        33.914007973600803        193.02378691753668        207.28962479932810              317          25
 ../1852_seed.dataconnected         193  0.17381304437062967       0.65660385417189449        33.545917563531525        126.72454385517564       0.22090101158652778        42.633895236199862        230.40289669862292        260.47460391464472              334          21
 ../1853_seed.dataconnected         186  0.15506746965052334       0.60427271372680991        28.842549354997342        112.39472475318664       0.19987685765982294        37.177095524727065        235.97999420171081        282.19377241730524              359          26
 ../1854_seed.dataconnected         169  0.19852350860795345       0.74870727360273537        33.550472954744130        126.53152923886228       0.24406245410682453        41.246554744053348        158.64259775487821        163.13687037655265              268           6
 ../1855_seed.dataconnected          91  0.16943724289349443       0.62516633840930780        15.418789103307994        56.890136795247010       0.22389212369895670        20.374183256605061        113.01980452169198        94.346579324245937              213           7
 ../1856_seed.dataconnected         194  0.17970560735157823       0.68759465054812541        34.862887826206176        133.39336220633632       0.22243106411193059        43.151626437714533        207.32449639748054        234.06545961454719              369          25
 ../1857_seed.dataconnected         196  0.14377136155836648       0.54775797970228857        28.179186865439831        107.36056402164856       0.19161475726745827        37.556492424421819        230.28864737198506        274.86819806345494              321          23
 ../1858_seed.dataconnected         178  0.16919216191497347       0.65245311572671272        30.116204820865278        116.13665459935487       0.21747609843210516        38.710745520914720        180.08441741816611        192.24210616017018              293          15
 ../1859_seed.dataconnected          90  0.15821494317290702       0.62241062294738203        14.239344885561632        56.016956065264381       0.21853635666564186        19.668272099907767        105.86710578517403        81.850493872933384              266          15
 ../1860_seed.dataconnected         109  0.16539950875672743       0.61072307164283390        18.028546454483291        66.568814809068897       0.20969456799159997        22.856707911084396        113.77541795157431        99.564967814894189              305          43
 ../1861_seed.dataconnected          79  0.17309527034427746       0.65256700101506981        13.674526357197919        51.552793080190519       0.24059595939549064        19.007080792243759        136.62933466102172        105.67581737635874              237          36
 ../1862_seed.dataconnected         225  0.16068069598579907       0.61456477662932252        36.153156596804791        138.27707474159757       0.20923072613019075        47.076913379292918        284.18142628551396        338.08965520161729              379          42
 ../1863_seed.dataconnected         117  0.18730291660818552       0.72101581672873982        21.914441243157704        84.358850557262556       0.23250331383329287        27.202887718495266        119.14288343968164        103.93740998056383              270          14
 ../1864_seed.dataconnected         115  0.16590136840705672       0.63841580791323616        19.078657366811523        73.417817910022151       0.22110485935637192        25.427058825982769        172.68092881970821        171.80326397336026              295          21
 ../1865_seed.dataconnected         173  0.15791123648701283       0.60131738492556286        27.318643912253219        104.02790759212238       0.20223216044025985        34.986163756164956        234.56163257037315        265.24871865974592              331          16
 ../1866_seed.dataconnected         138  0.20010686942464045       0.72511781335072145        27.614747980600384        100.06625824239956       0.25116120687725335        34.660246549060965        140.89696356224081        134.43923569472227              273          25
 ../1867_seed.dataconnected         105  0.17170848818223330       0.64363016263138140        18.029391259134496        67.581167076295046       0.22899717278328680        24.044703142245112        141.57447008138189        129.07866044291600              254          13
 ../1868_seed.dataconnected         191  0.17212346804517775       0.65932787419348449        32.875582396628950        125.93162397095554       0.20747830347695503        39.628355964098411        179.63496601139261        186.38533513650151              358          10
 ../1869_seed.dataconnected         117  0.16350747581202876       0.63929793781377153        19.130374670007367        74.797858724211267       0.20656620254046845        24.168245697234809        136.24845845712522        118.76005586798405              225          12
 ../1870_seed.dataconnected         145  0.16302429700691534       0.61096489817672073        23.638523066002726        88.589910235624501       0.20246407879512074        29.357291425292509        180.32160835008881        196.41336220415258              299          21
 ../1871_seed.dataconnected         153  0.17698892355709775       0.68125589694286381        27.079305304235955        104.23215223225816       0.23214137519003081        35.517630404074715        179.02729377540615        183.51720751389067              294          18
 ../1872_seed.dataconnected         156  0.15029266635249197       0.56913925250031805        23.445655950988748        88.785723390049611       0.18983176668052526        29.613755602161941        161.90213385813050        152.73572964862223              309          11
 ../1873_seed.dataconnected         141  0.18701983710400460       0.69690709442733922        26.369797031664650        98.263900314254826       0.23351070891788292        32.925009957421494        157.57295685211767        154.87785068022683              281          11
 ../1874_seed.dataconnected         195  0.18066468384336723       0.70239697144422741        35.229613349456606        136.96740943162433       0.22739685522439343        44.342386768756718        231.32433331016281        273.88125195405939              323          12
 ../1875_seed.dataconnected         162  0.17564156523679725       0.65986533955957782        28.453933568361155        106.89818500865161       0.23030620744507757        37.309605606102565        207.45507237962860        213.82930360036676              284          10
 ../1876_seed.dataconnected         162  0.18335379842285629       0.69611279034829943        29.703315344502720        112.77027203642450       0.22475604049226944        36.410478559747652        170.62823200372824        177.30066988927226              336          19
 ../1877_seed.dataconnected         107  0.18979898571311235       0.69829081230889278        20.308491471303022        74.717116917051527       0.23655604455671994        25.311496767569032        108.92090267171746        87.987518058475146              321          22
 ../1878_seed.dataconnected         194  0.16633553893931285       0.62780401047843881        32.269094554226697        121.79397803281714       0.21794547263266173        42.281421690736373        240.37880616973126        289.45654705326325              308          15
 ../1879_seed.dataconnected         190  0.18052250054534813       0.66991556260413976        34.299275103616147        127.28395689478656       0.23301065690890455        44.272024812691861        252.06659061708609        299.42297611970332              314          15
 ../1880_seed.dataconnected         194  0.18593205220288792       0.69792225036628752        36.070818127360255        135.39691657105979       0.23399065638844666        45.394187339358652        205.74424987949314        223.81199154397007              305           7
 ../1881_seed.dataconnected         125  0.18402904573103412       0.70733417430326229        23.003630716379266        88.416771787907791       0.23000884179924008        28.751105224905011        123.73772528115657        105.85465190191898              252          15
 ../1882_seed.dataconnected         110  0.18492165184028017       0.69903791445228824        20.341381702430819        76.894170589751710       0.23859307344186942        26.245238078605635        128.05903816112075        100.72678213782235              234          13
 ../1883_seed.dataconnected         185  0.16352675879172987       0.61344883431316510        30.252450376470026        113.48803434793554       0.21520433811903064        39.812802552020671        243.55202110947164        281.10910947441107              347          15
 ../1884_seed.dataconnected         127  0.17391279119584460       0.64880143980171257        22.086924481872263        82.397782854817493       0.21684994097585020        27.539942503932973        158.19423159576982        153.13016372753324              321          32
 ../1885_seed.dataconnected         150  0.17906410556468241       0.69633278129138587        26.859615834702360        104.44991719370788       0.21680418201624807        32.520627302437212        142.77232713505916        133.01775270412404              296          17
 ../1886_seed.dataconnected         130  0.16767286696239922       0.63332471205916119        21.797472705111897        82.332212567690959       0.22337888579144688        29.039255152888096        175.63041657522712        176.24348803105306              267          28
 ../1887_seed.dataconnected          91  0.13380033888746934       0.49564750464407598        12.175830838759710        45.103922922610913       0.17474880870556861        15.902141592206743        186.38406306006746        188.46396138265561              200           8
 ../1888_seed.dataconnected          97  0.15070961929291987       0.57663931689950176        14.618833071413228        55.934013739251668       0.21484211822549137        20.839685467872663        125.17587241440276        102.06983932167265              237          17
 ../1889_seed.dataconnected         185  0.18695702611602788       0.71723730387607298        34.587049831465158        132.68890121707349       0.23641452278027855        43.736686714351535        171.09704235666948        175.57373024880840              334          11
 ../1890_seed.dataconnected         154  0.14468877001692126       0.55235574678881394        22.282070582605876        85.062785005477352       0.18441109302513492        28.399308325870777        200.57284369863044        213.92902526072464              257          11
 ../1891_seed.dataconnected         147  0.14702456221404983       0.57038187489863201        21.612610645465324        83.846135610098912       0.20784288749101973        30.552904461179899        299.50371732767564        333.57145711260296              405          48
 ../1892_seed.dataconnected         177  0.16539817648406388       0.64052106923527563        29.275477237679308        113.37222925464378       0.20697078136426134        36.633828301474253        223.39023558806301        256.10670684271867              346          24
 ../1893_seed.dataconnected         137  0.16096168140686473       0.62310835408876664        22.051750352740470        85.365844510161025       0.20290745126856502        27.798320823793407        150.50258299129354        145.34339077446182              286          13
 ../1894_seed.dataconnected         142  0.16634879024691343       0.64234250524466918        23.621528215061709        91.212635744743025       0.21575475927711052        30.637175817349693        173.27820704708142        168.53090971923666              286          20
 ../1895_seed.dataconnected          78  0.15555007586793973       0.60131219619622678        12.132905917699299        46.902351303305686       0.21227431388655343        16.557396483151170        128.93290700659753        111.42153467200581              238          13
 ../1896_seed.dataconnected         146  0.16051304526390345       0.59734060508464537        23.434904608529905        87.211728342358228       0.20501761487721878        29.932571772073942        185.31279223228051        190.53036532320135              347          26
 ../1897_seed.dataconnected         114  0.16337678726885749       0.62766685452450621        18.624953748649755        71.554021415793713       0.22225799525835224        25.337411459452156        163.58140641454776        157.98215441869968              260          22
 ../1898_seed.dataconnected         104  0.17892977027039045       0.67618051425959314        18.608696108120608        70.322773482997690       0.24091019105832859        25.054659870066175        141.82817980146197        122.23281516091215              237          26
 ../1899_seed.dataconnected         145  0.16232870290082538       0.61657977149339227        23.537661920619680        89.404066866541882       0.21048441234827858        30.520239790500394        176.67065035310239        171.24025081320252              309          21
 ../1900_seed.dataconnected         122  0.17565189071446136       0.66727489240788362        21.429530667164286        81.407536873761799       0.22459649132387058        27.400771941512211        128.37924414235414        115.44472833072518              260          22
 ../1901_seed.dataconnected         122  0.16910339698646615       0.65451662560314927        20.630614432348871        79.851028323584217       0.21306188135722032        25.993549525580878        149.16690316028789        148.79918342733572              236          13
 ../1902_seed.dataconnected         190  0.17233202516357826       0.65946441639597664        32.743084781079872        125.29823911523556       0.21262195520729812        40.398171489386641        205.16143861289123        225.62136914748143              360          25
 ../1903_seed.dataconnected         133  0.16972596055451958       0.66515951672199736        22.573552753751105        88.466215724025645       0.21680146625513583        28.834595011933065        168.10899391039703        166.83623814029178              278          19
 ../1904_seed.dataconnected         131  0.19981581565042345       0.76441375940391831        26.175871850205471        100.13820248191330       0.24099544067491771        31.570402728414219        113.93708751503739        101.35519099197229              265          13
 ../1905_seed.dataconnected          97  0.17670187825821798       0.66460878761819298        17.140082191047146        64.467052398964725       0.22594928405548381        21.917080553381929        120.20077284359658        97.429592606900968              234          15
 ../1906_seed.dataconnected         127  0.17517061320930741       0.66425649108612872        22.246667877582041        84.360574367938341       0.21463750491331218        27.258963123990647        141.99212190565001        135.62473422424227              281          14
 ../1907_seed.dataconnected         150  0.17117985936394009       0.66209187239663225        25.676978904591014        99.313780859494841       0.22557805726634830        33.836708589952245        183.34044944730545        193.45824782454415              283          10
 ../1908_seed.dataconnected         188  0.17691321794702919       0.67753524185960678        33.259684974041491        127.37662546960607       0.22131488758634724        41.607198866233283        208.87268006161688        221.52485255639078              376          51
 ../1909_seed.dataconnected         103  0.16343375913972014       0.62500311786243357        16.833677191391175        64.375321139830660       0.20997184820633130        21.627100365252126        118.30241535220618        100.98501552794903              325          28
 ../1910_seed.dataconnected         132  0.17876642754656794       0.67972646330512565        23.597168436146969        89.723893156276588       0.21550699045286051        28.446922739777587        141.56961192135412        126.55407520734329              266          13
 ../1911_seed.dataconnected          92  0.16196094685989057       0.62591236987908849        14.900407111109933        57.583938028876140       0.23046498253310491        21.202778393045651        138.79747557242899        119.43837745971072              261          18
 ../1912_seed.dataconnected         181  0.17697860598977083       0.68797412159058668        32.033127684148518        124.52331600789618       0.22064117144640913        39.936052031800052        172.24588320973260        189.42177911639948              296          16
 ../1913_seed.dataconnected         101  0.17326229882857772       0.67499844533016096        17.499492181686350        68.174842978346263       0.22412594986560919        22.636720936426528        138.49986346216286        117.29500638913856              215          15
 ../1914_seed.dataconnected         128  0.16787389107755216       0.65757353667505203        21.487858057926676        84.169412694406660       0.20863472328230534        26.705244580135084        143.84625291945716        136.06608983979422              280          35
 ../1915_seed.dataconnected         170  0.14160648603055970       0.54808128227116193        24.073102625195148        93.173817986097532       0.18214214308867374        30.964164325074535        199.53783710065039        224.89608558886081              275          10
 ../1916_seed.dataconnected         138  0.18148611306879947       0.68797100924651056        25.045083603494326        94.939999276018455       0.23008024263366858        31.751073483446262        174.18875459116896        154.96202090979574              277          13
 ../1917_seed.dataconnected         128  0.17594149466313977       0.67616055912254602        22.520511316881890        86.548551567685891       0.22414338202163461        28.690352898769230        150.33467495344075        139.25470239296055              261          16
 ../1918_seed.dataconnected         130  0.14788931989955409       0.57542839065078144        19.225611586942030        74.805690784601580       0.19464000852816479        25.303201108661423        238.46554781120847        266.06168204990797              267          16
 ../1919_seed.dataconnected         212  0.17563475515175125       0.68159436646924920        37.234568092171266        144.49800569148084       0.21592326043223342        45.775731211633484        184.31827725856226        200.38687213249096              367          22
 ../1920_seed.dataconnected         157  0.18243300510062729       0.69734900567009617        28.641981800798487        109.48379389020509       0.21783036091702973        34.199366663973670        190.75426280104580        203.35256597908284              329          12
 ../1921_seed.dataconnected         120  0.14895791840622413       0.57660179594658267        17.874950208746895        69.192215513589915       0.19389304727035284        23.267165672442339        153.33084976016337        147.40838335104345              358          30
 ../1922_seed.dataconnected         180  0.20051625053884084       0.77153370318361036        36.092925096991351        138.87606657304985       0.23417333463837442        42.151200234907392        152.41586854325772        152.03795882544014              321          15
 ../1923_seed.dataconnected         155  0.17954582453924106       0.68332280659804856        27.829602803582365        105.91503502269752       0.22221069173756683        34.442657219322861        169.82100140847413        166.66361806179495              301          14
 ../1924_seed.dataconnected         132  0.17047416727795078       0.64729395086478780        22.502590080689505        85.442801514151995       0.22466260662331786        29.655464074277958        173.03163446553091        173.05797719586351              264          15
 ../1925_seed.dataconnected         139  0.15685835733703313       0.60180086057329185        21.803311669847606        83.650319619687565       0.20381550488585673        28.330355179134084        193.38422597827812        209.57515754671601              266          12
 ../1926_seed.dataconnected         157  0.16159862267429190       0.61367143979506267        25.370983759863829        96.346416047824846       0.20196312113442677        31.708210018105003        186.83641580347242        197.18748327134270              322          33
 ../1927_seed.dataconnected         107  0.16071985319916024       0.61570051641410872        17.197024292310147        65.879955256309628       0.21458617843407637        22.960721092446171        126.49041801139761        111.14794497761135              316          36
 ../1928_seed.dataconnected         105  0.11683645202359509       0.44278547487243808        12.267827462477484        46.492474861605999       0.16950041872548641        17.797543966176072        173.80439653388041        173.63361796615752              321          51
 ../1929_seed.dataconnected         123  0.18955133912192262       0.71340826650570111        23.314814711996483        87.749216780201237       0.23857009717581740        29.344121952625539        142.43492475420001        129.89441606938993              296          20
 ../1930_seed.dataconnected         118  0.17828471588167535       0.66335338853355852        21.037596474037692        78.275699846959910       0.23628882879511945        27.882081797824096        144.13177859460666        136.01370903263057              287          39
 ../1931_seed.dataconnected         174  0.16176592130521958       0.61953099812012546        28.147270307108208        107.79839367290182       0.19914267606782951        34.650825635802335        194.61358622002919        202.18089646240279              393          27
 ../1932_seed.dataconnected         121  0.13749740007522515       0.51512060467844334        16.637185409102244        62.329593166091641       0.18693298171272607        22.618890787239856        154.14681925057755        150.46594217315283              299          40
 ../1933_seed.dataconnected         202  0.19900441668470767       0.73608142711023972        40.198892170310948        148.68844827626842       0.24400987285769932        49.289994317255264        183.24874807664943        205.38548220996634              346          17
 ../1934_seed.dataconnected         175  0.16238757630351877       0.60873269583548340        28.417825853115787        106.52822177120959       0.21269884329295688        37.222297576267451        214.93980742627375        234.55671635958458              260          11
 ../1935_seed.dataconnected         167  0.19428855380624990       0.71065359328104882        32.446188485643731        118.67915007793515       0.23323971774810348        38.951032863933278        189.69378983654471        197.64505460517023              316          27
 ../1936_seed.dataconnected         116  0.16168442434084199       0.61563510952242451        18.755393223537670        71.413672704601240       0.20050523703861936        23.258607496479847        170.47479947877991        167.53040184896196              297          27
 ../1937_seed.dataconnected         106  0.18161299575099457       0.70594874203315960        19.250977549605423        74.830566655514914       0.23091090570193215        24.476556004404809        103.04660629126411        84.587233665328213              282          41
 ../1938_seed.dataconnected         174  0.18120232620202473       0.70074082302861673        31.529204759152304        121.92890320697931       0.23138819711608596        40.261546298198958        207.25077071577272        217.77447092779150              338          16
 ../1939_seed.dataconnected         101  0.16164103243797856       0.62060417484595798        16.325744276235834        62.681021659441754       0.21699656355132813        21.916652918684139        139.54017881625498        126.08973470320410              208          10
 ../1940_seed.dataconnected         165  0.16253603646785178       0.62305195048532080        26.818446017195544        102.80357183007793       0.19713041524510314        32.526518515442021        156.46123144384441        161.62752937011237              280          22
 ../1941_seed.dataconnected         134  0.13701743023313723       0.53770925372452161        18.360335651240387        72.053039999085897       0.19212646369486552        25.744946135111981        228.13765676806358        243.39446800701992              265          17
 ../1942_seed.dataconnected          92  0.14679639422541726       0.56806369722674321        13.505268268738389        52.261860144860378       0.19648160620411784        18.076307770778840        136.53834380824409        107.52067611458847              234          34
 ../1943_seed.dataconnected          98  0.15602200007834879       0.61013717077915153        15.290156007678181        59.793442736356852       0.20312368571722028        19.906121200287586        121.92660783323321        99.086560429413410              290          27
 ../1944_seed.dataconnected          95  0.16286902226442179       0.60788642687170502        15.472557115120070        57.749210552811974       0.22124443908777719        21.018221713338832        153.33227177012245        134.66012571356603              232          13
 ../1945_seed.dataconnected         157  0.15262875674073625       0.56953210993120806        23.962714808295591        89.416541259199661       0.20456194862830532        32.116225934643936        233.87671717201943        266.07286198890131              261           7
 ../1946_seed.dataconnected         166  0.17408885904561541       0.65568733942603175        28.898750601572157        108.84409834472127       0.21803086265579974        36.193123200862757        149.22944504102716        146.99726450018190              355          32
 ../1947_seed.dataconnected         169  0.16314101227979486       0.59133590824077198        27.570831075285330        99.935768492690471       0.21118765034178871        35.690712907762290        253.05249973437768        292.01220122922399              270          15
 ../1948_seed.dataconnected         123  0.18457636953565307       0.69759524685191432        22.702893452885327        85.804215362785456       0.23921870203335122        29.423900350102201        176.32030150845640        156.14755298880868              246          14
 ../1949_seed.dataconnected         142  0.14960666385752913       0.58738966453699837        21.244146267769136        83.409332364253771       0.18538487656303665        26.324652471951204        164.61162466805558        169.20411445279848              280          16
 ../1950_seed.dataconnected         103  0.14719265269675119       0.56288422265904714        15.160843227765373        57.977074933881852       0.20343176047223896        20.953471328640614        146.90130063155678        132.21740225466738              191           8
 ../1951_seed.dataconnected          31  0.13787079921588152       0.54721530607495372        4.2739947756923273        16.963674488323566       0.21945958228710544        6.8032470509002687        47.230785099455723        21.685542464530990              193          12
 ../1952_seed.dataconnected         172  0.16948257968327146       0.64296796924166189        29.151003705522690        110.59049070956584       0.21750340078461414        37.410584934953633        212.65955314545607        242.17228055908467              292          18
 ../1953_seed.dataconnected         146  0.17631340126123760       0.67828479628758676        25.741756584140688        99.029580257987661       0.21778149006468736        31.796097549444355        150.47687364752079        149.39286945193544              333          21
 ../1954_seed.dataconnected          84  0.16262191605145604       0.60458081776580852        13.660240948322308        50.784788692327915       0.22696941231201720        19.065430634209445        132.38625955125488        111.04202947989288              295          43
 ../1955_seed.dataconnected         131  0.15246547920264131       0.57492006932506790        19.972977775546010        75.314529081583899       0.20799255292322935        27.247024432943046        156.64631768710638        149.32439982393569              320          39
 ../1956_seed.dataconnected         182  0.15062990508772056       0.55260587609362144        27.414642725965141        100.57426944903911       0.19697919001788081        35.850212583254304        244.71127161183477        283.98100925373370              347          16
 ../1957_seed.dataconnected         116  0.18835808633538784       0.70766914313409945        21.849538014904990        82.089620603555531       0.23676225530403547        27.464421615268115        123.12061183602550        106.64659919621550              294          25
 ../1958_seed.dataconnected          91  0.17717809040344953       0.67489101034446630        16.123206226713908        61.415081941346436       0.23895283970479403        21.744708413136255        116.65036942343443        96.325562107272546              240          22
 ../1959_seed.dataconnected         136  0.15282911588203835       0.59593458845451286        20.784759759957215        81.047104029813752       0.19764279139790161        26.879419630114619        184.70095433246985        175.01817938977172              302          32
 ../1960_seed.dataconnected         114  0.16587761457670949       0.64303595032941019        18.910048061744881        73.306098337552768       0.22341982669053390        25.469860242720863        135.72687566924935        123.75248481715667              300          24
 ../1961_seed.dataconnected         165  0.16442867099295316       0.64838944885265004        27.130730713837274        106.98425906068725       0.20361876723377920        33.597096593573568        169.26029370825614        173.97735644898066              262           7
 ../1962_seed.dataconnected         101  0.16503733589689257       0.62049423834515682        16.668770925586148        62.669918072860838       0.22117743587533381        22.338921023408716        123.90645259160794        101.44375233952191              271          16
 ../1963_seed.dataconnected         118  0.18235681079590238       0.65617382578468453        21.518103673916482        77.428511442592779       0.24434706425486288        28.832953582073820        132.93936581997542        127.13239973703519              279          25
 ../1964_seed.dataconnected         179  0.16671412781786588       0.63475771733866282        29.841828879397990        113.62163140362064       0.21268687588901838        38.070950784134290        202.41866465733810        225.93759559124337              297           9
 ../1965_seed.dataconnected         110  0.17156188598864613       0.66675612121983951        18.871807458751075        73.343173334182353       0.22304772490143918        24.535249739158310        123.40603547461410        113.60561174201770              310          30
 ../1966_seed.dataconnected         190  0.18038277408252601       0.68427951347295557        34.272727075679938        130.01310755986157       0.22900185360084727        43.510352184160979        212.58128796286462        241.95009753364937              343          37
 ../1967_seed.dataconnected         185  0.14387880760051977       0.54187104651589979        26.617579406096159        100.24614360544146       0.18940253551547098        35.039469070362131        252.51307575380326        320.93180645458352              325          29
 ../1968_seed.dataconnected         144  0.16563970522562493       0.63691504376950758        23.852117552489990        91.715766302809087       0.21868716035274582        31.490951090795399        228.21007645817573        236.52831066391386              351          34
 ../1969_seed.dataconnected         149  0.16606634519914837       0.62600428156130783        24.743885434673107        93.274637952634862       0.20951301329170829        31.217438980464536        170.31398685417585        176.17499351639492              344          52
 ../1970_seed.dataconnected         181  0.15426834856273583       0.58560153733293441        27.922571089855186        105.99387825726113       0.19782793915889144        35.806856987759353        191.39241201345268        202.46834438247888              313          15
 ../1971_seed.dataconnected         152  0.18715277867724872       0.70922650861800285        28.447222358941804        107.80242930993643       0.23269193949287417        35.369174802916874        163.59459052604333        165.19468133084391              332          36
 ../1972_seed.dataconnected         164  0.16889083748628889       0.64923105366274614        27.698097347751379        106.47389280069036       0.21483768912880860        35.233381017124607        209.61867928102384        235.41912780674411              267          21
 ../1973_seed.dataconnected          74  0.14209311052912976       0.55964927367682571        10.514890179155602        41.414046252085100       0.20085979541959534        14.863624861050056        113.89912444681575        91.965465497440263              301          51
 ../1974_seed.dataconnected         132  0.17614159730703757       0.67980427186001990        23.250690844528961        89.734163885522634       0.23180602666856992        30.598395520251231        153.41275152625141        149.36204079949837              360          35
 ../1975_seed.dataconnected         175  0.16311289052238492       0.63094165924093837        28.544755841417363        110.41479036716422       0.21709797863062003        37.992146260358503        213.13733499562952        241.34348026092798              278          11
 ../1976_seed.dataconnected          73  0.18610823469918591       0.68026236198786572        13.585901133040572        49.659152425114200       0.23039295565452686        16.818685762780461        92.568596651059110        67.196639767299075              299          71
 ../1977_seed.dataconnected         107  0.15325652986424912       0.56588421035950487        16.398448695474656        60.549610508467019       0.21028435081048669        22.500425536722076        212.37313368688018        227.62956818134927              241          13
 ../1978_seed.dataconnected         122  0.17492482766584877       0.66007671319790706        21.340828975233549        80.529359010144660       0.22256140405458180        27.152491294658979        132.51692717579795        117.80160832082890              287          20
 ../1979_seed.dataconnected         131  0.18271793357893013       0.70775503357684910        23.936049298839848        92.715909398567234       0.22956415083116458        30.072903758882561        145.46934257504188        136.92844882677673              260          17
 ../1980_seed.dataconnected         210  0.19701393893054303       0.74751552751492911        41.372927175414034        156.97826077813511       0.23848609555183115        50.082080065884540        216.53970980084651        256.50445394244582              399          20
 ../1981_seed.dataconnected         144  0.17342513488830660       0.66143215421718426        24.973219423916152        95.246230207274536       0.21225903838655322        30.565301527663664        159.04682687307456        158.85546664723108              324          30
 ../1982_seed.dataconnected         111  0.19196907726008547       0.69625847997704760        21.308567575869485        77.284691277452282       0.24334100526835245        27.010851584787122        121.33571138526756        102.10005201843347              235          23
 ../1983_seed.dataconnected         161  0.11039922117435812       0.41279004826765897        17.774274609071657        66.459197771093088       0.15821662451286009        25.472876546570475        258.04818647862265        304.75531605170755              299          18
 ../1984_seed.dataconnected         180  0.16890721536470146       0.65325628708607120        30.403298765646262        117.58613167549282       0.21286078674579864        38.314941614243757        191.95597223235302        212.23905653177547              326          15
 ../1985_seed.dataconnected          57  0.13485707755294435       0.55033519586972568        7.6868534205178278        31.369106164574365       0.19814777063935740        11.294422926443373        93.638889982557373        68.055600247761390              241          20
 ../1986_seed.dataconnected          75  0.18130263543042105       0.65603427395472913        13.597697657281579        49.202570546604683       0.25543235131494513        19.157426348620884        116.66437250732641        88.323801688438479              290          35
 ../1987_seed.dataconnected         179  0.16490786332093479       0.63883091001021619        29.518507534447327        114.35073289182870       0.21723299122126974        38.884705428607283        223.51729702170263        255.82587707283221              326          14
 ../1988_seed.dataconnected         144  0.13915330068989326       0.51996148362713879        20.038075299344630        74.874453642307984       0.18663942812076079        26.876077649389554        190.66153803812318        200.30695139763364              297          22
 ../1989_seed.dataconnected         165  0.15431769937998713       0.59964244223551622        25.462420397697876        98.941002968860175       0.20294870624828298        33.486536530966696        258.35414673829973        278.70462642863038              309          13
 ../1990_seed.dataconnected         135  0.16986849997768094       0.65027914914666940        22.932247496986928        87.787685134800370       0.21721177626036309        29.323589795149015        168.73211115372993        165.13774638860650              283          17
 ../1991_seed.dataconnected          90  0.15139633152716542       0.58076979526679595        13.625669837444887        52.269281574011636       0.20987723025507304        18.888950722956572        127.09752688622767        110.16422681804249              239          27
 ../1992_seed.dataconnected         144  0.18780226237626882       0.72521047282517703        27.043525782182709        104.43030808682549       0.23310394717191407        33.566968392755626        151.59345144737125        145.82080366098711              286          17
 ../1993_seed.dataconnected         172  0.16535446626895348       0.61537850578794639        28.440968198259998        105.84510299552679       0.21189188789035879        36.445404717141713        215.06700036527965        242.61792083076591              318          13
 ../1994_seed.dataconnected         157  0.15121486364820821       0.57284395992429926        23.740733592768688        89.936501708114989       0.19559637528955545        30.708630920460205        184.65454690436002        203.76820159870482              280          14
 ../1995_seed.dataconnected         145  0.16456247758046788       0.62938918367512842        23.861559249167843        91.261431632893618       0.21894769377439932        31.747415597287901        182.91562143571437        190.75991201899882              274          27
 ../1996_seed.dataconnected         189  0.17397248685351530       0.68292670465893934        32.880800015314392        129.07314718053954       0.20896294125267290        39.493995896755180        180.05076216526410        197.73545822189359              314           9
 ../1997_seed.dataconnected         100  0.17629120209336896       0.66642343965249895        17.629120209336897        66.642343965249893       0.22730296280438117        22.730296280438118        113.95718108319112        95.902379320965522              244          22
 ../1998_seed.dataconnected         131  0.18203266334716531       0.67604601106513862        23.846278898478655        88.562027449533161       0.21640252405626639        28.348730651370897        124.32118337720166        113.59352764592437              302          38
 ../1999_seed.dataconnected          84  0.14098833707512837       0.54218072629316094        11.843020314310783        45.543181008625517       0.19605539336006611        16.468653042245553        133.10644825123856        110.54148750463712              183          14
 ../2000_seed.dataconnected         118  0.17632522334295744       0.66719594217301759        20.806376354468977        78.729121176416072       0.22491422849223092        26.539878962083247        143.07706215506195        131.66559169862231              250          12
 ../2001_seed.dataconnected         184  0.17400063221000761       0.65643879061751376        32.016116326641402        120.78473747362253       0.21088989670697975        38.803740994084272        178.86105336475899        188.01745207596127              319           7
 ../2002_seed.dataconnected         135  0.17650042836465046       0.66419661595727686        23.827557829227814        89.666543154232372       0.22616889163273179        30.532800370418791        132.58354865500556        124.80093599925544              238          22
 ../2003_seed.dataconnected         103  0.16620347290057214       0.63517201796584233        17.118957708758931        65.422717850481760       0.21123873044312724        21.757589235642104        129.67350156185475        110.50040665428615              227          12
 ../2004_seed.dataconnected         167  0.12192058098820809       0.47136062185076960        20.360737025030751        78.717223849078522       0.16865503731780751        28.165391232073855        261.90820379973616        325.92099183102050              310          22
 ../2005_seed.dataconnected         133  0.17731988732038026       0.65989631455495690        23.583545013610575        87.766209835809263       0.23562743711850284        31.338449136760879        200.25298540790160        219.94056654029777              272          20
 ../2006_seed.dataconnected         188  0.18346835935385716       0.70037165620753139        34.492051558525148        131.66987136701590       0.23317421386019424        43.836752205716515        230.00056164000262        262.70589845612801              355          48
 ../2007_seed.dataconnected         103  0.17930718779812888       0.67029593072236249        18.468640343207273        69.040480864403335       0.22752064780591724        23.434626724009476        132.74174786496289        116.12005410730032              260          19
 ../2008_seed.dataconnected         145  0.19222625719835473       0.73652599687370002        27.872807293761436        106.79626954668650       0.23912074381946061        34.672507853821791        144.64448864173744        141.64014601836024              308          22
 ../2009_seed.dataconnected         111  0.17310027153002513       0.65488224610154577        19.214130139832790        72.691929317271587       0.22230949167841349        24.676353576303896        147.01810887158879        140.25679863545815              266          28
 ../2010_seed.dataconnected         143  0.15852642432152025       0.58972969227197058        22.669278677977395        84.331345994891791       0.19644724370621758        28.091955849989112        204.03996062676956        212.14929590174918              294          15
 ../2011_seed.dataconnected         155  0.18038095217750000       0.68016327403435106        27.959047587512501        105.42530747532442       0.21453982199306348        33.253672408924842        142.10583948314661        138.10191336753266              295          14
 ../2012_seed.dataconnected         121  0.14272822540163993       0.52608885018898410        17.270115273598432        63.656750872867079       0.20680118318588878        25.022943165492542        195.37480805466910        198.31430300423122              310          31
 ../2013_seed.dataconnected         117  0.18980347505616890       0.71297753952199361        22.207006581571761        83.418372124073258       0.23324697179629611        27.289895700166646        128.15853616270010        109.51735025435548              248           9
 ../2014_seed.dataconnected         134  0.14210846113656012       0.53252753155723087        19.042533792299057        71.358689228668936       0.18391003816661491        24.643945114326399        180.46056539331104        179.85057820471971              268           9
 ../2015_seed.dataconnected         104  0.19753330012660536       0.74704979563685381        20.543463213166959        77.693178746232803       0.24609247221294153        25.593617110145921        110.96271397747653        94.805001821760186              256          23
 ../2016_seed.dataconnected         127  0.17689886767560351       0.67478884826345031        22.466156194801645        85.698183729458194       0.23531031029756852        29.884409407791203        156.38065501581650        151.59830448947821              345          31
 ../2017_seed.dataconnected         171  0.16393666365884155       0.62006183984685603        28.033169485661904        106.03057461381238       0.20852305963802215        35.657443198101788        206.77289526021883        222.30549958071566              340          13
 ../2018_seed.dataconnected         183  0.16387393731666719       0.65189964135840683        29.988930528950096        119.29763436858845       0.21105861429897999        38.623726416713339        198.36384928172419        226.23888762831868              354          19
 ../2019_seed.dataconnected         103  0.16235131385206086       0.61697004918737164        16.722185326762268        63.547915066299282       0.20868935490473400        21.495003555187601        130.56115380664264        118.70247698082561              233          19
 ../2020_seed.dataconnected         189  0.15941253469653396       0.59885403035940299        30.128969057644920        113.18341173792716       0.21253054543814193        40.168273087808821        251.93486456887501        296.86415457930036              308          15
 ../2021_seed.dataconnected         179  0.15109934114494580       0.57763536296127904        27.046782064945297        103.39672997006895       0.19774992578249961        35.397236715067429        215.42225580965501        234.87755686898572              304          15
 ../2022_seed.dataconnected         140  0.16436069830227201       0.62891585614088619        23.010497762318082        88.048219859724071       0.20680438761731557        28.952614266424177        136.37407104807616        125.79864459448969              309          19
 ../2023_seed.dataconnected         143  0.10225579112342048       0.39203130528535063        14.622578130649130        56.060476655805140       0.14898505696517786        21.304863146020434        282.40256722069876        341.88269488238126              333          51
 ../2024_seed.dataconnected         135  0.13580545116331619       0.50604714327241451        18.333735907047686        68.316364341775966       0.20805783437083014        28.087807640062071        275.72013166046679        310.59287786326041              269          14
 ../2025_seed.dataconnected         177  0.17382384076450255       0.66501327503414553        30.766819815316953        117.70734968104377       0.21382360621800978        37.846778300587729        205.39932070757570        236.50965401844758              327          17
 ../2026_seed.dataconnected         150  0.15955776301509980       0.62452377624552236        23.933664452264971        93.678566436828348       0.20315489744038878        30.473234616058317        187.77732239410648        198.63438551711170              276          15
 ../2027_seed.dataconnected         186  0.14032077526540854       0.54435733594188151        26.099664199365989        101.25046448518997       0.20999610314981712        39.059275185865985        322.73984740156317        428.37748094493048              283          13
 ../2028_seed.dataconnected         140  0.15916872948161864       0.62572724575159744        22.283622127426611        87.601814405223635       0.20545851906117568        28.764192668564597        186.28670085010401        197.21546114026503              325          30
 ../2029_seed.dataconnected          96  0.12164916345580801       0.49808160657672085        11.678319691757569        47.815834231365201       0.15874947377414067        15.239949482317504        149.84504489940139        121.00820883161973              267          36
 ../2030_seed.dataconnected          67  0.15571894201937386       0.60727895096257489        10.433169115298050        40.687689714492521       0.22615892458094819        15.152647946923528        117.27653679606389        92.182647810248866              297          45
 ../2031_seed.dataconnected         160  0.16516121376414139       0.60572740910283884        26.425794202262622        96.916385456454208       0.20492504636108827        32.788007417774125        189.46543402858620        205.52410260088516              304          25
 ../2032_seed.dataconnected         192  0.17837512788497797       0.68805300247985290        34.248024553915769        132.10617647613176       0.22744754195871322        43.669928056072941        197.89159168321180        221.60994962465347              357          14
 ../2033_seed.dataconnected         133  0.18670360806863665       0.72272996414877266        24.831579873128675        96.123085231786760       0.24148991551652424        32.118158763697721        181.78440754100811        174.41148724501085              281          16
 ../2034_seed.dataconnected         180  0.18046784746832351       0.70220256979785145        32.484212544298231        126.39646256361326       0.22721248822229886        40.898247880013798        196.71075537330373        219.14309030142289              276          12
 ../2035_seed.dataconnected          91  0.15207530003440739       0.55186676312047744        13.838852303131073        50.219875443963446       0.21077271428248015        19.180316999705692        146.22355909404587        129.15918310492759              217          10
 ../2036_seed.dataconnected         157  0.18292839873825109       0.68933093919516397        28.719758601905422        108.22495745364074       0.23034001725214484        36.163382708586738        159.37880307583768        162.51665418564420              328          51
 ../2037_seed.dataconnected         132  0.14948825134850782       0.57699992941096923        19.732449178003034        76.163990682247942       0.20571251787312622        27.154052359252660        214.03078452257259        227.13826257333565              296          29
 ../2038_seed.dataconnected         160  0.18227831108383052       0.66243597397525611        29.164529773412884        105.98975583604098       0.23040302842842425        36.864484548547878        175.01071797415116        176.21728922266635              275          14
 ../2039_seed.dataconnected         190  0.16933514064459346       0.64447004900953297        32.173676722472756        122.44930931181126       0.21980408137756224        41.762775461736830        246.42182858687119        286.13231173319008              295           8
 ../2040_seed.dataconnected         129  0.17340717975398767       0.66262378852770021        22.369526188264409        85.478468720073323       0.22217182661764454        28.660165633676144        130.40566281536047        119.49379474136128              323          29
 ../2041_seed.dataconnected         171  0.15319308053738365       0.58805038549217015        26.196016771892605        100.55661591916109       0.18642218002286237        31.878192783909466        172.32880624481263        177.06411101224415              339          17
 ../2042_seed.dataconnected          91  0.15942249062337124       0.58572472023848943        14.507446646726784        53.300949541702536       0.21118977190258398        19.218269243135143        108.92955376748749        92.178982274554784              248          12
 ../2043_seed.dataconnected         127  0.18058806525742030       0.67480956497818523        22.934684287692377        85.700814752229519       0.22747369635116360        28.889159436597776        138.38205904242272        129.02070158497716              263          34
 ../2044_seed.dataconnected         138  0.19583210827463282       0.75669818678063927        27.024830941899328        104.42434977572822       0.23404882873127628        32.298738364916126        125.88202615716280        116.46495020536820              371          34
 ../2045_seed.dataconnected         117  0.15781173260705680       0.60973667935362208        18.463972715025648        71.339191484373785       0.22708117157133409        26.568497073846089        174.66289499114200        174.04573496558024              263          16
 ../2046_seed.dataconnected         127  0.13049093270892234       0.51285915211537803        16.572348454033136        65.133112318653005       0.17978403109407606        22.832571948947660        181.67967610696630        191.27621474660472              273          18
 ../2047_seed.dataconnected         168  0.16273074337201593       0.60421939783854672        27.338764886498677        101.50885883687585       0.20755672170492764        34.869529246427845        231.49353476806883        261.98711535601512              315          16
 ../2048_seed.dataconnected         131  0.12977205990656090       0.48842877447587424        17.000139847759478        63.984169456339522       0.17476801805246561        22.894610364872996        212.93437086869426        226.23215786163942              254          10
 ../2049_seed.dataconnected         177  0.18139532098875658       0.69111339631495639        32.106971815009913        122.32707114774728       0.22055072826937747        39.037478903679812        155.41195238487120        155.28524460441184              353          21
 ../2050_seed.dataconnected          90  0.14978765927886692       0.55179126371111731        13.480889335098023        49.661213734000555       0.21305394654327353        19.174855188894618        145.05933021690100        122.29643109054336              297          24
 ../2051_seed.dataconnected         126  0.16898161932677369       0.62815211764431855        21.291684035173486        79.147166823184136       0.21510398589575211        27.103102222864766        149.03513469803411        133.20660688079781              314          33
 ../2052_seed.dataconnected         191  0.18112991585134222       0.69487368286335816        34.595813927606365        132.72087342690142       0.21808519737921378        41.654272699429832        175.77818708050739        188.55649292775581              351          17
 ../2053_seed.dataconnected         195  0.16616453160919267       0.63419508338554798        32.402083663792574        123.66804126018185       0.20490362370947793        39.956206623348194        201.85942127467263        214.33078056170993              355          18
 ../2054_seed.dataconnected         164  0.15042397182720607       0.58634506390036290        24.669531379661795        96.160590479659518       0.18723521506216501        30.706575270195060        229.13715442878905        268.03387284665308              290          13
 ../2055_seed.dataconnected         127  0.16173453088546422       0.64015549489358903        20.540285422453955        81.299747851485805       0.22082481107084992        28.044751005997941        178.85336847626812        161.98168191071974              264          17
 ../2056_seed.dataconnected         162  0.18304070253137239       0.69713819538171262        29.652593810082326        112.93638765183745       0.23183716315700553        37.557620431434898        195.27888777875339        202.00947079502120              235           5
 ../2057_seed.dataconnected         147  0.17291377645254444       0.67598835340844132        25.418325138524033        99.370287951040879       0.21095051978006915        31.009726407670165        177.28957842859444        180.54513669230820              340          30
 ../2058_seed.dataconnected         178  0.16856491413846966       0.64129710749385371        30.004554716647601        114.15088513390596       0.21394971468011642        38.083049213060725        186.30908050072966        194.96913096559945              313          12
 ../2059_seed.dataconnected         162  0.14608022613841581       0.56082343845968763        23.664996634423360        90.853397030469395       0.19455559950057044        31.518007119092413        223.34706841216055        263.33789928680045              329          18
 ../2060_seed.dataconnected         189  0.16315671707430049       0.61391874658171386        30.836619527042792        116.03064310394392       0.21563043370257942        40.754151969787507        243.50541425758587        282.63600861392194              368          31
 ../2061_seed.dataconnected          77  0.16649729510836109       0.61917195565159788        12.820291723343804        47.676240585173034       0.20954131900100204        16.134681563077155        90.538437854429006        70.160930852595797              225          26
 ../2062_seed.dataconnected         111  0.18022001301666249       0.65068649799278089        20.004421444849537        72.226201277198683       0.23872956596120920        26.498981821694223        169.03429493791501        161.08355705801617              268          15
 ../2063_seed.dataconnected         201  0.16627812822618843       0.61785051306068128        33.421903773463875        124.18795312519694       0.20833146490537577        41.874624445980530        235.96059879050151        283.32056319658813              329          10
 ../2064_seed.dataconnected          68  0.16543487948449698       0.61734853045005667        11.249571804945795        41.979700070603855       0.22252202794493128        15.131497900255328        104.84266276009801        80.571761860354513              275          16
 ../2065_seed.dataconnected         160  0.14789554225471513       0.58721215430568885        23.663286760754421        93.953944688910212       0.18365837040625707        29.385339265001132        234.08874380251629        260.42318295117849              289          14
 ../2066_seed.dataconnected         122  0.16606184358576867       0.62834052995132972        20.259544917463778        76.657544654062221       0.21091739258013389        25.731921894776335        164.46035616878271        151.37367110054797              315          41
 ../2067_seed.dataconnected         128  0.15148022542222536       0.60409847662503713        19.389468854044846        77.324605008004752       0.21390440776982036        27.379764194537007        178.61124901769369        193.19514590386567              279          18
 ../2068_seed.dataconnected         147  0.16680371653665568       0.62584115682112784        24.520146330888384        91.998650052705798       0.21897159451130152        32.188824393161326        214.49597820132888        226.38733037826677              306          18
 ../2069_seed.dataconnected         158  0.13225494051932982       0.51603428292000753        20.896280602054112        81.533416701361190       0.19199463168255365        30.335151805843477        302.86908749093061        384.06419910597771              325          14
 ../2070_seed.dataconnected         155  0.16116674507732828       0.59929264329853871        24.980845486985885        92.890359711273504       0.21652516037027916        33.561399857393269        211.82172721977949        227.12663305761527              263           9
 ../2071_seed.dataconnected          80  0.12736471626532664       0.48353898385083283        10.189177301226131        38.683118708066630       0.19048117587262861        15.238494069810288        136.90048720890252        123.83899928068307              240          16
 ../2072_seed.dataconnected         141  0.17804977547241163       0.67638191150274873        25.105018341610041        95.369849521887573       0.21964625775502858        30.970122343459028        158.44122806206121        158.71293238719812              299          16
 ../2073_seed.dataconnected         197  0.18574836252106081       0.70504040366241794        36.592427416648981        138.89295952149632       0.21791625953810534        42.929503129006754        192.50587586240766        212.72139480878431              307           9
 ../2074_seed.dataconnected         115  0.16685181335270138       0.61221099106528287        19.187958535560661        70.404263972507536       0.21738785907824920        24.999603793998659        150.75980124069994        141.89346351549145              309          26
 ../2075_seed.dataconnected          82  0.13612928879187236       0.51663845138725850        11.162601680933534        42.364353013755199       0.20575980503005609        16.872304012464600        142.01975309649811        133.12960181614167              239          15
 ../2076_seed.dataconnected         117  0.15443428201361639       0.59601502679726159        18.068810995593118        69.733758135279601       0.20009954872790894        23.411647201165348        146.49679298737072        134.52467949832723              212          12
 ../2077_seed.dataconnected         131  0.16838235235011959       0.63412860141025706        22.058088157865665        83.070846784743679       0.21269344281101124        27.862841008242473        165.53352676423629        165.38434050094244              253          14
 ../2078_seed.dataconnected         164  0.17431799893702571       0.69319157841563173        28.588151825672217        113.68341886016360       0.22679131607762040        37.193775836729749        188.34029670566994        199.00275004235218              325          33
 ../2079_seed.dataconnected         126  0.17820127520595641       0.64793305890907327        22.453360675950506        81.639565422543228       0.23534150405347820        29.653029510738254        159.88180600167760        158.22656994928269              248          12
 ../2080_seed.dataconnected         165  0.16223473091679877       0.61963628533089465        26.768730601271798        102.23998707959761       0.19982347672849163        32.970873660201121        172.10018313547550        177.36127117654243              309          26
 ../2081_seed.dataconnected         104  0.11667470152872045       0.45122379280333003        12.134168958986926        46.927274451546324       0.15684556595417334        16.311938859234029        151.38000574100363        137.35711048066167              264          26
 ../2082_seed.dataconnected         122  0.15854222065432211       0.61655704792994703        19.342150919827297        75.219959847453538       0.19123779834165611        23.331011397682044        140.61346071371128        129.50147305154519              284          18
 ../2083_seed.dataconnected         124  0.16788323949400286       0.65505868360582875        20.817521697256353        81.227276767122760       0.21817163730546693        27.053283025877899        135.05257535655537        126.20481731155843              314          23
 ../2084_seed.dataconnected          97  0.18333848931812288       0.65782120463433480        17.783833463857921        63.808656849530479       0.23886677170815646        23.170076855691175        130.74327415217084        118.47326607091794              307          24
 ../2085_seed.dataconnected         142  0.17382528774242953       0.65128410422179972        24.683190859424993        92.482342799495555       0.21760982633163159        30.900595339091687        179.40769200203863        180.72809586998844              304          11
 ../2086_seed.dataconnected         143  0.17265214954140953       0.65181211750211421        24.689257384421563        93.209132802802330       0.20732621380521768        29.647648574146128        158.95467247818871        158.84598595493645              293          17
 ../2087_seed.dataconnected         134  0.17861171146537375       0.66615671559795153        23.933969336360082        89.264999890125509       0.21959788309671435        29.426116334959723        131.53245540142368        121.34633871352635              272          14
 ../2088_seed.dataconnected         124  0.16313401391890386       0.61694815108751078        20.228617725944080        76.501570734851342       0.21664770646038098        26.864315601087242        143.20705682340810        136.31448659272084              274          22
 ../2089_seed.dataconnected         133  0.18551415900316420       0.71043536792631923        24.673383147420839        94.487903934200460       0.23848035018048069        31.717886574003931        143.84655542805172        136.46792117884661              288          14
 ../2090_seed.dataconnected         189  0.15413839345105146       0.58119127853708175        29.132156362248725        109.84515164350844       0.19559683913605574        36.967802596714535        225.76420726670972        273.05674879245896              351          20
 ../2091_seed.dataconnected          83  0.16925517800848422       0.63568313985457769        14.048179774704190        52.761700607929946       0.22265605609176808        18.480452655616752        126.16844290532238        107.60738374346452              258          23
 ../2092_seed.dataconnected         107  0.15715423076315999       0.57138799732768664        16.815502691658118        61.138515714062471       0.21698492725232513        23.217387215998787        196.10257227633045        192.17970682982255              222          19
 ../2093_seed.dataconnected         113  0.17619317352655697       0.66427190494601929        19.909828608500938        75.062725258900173       0.23670421827203580        26.747576664740045        135.30727066552353        121.89936588934984              248          13
 ../2094_seed.dataconnected          89  0.13616629610316450       0.50595380887345720        12.118800353181641        45.029888989737692       0.19725627820979130        17.555808760671425        177.93096874169444        161.69955914588141              275          21
 ../2095_seed.dataconnected         144  0.11316839062846121       0.44262300792749582        16.296248250498415        63.737713141559396       0.16625299087632936        23.940430686191426        297.44794126624600        377.54094395365939              291          17
 ../2096_seed.dataconnected         161  0.16853969069270575       0.62822500733808495        27.134890201525625        101.14422618143168       0.21454168150029188        34.541210721546989        201.16848462803912        213.47084478046904              319          36
 ../2097_seed.dataconnected         159  0.15548319040022043       0.58730749104157043        24.721827273635050        93.381891075609701       0.19995336187304022        31.792584537813394        168.64798715859922        170.16476467298713              290          10
 ../2098_seed.dataconnected         122  0.17044986119046646       0.66710804890981135        20.794883065236906        81.387181966996991       0.21783356501745002        26.575694932128904        128.81767257904275        116.59832562994973              290          32
 ../2099_seed.dataconnected         131  0.18932103097638017       0.72613896092908847        24.801055057905803        95.124203881710585       0.23290596670488861        30.510681638340408        161.29904843984153        150.60316884104950              274          11
 ../2100_seed.dataconnected         137  0.11450720305915020       0.45397925173134368        15.687486819103578        62.195157487194081       0.16927093969046567        23.190118737593796        256.41773701733632        301.26829204455385              325          20
 ../2101_seed.dataconnected         154  0.16642544977208049       0.64627024742271511        25.629519264900395        99.525618103098125       0.20702183329697182        31.881362327733662        175.52624145262982        179.58597076882810              308          24
 ../2102_seed.dataconnected         229  0.15369247984416226       0.58895526468951975        35.195577884313160        134.87075561390003       0.21195372581324878        48.537403211233972        425.23258200256970        568.95550779001019              400          28
 ../2103_seed.dataconnected          94  0.14900479902541069       0.56766116036896641        14.006451108388605        53.360149074682845       0.19030279602598579        17.888462826442666        138.22963566852977        106.34908554610982              296          18
 ../2104_seed.dataconnected         149  0.14062354345224565       0.54754933796182215        20.952907974384601        81.584851356311503       0.18201715838974314        27.120556600071726        198.34319183015845        217.77534760344000              300          19
 ../2105_seed.dataconnected         129  0.16797839535746015       0.64022628765319267        21.669213001112357        82.589191107261854       0.21863601980356423        28.204046554659786        148.76532049984164        140.87211329088521              309          24
 ../2106_seed.dataconnected          88  0.18281031059030256       0.69804851543191393        16.087307331946626        61.428269358008428       0.23285923061606459        20.491612294213684        114.17906965213507        90.392999862918643              241          18
 ../2107_seed.dataconnected         124  0.17404914341814609       0.68422651280749691        21.582093783850116        84.844087588129611       0.21924471137799742        27.186344210871681        141.50883042442013        131.64336737041313              289          31
 ../2108_seed.dataconnected         109  0.15671593078176202       0.60083558672046899        17.082036455212059        65.491078952531126       0.23117484647046041        25.198058265280185        162.74328045621110        169.19817146060018              241          11
 ../2109_seed.dataconnected         113  0.16734369225984805       0.63237712018879289        18.909837225362828        71.458614581333592       0.20608350076925580        23.287435586925906        134.52578149292040        120.13979349538656              264          18
 ../2110_seed.dataconnected         128  0.17178206630233572       0.68576378117376957        21.988104486698973        87.777763990242505       0.21398034515620293        27.389484179993975        141.95563525020373        130.29476934076908              264          10
 ../2111_seed.dataconnected         158  0.18291059041879923       0.69690623194796297        28.899873286170280        110.11118464777815       0.23621859019561089        37.322537250906521        170.66097605877619        180.30583950470321              324          22
 ../2112_seed.dataconnected          92  0.20422942891372411       0.75111567207547270        18.789107460062617        69.102641830943483       0.25362893719491036        23.333862221931753        105.18122802522494        78.852318331864623              219          25
 ../2113_seed.dataconnected         169  0.15728084971758058       0.59415116015549729        26.580463602271116        100.41154606627904       0.21203334706382801        35.833635653786935        272.82639075350312        308.29345391989301              329          20
 ../2114_seed.dataconnected         137  0.16140544850881661       0.61711483479630280        22.112546445707874        84.544732367093488       0.20835154609791592        28.544161815414480        196.00589081217382        210.42444749465355              305          34
 ../2115_seed.dataconnected          98  0.17216385763862593       0.67904734834017544        16.872058048585341        66.546640137337192       0.22751846871586301        22.296809934154574        100.57220678603086        79.908466256882463              239          14
 ../2116_seed.dataconnected         118  0.14079995217701069       0.54807649574920680        16.614394356887260        64.673026498406401       0.19032207843487930        22.458005255315758        178.93435769848665        179.27261901981646              257          23
 ../2117_seed.dataconnected          48  0.14325307065967507       0.55561379122655852        6.8761473916644036        26.669461978874807       0.22448967850130425        10.775504568062605        86.290084984472841        44.933293769019912              225          25
 ../2118_seed.dataconnected         132  0.17218360838875205       0.65603771957777457        22.728236307315271        86.596978984266244       0.20779646707655836        27.429133654105701        147.09140751850981        142.58129815978234              294          18
 ../2119_seed.dataconnected         187  0.17357938188000688       0.66309996763727441        32.459344411561290        123.99969394817032       0.22313428147541919        41.726110635903389        195.16974830899116        202.76586959886842              317          19
 ../2120_seed.dataconnected         196  0.16410849931259222       0.62286796898980878        32.165265865268076        122.08212192200253       0.20062552639018968        39.322603172477180        204.67402974344577        237.50496185006486              321          12
 ../2121_seed.dataconnected         170  0.16969379045713534       0.65056813147739700        28.847944377713009        110.59658235115749       0.21000443275549116        35.700753568433498        199.71111363440454        209.20616646221589              299          12
 ../2122_seed.dataconnected          99  0.18186056732558925       0.71296952797458690        18.004196165233335        70.583983269484108       0.22991862028581639        22.761943408295821        111.04612717719634        87.150957130170084              266          14
 ../2123_seed.dataconnected         175  0.14571031387452943       0.54318736174434268        25.499304928042651        95.057788305259962       0.18866707222684381        33.016737639697666        215.23140766440952        237.72330697497543              329          21
 ../2124_seed.dataconnected          81  0.15590890814167468       0.56984476587748678        12.628621559475649        46.157426036076430       0.20544281056628355        16.640867655868966        109.53879856345451        88.934600992274312              220          21
 ../2125_seed.dataconnected         128  0.16736233027881670       0.61689096174193103        21.422378275688537        78.962043102967172       0.22424663480115417        28.703569254547734        186.54468756278030        171.62149325558133              245          15
 ../2126_seed.dataconnected         106  0.13438887750644946       0.50485971529892681        14.245221015683642        53.515129821686244       0.18489316917867696        19.598675932939759        197.59535655799303        198.41259256653365              242          13
 ../2127_seed.dataconnected         122  0.16754481634865623       0.62417401969125252        20.440467594536059        76.149230402332805       0.21085912796942252        25.724813612269546        157.00278198547900        157.29625855001638              328          39
 ../2128_seed.dataconnected         143  0.18618609486454879       0.73261324566525488        26.624611565630477        104.76369413013144       0.22970255996667641        32.847466075234728        134.43948662158286        125.88525444374538              361          55
 ../2129_seed.dataconnected         183  0.14502859020168107       0.55394912574377630        26.540232006907637        101.37269001111106       0.18909839862340719        34.605006948083513        226.50822045692487        253.12262228978193              331          15
 ../2130_seed.dataconnected          79  0.14179681452578019       0.57499515374074694        11.201948347536636        45.424617145519008       0.19694003603365123        15.558262846658447        121.26824144386559        96.852655542398807              242          23
 ../2131_seed.dataconnected         106  0.17274326684259783       0.65907137566394602        18.310786285315370        69.861565820378274       0.23031364316180530        24.413246175151361        129.72225808897707        109.42099994993362              223          22
 ../2132_seed.dataconnected          91  0.15303286783062614       0.58532396119434604        13.925990972586979        53.264480468685491       0.22462230269043246        20.440629544829353        145.82347130241328        117.92464900291732              225          12
 ../2133_seed.dataconnected         177  0.16277643898146421       0.63986884175271541        28.811429699719167        113.25678499023063       0.20575258186504647        36.418206990113227        235.16557551858114        267.45414784242803              340          15
 ../2134_seed.dataconnected         148  0.12812293311799372       0.48755896388720366        18.962194101463069        72.158726655306140       0.18062541894428283        26.732562003753859        316.88039478602536        375.67455354503318              265          10
 ../2135_seed.dataconnected         103  0.16352450013858538       0.62875709783557476        16.843023514274293        64.761981077064206       0.21986529410092248        22.646125292395016        127.90843694733520        112.47637451400817              290          50
 ../2136_seed.dataconnected         143  0.16980495317847100       0.62952657652353561        24.282108304521351        90.022300442865586       0.20953517463677560        29.963529973058911        157.33978548751548        157.94834076890831              264          18
 ../2137_seed.dataconnected         110  0.17318977635588562       0.66703931173496533        19.050875399147419        73.374324290846189       0.21155096239224841        23.270605863147324        129.40088223778440        118.10924222382694              296          18
 ../2138_seed.dataconnected         129  0.18912413606431630       0.74360519727802410        24.397013552296801        95.925070448865114       0.24091420531636479        31.077932485811058        121.84417488076160        105.56876643071773              278          20
 ../2139_seed.dataconnected         130  0.15716500267997430       0.61470895231838341        20.431450348396659        79.912163801389838       0.21627460106053450        28.115698137869487        145.93867912700026        140.13716511420074              258          10
 ../2140_seed.dataconnected         156  0.17516594490508094       0.70324523981748144        27.325887405192628        109.70625741152710       0.21063372997952540        32.858861876805960        168.29916107700927        173.52483184196728              398          45
 ../2141_seed.dataconnected         153  0.18248118398012167       0.70294635977298847        27.919621148958615        107.55079304526724       0.22772297722609802        34.841615515592999        169.51736489018626        165.36777256151240              294          24
 ../2142_seed.dataconnected         149  0.18470159011907850       0.69028045193962240        27.520536927742697        102.85178733900374       0.22185261500938963        33.056039636399056        172.25182337432292        177.34238280216459              316          17
 ../2143_seed.dataconnected         122  0.16015459726911896       0.60607068192892732        19.538860866832515        73.940623195329138       0.21417183109064980        26.128963393059276        190.91135482687773        205.79408939137929              285          36
 ../2144_seed.dataconnected         115  0.13332032628946178       0.49154159815804782        15.331837523288105        56.527283788175502       0.17774539286876656        20.440720179908155        187.11917168994896        183.66852826506013              256          15
 ../2145_seed.dataconnected         149  0.17316406371397514       0.65068060371843794        25.801445493382296        96.951409954047250       0.21934329651432799        32.682151180634868        164.10360624804744        162.40328364846491              279          10
 ../2146_seed.dataconnected          78  0.16174471262505788       0.63425988295175673        12.616087584754515        49.472270870237026       0.22013661425346273        17.170655911770094        109.38903705757785        85.813571545565765              341          35
 ../2147_seed.dataconnected         124  0.15454777243505843       0.60048679597969734        19.163923781947247        74.460362701482467       0.22128826941968349        27.439745408040753        189.67760685749710        173.13828352204007              234          11
