# File, connection, Nq6, PetersQcl, RogalQcl, Nq6*Peters, Nq6*Rogal, MoroniQcl, Nq6*Moroni, area, volume, total solid, 2ndcluster
 ../1_seed.dataconnected          97  0.36431114665946285       0.81260961602242721        35.338181225967894        78.823132754175433       0.39168884714525443        37.993818173089679        104.26280847449532        84.589330357358861              132           3
 ../2_seed.dataconnected          77  0.36253655803322082       0.77639703166233387        27.915314968558004        59.782571437999707       0.39915858736598353        30.735211227180731        100.63431585940509        72.261010472552528              124          10
 ../3_seed.dataconnected          74  0.36859301470590106       0.80398230771059276        27.275883088236679        59.494690770583865       0.41107573747539633        30.419604573179328        86.147026431876540        66.163363949129774              108           5
 ../4_seed.dataconnected          82  0.36346297987729437       0.79559091327210807        29.803964349938138        65.238454888312859       0.40462699618385661        33.179413687076242        115.05724582396850        91.217153423229007              174          23
 ../5_seed.dataconnected         106  0.41388296286240450       0.85984364092004451        43.871594063414875        91.143425937524711       0.44809996868091745        47.498596680177251        117.85538607828929        99.937658234194245              134           4
 ../6_seed.dataconnected          65  0.32415738212468237       0.72709984057037702        21.070229838104353        47.261489637074504       0.36000491584544125        23.400319529953681        79.407728918395009        53.394769019334106               89           7
 ../7_seed.dataconnected          66  0.34387684050693695       0.75383590041716275        22.695871473457839        49.753169427532740       0.38709812307113822        25.548476122695124        105.38964928085382        79.210312526752787              129           9
 ../8_seed.dataconnected          39  0.36559697197095381       0.81094965411179121        14.258281906867198        31.627036510359858       0.40565703982096851        15.820624553017772        67.073495624251166        36.556442048308675              108          20
 ../9_seed.dataconnected          61  0.34102005271044289       0.73512747404539869        20.802223215337015        44.842775916769320       0.40211953639664322        24.529291720195236        81.338961462694954        53.538842641500409              104           6
 ../10_seed.dataconnected          76  0.35522725473424949       0.78134349922765300        26.997271359802962        59.382105941301631       0.40317821222514366        30.641544129110919        110.48968223680436        78.601815334044971              121           8
 ../11_seed.dataconnected          63  0.32930252991062436       0.73867802071435695        20.746059384369335        46.536715305004485       0.36417809809525997        22.943220180001379        82.669745040303013        56.718762853401664              134          12
 ../12_seed.dataconnected         108  0.40313566061147621       0.83685043070527698        43.538651346039430        90.379846516169920       0.43980618152747386        47.499067604967181        96.446426654001186        75.650021277704411              150           9
 ../13_seed.dataconnected          65  0.32833636452560677       0.71941623360185858        21.341863694164442        46.762055184120811       0.37886154965555641        24.626000727611167        78.402425194936484        54.959175634400587               96           3
 ../14_seed.dataconnected         138  0.41024734182985917       0.85470342076747385        56.614133172520567        117.94907206591139       0.45312669791728977        62.531484312585988        131.61829438057518        122.23496881390265              190           5
 ../15_seed.dataconnected          92  0.33928407488902534       0.74356998327235369        31.214134889790330        68.408438461056534       0.38686487626384075        35.591568616273349        117.10987780873110        95.374944085732082              137           6
 ../16_seed.dataconnected          58  0.34471673788572904       0.77555020216543213        19.993570797372286        44.981911725595062       0.40090438114846427        23.252454106610926        78.617859657214026        48.396181371107033              110           6
 ../17_seed.dataconnected          91  0.29169862307414368       0.65121657358089136        26.544574699747074        59.260708195861113       0.34385395513050943        31.290709916876359        107.21555696577884        85.812805309274736              134           7
 ../18_seed.dataconnected          73  0.34417792418810245       0.74718000461577927        25.124988465731480        54.544140336951884       0.37526250054546123        27.394162539818669        94.120966290528159        67.099408920462494              104           4
 ../19_seed.dataconnected          81  0.33226721440797652       0.73362380447933584        26.913644367046096        59.423528162826202       0.37509678791254841        30.382839820916420        82.405504113931485        60.481582075323175              112           6
 ../20_seed.dataconnected         107  0.31837823179405816       0.73130470169787487        34.066470801964222        78.249603081672618       0.35515869672000272        38.001980549040290        139.83495127340234        126.13336609505023              171          11
 ../21_seed.dataconnected          85  0.37264195430742664       0.80416037658753636        31.674566116131263        68.353632009940597       0.40799039444927754        34.679183528188588        82.601282490939695        58.601683258739236              116           8
 ../22_seed.dataconnected          50  0.34924278582704915       0.74998043663545544        17.462139291352457        37.499021831772772       0.39961177234919532        19.980588617459766        84.682531105768945        47.359915062642898               86           5
 ../23_seed.dataconnected          97  0.34006572651829270       0.75325703044541803        32.986375472274389        73.065931953205549       0.36413704420160198        35.321293287555392        141.75275987976099        113.21411913102892              129           3
 ../24_seed.dataconnected          43  0.39868386807398531       0.85362040598976940        17.143406327181367        36.705677457560085       0.45539073192248775        19.581801472666974        42.675243678529220        21.660699360358766               77           8
 ../25_seed.dataconnected          49  0.29548270623086442       0.68475996688483332        14.478652605312357        33.553238377356834       0.35398692972112134        17.345359556334945        104.74716047654138        77.332011777434744               74           9
 ../26_seed.dataconnected          66  0.33024368658964381       0.71902406363708760        21.796083314916491        47.455588200047778       0.39028755093461542        25.758978361684619        138.48053951447898        103.45455300174780              112           6
 ../27_seed.dataconnected          85  0.32805206018439759       0.72831910683018952        27.884425115673796        61.907124080566106       0.37572482763875342        31.936610349294043        115.90649140080617        95.039431178845533              112           5
 ../28_seed.dataconnected         100  0.33695583054207801       0.75068850983642121        33.695583054207802        75.068850983642122       0.37440390417873570        37.440390417873573        116.97796974952847        93.395423796781472              128           6
 ../29_seed.dataconnected          78  0.35809242211467451       0.78875043470952633        27.931208924944613        61.522533907343053       0.41024722394557500        31.999283467754850        86.427546161665575        59.512523682586085              130           5
 ../30_seed.dataconnected          65  0.35744709557153143       0.75440538011348335        23.234061212149541        49.036349707376417       0.40519339855698677        26.337570906204139        86.988985821418055        57.254320772400220              102           6
 ../31_seed.dataconnected          84  0.34563938015421036       0.75887425230755767        29.033707932953671        63.745437193834846       0.37933972613922340        31.864536995694767        106.06080840432389        86.615722143901863              135          12
 ../32_seed.dataconnected          46  0.34044510091957608       0.74567266002739074        15.660474642300500        34.300942361259978       0.40899022521037298        18.813550359677158        90.098406413465611        53.024832499269273               72           4
 ../33_seed.dataconnected          97  0.37685733757030249       0.82418010296762234        36.555161744319342        79.945469987859369       0.40256589761661693        39.048892068811845        106.47426474099079        81.348515886599841              147          12
 ../34_seed.dataconnected          71  0.30719471085131367       0.66623414772819800        21.810824470443272        47.302624488702058       0.36514689151561913        25.925429297608957        110.51198796259948        88.151077776951482               96           4
 ../35_seed.dataconnected          30  0.34216574568432939       0.75960653214454010        10.264972370529883        22.788195964336204       0.40625472371574683        12.187641711472406        49.393890295115526        23.337903537132423               50           4
 ../36_seed.dataconnected          83  0.36473862290548231       0.80055775197646817        30.273305701155031        66.446293414046863       0.40629077376310058        33.722134222337345        93.862256214280748        68.903224236240746              119           6
 ../37_seed.dataconnected          87  0.36705270699157877       0.82168444486870507        31.933585508267353        71.486546703577346       0.40902495229300606        35.585170849491526        100.07261129866947        78.641642573306541              132          10
 ../38_seed.dataconnected          54  0.41179252704886637       0.84845449951330443        22.236796460638786        45.816542973718441       0.43577465748126493        23.531831503988307        58.801523497231791        34.307563182460846              104          12
 ../39_seed.dataconnected          31  0.35639673244402226       0.80119322546952554        11.048298705764690        24.836989989555292       0.40147533221875659        12.445735298781454        44.055859608639217        21.901739793097679               78          13
 ../40_seed.dataconnected          63  0.31095859362286071       0.69633897071130024        19.590391398240225        43.869355154811913       0.36785327309981519        23.174756205288357        109.69400214739058        79.423503823256127              106          13
 ../41_seed.dataconnected          69  0.32699405693644373       0.70979959355166866        22.562589928614617        48.976171955065141       0.37847858301593995        26.115022228099857        122.85981599219451        98.270541352690827               89           3
 ../42_seed.dataconnected          63  0.32106860773582963       0.71707996027184495        20.227322287357268        45.176037497126231       0.36290744795986218        22.863169221471317        106.19473728076740        76.726904509518036              118          13
 ../43_seed.dataconnected          74  0.34289618182512754       0.73876586204664352        25.374317455059437        54.668673791451617       0.40625402189609239        30.062797620310835        108.38647851102978        80.879522239464080              104           3
 ../44_seed.dataconnected          86  0.34409949583597260       0.75689537022343878        29.592556641893644        65.093001839215731       0.36909738578431578        31.742375177451159        127.89205966458086        90.902344109703520              129          16
 ../45_seed.dataconnected          56  0.37932660321562123       0.78950183701273202        21.242289780074788        44.212102872712990       0.44865900188112717        25.124904105343120        64.599248846287765        41.553140631876730               90           8
 ../46_seed.dataconnected          77  0.30867170416590484       0.68853962272556446        23.767721220774671        53.017550949868465       0.35245171672383219        27.138782187735078        94.374998373424972        72.656736693115420              128           6
 ../47_seed.dataconnected          78  0.36414500234559843       0.77572438955710743        28.403310182956677        60.506502385454382       0.40727208596636955        31.767222705376824        95.342787075117627        68.781318747413124              100           6
 ../48_seed.dataconnected         110  0.37835659417909046       0.81468965116743963        41.619225359699954        89.615861628418358       0.41366000931207880        45.502601024328669        103.11151730085457        86.948852900698427              149           9
 ../49_seed.dataconnected          76  0.35645513997318007       0.77480122031661114        27.090590637961686        58.884892744062448       0.38615519324933884        29.347794686949751        100.16544281344535        73.212245527404036              110           7
 ../50_seed.dataconnected          85  0.31947999006606675       0.68304462097461638        27.155799155615675        58.058792782842389       0.39280570165682732        33.388484640830320        140.42418702725195        115.02422679144681              122           8
 ../51_seed.dataconnected          65  0.36684223245691266       0.78580203224800738        23.844745109699325        51.077132096120479       0.41048059793920688        26.681238866048446        88.881477712806515        62.730766770088877              111           6
 ../52_seed.dataconnected         108  0.35971510286675273       0.78947795194389769        38.849231109609292        85.263618809940951       0.39292182289100769        42.435556872228830        114.91020666098369        93.918206595583328              144           5
 ../53_seed.dataconnected          87  0.36002676169593179       0.78494255175344396        31.322328267546066        68.290002002549627       0.40602096831554391        35.323824243452322        92.462658301656063        70.728620774834624              124           9
 ../54_seed.dataconnected          40  0.33974535419781227       0.77034135465798448        13.589814167912490        30.813654186319379       0.40055407660230358        16.022163064092144        67.653627935827785        38.700220242182851               70           4
 ../55_seed.dataconnected          53  0.31042776115900511       0.68649654078147404        16.452671341427269        36.384316661418126       0.35032461062079906        18.567204362902348        89.877027919883901        58.892533130554995               81           3
 ../56_seed.dataconnected          64  0.33080001227980066       0.73879415623228784        21.171200785907242        47.282825998866421       0.37630822788570756        24.083726584685284        95.297396715874086        66.393076044907730               99           6
 ../57_seed.dataconnected          75  0.38945948970846905       0.82886462057625820        29.209461728135178        62.164846543219369       0.44245043573630516        33.183782680222890        80.248148882714830        56.740316119780985              110           4
 ../58_seed.dataconnected          70  0.33380388756273227       0.74890680965958134        23.366272129391259        52.423476676170694       0.36762031629289699        25.733422140502789        90.389765215777075        59.970205932795096              101           3
 ../59_seed.dataconnected          64  0.35340940627174133       0.77896026127175044        22.618202001391445        49.853456721392028       0.40055346600612363        25.635421824391912        73.825678964863116        48.952332438887098              115          10
 ../60_seed.dataconnected         102  0.30984463286631952       0.69019758299153156        31.604152552364592        70.400153465136214       0.33951301961465358        34.630328000694668        142.93427036101949        119.82906123091817              129          12
 ../61_seed.dataconnected          64  0.34701760162146189       0.76791664682562333        22.209126503773561        49.146665396839893       0.38811600593994888        24.839424380156728        85.704206044118067        56.497976311235846               85           3
 ../62_seed.dataconnected          54  0.32144318757248619       0.71168906634147211        17.357932128914253        38.431209582439493       0.37698515022775753        20.357198112298907        66.104003230311122        41.607763158866881               75           2
 ../63_seed.dataconnected          60  0.40026983375040720       0.84787753327995363        24.016190025024432        50.872651996797217       0.45095681060645254        27.057408636387152        77.853129887637948        52.874825741706793               98           9
 ../64_seed.dataconnected          67  0.32357223459085827       0.72962663979883025        21.679339717587503        48.884984866521627       0.36208808487007577        24.259901686295077        108.07969637768856        82.962805947324028              107           7
 ../65_seed.dataconnected          22  0.28573261289943808       0.65480057204797038        6.2861174837876375        14.405612585055348       0.30317284624436952        6.6698026173761296        41.520618864907590        18.921251442825980               57           6
 ../66_seed.dataconnected          17  0.31552083870119613       0.70254902833323896        5.3638542579203339        11.943333481665062       0.40217073727761787        6.8369025337195035        30.745713313752105        11.411852197867159               86          17
 ../67_seed.dataconnected          86  0.34016868798154648       0.74001174119577617        29.254507166412996        63.641009742836751       0.39187812696415064        33.701518918916953        120.43562629066616        98.720495202082361              116           5
 ../68_seed.dataconnected          72  0.33624039563808306       0.73802622037937093        24.209308485941982        53.137887867314710       0.39357632957468408        28.337495729377252        88.053799516726485        65.889847836034818              106           6
 ../69_seed.dataconnected          61  0.33552689089388582       0.76981436528520242        20.467140344527035        46.958676282397349       0.37121364971128745        22.644032632388534        113.96130126997275        82.902397369931194               87           4
 ../70_seed.dataconnected          95  0.39459030678810403       0.82677939156490798        37.486079144869883        78.544042198666261       0.43507144342267617        41.331787125154236        102.02410717349987        78.359161884219432              138           4
 ../71_seed.dataconnected         103  0.39558941013964588       0.84321565653865704        40.745709244383526        86.851212623481672       0.43187177006208077        44.482792316394317        109.52689580019342        90.704330442607429              149           8
 ../72_seed.dataconnected          72  0.31239855221223833       0.69809490875969504        22.492695759281162        50.262833430698045       0.35440458467805136        25.517130096819699        106.93095148255242        79.055949218638048              121          10
 ../73_seed.dataconnected          84  0.37078802981670744       0.80525824326105488        31.146194504603425        67.641692433928611       0.40735892199022666        34.218149447179037        102.01579233503732        79.029100823399972              129          11
 ../74_seed.dataconnected          74  0.37434699420955103       0.80872515572504400        27.701677571506778        59.845661523653256       0.41081423885403617        30.400253675198677        90.224844102404887        67.615644105153820              117           5
 ../75_seed.dataconnected          68  0.34601898919749285       0.76357927864247821        23.529291265429514        51.923390947688517       0.39253516513992515        26.692391229514911        73.232825301402499        49.136379803501363              102           3
 ../76_seed.dataconnected          90  0.35227182076265290       0.74054659319177440        31.704463868638761        66.649193387259700       0.40052546619848123        36.047291957863308        100.59704439071662        77.755112842234922              121           7
 ../77_seed.dataconnected          31  0.29639482543098261       0.66629346993514016        9.1882395883604602        20.655097567989344       0.35196159584428394        10.910809471172803        60.557136026663095        29.892818442851222               78           8
 ../78_seed.dataconnected          77  0.33085181895290211       0.72814481196355374        25.475590059373463        56.067150521193639       0.36883036848417539        28.399938373281504        124.66509030965189        98.151113574712781               99           3
 ../79_seed.dataconnected          60  0.37160727462923032       0.81574321567749508        22.296436477753819        48.944592940649706       0.40984655657402896        24.590793394441739        69.651694007020595        44.598713255800313              104           6
 ../80_seed.dataconnected          81  0.36319597563772632       0.78517987590727689        29.418874026655832        63.599569948489432       0.42169120472433846        34.156987582671412        119.13106742383587        93.255268428827037              127          18
 ../81_seed.dataconnected          97  0.33699919703309777       0.72475944835131723        32.688922112210484        70.301666490077764       0.38075225008781566        36.932968258518116        114.01981001693328        89.520477692524551              128           8
 ../82_seed.dataconnected          88  0.33644389373503919       0.72444695336854070        29.607062648683449        63.751331896431580       0.38938589392703460        34.265958665579042        122.43651718678909        100.61029316328126              113           6
 ../83_seed.dataconnected          12  0.38348617793649431       0.81444158442848014        4.6018341352379313        9.7732990131417612       0.51474587999559973        6.1769505599471968        15.166161855751279        2.9213343099260900               66          10
 ../84_seed.dataconnected          69  0.37288099488124399       0.79279504451481175        25.728788646805835        54.702858071522009       0.42371538459229652        29.236361536868461        84.715431441966089        60.674326190856689               77           2
 ../85_seed.dataconnected          77  0.31638636667444653       0.70102587962654828        24.361750233932383        53.978992731244219       0.35287283924964524        27.171208622222682        99.243232252387628        68.861048995833244              106           3
 ../86_seed.dataconnected         123  0.33730543494085868       0.74182571535582242        41.488568497725616        91.244562988766162       0.39395567214601973        48.456547673960429        153.86138366681399        145.97113591061324              164           8
 ../87_seed.dataconnected          91  0.35240600954756063       0.78072728541969882        32.068946868828014        71.046182973192586       0.38485197328069060        35.021529568542846        96.061849138367435        75.427317017296659              150          18
 ../88_seed.dataconnected          44  0.35642211965885967       0.78376779438127853        15.682573264989825        34.485782952776255       0.42149167281627059        18.545633603915906        86.930371162069918        48.333721406428864              105          10
 ../89_seed.dataconnected          81  0.29977426718165173       0.67172861445144194        24.281715641713792        54.410017770566796       0.32373970957299075        26.222916475412251        96.967740752080871        72.434051014357451               93           2
 ../90_seed.dataconnected          90  0.36831044618461639       0.81899168709188486        33.147940156615476        73.709251838269637       0.40360934937177761        36.324841443459988        114.48375927441241        92.527176456863160              144          15
 ../91_seed.dataconnected          84  0.31474991813454317       0.68268640276578096        26.438993123301625        57.345657832325600       0.36561701345548620        30.711829130260842        140.24266118771286        121.05841122278376              122           8
 ../92_seed.dataconnected          76  0.32379856582309913       0.73327589398425819        24.608691002555535        55.728967942803621       0.35378603743207415        26.887738844837635        101.84883876754454        74.531729569746261              102           4
 ../93_seed.dataconnected         113  0.36389894793465388       0.77326092859011875        41.120581116615888        87.378484930683413       0.40658061363423637        45.943609340668708        137.16400023241479        121.36756003299820              158           6
 ../94_seed.dataconnected          52  0.39276767772102900       0.83769179141238337        20.423919241493508        43.559973153443934       0.43670724698518310        22.708776843229522        62.362322324532272        35.724908123362589               92           7
 ../95_seed.dataconnected          71  0.36256194289054205       0.79958882171767198        25.741897945228487        56.770806341954710       0.40241570931855775        28.571515361617600        70.159441662699450        47.965859075822962              101           4
 ../96_seed.dataconnected          82  0.36150607829738052       0.78072995695268788        29.643498420385203        64.019856470120402       0.40260635627731872        33.013721214740137        110.96149885796390        85.516535702404298              115           6
 ../97_seed.dataconnected         138  0.40279628525712380       0.84454651477919929        55.585887365483082        116.54741903952950       0.43072206321580697        59.439644723781363        133.57797515899938        121.38840450166451              164           4
 ../98_seed.dataconnected          30  0.27730572589495545       0.64818817909836002        8.3191717768486626        19.445645372950800       0.33942673914434296        10.182802174330289        41.709707317340708        18.943821082244742               74           4
 ../99_seed.dataconnected          83  0.37048110741320395       0.83274709501493682        30.749931915295928        69.118008886239750       0.39028663193658292        32.393790450736383        85.584281427498340        66.026799114339155              131          14
 ../100_seed.dataconnected         106  0.33241185961123887       0.72680840457504114        35.235657118791323        77.041690884954363       0.37023884472025509        39.245317540347038        107.75389804782102        89.471142562856173              133           5
 ../101_seed.dataconnected          68  0.31690273578866812       0.72512812534936599        21.549386033629432        49.308712523756888       0.36340956157711213        24.711850187243623        94.612920600390453        70.955578414032857               92           3
 ../102_seed.dataconnected          16  0.37826809604141881       0.82372597963554117        6.0522895366627010        13.179615674168659       0.49719175808205646        7.9550681293129033        22.457338343665299        7.0443681103173175               62          10
 ../103_seed.dataconnected          89  0.34656240669870431       0.76084675755518583        30.844054196184683        67.715361422411533       0.38920254881816302        34.639026844816506        106.86802085734193        86.991715025050979              114           5
 ../104_seed.dataconnected          66  0.35538794188070078       0.79510862824476780        23.455604164126250        52.477169464154677       0.40877330784150190        26.979038317539125        79.977455173247293        56.663216356707835              106           7
 ../105_seed.dataconnected          44  0.37702009123910030       0.83299192395944655        16.588884014520414        36.651644654215644       0.39193401576142783        17.245096693502823        50.454583935936412        26.480123321143910               81           8
 ../106_seed.dataconnected          37  0.34750134055467996       0.78459762215201678        12.857549600523159        29.030112019624621       0.42364275250492783        15.674781842682330        54.651742613652992        30.217742854355564               74           5
 ../107_seed.dataconnected          39  0.36500448014340175       0.78383284422119959        14.235174725592669        30.569480924626784       0.41685733032340622        16.257435882612842        59.694063671992012        31.276485732009760               86           6
 ../108_seed.dataconnected         127  0.36403848350232343       0.79285026285071458        46.232887404795072        100.69198338204075       0.38541580864114894        48.947807697425915        132.00315361393780        120.88166423670515              163           8
 ../109_seed.dataconnected          89  0.36215663565407430       0.77750443998444618        32.231940573212611        69.197895158615708       0.41759251952544030        37.165734237764184        108.69177037592573        91.102234499927036              127          14
 ../110_seed.dataconnected         126  0.35568392588113612       0.76223544859261105        44.816174661023155        96.041666522668990       0.37545339929540433        47.307128311220943        127.06644728218873        111.01671830620705              154           6
 ../111_seed.dataconnected          74  0.39050948921353523       0.83318214357522269        28.897702201801607        61.655478624566477       0.44392661036547337        32.850569167045030        76.568409197521717        53.550960572288417              115           8
 ../112_seed.dataconnected         120  0.37647756780185299       0.81633606297391270        45.177308136222358        97.960327556869530       0.41421647337747586        49.705976805297105        131.42895786897770        119.98670416187160              172          11
 ../113_seed.dataconnected          55  0.33000916757652932       0.73463888789091247        18.150504216709113        40.405138834000184       0.37189868954644972        20.454427925054734        82.319910330618470        51.082061401517535               83           3
 ../114_seed.dataconnected          57  0.34038844182780348       0.76675411640867830        19.402141184184799        43.704984635294664       0.36638120916913802        20.883728922640866        64.484299400153390        39.848404898309767              110           9
 ../115_seed.dataconnected          75  0.37416339470188559       0.82267554171351942        28.062254602641421        61.700665628513960       0.39798797854369045        29.849098390776785        82.470338524920720        61.249302436583520              110          12
 ../116_seed.dataconnected          72  0.35805426177225991       0.78698713167263945        25.779906847602714        56.663073480430043       0.41060859535265493        29.563818865391156        100.83121375937259        76.896869481826002              111           6
 ../117_seed.dataconnected          98  0.35149904962928263       0.77215781275247897        34.446906863669696        75.671465649742942       0.37619006874979721        36.866626737480125        124.39326261308058        91.596784042974491              129           7
 ../118_seed.dataconnected          75  0.35073494349334955       0.75344405465082309        26.305120762001216        56.508304098811735       0.40306619934010818        30.229964950508112        111.18478531020018        88.636304388144836              128          10
 ../119_seed.dataconnected          66  0.35667110301564670       0.79863174275300719        23.540292799032681        52.709695021698472       0.36891771866533385        24.348569431912033        71.856374963828998        49.023940301595395               98           5
 ../120_seed.dataconnected          34  0.29051870939038943       0.65520899012201095        9.8776361192732409        22.277105664148372       0.30490105357799285        10.366635821651757        67.578995087638745        36.624973643536812               71           5
 ../121_seed.dataconnected          66  0.38234056274640749       0.81501584767453961        25.234477141262893        53.791045946519617       0.42169931871653665        27.832155035291418        82.117009705773455        53.935114730288944              105           7
 ../122_seed.dataconnected          58  0.35916277919467765       0.78628648532809287        20.831441193291305        45.604616149029383       0.37853804816743020        21.955206793710950        78.438466366944482        49.105579139669402               79           3
 ../123_seed.dataconnected          60  0.35159904007007697       0.78185927974695923        21.095942404204617        46.911556784817556       0.39692376979898691        23.815426187939217        84.206311335930437        55.169450930832497              118           8
 ../124_seed.dataconnected          51  0.36455887594157266       0.79477651525060211        18.592502673020206        40.533602277780709       0.40074888172395784        20.438192967921850        77.690354147378883        50.635419316691411               88           6
 ../125_seed.dataconnected          66  0.35339036373847688       0.75136108386968492        23.323764006739474        49.589831535399206       0.40221264411013213        26.546034511268722        78.983701196311671        52.250793119469947              139          46
 ../126_seed.dataconnected          83  0.34808491399538993       0.74342876792399337        28.891047861617363        61.704587737691448       0.39036109677531161        32.399971032350862        108.74769430742217        80.019290302309486              111           6
 ../127_seed.dataconnected          83  0.35228124168693703       0.79205230191353082        29.239343060015774        65.740341058823063       0.37234134162893312        30.904331355201450        106.06746000110451        87.390736615124965              113           4
 ../128_seed.dataconnected          89  0.35262838177426653       0.77213293886861045        31.383925977909723        68.719831559306328       0.38789086558000080        34.522287036620071        133.16631332907210        104.83702705003164              129           7
 ../129_seed.dataconnected          83  0.35709968529890673       0.77084350565184157        29.639273879809259        63.980010969102850       0.40398064895732017        33.530393863457576        98.276491966235028        70.103493810912141              141           6
 ../130_seed.dataconnected          72  0.36094839782482546       0.78422448431465475        25.988284643387434        56.464162870655144       0.40778850537922301        29.360772387304056        90.936370490919302        68.204911663934922              112           5
 ../131_seed.dataconnected          58  0.33478947888025573       0.74692966328266208        19.417789775054832        43.321920470394403       0.38690425191393396        22.440446611008170        78.108959057164640        52.179229325755315               86           3
 ../132_seed.dataconnected          58  0.34150290420936186       0.76737356242206900        19.807168444142988        44.507666620480002       0.38684740971386894        22.437149763404399        74.263082018775251        50.614461422243828              107           5
 ../133_seed.dataconnected          73  0.33006714522611985       0.74019024091648533        24.094901601506749        54.033887586903433       0.36818143235481460        26.877244561901467        89.887514503079657        66.455991854503168              124           6
 ../134_seed.dataconnected         126  0.36096514860913742       0.77041317045690771        45.481608724751318        97.072059477570377       0.39616846293226798        49.917226329465763        133.07897178775298        121.68007800979960              155           5
 ../135_seed.dataconnected          66  0.34459744744854953       0.75179314799282371        22.743431531604269        49.618347767526366       0.40980360745349792        27.047038091930862        84.635089284523900        58.249762265572464               77           2
 ../136_seed.dataconnected          84  0.37071689751379461       0.81946346143857951        31.140219391158748        68.834930760840678       0.41740304860010308        35.061856082408660        97.321491981856013        68.404117664673663              110           3
 ../137_seed.dataconnected          89  0.38072314699381438       0.81836663242676588        33.884360082449483        72.834630285982158       0.40857631523516691        36.363292055929854        87.181653227023943        67.720213064947089              130          10
 ../138_seed.dataconnected          62  0.29782822375263651       0.65978952059875162        18.465349872663463        40.906950277122604       0.34060836705896114        21.117718757655592        101.23562897654051        75.784573843367482               86           3
 ../139_seed.dataconnected         105  0.32184979049882517       0.73876437340940770        33.794228002376641        77.570259207987803       0.34928904122013532        36.675349328114208        139.57108390264705        124.91857978298323              126           2
 ../140_seed.dataconnected         115  0.36429265366243313       0.79137269072703842        41.893655171179809        91.007859433609411       0.40251695555590461        46.289449888929028        116.36377650997129        102.54700699687724              152           8
 ../141_seed.dataconnected          95  0.36867565561179144       0.80648203615482605        35.024187283120185        76.615793434708479       0.41525893236784472        39.449598574945249        99.540405028436425        78.520502962573048              130           7
 ../142_seed.dataconnected          42  0.37438494542344325       0.81645966477746235        15.724167707784616        34.291305920653421       0.44207841486641336        18.567293424389362        50.474787154070412        24.190138915596858               89           7
 ../143_seed.dataconnected          40  0.34282814537124445       0.75916644028078506        13.713125814849779        30.366657611231403       0.41510143479082512        16.604057391633006        66.559000084686687        35.897365154477491               79           4
 ../144_seed.dataconnected          55  0.33611981874976266       0.73248682117137820        18.486590031236947        40.286775164425798       0.38758605111266053        21.317232811196330        111.77472233691769        73.002000101988529              108          10
 ../145_seed.dataconnected         110  0.33300712590257342       0.72874217004063646        36.630783849283077        80.161638704470008       0.37911479923490332        41.702627915839365        194.73420717618319        182.20354384918477              123           3
 ../146_seed.dataconnected          80  0.33649176134729436       0.73713477695717611        26.919340907783550        58.970782156574089       0.36841226991439169        29.472981593151335        91.964979297742360        68.744278231788044              121           5
 ../147_seed.dataconnected          60  0.35460823374862005       0.78943915396503728        21.276494024917202        47.366349237902234       0.40086021912953562        24.051613147772137        69.416648000572707        45.091588712679936               69           2
 ../148_seed.dataconnected          80  0.37323521642433855       0.80342761345967373        29.858817313947085        64.274209076773900       0.41689277873960617        33.351422299168490        80.299284056401163        56.528683658257499              140           5
 ../149_seed.dataconnected         112  0.33480820719554460       0.72587642417902509        37.498519205900998        81.298159508050816       0.37917414881076583        42.467504666805773        134.81946049960635        126.97976336743308              135           3
 ../150_seed.dataconnected          60  0.32428097658144872       0.71232878180766901        19.456858594886924        42.739726908460142       0.38491605654509520        23.094963392705711        92.555822379269202        56.988885903541409               93          11
 ../151_seed.dataconnected          69  0.39357818168495751       0.84396979612178535        27.156894536262069        58.233915932403193       0.45269873377727093        31.236212630631695        93.883317437644266        65.824138537692235              127          13
 ../152_seed.dataconnected          90  0.35737721284907265       0.77312092363256102        32.163949156416535        69.580883126930487       0.39878133308985608        35.890319978087049        122.81487106421710        108.90807328544381              123           4
 ../153_seed.dataconnected          76  0.35376894440124657       0.77070387053434275        26.886439774494740        58.573494160610046       0.40046927013618028        30.435664530349701        98.104196787254708        74.220645330192895              106           5
 ../154_seed.dataconnected          91  0.35433715889890710       0.78905159813502312        32.244681459800546        71.803695430287107       0.39162576257749543        35.637944394552086        115.92272973234196        94.086914985977202              132          13
 ../155_seed.dataconnected          54  0.37190047264316023       0.81096375193432657        20.082625522730652        43.792042604453634       0.41847743381279123        22.597781425890727        62.099538638740320        37.845193654312020               79           3
 ../156_seed.dataconnected          30  0.35103572668533112       0.77496811990311643        10.531071800559934        23.249043597093493       0.40381650112681006        12.114495033804301        45.607178683882964        21.603023279984185               87           8
 ../157_seed.dataconnected         126  0.32134221555524084       0.69569806155120639        40.489119159960346        87.657955755452008       0.36641169079845759        46.167873040605656        156.41350121081774        152.90919309002658              169          11
 ../158_seed.dataconnected          78  0.29267318719992591       0.68697436126820355        22.828508601594223        53.584000178919879       0.34133448819617407        26.624090079301578        111.92646554628955        88.538838775786118               99           2
 ../159_seed.dataconnected          76  0.37162609239676608       0.81847804056008044        28.243583022154223        62.204331082566114       0.42461071524637678        32.270414358724636        101.50242192417534        74.991192529940847              101           6
 ../160_seed.dataconnected          47  0.33369972895642430       0.75777804062758669        15.683887260951941        35.615567909496576       0.38542453224307377        18.114953015424469        79.309950398715827        50.856088021517820               96          11
 ../161_seed.dataconnected          79  0.38473134649996682       0.81932511910495465        30.393776373497378        64.726684409291423       0.44215508140248772        34.930251430796531        90.266849134862284        66.522263476137510              116           5
 ../162_seed.dataconnected          97  0.37508843434768224       0.81588439367406318        36.383578131725180        79.140786186384133       0.41016048791844500        39.785567328089165        116.59530460770800        100.46915429641889              145           8
 ../163_seed.dataconnected          18  0.36538678217302273       0.80690579616042057        6.5769620791144092        14.524304330887571       0.44857094856404461        8.0742770741528034        28.880511754033009        10.694816812679917               77          14
 ../164_seed.dataconnected          75  0.29947508841548209       0.69230818216470635        22.460631631161156        51.923113662352975       0.33199495868832407        24.899621901624304        98.778127962352329        68.375717070853653              112           8
 ../165_seed.dataconnected          57  0.29830385964940476       0.69096368620725779        17.003320000016071        39.384930113813695       0.32406343781032282        18.471615955188401        88.871234265883388        53.721722940070961               83           5
 ../166_seed.dataconnected          64  0.35402261745392843       0.77876134482987525        22.657447517051420        49.840726069112016       0.40448821578084487        25.887245809974072        81.845433908337640        50.756461238377028               95           7
 ../167_seed.dataconnected          64  0.37849841040372612       0.82075658978995381        24.223898265838471        52.528421746557044       0.41861435074794212        26.791318447868296        77.838832416946303        51.535043468075060               92           3
 ../168_seed.dataconnected          48  0.40076240618896841       0.84421556368079431        19.236595497070482        40.522347056678129       0.45606783889853764        21.891256267129805        57.846797163364990        34.959751531106050               94           6
 ../169_seed.dataconnected         104  0.36092536121665258       0.78143029900810179        37.536237566531867        81.268751096842593       0.39561692661584064        41.144160368047423        110.18050565762917        90.976893624400489              160          28
 ../170_seed.dataconnected         101  0.37869779907151158       0.81469242757525551        38.248477706222673        82.283935185100802       0.41677767073568311        42.094544744303995        123.32040747556448        95.821025061861931              168          13
 ../171_seed.dataconnected          51  0.28106142111901328       0.63412560453974232        14.334132477069677        32.340405831526859       0.32905817761021078        16.781967058120749        77.089122279194740        44.743583077863555               81          10
 ../172_seed.dataconnected          89  0.30863351780921883       0.67775155877745352        27.468383085020477        60.319888731193366       0.36097575366322704        32.126842076027209        132.28750081516398        109.48540491743525              104           3
 ../173_seed.dataconnected          61  0.39904550183614368       0.86608913265496035        24.341775612004763        52.831437091952580       0.41169611513634752        25.113463023317198        74.435689130204679        49.522899909650036              100           8
 ../174_seed.dataconnected          92  0.37129312273613213       0.81092220736840992        34.158967291724153        74.604843077893719       0.39750500152446616        36.570460140250887        116.22666728216061        92.790138890549997              108           5
 ../175_seed.dataconnected          65  0.36568637992288361       0.76582407752580584        23.769614694987435        49.778565039177380       0.42640058209931275        27.716037836455328        86.386718670184507        58.573832741234675               90           2
 ../176_seed.dataconnected          70  0.34889001721199375       0.76304303453989408        24.422301204839563        53.413012417792586       0.39395588243257024        27.576911770279917        80.381309444489361        56.578964466342342               96           3
 ../177_seed.dataconnected          60  0.33952683354928659       0.73583976909742277        20.371610012957195        44.150386145845367       0.39699243604552847        23.819546162731708        84.303499454040434        56.142089337392228               99          10
 ../178_seed.dataconnected         105  0.38892680908563110       0.83279501628266095        40.837314953991267        87.443476709679402       0.41762554880706160        43.850682624741466        102.70976655346898        84.560005101853434              146           7
 ../179_seed.dataconnected          57  0.31672087399214782       0.69742947891771634        18.053089817552426        39.753480298309832       0.38509788322617017        21.950579343891700        121.68766307722306        90.779981562539049               84           6
 ../180_seed.dataconnected          32  0.34077403367729536       0.76679297880826292        10.904769077673452        24.537375321864413       0.39329127782393591        12.585320890365949        40.008450041040895        19.285117291738871               82          14
 ../181_seed.dataconnected          64  0.35389968613169248       0.79434028432978709        22.649579912428319        50.837778197106374       0.38489483459998036        24.633269414398743        79.560226332401726        53.685357103598101              111          14
 ../182_seed.dataconnected          46  0.30012160445577157       0.68058764514071102        13.805593804965492        31.307031676472707       0.34623108214429332        15.926629778637492        70.952957545564558        39.507170437205524               92           9
 ../183_seed.dataconnected          62  0.31442576926590243       0.71144038284564204        19.494397694485951        44.109303736429808       0.35139088304901900        21.786234749039178        119.86078088297947        94.042952234894173              117           7
 ../184_seed.dataconnected         104  0.36111844147725936       0.77387482102870897        37.556317913634970        80.482981386985728       0.39932383824836920        41.529679177830396        140.98837378381754        113.53163835114101              126           2
 ../185_seed.dataconnected          91  0.34241404200039355       0.73438314016470463        31.159677822035814        66.828865754988115       0.39680897894211198        36.109617083732189        129.68860949039632        112.63248987946496              127           6
 ../186_seed.dataconnected         104  0.40447292632710569       0.85316874221073380        42.065184338018994        88.729549189916312       0.44098221763563111        45.862150634105639        106.21855519111790        85.341052900375331              132           5
 ../187_seed.dataconnected         112  0.37530055644272620       0.82452346897627726        42.033662321585332        92.346628525343050       0.40032592064844869        44.836503112626254        117.80278601339587        98.680518871444420              153          14
 ../188_seed.dataconnected         111  0.39628589145771542       0.83684566094640267        43.987733951806412        92.889868365050702       0.43835375394157661        48.657266687515005        145.92380147806364        124.07935570870191              147           5
 ../189_seed.dataconnected          35  0.31052470656870590       0.69251292798357333        10.868364729904707        24.237952479425068       0.36659303231407042        12.830756130992464        63.852651562228765        29.897397941259037               61           6
 ../190_seed.dataconnected         110  0.32371312299456900       0.72162431455167653        35.608443529402592        79.378674600684420       0.36601521935323028        40.261674128855333        154.07427102885524        137.71297859235145              132           3
 ../191_seed.dataconnected          98  0.38513277227562837       0.83819715793079208        37.743011683011581        82.143321477217626       0.41158033245163522        40.334872580260253        100.80740285253177        83.985386887442871              138          12
 ../192_seed.dataconnected          68  0.34647777798147439       0.76371591953266982        23.560488902740257        51.932682528221548       0.39401600422597921        26.793088287366587        79.261632059826368        54.958047437317511               96           5
 ../193_seed.dataconnected          38  0.33865026357429939       0.77017290113740533        12.868710015823376        29.266570243221402       0.35759989968353018        13.588796187974147        59.307929082087732        32.155561350890984               73           6
 ../194_seed.dataconnected          50  0.35221780152038051       0.78178647272115709        17.610890076019025        39.089323636057856       0.37267392850645897        18.633696425322949        68.088234408463876        41.299725500376681               96          10
 ../195_seed.dataconnected          40  0.38088979201026957       0.81768018049546920        15.235591680410783        32.707207219818770       0.40799531613871121        16.319812645548449        53.505054620158923        26.170597198334960               60           3
 ../196_seed.dataconnected          59  0.29537010631652322       0.68023828565793887        17.426836272674869        40.134058853818395       0.34114954226995059        20.127822993927087        81.909811702836549        56.295143356651131               81           3
 ../197_seed.dataconnected          67  0.30784465460171806       0.67564627670531463        20.625591858315111        45.268300539256082       0.35979568517198390        24.106310906522921        116.07489984772640        87.144640033535708               94           6
 ../198_seed.dataconnected          73  0.34201782670794711       0.75172177150767716        24.967301349680138        54.875689320060431       0.37894672200644525        27.663110706470501        93.252112572927317        64.398369661156025              124          13
 ../199_seed.dataconnected          79  0.32907391072553832       0.72874418295353272        25.996838947317528        57.570790453329082       0.36007995910199708        28.446316769057770        93.269889345167158        70.817585929958227               98           2
 ../200_seed.dataconnected          74  0.34418681510154103       0.77536298009648352        25.469824317514036        57.376860527139783       0.37574333228150808        27.805006588831599        93.806612282625451        71.959315108015844              107           4
 ../201_seed.dataconnected          82  0.33676960500348063       0.74834251495553261        27.615107610285413        61.364086226353677       0.37415046815062930        30.680338388351604        89.550327472470329        65.971590636469813              119           5
 ../202_seed.dataconnected         104  0.37314883724251541       0.80055410454684450        38.807479073221600        83.257626872871825       0.41628232088110839        43.293361371635271        111.07992363860768        91.730244375862611              126           8
 ../203_seed.dataconnected          90  0.31109921974622096       0.68158115368115868        27.998929777159887        61.342303831304278       0.34312947792784926        30.881653013506433        114.05819834013546        92.144990868287451              115           3
 ../204_seed.dataconnected          93  0.32507368893377475       0.73547130672482330        30.231853070841051        68.398831525408568       0.36291189900256571        33.750806607238609        119.09795612144980        100.93262431407119              116           4
 ../205_seed.dataconnected          80  0.35130373226133660       0.76918023940269653        28.104298580906928        61.534419152215719       0.37796253387995687        30.237002710396549        91.602768074390056        59.716612477869162              108           4
 ../206_seed.dataconnected          61  0.34785451053257566       0.75090066681398004        21.219125142487115        45.804940675652780       0.40151458673154716        24.492389790624376        79.076184417019093        53.486649001308358               97           5
 ../207_seed.dataconnected          78  0.36138346000761407       0.78791638510061912        28.187909880593896        61.457478037848290       0.41657576911760397        32.492909991173107        98.243500301146355        67.476885140739952              123          11
 ../208_seed.dataconnected          63  0.30767623656178766       0.65316432604639418        19.383602903392624        41.149352540922834       0.35186226817682836        22.167322895140188        120.40474952821909        88.373723175045399               99           7
 ../209_seed.dataconnected          63  0.36319804253602467       0.78319505959769475        22.881476679769555        49.341288754654769       0.42387701160508490        26.704251731120348        84.037350545232158        56.000721902556180               86           8
 ../210_seed.dataconnected          65  0.35453812020941866       0.77969736479942364        23.044977813612213        50.680328711962538       0.39785095762481137        25.860312245612739        96.147395986816235        71.668759291121603               86           3
 ../211_seed.dataconnected          88  0.33535506836014778       0.72454570888814573        29.511246015693004        63.760022382156826       0.36303606187723986        31.947173445197109        120.94452911041078        96.355582851362584              121           4
 ../212_seed.dataconnected          55  0.30166713316335170       0.70040186219821687        16.591692323984343        38.522102420901930       0.33504491851527185        18.427470518339952        80.957458524646356        53.886716241210124              107          11
 ../213_seed.dataconnected         118  0.38440522933156518       0.81416723296595839        45.359817061124694        96.071733489983089       0.43207266482511186        50.984574449363201        137.26140805539168        132.90984281693315              143           8
 ../214_seed.dataconnected          97  0.38629545304717416       0.82693911636391937        37.470658945575892        80.213094287300180       0.41378567893985718        40.137210857166146        105.42205916162064        84.730501573571686              115           5
 ../215_seed.dataconnected          50  0.37584774228173151       0.80884180378975068        18.792387114086576        40.442090189487537       0.41639994573106920        20.819997286553459        63.977141135876742        37.549432826996906               92           5
 ../216_seed.dataconnected         139  0.37137912115516192       0.80684512321137769        51.621697840567506        112.15147212638149       0.40924637065832531        56.885245521507215        143.28967125254698        137.19989198989853              171           5
 ../217_seed.dataconnected          39  0.30584370092317886       0.68704989620072976        11.927904336003976        26.794945951828460       0.35468864221172847        13.832857046257411        56.863407366192838        30.900464341671785               95          20
 ../218_seed.dataconnected         103  0.35433314541608024       0.76799780234025306        36.496313977856268        79.103773641046061       0.39588166407916803        40.775811400154303        108.29520964865003        87.938797749029575              133           6
 ../219_seed.dataconnected         117  0.34556159239392481       0.74807749186204742        40.430706310089199        87.525066547859552       0.38815020741267159        45.413574267282577        130.77659722164603        116.85102165144002              143           4
 ../220_seed.dataconnected          64  0.35635560872370226       0.79475863767612343        22.806758958316944        50.864552811271899       0.39700998214172645        25.408638857070493        89.843278734164954        62.382692771551518               91           5
 ../221_seed.dataconnected          84  0.35544769917658470       0.77558032878648930        29.857606730833115        65.148747618065102       0.39077868876046234        32.825409855878839        93.845327349743755        70.899905585618015              110          10
 ../222_seed.dataconnected          43  0.37460474387121062       0.81920273593999182        16.108003986462055        35.225717645419650       0.42545349382617403        18.294500234525483        53.502776870381560        27.269639406917108               70           4
 ../223_seed.dataconnected          62  0.37506822803317275       0.80490607141154802        23.254230138056709        49.904176427515978       0.41456949264841020        25.703308544201434        73.399428743261993        48.303262879605747               89           5
 ../224_seed.dataconnected          62  0.40999999732160508       0.85661356947193534        25.419999833939514        53.110041307259991       0.45411584435173541        28.155182349807596        72.538768633225274        44.214448445507152               92           6
 ../225_seed.dataconnected         107  0.37266594582678836       0.80157627573945167        39.875256203466357        85.768661504121326       0.42210559450577306        45.165298612117716        135.51691840301515        117.21727376599073              130           5
 ../226_seed.dataconnected          52  0.37264610841606838       0.80645071626301057        19.377597637635557        41.935437245676553       0.42917730732548687        22.317219980925316        79.821675054040909        53.280187166925664               93           4
 ../227_seed.dataconnected         117  0.33056879493547564       0.71234526497319750        38.676549007450653        83.344396001864112       0.38599734231931343        45.161689051359673        167.40869908042552        154.80383290120236              148           4
 ../228_seed.dataconnected          89  0.35404233623822551       0.77341142367700488        31.509767925202070        68.833616707253441       0.39714622794477311        35.346014287084806        107.43823582986104        86.757443139974043              122           5
 ../229_seed.dataconnected          72  0.35991383550732742       0.79406875896614870        25.913796156527575        57.172950645562707       0.40409556263956276        29.094880510048519        94.332070720317759        68.373615151323094              104           3
 ../230_seed.dataconnected          68  0.29281396262712400       0.66597261752991621        19.911349458644430        45.286137992034305       0.31945617989068548        21.723020232566611        91.246825293004875        64.762155829276409               95           3
 ../231_seed.dataconnected          89  0.34052569976172747       0.75302664937288399        30.306787278793745        67.019371794186682       0.37703561477964542        33.556169715388442        109.41139949937610        86.781310031739125              138          19
 ../232_seed.dataconnected          68  0.30912600526336015       0.70896576486975327        21.020568357908491        48.209672011143219       0.34686207008154984        23.586620765545391        99.322877108313207        72.426946612064512              100           3
 ../233_seed.dataconnected          75  0.32353169354541683       0.71811582274581021        24.264877015906261        53.858686705935767       0.35578515273274874        26.683886454956156        97.960294979053543        71.454672843733476              124           8
 ../234_seed.dataconnected         106  0.37473515269811480       0.81345583139579258        39.721926186000168        86.226318127954016       0.41791523860500812        44.299015292130861        110.53170011243884        87.749598357313118              144           5
 ../235_seed.dataconnected          50  0.35629547658777821       0.81363428524842196        17.814773829388912        40.681714262421096       0.39703133170052790        19.851566585026394        71.221007947834039        45.524130084970921              110          14
 ../236_seed.dataconnected         101  0.33628769909507433       0.74197479799667665        33.965057608602507        74.939454597664337       0.37270865255456542        37.643573908011106        136.95856788915668        110.39260929921902              181          25
 ../237_seed.dataconnected          86  0.35361748856223912       0.77462441999813814        30.411104016352564        66.617700119839881       0.37780728079845888        32.491426148667465        92.048919286948006        70.152196183892073              105           3
 ../238_seed.dataconnected          74  0.32364361987333579       0.70332315263647338        23.949627870626848        52.045913295099027       0.38153853699265960        28.233851737456810        108.66900692971379        77.467783617262853              125           9
 ../239_seed.dataconnected          88  0.34923466929761871       0.74895916793607831        30.732650898190446        65.908406778374896       0.39900138553662612        35.112121927223100        108.81587163830083        85.045373477692365              130           3
 ../240_seed.dataconnected          34  0.35551067294089495       0.77216359607299623        12.087362879990428        26.253562266481872       0.43401466256401672        14.756498527176568        72.495639614340746        36.846621328939385               64           7
 ../241_seed.dataconnected          59  0.37132224517924295       0.80009794419676417        21.908012465575332        47.205778707609085       0.41013273593092930        24.197831419924828        66.012891182091622        41.919704702467406               90           6
 ../242_seed.dataconnected          19  0.38203845682823828       0.83487803393956050        7.2587306797365274        15.862682644851649       0.44622147294739867        8.4782079860005748        25.773499062038439        9.0218236716458975               81          14
 ../243_seed.dataconnected          67  0.38908150545464937       0.82615019597034745        26.068460865461507        55.352063130013278       0.44300214287045342        29.681143572320380        78.615770853313791        55.124156397374854              123          30
 ../244_seed.dataconnected          56  0.32807146461286102       0.73301636953432869        18.372002018320217        41.048916693922408       0.36982649591299910        20.710283771127948        81.915727936462218        55.683923429425832               82           5
 ../245_seed.dataconnected          71  0.35710442409794568       0.77240123719470077        25.354414110954142        54.840487840823755       0.39687866901296154        28.178385499920267        78.871931980243986        53.898180334783532              117          10
 ../246_seed.dataconnected          88  0.35774567573626431       0.77453765435969246        31.481619464791258        68.159313583652931       0.41668996420071419        36.668716849662850        110.81874439005755        83.622050041154921              113           4
 ../247_seed.dataconnected          80  0.34413107124594122       0.75808244709724493        27.530485699675296        60.646595767779594       0.38457238793663390        30.765791034930711        97.102034230523373        69.895825436944847              118           8
 ../248_seed.dataconnected          92  0.36390530805590060       0.78579792151584527        33.479288341142855        72.293408779457764       0.40889824887393722        37.618638896402224        107.31664648137736        79.312022721834708              142          13
 ../249_seed.dataconnected          58  0.33448365947399877       0.73468185198312153        19.400052249491928        42.611547415021050       0.39114097359701228        22.686176468626712        90.107975744190881        56.327986873319553               86           5
 ../250_seed.dataconnected          93  0.34620095551467139       0.77087848613023102        32.196688862864441        71.691699210111480       0.38754566365387905        36.041746719810753        104.66950095737374        84.901589879234805              140          10
 ../251_seed.dataconnected          67  0.31181422755477051       0.68041758316303635        20.891553246169625        45.587978071923438       0.36125011089498110        24.203757429963733        114.35568664422377        77.391583236668282               94           4
 ../252_seed.dataconnected          83  0.36466027963700692       0.76309676360006007        30.266803209871576        63.337031378804987       0.41488385177184950        34.435359697063511        110.95743736756654        82.821100569066445              135           8
 ../253_seed.dataconnected          92  0.35706824158774036       0.79027400017395433        32.850278226072113        72.705208016003795       0.38363767211599809        35.294665834671825        101.90861267403072        82.095492299014467              126           3
 ../254_seed.dataconnected          98  0.32103157258463488       0.71191816413995135        31.461094113294219        69.767980085715237       0.34561630262177195        33.870397656933655        131.09021750280232        108.51201052251689              115           4
 ../255_seed.dataconnected          52  0.35165292724542524       0.80918656114596799        18.285952216762112        42.077701179590335       0.39847519271827531        20.720710021350317        58.441932234989515        33.732452383325871               85           5
 ../256_seed.dataconnected          98  0.36424026393498504       0.77156145518477093        35.695545865628532        75.613022608107556       0.42267115276138212        41.421772970615450        114.45215983625572        94.683130838067640              147          10
 ../257_seed.dataconnected          90  0.33521100798895426       0.74890552078634842        30.168990719005883        67.401496870771354       0.36411767840521014        32.770591056468916        104.73431142230879        85.083520629501095              132           7
 ../258_seed.dataconnected          74  0.34133732045111853       0.74010588238914188        25.258961713382771        54.767835296796498       0.38598761057517511        28.563083182562959        111.11598705220122        79.574498184306051              109           5
 ../259_seed.dataconnected         112  0.35300858280793873       0.74979889651703013        39.536961274489137        83.977476409907382       0.40307556935597549        45.144463767869254        148.23615467441576        127.25944277196051              130           3
 ../260_seed.dataconnected         111  0.35733912007226026       0.79090904431291775        39.664642328020889        87.790903918733875       0.38243114931168187        42.449857573596688        128.02870184953869        106.53007938953472              148          12
 ../261_seed.dataconnected         107  0.34980561966529744       0.77292280603386532        37.429201304186826        82.702740245623588       0.39054041890038477        41.787824822341172        147.64637199616385        130.40878874870771              124           2
 ../262_seed.dataconnected          28  0.32235062605743076       0.69922437021684081        9.0258175296080605        19.578282366071541       0.39508289654711726        11.062321103319283        42.592947231822471        19.346407892135918               86          21
 ../263_seed.dataconnected          49  0.32291526063727383       0.72895049406335954        15.822847771226417        35.718574209104617       0.35935970807858136        17.608625695850488        73.765404624791614        44.540919391221998               82           6
 ../264_seed.dataconnected          87  0.38933480487841798       0.81508938944967091        33.872128024422366        70.912776882121364       0.44123245041671089        38.387223186253848        97.832085074105592        74.192766004903390              121           7
 ../265_seed.dataconnected          79  0.30005888866909314       0.66120679913067160        23.704652204858359        52.235337131323057       0.35383058853684329        27.952616494410620        117.31616471064299        95.481238240774772              126          10
 ../266_seed.dataconnected          72  0.35381062025402771       0.77169070698792508        25.474364658289996        55.561730903130609       0.40691768269465223        29.298073154014961        82.875344470553387        58.803390089568651              114           7
 ../267_seed.dataconnected         115  0.31550078721068198       0.67765117270735520        36.282590529228429        77.929884861345855       0.35984690061888525        41.382393571171804        130.67281248674931        113.63423347784337              167          17
 ../268_seed.dataconnected          49  0.32834324345522031       0.72237870940888393        16.088818929305795        35.396556761035313       0.34881309877352557        17.091841839902752        87.837940599166672        52.124879511258683              103           7
 ../269_seed.dataconnected          73  0.33457094233540230       0.70624172693804577        24.423678790484367        51.555646066477344       0.37578394088335937        27.432227684485234        97.126000675752010        71.766924058820166              102           4
 ../270_seed.dataconnected          97  0.34383195289265661       0.76068618791666731        33.351699430587693        73.786560227916723       0.37109730017012760        35.996438116502375        108.85985769482991        89.685959621328237              140           5
 ../271_seed.dataconnected         111  0.37293052786121494       0.81705150775953028        41.395288592594859        90.692717361307857       0.40052938944292710        44.458762228164908        105.64859001353720        82.850621514563457              160          13
 ../272_seed.dataconnected          97  0.36386882887736655       0.80636680583647180        35.295276401104552        78.217580166137765       0.39741418923274791        38.549176355576549        104.60071687732642        82.738573897277206              140           5
 ../273_seed.dataconnected          75  0.33143669428049105       0.72241977528201518        24.857752071036828        54.181483146151137       0.37625370783396478        28.219028087547358        102.43321664565713        81.993715233351082              106           6
 ../274_seed.dataconnected          50  0.31727184253794916       0.70269471520195914        15.863592126897458        35.134735760097954       0.38514875315709712        19.257437657854855        98.422016179970512        62.510905262907286               73           2
 ../275_seed.dataconnected          68  0.31750666749504525       0.71491435055136932        21.590453389663075        48.614175837493114       0.33974888824306204        23.102924400528220        111.56650471536267        82.156528626889326              101           6
 ../276_seed.dataconnected          64  0.33982942962103713       0.75056409711536654        21.749083495746376        48.036102215383458       0.37776464155460565        24.176937059494762        87.936022440018149        63.634499600054497              103           4
 ../277_seed.dataconnected          42  0.32787891226328120       0.74664295074740472        13.770914315057810        31.359003931390998       0.34516530359861092        14.496942751141658        69.259653573167611        39.869000798482951               97           9
 ../278_seed.dataconnected          64  0.34291111160374516       0.77723639074015993        21.946311142639690        49.743129007370236       0.38735016463414312        24.790410536585160        75.519167426044717        49.805866128918005              121          17
 ../279_seed.dataconnected          86  0.33514203110605023       0.73998203292641684        28.822214675120321        63.638454831671851       0.37380966947364408        32.147631574733389        110.74713519143248        86.730050916146297              109           6
 ../280_seed.dataconnected          29  0.34901541728936036       0.77896954235971283        10.121447101391450        22.590116728431671       0.42968388002831104        12.460832520821020        44.929620989639496        18.715670722267539               49           6
 ../281_seed.dataconnected          81  0.31917530997143162       0.68557659004092675        25.853200107685961        55.531703793315067       0.36163863011728958        29.292729039500458        108.55398105135031        85.396229027502599              106           4
 ../282_seed.dataconnected          41  0.35949165883582518       0.80087056013724833        14.739158012268833        32.835692965627182       0.39722455473654883        16.286206744198502        48.043204744641272        24.935149458128841               83           8
 ../283_seed.dataconnected          84  0.36563658171128771       0.79722701614502067        30.713472863748169        66.967069356181739       0.40754285559451986        34.233599869939667        86.812668486101614        63.311759650571872              122          10
 ../284_seed.dataconnected         101  0.41886635598623184       0.85398023037830817        42.305501954609419        86.252003268209123       0.44848644979558633        45.297131429354216        101.47044339865299        81.504052627895661              138           4
 ../285_seed.dataconnected          64  0.34709303036961275       0.77930530824126598        22.213953943655216        49.875539727441023       0.39407010073753024        25.220486447201935        78.925970944180747        53.566133463989019              106           7
 ../286_seed.dataconnected          84  0.32650244449261201       0.73603071706645196        27.426205337379407        61.826580233581964       0.35113231438847753        29.495114408632112        96.247877097161378        70.400524768103253              110           3
 ../287_seed.dataconnected          96  0.36478834982775260       0.77202262349779560        35.019681583464248        74.114171855788385       0.40575554292158594        38.952532120472249        121.43853462459222        99.450998216050195              146          10
 ../288_seed.dataconnected          55  0.37366266717291641       0.81706929614829182        20.551446694510403        44.938811288156053       0.40724134848446641        22.398274166645653        72.842309362490383        46.907856215224818               78           4
 ../289_seed.dataconnected          57  0.31221170268774867       0.69612691489533018        17.796067053201675        39.679234149033817       0.37307009838641025        21.264995608025384        83.771071881993635        47.694708023034529               98           9
 ../290_seed.dataconnected          86  0.36810574259126666       0.81506975815968963        31.657093862848932        70.095999201733306       0.40181222899145635        34.555851693265247        95.303625011472107        73.653755658294656              133           6
 ../291_seed.dataconnected          98  0.38644300114668761       0.80365589251305791        37.871414112375383        78.758277466279679       0.42611141449185636        41.758918620201925        152.81232427127375        141.71159371371311              135           8
 ../292_seed.dataconnected          74  0.35665783179407801       0.77602193804715403        26.392679552761773        57.425623415489397       0.40755110603341255        30.158781846472529        80.243219975084486        59.612112837904618               95           6
 ../293_seed.dataconnected          95  0.31476147804505755       0.69887513087993469        29.902340414280467        66.393137433593793       0.35737209445873608        33.950348973579928        132.05508801103636        118.05768272998824              113           2
 ../294_seed.dataconnected          58  0.37417077354443723       0.83050183197044058        21.701904865577358        48.169106254285552       0.40990049007851398        23.774228424553812        68.262441879115556        42.254441845526792               84           6
 ../295_seed.dataconnected          78  0.37180254229181064       0.79973343842397449        29.000598298761229        62.379208197070007       0.43965375286614372        34.292992723559209        95.455754017357464        69.627046555040991              130           6
 ../296_seed.dataconnected          40  0.35611236232773558       0.77271985117796882        14.244494493109423        30.908794047118754       0.41763152052168995        16.705260820867597        62.614468036663190        38.316883504052711               86           9
 ../297_seed.dataconnected          93  0.32956329691564806       0.71471448981957031        30.649386613155269        66.468447553220045       0.38332698102997492        35.649409235787665        141.48830043803255        126.39438675008020              146           8
 ../298_seed.dataconnected          47  0.36066908128185049       0.76217238200261117        16.951446820246971        35.822101954122722       0.42734576703923266        20.085251050843937        94.828028089158252        58.981592635555735               62           4
 ../299_seed.dataconnected          78  0.30464079880688638       0.68344100513022676        23.761982306937139        53.308398400157685       0.34369407485810965        26.808137838932552        106.49640258779324        82.974196708325138              109           6
 ../300_seed.dataconnected          85  0.35149252521047814       0.74424294472131003        29.876864642890641        63.260650301311351       0.40577061572811302        34.490502336889605        108.00420262171492        87.778596671748318              137           9
 ../301_seed.dataconnected          31  0.36193651237863861       0.80012380679920525        11.220031883737796        24.803838010775362       0.41633774156295322        12.906469988451549        51.491793715721975        27.432342071575189               64           4
 ../302_seed.dataconnected         126  0.37964577658288279       0.80309374823777191        47.835367849443230        101.18981227795926       0.41776085385840994        52.637867586159651        117.96593022460441        105.73165159799997              183          20
 ../303_seed.dataconnected          73  0.38364709269212749       0.82770319147882176        28.006237766525306        60.422332977953985       0.42983623954595090        31.378045486854415        87.959365391545077        63.394811403766006               97           4
 ../304_seed.dataconnected          74  0.37476775413691998       0.78917248067918799        27.732813806132079        58.398763570259909       0.42061818302146237        31.125745543588216        92.641390025347349        68.165022287547828              116          11
 ../305_seed.dataconnected         122  0.35403832522165307       0.76099713986412287        43.192675677041677        92.841651063422987       0.38992482582095039        47.570828750155947        124.12188577267268        107.80476424884644              167          12
 ../306_seed.dataconnected          91  0.37453575386455540       0.80465515906106266        34.082753601674540        73.223619474556699       0.41557746776704940        37.817549566801496        97.861842020958790        75.672100764244391              124           8
 ../307_seed.dataconnected          79  0.39399673075787567       0.83380561450365909        31.125741729872178        65.870643545789065       0.45307768700050782        35.793137273040116        98.694336299409159        73.487234592691223              109           6
 ../308_seed.dataconnected          54  0.36064283086660975       0.78224393015208837        19.474712866796928        42.241172228212776       0.38906568457970642        21.009546967304146        65.785730522371637        39.878916663787066               93           4
 ../309_seed.dataconnected          56  0.33163237183800359       0.75288808320604694        18.571412822928203        42.161732659538629       0.37307600859171353        20.892256481135959        75.013493066729140        41.560789326614128               90           6
 ../310_seed.dataconnected          68  0.41091229877134033       0.86842412626478704        27.942036316451144        59.052840586005516       0.44793350300550067        30.459478204374044        72.862099416851478        47.417169051298011              120           6
 ../311_seed.dataconnected          58  0.37098065650228756       0.82728348911304506        21.516878077132677        47.982442368556612       0.39765725730595780        23.064120923745552        66.415516621928788        39.480921684803263               84           6
 ../312_seed.dataconnected         102  0.37866211765331809       0.81839894344622521        38.623536000638445        83.476692231514974       0.39969579374802805        40.768970962298859        103.77310677922650        83.015787685388233              133           4
 ../313_seed.dataconnected          68  0.37461835607102878       0.80433305214916928        25.474048212829956        54.694647546143514       0.41417300113721683        28.163764077330743        77.819034694359274        52.106076173751340              108           8
 ../314_seed.dataconnected          59  0.32961130974500530       0.72166842505346307        19.447067274955312        42.578437078154323       0.37371206815724400        22.049012021277395        120.40329008315771        81.415978519170551               87           3
 ../315_seed.dataconnected          25  0.33437536663862893       0.75341279703073427        8.3593841659657233        18.835319925768356       0.37607059534145637        9.4017648835364085        41.080066928420713        16.321545396103637               81          14
 ../316_seed.dataconnected          71  0.27256559099731537       0.62599256103292988        19.352156960809392        44.445471833338019       0.28381678138407901        20.150991478269610        108.40372148515908        83.562457483743302              102           4
 ../317_seed.dataconnected          68  0.36208208222537464       0.79607063855188054        24.621581591325477        54.132803421527875       0.40302605249623147        27.405771569743742        82.182453791525631        53.524394643564897              124           8
 ../318_seed.dataconnected          51  0.38169234745747499       0.82665965840702227        19.466309720331225        42.159642578758138       0.43007134072171660        21.933638376807547        71.780497881148193        41.040277267420457              108          11
 ../319_seed.dataconnected          49  0.31151104309413852       0.70010393468116650        15.264041111612787        34.305092799377157       0.37793378144474599        18.518755290792555        79.374823642868506        42.753835887145847               72           4
 ../320_seed.dataconnected          77  0.38305241430777820       0.79730327937083645        29.495035901698920        61.392352511554407       0.43899556839793663        33.802658766641123        105.77775964047780        83.753212512672505              118          10
 ../321_seed.dataconnected          34  0.30928206492499100       0.71834220198261245        10.515590207449694        24.423634867408822       0.35165642057667329        11.956318299606892        55.510683950116110        27.922696672431300               70           6
 ../322_seed.dataconnected          54  0.40513650642394483       0.86053126174625516        21.877371346893021        46.468688134297778       0.45004586754160680        24.302476847246766        79.758187288653190        52.755216169856560              104           9
 ../323_seed.dataconnected         108  0.41448014072528727       0.85476009961281252        44.763855198331022        92.314090758183752       0.45379609080727196        49.009977807185372        111.41835449447308        93.043102551908106              145          13
 ../324_seed.dataconnected         108  0.33125904356012781       0.73777638836543458        35.775976704493800        79.679849943466934       0.38442778626899843        41.518200917051828        151.28511548292960        135.17697811619354              141           3
 ../325_seed.dataconnected          87  0.35066136454511326       0.77711144313329428        30.507538715424854        67.608695552596600       0.37797686820944199        32.883987534221454        138.11909635533570        122.16092879586370              109           3
 ../326_seed.dataconnected          32  0.33199637758225720       0.71493731131341520        10.623884082632230        22.877993962029286       0.43977067109353379        14.072661474993081        62.384559677623507        32.605774269677461               88          10
 ../327_seed.dataconnected          46  0.29711494015404982       0.66744269946417512        13.667287247086293        30.702364175352056       0.38287673480242057        17.612329800911347        83.585283803260793        51.983828024804325               76           7
 ../328_seed.dataconnected          40  0.27995876580621870       0.61023407831194476        11.198350632248747        24.409363132477790       0.33410481236802519        13.364192494721008        87.180314212325186        45.685960230633299               84           6
 ../329_seed.dataconnected          36  0.33030669204789276       0.73647231783648837        11.891040913724140        26.513003442113583       0.42461067088341403        15.285984151802905        60.677847310826451        30.716965935175658               75           4
 ../330_seed.dataconnected          77  0.36000962476194048       0.77362158436300121        27.720741106669418        59.568861995951096       0.41936128605497636        32.290819026233180        101.28892710036060        74.866435462603434              117          10
 ../331_seed.dataconnected         116  0.35892500293365709       0.76513119004732333        41.635300340304219        88.755218045489499       0.39195391572244292        45.466654223803381        145.13806684053819        135.82512181479120              170           8
 ../332_seed.dataconnected          56  0.31918164740912663       0.71034115867857672        17.874172254911091        39.779104886000297       0.36592941459095885        20.492047217093695        80.040696175515293        54.036246644660586               92           3
 ../333_seed.dataconnected         104  0.40866119434573850       0.85109036714485431        42.500764211956806        88.513398183064851       0.45319149778315082        47.131915769447687        109.86768518144757        91.500114736851557              147           8
 ../334_seed.dataconnected          42  0.39658412401302717       0.86258754711667707        16.656533208547142        36.228676978900438       0.44827139095956181        18.827398420301595        49.406747668872228        26.386674295852490               88           6
 ../335_seed.dataconnected          73  0.34430336272319978       0.75479841627262290        25.134145478793585        55.100284387901475       0.38863152486097002        28.370101314850810        98.096884301242625        70.481103520733114              123          10
 ../336_seed.dataconnected          70  0.39947935557124303       0.84042165499442933        27.963554889987012        58.829515849610054       0.44025216157495362        30.817651310246752        76.552085222547618        50.194824658054529               97           3
 ../337_seed.dataconnected          59  0.31304688757709342       0.69875714033278957        18.469766367048511        41.226671279634587       0.36695517212710321        21.650355155499089        111.95401615689931        88.136265245208577               90           5
 ../338_seed.dataconnected          43  0.31346810198477865       0.70738765979056839        13.479128385345481        30.417669370994442       0.37188295198773519        15.990966935472613        78.663104126249536        37.473700332196344               88          10
 ../339_seed.dataconnected         117  0.40237429782491901       0.85367710250490714        47.077792845515525        99.880220993074133       0.42932471213687606        50.230991320014496        106.82525438232975        89.610781031510228              147           4
 ../340_seed.dataconnected          42  0.26769558411368144       0.61811957790476124        11.243214532774621        25.961022271999973       0.33890596894565850        14.234050695717658        78.011010188857483        48.686278776066679               92           7
 ../341_seed.dataconnected          32  0.35349618911003305       0.79718344839547495        11.311878051521058        25.509870348655198       0.40624024597859310        12.999687871314979        56.758119899360807        30.221063911746189               93           5
 ../342_seed.dataconnected          92  0.37505653733804217       0.78157961407450227        34.505201435099877        71.905324494854213       0.42278337596561139        38.896070588836245        99.535930036181156        79.982326384875151              125           3
 ../343_seed.dataconnected          80  0.39741549141352317       0.83971699305213665        31.793239313081855        67.177359444170932       0.42494790534151200        33.995832427320963        89.282205645131924        64.812013210248736              124           6
 ../344_seed.dataconnected          63  0.36869302232487960       0.79901877580452441        23.227660406467415        50.338182875685035       0.41929871117540296        26.415818804050385        69.262917123477720        44.708049594841697              105           5
 ../345_seed.dataconnected         105  0.35557112397814189       0.79319214709219776        37.334968017704895        83.285175444680760       0.38296644833742793        40.211477075429933        113.46836556877450        96.091812130585993              152           7
 ../346_seed.dataconnected          73  0.33724232407034044       0.75809741137850217        24.618689657134851        55.341111030630657       0.39006686264886437        28.474880973367100        94.687225785774245        65.456023217229401              112          12
 ../347_seed.dataconnected          91  0.34853078956304012       0.74578858805610448        31.716301850236650        67.866761513105502       0.39388379410124769        35.843425263213540        106.13530489163435        84.332439171464799              130           7
 ../348_seed.dataconnected          24  0.36410401051573382       0.81376084727305320        8.7384962523776117        19.530260334553276       0.42932119983629891        10.303708796071174        32.257031520651445        10.557073004157722               57           4
 ../349_seed.dataconnected          56  0.35277669426239117       0.78432693583111834        19.755494878693906        43.922308406542626       0.40983854884247695        22.950958735178709        96.444698468507838        61.561494980144190               96           6
 ../350_seed.dataconnected          53  0.37892575575822712       0.81672657092015810        20.083065055186037        43.286508258768379       0.43377442684260126        22.990044622657866        84.670411422519663        54.366570294272094              110           9
 ../351_seed.dataconnected          77  0.33969483863332589       0.74948876213859272        26.156502574766094        57.710634684671639       0.38270703917751336        29.468442016668529        97.802614003764617        77.200507540844683              112           3
 ../352_seed.dataconnected         106  0.34483604245772337       0.76390221648641454        36.552620500518678        80.973634947559944       0.38058515168252982        40.342026078348162        129.89414260493709        118.00774409937976              144           9
 ../353_seed.dataconnected          62  0.36376963484194458       0.79994451735103977        22.553717360200565        49.596560075764465       0.40972966235142688        25.403239065788465        82.854880018115338        52.272069438375205               98           4
 ../354_seed.dataconnected          86  0.35230428795281382       0.76288439320298829        30.298168763941987        65.608057815456988       0.40171304819228792        34.547322144536764        99.004251057304316        76.695139273447325              126           7
 ../355_seed.dataconnected         113  0.37064243187596574       0.80538903709960930        41.882594801984126        91.008961192255853       0.41723534810463925        47.147594335824238        129.83791113344429        110.95428565412539              145           9
 ../356_seed.dataconnected          92  0.36894354003430596       0.78973597465666701        33.942805683156152        72.655709668413365       0.41493924763954776        38.174410782838393        104.92166922836915        82.708771381522979              114           2
 ../357_seed.dataconnected          77  0.29970512144590727       0.67828393303808876        23.077294351334860        52.227862843932833       0.32741908255727947        25.211269356910520        102.58809468854984        81.772362305175363              111           6
 ../358_seed.dataconnected          64  0.42364530618395208       0.86271054336706554        27.113299595772933        55.213474775492195       0.48016372756373349        30.730478564078943        69.167412737368949        41.045287323427715               94           6
 ../359_seed.dataconnected          71  0.35957666954070833       0.78617848532036128        25.529943537390292        55.818672457745649       0.38727073410164120        27.496222121216526        84.740120491151330        55.447759246043766               97           6
 ../360_seed.dataconnected          87  0.33821712352626293       0.73812465070937350        29.424889746784874        64.216844611715487       0.37914704895675705        32.985793259237866        101.32107897281071        74.317796282952031              128           6
 ../361_seed.dataconnected         118  0.35940634072538513       0.78865430221214006        42.409948205595448        93.061207661032526       0.39682437888025629        46.825276707870245        120.15819218327782        108.48715224076933              142           5
 ../362_seed.dataconnected          41  0.32783671335169340       0.74782825154520127        13.441305247419429        30.660958313353252       0.39521878139200578        16.203970037072239        62.701576381936299        37.675920029306297               63           4
 ../363_seed.dataconnected          83  0.29524029076223030       0.66984340184404090        24.504944133265113        55.597002353055395       0.32600781760178732        27.058648860948349        140.64213801694257        120.94243318117607              127           5
 ../364_seed.dataconnected          67  0.35747662909839328       0.79470069398483767        23.950934149592349        53.244946496984127       0.38764839888299912        25.972442725160942        82.295367885790967        55.503706958228960              109           5
 ../365_seed.dataconnected         118  0.36977481263236056       0.79192736978287359        43.633427890618549        93.447429634379077       0.38847407249952015        45.839940554943375        110.11790474817923        94.203463629886485              158          14
 ../366_seed.dataconnected          45  0.34613702494010540       0.77182869269640531        15.576166122304743        34.732291171338240       0.39793616453571590        17.907127404107214        87.759072718790250        56.771196872058169               84           7
 ../367_seed.dataconnected          60  0.35689847495615129       0.78336630481479508        21.413908497369079        47.001978288887706       0.41415793707027704        24.849476224216623        74.015663357465669        47.243515343599547               83           6
 ../368_seed.dataconnected          49  0.39013094677865090       0.82849211803027367        19.116416392153894        40.596113783483410       0.43364891202841710        21.248796689392439        54.943167133227504        30.681935045957996               71           3
 ../369_seed.dataconnected         118  0.32265983619818495       0.70033332386488212        38.073860671385823        82.639332216056090       0.35294044755895954        41.646972811957227        150.51900514021449        139.87738201153047              133           1
 ../370_seed.dataconnected          43  0.28130471017815950       0.61499670040378285        12.096102537660858        26.444858117362664       0.33633357361106225        14.462343665275677        70.653015136759436        42.140541246571743               75           4
 ../371_seed.dataconnected         116  0.31034914322709822       0.68625685810324244        36.000500614343395        79.605795539976128       0.33270172088064259        38.593399622154543        127.56292164529135        110.31589080599775              159           6
 ../372_seed.dataconnected          95  0.37247198638857776       0.80924936801254677        35.384838706914884        76.878689961191938       0.41634100710736383        39.552395675199563        98.971654914515554        78.940028246581178              146           9
 ../373_seed.dataconnected          10  0.35440555698049153       0.77525119175385782        3.5440555698049154        7.7525119175385786       0.42901741908611291        4.2901741908611291        11.244411642010139        2.2572539071056874               48          10
 ../374_seed.dataconnected          96  0.36576054025183663       0.77302232716979935        35.113011864176315        74.210143408300738       0.41288796832398078        39.637244959102155        101.21391103199517        81.916252751915763              122           5
 ../375_seed.dataconnected          58  0.29253286764181247       0.67199998715413722        16.966906323225125        38.975999254939957       0.31873088908686986        18.486391567038453        107.74307221112332        75.153939085575260               79           3
 ../376_seed.dataconnected         109  0.35105092381798614       0.77087855483972179        38.264550696160491        84.025762477529668       0.38702337488526733        42.185547862494140        119.05818606890855        100.88904601609784              154           7
 ../377_seed.dataconnected          63  0.32915882348669651       0.73662203061791176        20.737005879661879        46.407187928928444       0.36284353815328396        22.859142903656888        79.450236584442379        54.749159909534484              114          19
 ../378_seed.dataconnected          81  0.38179191849631822       0.82076187687900959        30.925145398201774        66.481712027199777       0.41908126546031155        33.945582502285234        120.10457261625312        98.079281774233806              101           4
 ../379_seed.dataconnected          63  0.35010755659773829       0.78200036412867779        22.056776065657512        49.266022940106701       0.39280857528913071        24.746940243215235        74.116364145297268        52.179918419345839               99           5
 ../380_seed.dataconnected          50  0.32724429291930535       0.72470113626661758        16.362214645965267        36.235056813330878       0.35333054382701790        17.666527191350895        81.633086170372977        53.972539628120899               90           7
 ../381_seed.dataconnected         100  0.31150575369497258       0.71022606693415269        31.150575369497258        71.022606693415270       0.33973624015199233        33.973624015199235        127.63346378847493        109.30302983855070              141           6
 ../382_seed.dataconnected          54  0.33140267640774906       0.72075777749603154        17.895744526018451        38.920919984785705       0.36738256311059964        19.838658407972382        82.270975390487223        52.799862933575568               94           4
 ../383_seed.dataconnected          17  0.31704052411184663       0.76393805539695481        5.3896889099013929        12.986946941748231       0.33737825509199948        5.7354303365639909        21.671689081967756        7.1501834104595625               82           8
 ../384_seed.dataconnected          92  0.36389180868352189       0.79857870449035628        33.478046398884011        73.469240813112776       0.39632670342247034        36.462056714867273        98.945914814712779        77.403984813030831              131           5
 ../385_seed.dataconnected          76  0.30871606324115092       0.71233433116027711        23.462420806327469        54.137409168181058       0.34463520100696732        26.192275276529514        108.64262496529157        79.685201518604103              115           5
 ../386_seed.dataconnected          91  0.34770577450031298       0.75750585038960250        31.641225479528480        68.933032385453828       0.40707581029723366        37.043898737048266        120.84325615245686        104.91559769017182              126          10
 ../387_seed.dataconnected          33  0.38034063550617364       0.81840893938773740        12.551240971703731        27.007494999795334       0.43794935334050067        14.452328660236523        40.912656898777669        18.925807341452618               71          17
 ../388_seed.dataconnected          48  0.30690812682956586       0.70135319398650275        14.731590087819161        33.664953311352136       0.37228038338523084        17.869458402491080        70.570342264625694        43.486520160351311               92           8
 ../389_seed.dataconnected          42  0.33068839451014076       0.73049812292639404        13.888912569425912        30.680921162908550       0.38772474961516107        16.284439483836763        75.164136797420269        42.847577442483484               71           3
 ../390_seed.dataconnected          78  0.29917953166804795       0.66577049907354346        23.336003470107741        51.930098927736388       0.33700497398426710        26.286387970772832        104.86440823839666        78.234520300197772               99           4
 ../391_seed.dataconnected          83  0.33265472884017760       0.73105879849397737        27.610342493734741        60.677880275000120       0.36332158208286974        30.155691312878190        109.21863694782665        74.669200941085705              127           6
 ../392_seed.dataconnected          82  0.30132274852135715       0.66325482543985714        24.708465378751285        54.386895686068286       0.31931124311707265        26.183521935599959        123.72409830281229        100.42407861171874               99           2
 ../393_seed.dataconnected          64  0.36811607036779254       0.80280743159253820        23.559428503538722        51.379675621922445       0.40514333315952533        25.929173322209621        69.047715666505823        43.185156009909676               88           4
 ../394_seed.dataconnected          13  0.34219749380682479       0.79012178765251417        4.4485674194887226        10.271583239482684       0.39371579583661886        5.1183053458760455        20.456846889657495        4.1695298855094505               69           7
 ../395_seed.dataconnected          49  0.30787296496324146       0.68009816065697493        15.085775283198831        33.324809872191771       0.34153110901736539        16.735024341850902        63.371407657032158        39.022751894965594               73           3
 ../396_seed.dataconnected          60  0.37094380028696422       0.80097075728540346        22.256628017217853        48.058245437124206       0.41462314074106660        24.877388444463996        76.843711752291824        50.826720683626270               97          11
 ../397_seed.dataconnected          55  0.37663175033748142       0.81956523135865067        20.714746268561477        45.076087724725788       0.43538091509841692        23.945950330412931        63.790748024957672        38.065923983033763               92           9
 ../398_seed.dataconnected          67  0.35268913771916671       0.77644913251995185        23.630172227184168        52.022091878836775       0.39449369683193486        26.431077687739634        102.43874609484683        75.144385784505985              109           4
 ../399_seed.dataconnected          79  0.32645874242948125       0.70651464042092371        25.790240651929018        55.814656593252977       0.37982542177046535        30.006208319866762        116.08132836181507        93.574428542426787              107           4
 ../400_seed.dataconnected          53  0.32677423860293242       0.73482786141485723        17.319034645955419        38.945876654987430       0.38913853410489446        20.624342307559406        88.588959451500600        59.220862606865545               95          12
 ../401_seed.dataconnected         101  0.39335735396900179       0.83257524190640464        39.729092750869178        84.090099432546864       0.43271255894121430        43.703968453062643        103.24597310289060        85.987987183807974              150           8
 ../402_seed.dataconnected          59  0.34032208324082280       0.74918341242176978        20.079002911208544        44.201821332884414       0.39337852591825534        23.209333029177063        76.082664142489392        50.798950344350395               90           6
 ../403_seed.dataconnected         108  0.38537998271689888       0.80338614068685477        41.621038133425081        86.765703194180318       0.43024517572342386        46.466478978129778        113.07162455250764        89.300749165081896              150          11
 ../404_seed.dataconnected          63  0.41165320021272106       0.85830820918843298        25.934151613401426        54.073417178871274       0.45067768506538863        28.392694159119483        69.249388108632800        46.217045208860853              117           9
 ../405_seed.dataconnected          52  0.34946456496393452       0.76274182404653879        18.172157378124595        39.662574850420015       0.41197952848123176        21.422935481024052        84.436089313908198        54.149280760300584              109          20
 ../406_seed.dataconnected         118  0.34399646601654188       0.74220332159892977        40.591582989951945        87.579991948673708       0.40364944561786908        47.630634582908549        148.33635454545617        135.41920835051607              151           4
 ../407_seed.dataconnected          90  0.40802179158799323       0.86360924114965454        36.721961242919392        77.724831703468908       0.44192654455903085        39.773389010312776        88.368918145198904        64.485482332520462              129           5
 ../408_seed.dataconnected          58  0.34664018694849885       0.76450890924585135        20.105130843012933        44.341516736259379       0.37741528527636004        21.890086546028883        73.629661545892162        46.321040336878291              136          22
 ../409_seed.dataconnected         118  0.36444920683770982       0.79384448385219752        43.005006406849759        93.673649094559309       0.39405773818916989        46.498813106322046        141.26956858607716        131.20866038816419              164          12
 ../410_seed.dataconnected          88  0.40694371597264889       0.86338428792601318        35.811047005593103        75.977817337489157       0.45107652785773827        39.694734451480969        85.286071613266685        63.372699443252387              111           4
 ../411_seed.dataconnected         134  0.40133825554338981       0.83202633634289658        53.779326242814236        111.49152906994814       0.44439829404344072        59.549371401821055        123.34527384504969        113.03898034903553              164           2
 ../412_seed.dataconnected          64  0.40778718576700279       0.83674437813125246        26.098379889088179        53.551640200400158       0.44957320288996760        28.772684984957927        78.648906686385288        53.981329279363067               95           7
 ../413_seed.dataconnected          97  0.40565695944762037       0.84468787198165951        39.348725066419178        81.934723582220968       0.44184115568486498        42.858592101431903        104.53223061086656        83.227048170415287              136           8
 ../414_seed.dataconnected          95  0.32325204639011612       0.70635105722167002        30.708944407061033        67.103350436058648       0.37090995489348483        35.236445714881057        112.69070923612625        95.224066047168122              122           4
 ../415_seed.dataconnected          74  0.34980556678453167       0.74619842965450933        25.885611942055345        55.218683794433687       0.41284959251202447        30.550869845889810        94.486653986939615        72.556757162798220              116          24
 ../416_seed.dataconnected          79  0.35521031471813141       0.76289126632929827        28.061614862732380        60.268410040014565       0.40600586762764929        32.074463542584290        95.123194721596491        68.754778713156441              109           4
 ../417_seed.dataconnected          29  0.37653518401278152       0.85053155685632809        10.919520336370663        24.665415148833514       0.40298344508971040        11.686519907601602        34.891121533191459        15.465517233257957               75           7
 ../418_seed.dataconnected          68  0.35099254281818815       0.75812017764177342        23.867492911636795        51.552172079640592       0.41457234456044068        28.190919430109965        100.77375407601572        74.287821368456989              104           3
 ../419_seed.dataconnected          59  0.30929132531155007       0.71177151057608268        18.248188193381456        41.994519123988880       0.35642867292913749        21.029291702819112        93.630896237141030        64.797364635926499               88           5
 ../420_seed.dataconnected          73  0.33785744949928204       0.74250636721940266        24.663593813447587        54.202964807016393       0.37728494699204174        27.541801130419046        98.605175164168216        74.885641360324641              111           7
 ../421_seed.dataconnected          75  0.32043055792322167       0.71167269073781103        24.032291844241627        53.375451805335828       0.38249964734078024        28.687473550558519        134.63084493698074        106.49135185991074              105           3
 ../422_seed.dataconnected          93  0.38769127977456880       0.81950402747795581        36.055289019034895        76.213874555449891       0.43725887397444424        40.665075279623316        137.77280557920898        112.24565485967960              119           4
 ../423_seed.dataconnected          91  0.31930428784485082       0.70381138722963998        29.056690193881426        64.046836237897239       0.36915336524285181        33.592956237099514        130.01013826187182        112.63639267082711              131           4
 ../424_seed.dataconnected          58  0.25137368810855631       0.58119174815627472        14.579673910296266        33.709121393063931       0.27931435469793991        16.200232572480516        119.62539452959915        91.050064155864902               79           3
 ../425_seed.dataconnected         118  0.37473317442756093       0.80822370621771744        44.218514582452187        95.370397333690661       0.40611157834507283        47.921166244718592        106.98229199001614        90.127348142056903              149           8
 ../426_seed.dataconnected         100  0.38517513148954557       0.79626408039588614        38.517513148954556        79.626408039588611       0.42692236040357218        42.692236040357216        127.02871679538873        105.13831077718254              132           7
 ../427_seed.dataconnected          83  0.36882285275213567       0.79509554074539124        30.612296778427261        65.992929881867468       0.42413597312537971        35.203285769406513        93.755905253347350        71.918282500409603              118          15
 ../428_seed.dataconnected          98  0.39164124647715920       0.81954797434390636        38.380842154761602        80.315701485702817       0.43262701081540150        42.397447059909346        93.486192368498706        72.638475434823306              131           9
 ../429_seed.dataconnected          95  0.36881785785100368       0.78533850730168397        35.037696495845353        74.607158193659984       0.41834530809419845        39.742804268948852        116.21773068450022        91.827074507498494              135           4
 ../430_seed.dataconnected          97  0.33656442000203540       0.72980474262950334        32.646748740197431        70.791060035061818       0.37628831136193092        36.499966202107302        126.56296019426546        111.82877311435735              125           4
 ../431_seed.dataconnected         115  0.32729269946374678       0.72642338942991458        37.638660438330881        83.538689784440180       0.35216085228838817        40.498498013164642        141.54790325225761        129.04798175742278              128           2
 ../432_seed.dataconnected          77  0.35477852912609376       0.76910096355977209        27.317946742709218        59.220774194102454       0.40974764482276016        31.550568651352531        122.30095735829805        96.406087485539175              109           3
 ../433_seed.dataconnected          75  0.38569895249777658       0.82094956853833634        28.927421437333244        61.571217640375224       0.43147865274292524        32.360898955719392        90.632493625366422        65.588617971605643              117          10
 ../434_seed.dataconnected          97  0.38160088442200768       0.79964451782973356        37.015285788934747        77.565518229484155       0.43561937708255011        42.255079577007358        132.35608763817348        114.03932403061356              130           6
 ../435_seed.dataconnected          80  0.35363820597770734       0.76196939426555388        28.291056478216589        60.957551541244314       0.39824295039295277        31.859436031436221        91.106985113326061        62.440043246105908              105           3
 ../436_seed.dataconnected          25  0.34161592730712947       0.77021573078583505        8.5403981826782367        19.255393269645875       0.41284331146635067        10.321082786658767        49.285931501330488        21.264262799133228               64           9
 ../437_seed.dataconnected          63  0.38414094499087170       0.82275589857429254        24.200879534424917        51.833621610180430       0.43403311623038726        27.344086322514396        73.581932563856185        47.623318298323554              128          29
 ../438_seed.dataconnected         117  0.37591479700429226       0.81070299013242941        43.982031249502192        94.852249845494242       0.41393150003944290        48.429985504614820        115.67945639906827        103.06661442421901              168          18
 ../439_seed.dataconnected          96  0.38250010391622186       0.80306343267007008        36.720009975957296        77.094089536326720       0.43625064941236363        41.880062343586907        107.25530534713548        86.861259559110692              120           4
 ../440_seed.dataconnected          95  0.28221298206215251       0.63995404607841500        26.810233295904489        60.795634377449424       0.32410004940008652        30.789504693008219        136.80978810900098        120.05567868769339              136           6
 ../441_seed.dataconnected          87  0.40459321847876478       0.83047802009111060        35.199610007652538        72.251587747926621       0.43273466879840761        37.647916185461462        109.11198542021882        82.153937489939196              120           8
 ../442_seed.dataconnected          63  0.36963987912384122       0.81544788377200839        23.287312384801997        51.373216677636528       0.41982294587919028        26.448845590388988        74.137092663752497        49.042575550744552               95           5
 ../443_seed.dataconnected         129  0.38852443093559813       0.82887610812079804        50.119651590692158        106.92501794758294       0.42614888249700877        54.973205842114133        138.00391724325922        127.31734078997242              154           4
 ../444_seed.dataconnected         106  0.35993314584147568       0.78305399109069218        38.152913459196419        83.003723055613378       0.38875377467554695        41.207900115607977        125.41685917400466        110.82040999568449              152          13
 ../445_seed.dataconnected         128  0.35512505442367664       0.75557443332010610        45.456006966230611        96.713527464973581       0.38812835932185846        49.680429993197883        138.55758178634935        125.52418860972023              163           5
 ../446_seed.dataconnected          83  0.40399618577545854       0.85639137021364176        33.531683419363056        71.080483727732272       0.45736695143854539        37.961456969399265        100.15022689116425        74.684195521676344              109           4
 ../447_seed.dataconnected          51  0.38360070409590097       0.82056832486565889        19.563635908890948        41.848984568148602       0.42929834113952353        21.894215398115701        59.887810666089791        35.275756072669154               84           4
 ../448_seed.dataconnected          56  0.35766782132908137       0.79904558188846908        20.029397994428557        44.746552585754266       0.40785106659546749        22.839659729346181        73.008447444267333        41.880036853915811               95           7
 ../449_seed.dataconnected          77  0.35455457459872447       0.76377171214423079        27.300702244101785        58.810421835105771       0.40247713912375194        30.990739712528899        107.76002740129964        81.798287735172224              108           3
 ../450_seed.dataconnected          92  0.34253469561639099       0.74964408047151476        31.513191996707970        68.967255403379355       0.38836033656130370        35.729150963639938        122.16699163814216        100.77034240477273              118           3
 ../451_seed.dataconnected          75  0.39456322619333334       0.84634529494944033        29.592241964500001        63.475897121208021       0.44283695788814847        33.212771841611136        81.752274382066091        57.875136477930972              100           4
 ../452_seed.dataconnected         111  0.29235551477296728       0.65898395849876334        32.451462139799368        73.147219393362732       0.33504590099698528        37.190095010665367        199.69786904780864        192.79074033727568              152           6
 ../453_seed.dataconnected          79  0.39239741112931448       0.84452581742527477        30.999395479215842        66.717539576596707       0.43832288504844164        34.627507918826886        85.269839788325655        62.946865778122024              108           3
 ../454_seed.dataconnected         100  0.33365031747202334       0.73420305823397836        33.365031747202337        73.420305823397840       0.38318362860129934        38.318362860129938        123.04668621257433        104.97564912017820              152           8
 ../455_seed.dataconnected          25  0.24790685687895195       0.58800879663651406        6.1976714219737987        14.700219915912852       0.29526125657626345        7.3815314144065862        53.906614897572922        25.459414456830867               63           5
 ../456_seed.dataconnected          33  0.33608903202782053       0.77053049881066138        11.090938056918077        25.427506460751825       0.37759328046286622        12.460578255274585        41.611610414455363        16.698508840242422               86          13
 ../457_seed.dataconnected          61  0.35606023646920459       0.78055559409900432        21.719674424621481        47.613891240039266       0.40473840665472210        24.689042805938048        87.234794598586930        60.480081495278846               84           3
 ../458_seed.dataconnected          77  0.32565207545677793       0.71923981793473979        25.075209810171902        55.381465980974966       0.37780104520781171        29.090680481001502        126.57831423340930        106.66900516646783              115           6
 ../459_seed.dataconnected          81  0.30543424516794082       0.65637280654971275        24.740173858603207        53.166197330526735       0.36709632081894467        29.734801986334517        123.91661121394138        106.63158672839461              106           4
 ../460_seed.dataconnected          94  0.30728225614891463       0.65565377845776529        28.884532077997974        61.631455175029934       0.38849346301198368        36.518385523126469        159.14986911728744        140.82460639748189              136           8
 ../461_seed.dataconnected          80  0.35834485057991233       0.76937504404384760        28.667588046392986        61.550003523507812       0.39226427529882257        31.381142023905806        103.60876260095610        80.065934624677354              122           9
 ../462_seed.dataconnected         114  0.39411495176650579       0.83076939833721319        44.929104501381659        94.707711410442300       0.43278474953572854        49.337461447073053        124.65984900669790        109.88637057584367              143          10
 ../463_seed.dataconnected          84  0.33607381909307454       0.74409964439438647        28.230200803818263        62.504370129128461       0.35344720978179361        29.689565621670663        117.28581068005052        96.568429045051658              113           5
 ../464_seed.dataconnected          78  0.32811389434175842       0.74775168334742292        25.592883758657155        58.324631301098989       0.37803914822324280        29.487053561412939        115.26168893364591        88.240776293249908              102           5
 ../465_seed.dataconnected         120  0.37565271610854739       0.80992746325177845        45.078325933025688        97.191295590213414       0.41889368046002678        50.267241655203215        113.04845575170062        99.864088908080731              145           3
 ../466_seed.dataconnected          82  0.36937766428400148       0.78886926323962991        30.288968471288122        64.687279585649648       0.42196667314268865        34.601267197700473        98.913005542704184        75.912712811219265              125           5
 ../467_seed.dataconnected         114  0.35408909679720402       0.76380145916957842        40.366157034881255        87.073366345331934       0.37848954773388482        43.147808441662868        114.30692548064282        95.199149035433280              134           2
 ../468_seed.dataconnected          65  0.34208924733824830       0.77704184835329371        22.235801076986139        50.507720142964089       0.36635709518921250        23.813211187298812        82.521291144100317        53.928703346907689               89           4
 ../469_seed.dataconnected          53  0.30545614964185802       0.69965956100122451        16.189175931018475        37.081956733064899       0.34132473905357608        18.090211169839531        79.350838209770870        53.245365004380666              103           7
 ../470_seed.dataconnected         122  0.33854582660280808       0.75563274660454705        41.302590845542582        92.187195085754738       0.36855145519624899        44.963277533942374        132.92944339615676        113.23741863654618              144           4
 ../471_seed.dataconnected          97  0.33896013062110503       0.76209370772619744        32.879132670247188        73.923089649441152       0.37366731004663861        36.245729074523943        112.05741537882832        85.199011705682736              121           2
 ../472_seed.dataconnected          66  0.39090055822910347       0.81624093959414701        25.799436843120830        53.871902013213699       0.44856622281691766        29.605370705916567        83.288567339454758        59.159089737217798              103           6
 ../473_seed.dataconnected         121  0.37816567774488807       0.81792162117448486        45.758047007131459        98.968516162112664       0.41422203776488009        50.120866569550493        134.37922164102920        117.99683646412903              174          10
 ../474_seed.dataconnected          83  0.36428841051425975       0.79242219912434286        30.235938072683560        65.771042527320461       0.38253060085083557        31.750039870619354        98.188879763797217        71.778956182058195              163          47
 ../475_seed.dataconnected          42  0.34594811969242967       0.78098637226955236        14.529821027082047        32.801427635321197       0.37780283877364562        15.867719228493115        55.327789934055225        28.713619658846095               81           9
 ../476_seed.dataconnected          77  0.30275579836536398       0.67705622016325406        23.312196474133028        52.133328952570565       0.34279702478034407        26.395370908086495        105.67933724162442        70.408835769473995              104           5
 ../477_seed.dataconnected         136  0.40048672476425079       0.85202145466177270        54.466194567938111        115.87491783400108       0.43347541907851472        58.952656994678001        121.83033320059140        108.04688650078647              172           8
 ../478_seed.dataconnected         104  0.36939749127768196       0.78758320062936649        38.417339092878926        81.908652865454115       0.40282668670463312        41.893975417281844        132.65418171396681        109.36980779612576              129           4
 ../479_seed.dataconnected          73  0.36774661750008103       0.78958904783356654        26.845503077505914        57.640000491850358       0.40231764489905630        29.369188077631112        76.582615035198771        52.846099240159468               96           8
 ../480_seed.dataconnected         104  0.35651332717231421       0.78426101767678669        37.077386025920674        81.563145838385822       0.38779783503722998        40.330974843871914        128.53587246049202        114.64698821133310              124           2
 ../481_seed.dataconnected          53  0.33004395800900715       0.73930642673831604        17.492329774477380        39.183240617130750       0.36883729663267784        19.548376721531927        76.059069187576412        49.353808190723001               95          16
 ../482_seed.dataconnected          93  0.39589207598580767       0.83791130455358620        36.817963066680115        77.925751323483510       0.43427423983219998        40.387504304394596        97.145387660715770        74.670058166197705              123           5
 ../483_seed.dataconnected         111  0.36978197546037345       0.79759742281434465        41.045799276101455        88.533313932392261       0.40965788285940452        45.472024997393902        129.25449158666120        105.91929226099640              152          16
 ../484_seed.dataconnected          93  0.38507717051783968       0.83206032904050853        35.812176858159091        77.381610600767289       0.42654688966658827        39.668860738992706        104.40346453766406        84.569685965593123              126           5
 ../485_seed.dataconnected          57  0.35352553685387761       0.80233175522448352        20.150955600671022        45.732910047795563       0.40639997618903789        23.164798642775160        72.870328355703350        45.086516497099865              104          11
 ../486_seed.dataconnected          93  0.36004716006494636       0.79034581408822102        33.484385886040009        73.502160710204549       0.38944705892972981        36.218576480464868        99.498013257071236        75.861859487604235              136           7
 ../487_seed.dataconnected          70  0.35731146479416032       0.78358005268421771        25.011802535591222        54.850603687895237       0.39328392273366963        27.529874591356876        104.32345738900699        74.209514072440854              113           4
 ../488_seed.dataconnected          70  0.31453654465073494       0.70708953783696693        22.017558125551446        49.496267648587683       0.35575185196685810        24.902629637680068        95.619013484087148        66.890209657987981              104          12
 ../489_seed.dataconnected          15  0.36740983426055751       0.77115327415011414        5.5111475139083623        11.567299112251712       0.46963879249409007        7.0445818874113515        19.628871632166380        5.6867157996642064               56           8
 ../490_seed.dataconnected          60  0.33328859062104038       0.70750299825448437        19.997315437262422        42.450179895269059       0.40208277992023150        24.124966795213890        88.353797376972608        62.286726838810850               96           5
 ../491_seed.dataconnected         113  0.35129580003540894       0.77511480463456317        39.696425404001211        87.587972923705635       0.38122728909481657        43.078683667714273        135.51803675225565        122.13338652781310              129           3
 ../492_seed.dataconnected          48  0.35618825912782581       0.78899451864936387        17.097036438135639        37.871736895169462       0.39645658920754817        19.029916281962311        76.542654257062125        53.153633269910586               84           8
 ../493_seed.dataconnected          85  0.37039401810010281       0.79530568934070323        31.483491538508737        67.600983593959768       0.40659719230023955        34.560761345520362        96.636790702992528        70.167600207504620              161          17
 ../494_seed.dataconnected          75  0.34992833533303758       0.79725829205392329        26.244625149977818        59.794371904044247       0.38610853301860282        28.958139976395213        90.135547459445007        68.146242655759636               96           2
 ../495_seed.dataconnected          58  0.35121100780000081       0.75880983253182055        20.370238452400045        44.010970286845591       0.40400250870617865        23.432145504958363        76.533330419006290        49.305395046354214               88           6
 ../496_seed.dataconnected          73  0.33809682623397241       0.74431387964694995        24.681068315079987        54.334913214227349       0.37771214690241978        27.572986723876642        95.290791302374117        63.879779084566934              119           5
 ../497_seed.dataconnected          48  0.31891669399074518       0.73230962969464353        15.308001311555769        35.150862225342891       0.35693672321975362        17.132962714548174        88.346204964337403        55.209476883188827               75           5
 ../498_seed.dataconnected          48  0.36845535552833830       0.79387699606722884        17.685857065360238        38.106095811226986       0.43884603746951178        21.064609798536566        64.347928124705604        39.320192925397706               90           7
 ../499_seed.dataconnected          67  0.35473946840374154       0.78746963571652195        23.767544383050684        52.760465593006970       0.39095580456367557        26.194038905766263        88.724097255833385        58.419725407319163              122          12
 ../500_seed.dataconnected          79  0.32061893573424016       0.73561377662716387        25.328895923004971        58.113488353545947       0.37007236026913809        29.235716461261909        141.19964358550288        110.09449993171627              124          10
 ../501_seed.dataconnected         115  0.37131253782008244       0.81184848547693100        42.700941849309480        93.362575829847060       0.41448244899673653        47.665481634624697        129.78877282657319        112.09483248524484              160          14
 ../502_seed.dataconnected          87  0.35848779646387746       0.77386267822628751        31.188438292357340        67.326053005687015       0.39956121102001424        34.761825358741241        95.319187676678169        75.107011783468366              105           3
 ../503_seed.dataconnected          70  0.35031931816589618       0.77101167574662410        24.522352271612732        53.970817302263690       0.39425357051166210        27.597749935816346        95.131801236427847        69.300866129879523               92           4
 ../504_seed.dataconnected          93  0.40470907622701852       0.84258875508778108        37.637944089112722        78.360754223163639       0.45436817039877220        42.256239847085816        99.146533317684018        72.493472527207970              123           3
 ../505_seed.dataconnected          53  0.37493358409250122       0.81946090630967372        19.871479956902565        43.431428034412704       0.40972146768847134        21.715237787488981        67.289205283038982        40.465779055650124               89           6
 ../506_seed.dataconnected          78  0.33988334283803873       0.75240343686251243        26.510900741367021        58.687468075275973       0.39831096080192840        31.068254942550414        127.69220100868183        103.22715202901605              104           4
 ../507_seed.dataconnected          95  0.39752323217335322       0.84681341417980549        37.764707056468559        80.447274347081517       0.44277927023297209        42.064030672132347        91.654016310266869        70.793262655840195              119           3
 ../508_seed.dataconnected          52  0.21656729348285236       0.46741392421309569        11.261499261108323        24.305524059080977       0.27056706577568473        14.069487420335607        87.366564078227839        58.426486170441486               86           3
 ../509_seed.dataconnected         110  0.31699542403295583       0.68792261335134219        34.869496643625141        75.671487468647641       0.35539168858832298        39.093085744715530        126.76584872667894        107.36878224365184              143          10
 ../510_seed.dataconnected          56  0.30356473125781858       0.66474731668593989        16.999624950437841        37.225849734412634       0.35511302908687542        19.886329628865024        95.120830845591186        60.515087527772302               97           6
 ../511_seed.dataconnected          33  0.33066774654990011       0.72726565484562566        10.912035636146703        23.999766609905645       0.39202667789630713        12.936880370578136        61.038246505035893        31.232275771043579               69           8
 ../512_seed.dataconnected          91  0.37155961781211139       0.77444253357153303        33.811925220902140        70.474270555009511       0.42999377860921267        39.129433853438350        107.55040743182994        85.495275736476742              119           5
 ../513_seed.dataconnected          50  0.32946979197320886       0.74919542116598692        16.473489598660443        37.459771058299346       0.37666542400317088        18.833271200158546        64.850854385814884        41.608870576116665              122          20
 ../514_seed.dataconnected          69  0.36905422326928689       0.78247407199620589        25.464741405580796        53.990710967738210       0.43118983689826218        29.752098745980092        82.774109006062474        57.828751960407239              101          11
 ../515_seed.dataconnected          87  0.36680411738869811       0.79291741718264641        31.911958212816735        68.983815294890235       0.40208413844307062        34.981320044547147        87.859595861218551        66.946196942125482              128           9
 ../516_seed.dataconnected          65  0.36610022918306689       0.80095897362433655        23.796514896899350        52.062333285581879       0.41823530762504646        27.185294995628020        74.498659488814923        47.213883348931425               91           4
 ../517_seed.dataconnected         112  0.34906989713942799       0.75367098120965947        39.095828479615932        84.411149895481856       0.41127255646984040        46.062526324622127        134.80087979632623        118.34749045806787              151           6
 ../518_seed.dataconnected          47  0.31167231898514236       0.70378347787669648        14.648598992301691        33.077823460204733       0.37621135672663375        17.681933766151786        68.415253476941075        36.944238035405718               98           8
 ../519_seed.dataconnected          30  0.29938630370447467       0.68878073405890705        8.9815891111342392        20.663422021767211       0.32924984604731011        9.8774953814193029        45.738614569159175        19.728784704246412              105          13
 ../520_seed.dataconnected          67  0.35832345814458372       0.79377310188401184        24.007671695687108        53.182797826228793       0.41284673021046320        27.660730924101035        91.690471677033585        66.825801482748474              104           7
 ../521_seed.dataconnected          81  0.36280885931930656       0.80170488716883559        29.387517604863831        64.938095860675688       0.39527125864575280        32.016971950305980        100.73875671503129        79.237789423339365              124          13
 ../522_seed.dataconnected         105  0.37550006963668586       0.80307659403642040        39.427507311852018        84.323042373824137       0.41382906784691859        43.452052123926450        105.04026722715795        86.158486145184142              150           7
 ../523_seed.dataconnected         107  0.39181530832060490       0.82099433684065370        41.924237990304725        87.846394041949949       0.41628072299797170        44.542037360782970        119.74214568845322        99.463040201533815              136           4
 ../524_seed.dataconnected         103  0.35766152958606984       0.76918687319964019        36.839137547365191        79.226247939562938       0.39521227591467867        40.706864419211904        135.50525375353018        119.81984801964990              141          10
 ../525_seed.dataconnected          57  0.35344703645583797       0.78709482975392198        20.146481077982763        44.864405295973555       0.40413148495009099        23.035494642155186        103.17532272177625        78.620145178874452               82           4
 ../526_seed.dataconnected          19  0.38250591881555462       0.81791414630313697        7.2676124574955381        15.540368779759602       0.44506039505580225        8.4561475060602422        22.178546316993359        6.6881770300368144               47          10
 ../527_seed.dataconnected         123  0.35233081576402620       0.74931578363621132        43.336690338975224        92.165841387253991       0.38349039984162364        47.169319180519707        128.01390963031051        114.53832606041287              152           3
 ../528_seed.dataconnected          81  0.32643568020222491       0.73699175672738593        26.441290096380218        59.696332294918257       0.37790168778828770        30.610036710851304        113.27364700499241        92.381169603831552              112           8
 ../529_seed.dataconnected          91  0.36996871315335822       0.81453626315997552        33.667152896955599        74.122799947557766       0.40420532163121620        36.782684268440676        115.59496574553671        83.366084686059793              113           3
 ../530_seed.dataconnected          25  0.25386536536316473       0.59634298721527890        6.3466341340791184        14.908574680381973       0.30823072479176744        7.7057681197941861        64.997583599719150        33.685691727668427               69          12
 ../531_seed.dataconnected          64  0.35691435732870896       0.77682996446263697        22.842518869037374        49.717117725608766       0.39683605112405751        25.397507271939681        88.003309954122400        59.429857258339325              103           5
 ../532_seed.dataconnected         117  0.37827111679694903       0.81062537537940849        44.257720665243035        94.843168919390791       0.42042685244365813        49.189941735908000        119.67608311757027        102.93117054796738              137           3
 ../533_seed.dataconnected          92  0.33535989997057303       0.73047318175507292        30.853110797292718        67.203532721466715       0.37095607385834878        34.127958794968087        117.81279448802614        89.540934875233432              126           4
 ../534_seed.dataconnected         115  0.37646757706659190       0.82111158384910032        43.293771362658070        94.427832142646537       0.41674893299767563        47.926127294732694        146.41955383481093        123.58664047674723              140           5
 ../535_seed.dataconnected          62  0.36870909318071798       0.77955468066664446        22.859963777204516        48.332390201331954       0.41395040581227427        25.664925160361005        83.428590898063774        59.207236490873242               96           8
 ../536_seed.dataconnected          88  0.35134121721759248       0.77443027587464952        30.918027115148139        68.149864276969154       0.37663744303479396        33.144094987061870        94.644126671133236        73.225428317121271              111           4
 ../537_seed.dataconnected          90  0.36504369799109837       0.78720685977740812        32.853932819198853        70.848617379966726       0.40288053826196646        36.259248443576979        101.17123352290103        79.730553700328898              121           4
 ../538_seed.dataconnected          86  0.36565518003797648       0.75965704170441439        31.446345483265976        65.330505586579633       0.42152233768523734        36.250921040930407        114.64498038167558        86.750910554532126              123          11
 ../539_seed.dataconnected          77  0.36577285329392084       0.77959939807913048        28.164509703631904        60.029153652093044       0.42512723656952711        32.734797215853590        108.65682245528949        80.507089038074511              118           8
 ../540_seed.dataconnected          79  0.32800018188402208       0.70825818602483304        25.912014368837745        55.952396695961809       0.37370163267733464        29.522428981509435        93.687712018774846        68.245770856430170              126           9
 ../541_seed.dataconnected          39  0.36931061967138890       0.80534018753668979        14.403114167184167        31.408267313930903       0.39757263525533798        15.505332774958180        45.649235897369486        21.683694479091709               87           6
 ../542_seed.dataconnected          89  0.35584461024818059       0.78333043836906602        31.670170312088072        69.716409014846874       0.39846497472785619        35.463382750779203        109.33178792976308        85.445636267727764              123           8
 ../543_seed.dataconnected         103  0.35669213628892055       0.79275080782346830        36.739290037758813        81.653333205817233       0.39545343489877643        40.731703794573974        93.905174855784551        75.819657761971442              134           5
 ../544_seed.dataconnected          67  0.35558424145456952       0.77614334589891221        23.824144177456159        52.001604175227115       0.40064998463840723        26.843548970773284        95.965099130092085        65.721005499565322              101           6
 ../545_seed.dataconnected          89  0.36231756908856005       0.80766081398287293        32.246263648881843        71.881812444475685       0.39023183202946676        34.730633050622544        106.49758722709868        85.172852313074557              131           5
 ../546_seed.dataconnected          74  0.37955937089238739       0.83013663598054266        28.087393446036668        61.430111062560158       0.42314936312210710        31.313052871035925        81.661408896098720        58.623896545088272              115           6
 ../547_seed.dataconnected          28  0.31040514611107967       0.72742558516580347        8.6913440911102313        20.367916384642498       0.35316269300459580        9.8885554041286827        63.760821701820014        36.109357586711489               76          14
 ../548_seed.dataconnected         120  0.37345918642512937       0.82266413348631728        44.815102371015527        98.719696018358079       0.40240084664031212        48.288101596837457        121.41363477404964        108.25487380701439              151           6
 ../549_seed.dataconnected          75  0.32528860626182265       0.73489078967203159        24.396645469636699        55.116809225402370       0.35057365700810739        26.293024275608055        95.225256761943328        73.276043565744260              124           7
 ../550_seed.dataconnected          97  0.35468924315713907       0.75756552233056329        34.404856586242488        73.483855666064642       0.40024570639404849        38.823833520222706        125.54553989416986        107.00152498085163              114           2
 ../551_seed.dataconnected          79  0.34501456263609204       0.77916709344390789        27.256150448251272        61.554200382068721       0.38203940607673986        30.181113080062449        96.570775590827509        73.023150326495895              106           8
 ../552_seed.dataconnected         118  0.36668540831619600       0.79097156854590855        43.268878181311131        93.334645088417204       0.42435215573077312        50.073554376231229        128.59164278720388        113.29638135015520              157           5
 ../553_seed.dataconnected          78  0.36809193523743033       0.79611676672026366        28.711170948519566        62.097107804180567       0.41141000091421026        32.089980071308403        94.068808675371088        68.699806880308117              108           3
 ../554_seed.dataconnected          45  0.32841906624934575       0.75347230421633837        14.778857981220559        33.906253689735230       0.37619221557883936        16.928649701047771        73.045236960392330        41.372794344421635               85           4
 ../555_seed.dataconnected          19  0.38660792388824533       0.83575479514963436        7.3455505538766612        15.879341107843052       0.46566533688596445        8.8476414008333251        25.954896985767917        8.6987891166619775               69           9
 ../556_seed.dataconnected          48  0.32708696968754025       0.71564079721412754        15.700174545001932        34.350758266278120       0.39633680976248947        19.024166868599494        81.798903102607795        47.944684080251548               86           9
 ../557_seed.dataconnected         121  0.36034993591835163       0.77980356759066050        43.602342246120550        94.356231678469925       0.39363494901928442        47.629828831333413        137.23914336709302        129.41994045817995              156           9
 ../558_seed.dataconnected          71  0.33875121800510377       0.73880788316100010        24.051336478362369        52.455359704431004       0.38023279081844286        26.996528148109444        140.09809807930307        117.67466700679901              120          11
 ../559_seed.dataconnected          58  0.31077842199003858       0.69264960292751265        18.025148475422238        40.173676969795736       0.36622582765548756        21.241098004018280        97.742200394819989        64.593558190161986              111          18
 ../560_seed.dataconnected          36  0.35091417946064285       0.77817762668527479        12.632910460583142        28.014394560669892       0.37835371980561966        13.620733913002308        40.512547231647147        19.502252003565506               77           6
 ../561_seed.dataconnected          29  0.33182129581375847       0.75134568311733096        9.6228175785989958        21.789024810402598       0.42121621432098205        12.215270215308479        50.653700922991725        20.977779486786879               87          13
 ../562_seed.dataconnected          64  0.29032222656693113       0.62360114674095113        18.580622500283592        39.910473391420872       0.35472163214575408        22.702184457328261        103.07975158723536        76.329204436772997              102           7
 ../563_seed.dataconnected          85  0.39935503393992822       0.84445604481053915        33.945177884893901        71.778763808895832       0.42953019861915964        36.510066882628571        90.627595524470394        68.694591834132510              102           4
 ../564_seed.dataconnected          89  0.32044515078192376       0.70744020273630004        28.519618419591215        62.962178043530706       0.35661902414450380        31.739093148860839        115.42621930144112        97.564472005012135              134           5
 ../565_seed.dataconnected          87  0.37913688262471662       0.82367610040363293        32.984908788350346        71.659820735116071       0.41882997534158878        36.438207854718222        101.68777044830904        74.981056557720066              115           4
 ../566_seed.dataconnected          73  0.29351536058260641       0.66956594668228575        21.426621322530266        48.878314107806858       0.32818778527764958        23.957708325268420        140.23781849741619        107.91027623702909              121          17
 ../567_seed.dataconnected          45  0.34263909539106552       0.77046128959528248        15.418759292597949        34.670758031787713       0.41476694336044284        18.664512451219927        68.967056639727460        41.858127019816436               75           3
 ../568_seed.dataconnected          56  0.33845749767946109       0.76889512093611645        18.953619870049820        43.058126772422519       0.36231516390194485        20.289649178508910        71.912729914286572        43.266314309361448               81           4
 ../569_seed.dataconnected          61  0.31661320507842089       0.67332475573401196        19.313405509783674        41.072810099774728       0.36481753381764964        22.253869562876627        91.081182580612065        59.452949364208735               93           5
 ../570_seed.dataconnected          97  0.35498234387749505       0.76665334826282783        34.433287356117020        74.365374781494296       0.40841093794003253        39.615860980183157        115.92806889470228        94.667980780571369              128          10
 ../571_seed.dataconnected         101  0.35897344563987721       0.79551327712792708        36.256318009627599        80.346840989920636       0.39902986023666670        40.302015883903337        127.05815050006510        111.68332702185631              131           3
 ../572_seed.dataconnected          41  0.34422308015350950       0.76527842570091786        14.113146286293889        31.376415453737632       0.38158472266377791        15.644973629214894        62.474903307876168        31.786613785020755              119          16
 ../573_seed.dataconnected          56  0.37670943671496693       0.81229581858152622        21.095728456038149        45.488565840565471       0.43492639827621238        24.355878303467893        76.233290855936360        46.412265760280512               77           3
 ../574_seed.dataconnected          20  0.33398269157801824       0.72551340400052100        6.6796538315603646        14.510268080010420       0.45650212768035181        9.1300425536070371        32.545450728437125        10.934585792030344               77           8
 ../575_seed.dataconnected          85  0.28012908662354630       0.62559746726015186        23.810972363001436        53.175784717112911       0.31207473119877094        26.526352151895530        112.61844744581499        89.168889019442972              117           5
 ../576_seed.dataconnected          61  0.36323578706623350       0.78522637938135742        22.157383011040242        47.898809142262806       0.40142768031276332        24.487088499078563        70.940144793685704        43.870127550005620               93           2
 ../577_seed.dataconnected          95  0.33161274094752219       0.71552556471729334        31.503210390014608        67.974928648142864       0.37071509140410835        35.217933683390292        134.18583484995511        105.29312230815283              134           6
 ../578_seed.dataconnected          66  0.35376975192157090       0.78372436309825944        23.348803626823678        51.725807964485121       0.38193715736477207        25.207852386074958        90.038454043299694        60.799526680824911               96           4
 ../579_seed.dataconnected          71  0.32052361112299621       0.69966827190174552        22.757176389732731        49.676447305023935       0.36843917152684802        26.159181178406211        90.486169260457558        65.138348702236300              108          10
 ../580_seed.dataconnected          70  0.32228219828416865       0.71487885168293730        22.559753879891804        50.041519617805612       0.37718506047927924        26.402954233549547        95.386107440213635        70.000055181744017              100           5
 ../581_seed.dataconnected          55  0.33158686288775496       0.73518706279503310        18.237277458826522        40.435288453726820       0.40378866815690667        22.208376748629867        88.172187503746201        57.344802809724357              101          10
 ../582_seed.dataconnected          93  0.36356401622110773       0.77943420615543813        33.811453508563019        72.487381172455741       0.41576348611887587        38.666004209055458        108.76518390439028        88.131683039998492              123           4
 ../583_seed.dataconnected          97  0.30857772647582943       0.69751876103402488        29.932039468155455        67.659319820300411       0.34969328833409119        33.920248968406845        108.55630701346847        85.911329625596309              172          31
 ../584_seed.dataconnected          75  0.36206528824724904       0.78982305461599678        27.154896618543678        59.236729096199760       0.40657963432139455        30.493472574104590        91.573297429998121        64.782892066664502              117           7
 ../585_seed.dataconnected          59  0.25854408851400773       0.58180021041767027        15.254101222326456        34.326212414642548       0.30848815415295761        18.200801095024499        138.98493667921485        115.36551588252799               82           5
 ../586_seed.dataconnected          85  0.37983010934979933       0.81180396935184318        32.285559294732941        69.003337394906666       0.41625890021498030        35.382006518273329        95.420702723007039        72.077088811498129              109           6
 ../587_seed.dataconnected          73  0.37628851710074379       0.81416003579200269        27.469061748354296        59.433682612816199       0.40711159951899983        29.719146764886990        82.098774402393389        55.777019992014772              115          12
 ../588_seed.dataconnected          73  0.30071176254543014       0.66535995344915200        21.951958665816399        48.571276601788092       0.34110393708581044        24.900587407264162        115.58698084813267        88.156926541100447              110           9
 ../589_seed.dataconnected         122  0.35939233441433910       0.77359566431305837        43.845864798549371        94.378671046193119       0.40779943814493419        49.751531453681970        151.96084770712596        148.34204052791296              161           6
 ../590_seed.dataconnected          52  0.39371604471897798       0.80274480445742613        20.473234325386855        41.742729831786157       0.45542486135896126        23.682092790665987        73.317048509566277        47.134094967573375               84           5
 ../591_seed.dataconnected          85  0.30365367935089210       0.68552402599888562        25.810562744825830        58.269542209905275       0.33858291177072336        28.779547500511487        105.45347404702102        84.230177047971054              108           8
 ../592_seed.dataconnected          51  0.33132472324079115       0.72523904925599070        16.897560885280349        36.987191512055524       0.39005617956660393        19.892865157896800        83.813355429623584        59.002645143263805               80           5
 ../593_seed.dataconnected          39  0.32796213566316607       0.72408860044095036        12.790523290863476        28.239455417197064       0.37593153192170053        14.661329744946320        48.681424074027035        22.560979858237001              108          15
 ../594_seed.dataconnected         117  0.36918258091763489       0.81059223972691630        43.194361967363285        94.839292048049202       0.40480252113737358        47.361894973072708        104.31662129278806        88.904998887972724              133           3
 ../595_seed.dataconnected          60  0.33929310317847106       0.73396660543627867        20.357586190708265        44.037996326176717       0.38883628415679444        23.330177049407666        89.461285606306461        59.473954695767027              102          10
 ../596_seed.dataconnected          75  0.36887684772170370       0.81855937348380992        27.665763579127777        61.391953011285743       0.39496532985075344        29.622399738806507        72.652823971446054        48.258517043032157              104           6
 ../597_seed.dataconnected          93  0.32465160581624702       0.72251816209595054        30.192599340910974        67.194189074923401       0.35583744182399968        33.092882089631971        96.409972923233042        74.956210215650074              140          15
 ../598_seed.dataconnected          20  0.34346829461489686       0.79899417392749483        6.8693658922979370        15.979883478549898       0.43786606511478499        8.7573213022957006        29.898597804335854        10.886257406244352               55           5
 ../599_seed.dataconnected         102  0.41205799197422799       0.85208347144261054        42.029915181371251        86.912514087146278       0.45453691527199908        46.362765357743903        109.10759357373725        89.779329062108019              157          22
 ../600_seed.dataconnected          57  0.29826520823829100       0.66627310928206218        17.001116869582589        37.977567229077543       0.32458475596193870        18.501331089830504        64.261881247068175        40.959030626397620               91           3
 ../601_seed.dataconnected          44  0.40040800817602268       0.84938505608149939        17.617952359744997        37.372942467585972       0.46511770937245406        20.465179212387980        62.528444955389951        32.058361567357430               80          14
 ../602_seed.dataconnected          60  0.37098748454920133       0.81609693612454748        22.259249072952080        48.965816167472852       0.41469506506046017        24.881703903627610        80.469628163096132        51.087889716243915               98          15
 ../603_seed.dataconnected         114  0.33860393906788261       0.73281957740218817        38.600849053738621        83.541431823849450       0.39726116288411928        45.287772568789599        137.51745648158541        125.44828490875327              149           6
 ../604_seed.dataconnected          35  0.29976064707578870       0.66764137061828077        10.491622647652605        23.367447971639827       0.33680433910457502        11.788151868660126        50.992345696074004        24.782565444991789               69           4
 ../605_seed.dataconnected          26  0.30231605048182025       0.68886468465416895        7.8602173125273262        17.910481801008391       0.34626111801503245        9.0027890683908431        47.621549257561597        20.540879643339334               70           4
 ../606_seed.dataconnected          42  0.38103584928592960       0.82366209100910193        16.003505670009044        34.593807822382281       0.45311005289907635        19.030622221761206        72.520973572738001        42.050304060747791               79           8
 ../607_seed.dataconnected          66  0.38021675254715520       0.80663977021453603        25.094305668112245        53.238224834159375       0.43716134707589299        28.852648907008938        98.957455876418038        68.572628405869224               91           4
 ../608_seed.dataconnected          90  0.33065584487229255       0.72900476453571372        29.759026038506331        65.610428808214238       0.38434284532884261        34.590856079595838        114.37637389849445        95.777529705654160              125           9
 ../609_seed.dataconnected          68  0.34452377414848617       0.75970586064392764        23.427616642097060        51.659998523787081       0.38503471558226660        26.182360659594128        89.491129325570853        64.492291907412110               99           4
 ../610_seed.dataconnected          87  0.36815895118998565       0.78257363289928827        32.029828753528754        68.083906062238086       0.42276657900967729        36.780692373841923        113.70120119640394        93.688881838932815              115           3
 ../611_seed.dataconnected         101  0.37155414464874426       0.80808370284564357        37.526968609523166        81.616453987409997       0.40800891652971971        41.208900569501694        129.84679273235022        111.90367570274819              128           5
 ../612_seed.dataconnected          78  0.29367759497839513       0.65179059511085757        22.906852408314819        50.839666418646893       0.33164459370348626        25.868278308871929        103.29810965539801        75.750484048657071              108           4
 ../613_seed.dataconnected         109  0.35228425214344961       0.75805689422682576        38.398983483636009        82.628201470724008       0.39424489389928341        42.972693435021888        121.77128854729177        108.68999103669600              183          32
 ../614_seed.dataconnected          61  0.35056752988721523       0.76599725585049616        21.384619323120130        46.725832606880267       0.38997622149861949        23.788549511415788        73.727963639691296        48.771092877586447               85           4
 ../615_seed.dataconnected          92  0.32541697964603200       0.73206499871830055        29.938362127434942        67.349979882083645       0.36308115723219636        33.403466465362065        122.35980107531195        106.22460144232588              120           4
 ../616_seed.dataconnected         109  0.34109133217732057       0.75391228527012333        37.178955207327945        82.176439094443438       0.38282095130406268        41.727483692142833        110.83066801128197        95.097090907276453              124           2
 ../617_seed.dataconnected          72  0.25092928006136195       0.57566804619238321        18.066908164418059        41.448099325851594       0.25687944704419891        18.495320187182323        114.26574638835650        80.898844935538790              117           8
 ../618_seed.dataconnected          89  0.34837270164095940       0.78285107065729742        31.005170446045387        69.673745288499475       0.39142515137425865        34.836838472309019        108.29445485479322        83.956632962617050              117           3
 ../619_seed.dataconnected          71  0.37856217149430627       0.83413768012019018        26.877914176095747        59.223775288533503       0.41559487420104596        29.507236068274263        71.307387460263612        48.630806332539748               98           3
 ../620_seed.dataconnected          64  0.40340745031204228       0.85281031888895431        25.818076819970706        54.579860408893076       0.45090247848892639        28.857758623291289        74.048330593765698        49.549474744397322              112           8
 ../621_seed.dataconnected          67  0.35468431662103900       0.78806870868027679        23.763849213609614        52.800603481578541       0.40300421027017325        27.001282088101608        89.228256029190220        60.630004924109883              107           8
 ../622_seed.dataconnected          53  0.33231433315489728       0.74938468714743489        17.612659657209555        39.717388418814046       0.36896969237078725        19.555393695651723        73.282453400186057        46.844631997779508               78           5
 ../623_seed.dataconnected          30  0.32365354018876324       0.72863784787390284        9.7096062056628973        21.859135436217084       0.38291543515264242        11.487463054579273        48.049028229986547        17.441816116524794               61           4
 ../624_seed.dataconnected          82  0.34154521756871309       0.75245810856359518        28.006707840634473        61.701564902214805       0.38777591083002827        31.797624688062317        110.07313775069538        87.316204376350285              135           8
 ../625_seed.dataconnected          33  0.31360341665732744       0.67749182403795971        10.348912749691806        22.357230193252672       0.38321105410985501        12.645964785625216        59.868503938096374        29.170329008374047               67           3
 ../626_seed.dataconnected          74  0.37742506438598800       0.81310537732134258        27.929454764563111        60.169797921779349       0.40739090732993899        30.146927142415485        87.635996883315755        65.847610026519234              102           7
 ../627_seed.dataconnected          51  0.32493222535468863       0.72654461525796465        16.571543493089120        37.053775378156196       0.37276208229567143        19.010866197079242        72.488221389554283        43.607651164528271              123          23
 ../628_seed.dataconnected         115  0.34554353760089601       0.75515466388214858        39.737506824103043        86.842786346447085       0.38077990698217440        43.789689302950059        133.24674841208301        119.27548926922312              137           6
 ../629_seed.dataconnected          74  0.37001017715619144       0.81671048391949885        27.380753109558167        60.436575810042918       0.39942420576248233        29.557391226423693        84.412820026559388        58.899902752256189              102           5
 ../630_seed.dataconnected          52  0.31359300161713294       0.72834299358347365        16.306836084090914        37.873835666340632       0.35566497291060667        18.494578591351548        85.103446712959197        59.478192302893255               94           8
 ../631_seed.dataconnected          59  0.33156618980853619       0.72568171108701629        19.562405198703637        42.815220954133963       0.35196709789581743        20.766058775853228        84.008400781825358        55.645836354100062              105          14
 ../632_seed.dataconnected          83  0.34095794022802284       0.72107153168367999        28.299509038925894        59.848937129745437       0.40480844630387042        33.599101043221246        132.92425148129587        109.43969678878364              113           7
 ../633_seed.dataconnected         102  0.34925417707752093       0.77970285926663407        35.623926061907135        79.529691645196678       0.39376154282211723        40.163677367855961        122.14707058898669        103.75614554847554              133           8
 ../634_seed.dataconnected          66  0.36289874279295881       0.77944993774655169        23.951317024335282        51.443695891272412       0.40909312822767557        27.000146463026589        91.364805820731092        59.592686343271460               99          10
 ../635_seed.dataconnected          72  0.32038894932450196       0.70592239257271272        23.068004351364142        50.826412265235319       0.35096810508505677        25.269703566124086        87.082424510372491        60.920823796314188              112           6
 ../636_seed.dataconnected         110  0.31548142182477151       0.68948425354457799        34.702956400724865        75.843267889903572       0.36251762820531025        39.876939102584124        140.66583975094321        132.07468383514089              143           9
 ../637_seed.dataconnected          54  0.35918772377345137       0.79063686565916935        19.396137083766373        42.694390745595143       0.40804304941453029        22.034324668384635        75.059483838877995        45.600035799403869               86           8
 ../638_seed.dataconnected          63  0.35993069416004947       0.77496738572282420        22.675633732083117        48.822945300537924       0.41435781899663149        26.104542596787784        84.964345749237040        62.776838821247267              110           9
 ../639_seed.dataconnected         124  0.34055250698790496       0.74285850640737072        42.228510866500216        92.114454794513975       0.38178002716667780        47.340723368668051        140.52217216692833        131.27776259119457              151          10
 ../640_seed.dataconnected          44  0.30897950756468329       0.69207039154291417        13.595098332846064        30.451097227888223       0.38361529186004123        16.879072841841815        118.08728668535227        85.271705930958944               95           9
 ../641_seed.dataconnected          46  0.31695442512322247       0.71808350890002970        14.579903555668233        33.031841409401366       0.35862397646382338        16.496702917335874        74.786227985216613        48.750635881182006               77           5
 ../642_seed.dataconnected          71  0.36581847156410252       0.79095802213524602        25.973111481051280        56.158019571602466       0.39492083982541992        28.039379627604813        72.518619635405372        47.348648021327087              110           8
 ../643_seed.dataconnected         102  0.30646280367686496       0.68639023859026249        31.259205975040224        70.011804336206779       0.34423947836535129        35.112426793265833        133.01760169800806        108.69557279235102              127           3
 ../644_seed.dataconnected         113  0.35726350808356372       0.79582686591364860        40.370776413442698        89.928435848242287       0.39065740663888182        44.144286950193646        134.98518605375799        121.29456341264712              145           6
 ../645_seed.dataconnected          62  0.31222129242001279       0.69700139154143004        19.357720130040793        43.214086275568661       0.35853236352273632        22.229006538409653        93.252119638844860        68.567641378539506               83           2
 ../646_seed.dataconnected         106  0.36278977060747258       0.78676564514209957        38.455715684392096        83.397158385062554       0.39424151763555765        41.789600869369110        131.37778552431354        118.33631834662900              135           6
 ../647_seed.dataconnected         109  0.32851886917657291       0.71133185964251600        35.808556740246445        77.535172701034242       0.36519047174122971        39.805761419794038        138.24952343832072        118.68437872901086              166          13
 ../648_seed.dataconnected          44  0.30655273788582843       0.69700706061224194        13.488320466976450        30.668310666938645       0.38616373296601814        16.991204250504797        111.32794260070142        73.680250218420738               96           8
 ../649_seed.dataconnected          79  0.30504685184766883       0.67965377358048307        24.098701295965839        53.692648112858166       0.33989906738168824        26.852026323153371        115.73852382296924        86.482665804309903              106           3
 ../650_seed.dataconnected          64  0.34670797519869168       0.76598785729800045        22.189310412716267        49.023222867072029       0.38883068826121364        24.885164048717673        78.260488097399744        50.475688331936396              110           5
 ../651_seed.dataconnected          42  0.27824667811809389       0.64779007189658944        11.686360480959944        27.207183019656757       0.32241156142536576        13.541285579865361        96.345402155757597        63.525268059486386               67           4
 ../652_seed.dataconnected          79  0.35206378582757625       0.77146163250917199        27.813039080378523        60.945468968224588       0.39019489680635133        30.825396847701754        90.076039841513619        64.721555744065142              106           4
 ../653_seed.dataconnected          59  0.34915687493545694       0.76426873537770668        20.600255621191959        45.091855387284696       0.42321217419601209        24.969518277564713        73.571333413201017        48.561835805976251               88           3
 ../654_seed.dataconnected          71  0.31262096663166816       0.69166457896127442        22.196088630848440        49.108185106250481       0.36041800940410779        25.589678667691654        143.98910991130467        120.07858094120431               99           9
 ../655_seed.dataconnected          78  0.33983550458132361       0.75067702215928889        26.507169357343241        58.552807728424533       0.37919673404382070        29.577345255418017        85.916302499107118        58.906771131067394              142           9
 ../656_seed.dataconnected          95  0.36096183024897344       0.78794752966220571        34.291373873652475        74.855015317909547       0.39212316547632392        37.251700720250774        108.46327795269335        92.087267112763797              144          15
 ../657_seed.dataconnected          23  0.33125715807444694       0.76408755842623444        7.6189146357122794        17.574013843803392       0.41266446043136168        9.4912825899213189        46.477344697302257        18.528255849758089               50           4
 ../658_seed.dataconnected         117  0.32731486788197295       0.71487649500679173        38.295839542190834        83.640549915794637       0.38315377407740686        44.828991567056605        167.59521314279752        164.87813134381341              146           3
 ../659_seed.dataconnected          46  0.31058561743505919       0.68528443569197228        14.286938402012723        31.523084041830725       0.34911494523569625        16.059287480842027        77.220430227609327        48.847332668039620               74           6
 ../660_seed.dataconnected          78  0.28151015380023336       0.62422767489402609        21.957791996418202        48.689758641734038       0.32535757680090743        25.377890990470778        94.729053589339983        71.649030289146395              101           2
 ../661_seed.dataconnected          73  0.37909080695036285       0.82294519165066127        27.673628907376489        60.074998990498273       0.40858386734084945        29.826622315882009        85.416215703995405        59.956558205826532               96           3
 ../662_seed.dataconnected         114  0.32448825622980365       0.70323554322783288        36.991661210197613        80.168851927972952       0.36406331293277028        41.503217674335815        145.10652245959741        126.65379734138611              154          13
 ../663_seed.dataconnected          56  0.38003557656869064       0.82523991388275453        21.281992287846677        46.213435177434256       0.43178337710504433        24.179869117882482        71.847959997285614        45.516807038092864              113          11
 ../664_seed.dataconnected         132  0.36721130360548493       0.79031111543110588        48.471892075924011        104.32106723690598       0.40841494489793767        53.910772726527775        128.04229720290095        117.47898077228342              168          17
 ../665_seed.dataconnected          44  0.36887968591696624       0.81125747895352673        16.230706180346516        35.695329073955179       0.43235108878572265        19.023447906571796        62.697233723887045        35.911336753084576               83          16
 ../666_seed.dataconnected          76  0.35207693203927204       0.76890211221522053        26.757846834984676        58.436560528356758       0.39443891743908288        29.977357725370300        95.084139071790958        71.121860413253216              137          17
 ../667_seed.dataconnected         100  0.33953989984956490       0.73145435370055911        33.953989984956493        73.145435370055907       0.38357672416823052        38.357672416823050        143.19524858041842        136.38799816950811              129           3
 ../668_seed.dataconnected          87  0.39163929673275566       0.82738363419588412        34.072618815749742        71.982376175041921       0.43585349294191023        37.919253885946191        108.43954406368582        85.607435399238952              137          18
 ../669_seed.dataconnected          83  0.37065122674728385       0.79150793050566637        30.764051820024559        65.695158231970311       0.40343553036865132        33.485149020598058        101.16089292773636        75.664955897382882              124           8
 ../670_seed.dataconnected         120  0.35577448043154436       0.76102264594898461        42.692937651785321        91.322717513878160       0.40656311181407473        48.787573417688968        128.94866717802509        110.72653184499758              138           3
 ../671_seed.dataconnected         105  0.34919494774268456       0.76323153489770956        36.665469512981879        80.139311164259510       0.41635243286267576        43.717005450580956        143.46356678339737        121.17769122493324              128           6
 ../672_seed.dataconnected          84  0.32204088504226513       0.72432213264753953        27.051434343550270        60.843059142393322       0.34493327788206019        28.974395342093054        112.76553853109820        84.319905764058888              132          11
 ../673_seed.dataconnected          57  0.36381007939974619       0.77312184097376646        20.737174525785534        44.067944935504691       0.39600037614544731        22.572021440290495        77.655833900536422        50.434070192211991               95           6
 ../674_seed.dataconnected         116  0.37579976167530066       0.80409534048985365        43.592772354334876        93.275059496823019       0.40658535928858869        47.163901677476289        129.40014278670296        115.01394692330128              156           9
 ../675_seed.dataconnected          48  0.33210041837795906       0.73294346730883353        15.940820082142036        35.181286430824009       0.37917680420455518        18.200486601818650        72.731268066786555        44.768350657947352               86           8
 ../676_seed.dataconnected          40  0.34448252092033144       0.76458456263892782        13.779300836813258        30.583382505557111       0.43222593341090232        17.289037336436092        47.217899351739867        24.520842192459384               76           7
 ../677_seed.dataconnected         121  0.38537981928587894       0.79821547932047854        46.630958133591349        96.584072997777909       0.42498089553586682        51.422688359839889        118.11477394879658        106.77014810791815              135           2
 ../678_seed.dataconnected          72  0.34024349093527134       0.75892799469719496        24.497531347339535        54.642815618198036       0.38026080232873644        27.378777767669025        87.599411154711746        62.304056093174943              104           4
 ../679_seed.dataconnected          75  0.30694441896667252       0.65808003345007149        23.020831422500439        49.356002508755360       0.35424059672490238        26.568044754367680        115.94407735106914        82.397214490890576              130          10
 ../680_seed.dataconnected          63  0.36373463774156006       0.80082510858343869        22.915282177718282        50.451981840756638       0.40502290589070161        25.516443071114203        75.069445973866820        51.067638369482999               93           3
 ../681_seed.dataconnected          45  0.39024296973820782       0.81566606278043574        17.560933638219353        36.704972825119611       0.47364198269856100        21.313889221435247        63.149498512093416        34.835966625084232               99          11
 ../682_seed.dataconnected          95  0.35517086157556066       0.77611581999684975        33.741231849678265        73.731002899700727       0.38844733880273380        36.902497186259708        114.20713113129491        91.204612703119238              132           6
 ../683_seed.dataconnected          84  0.33172722503024477       0.73347731792962334        27.865086902540561        61.612094706088364       0.36081934087605744        30.308824633588824        97.878472986784999        77.868115024756577              127           6
 ../684_seed.dataconnected          58  0.30865972497624039       0.67495330918392737        17.902264048621944        39.147291932667791       0.37773291563816530        21.908509107013586        103.44534947479951        78.017589605197472               87           6
 ../685_seed.dataconnected          97  0.31820107003089210       0.69198929167839740        30.865503792996535        67.122961292804547       0.35662840828270131        34.592955603422027        128.79047931177502        106.43554092578074              121           6
 ../686_seed.dataconnected          57  0.37806006402245024       0.81450645866142835        21.549423649279664        46.426868143701412       0.41696856286302569        23.767208083192465        87.217069738549185        56.903880054391394               79           3
 ../687_seed.dataconnected          55  0.35277524899966450       0.76833961688646635        19.402638694981547        42.258678928755650       0.39526434153920159        21.739538784656087        77.142076055122899        49.860881699101121              101           6
 ../688_seed.dataconnected         104  0.33991719792569081       0.72024357935450878        35.351388584271845        74.905332252868916       0.38109067816403064        39.633430529059183        118.36804438456663        96.235245652055426              145          12
 ../689_seed.dataconnected          33  0.38351690702989777       0.82479884680217253        12.656057931986627        27.218361944471692       0.42708198503996786        14.093705506318939        43.677751873356364        17.301227579610845               70           8
 ../690_seed.dataconnected          58  0.37989658393094633       0.81940357936121133        22.034001867994888        47.525407602950260       0.41699482549262312        24.185699878572141        75.042569463355946        45.536300487617801              116          16
 ../691_seed.dataconnected          73  0.36536653347383391       0.79265839897657520        26.671756943589877        57.864063125289988       0.40768328227849010        29.760879606329777        92.881481144451655        63.484846494578868              100           6
 ../692_seed.dataconnected          59  0.33270732763379762       0.72983529351226684        19.629732330394059        43.060282317223745       0.41014021871023892        24.198272903904098        117.62916703720268        89.149959659791364              103           7
 ../693_seed.dataconnected         109  0.38305265541943018       0.82343067882631948        41.752739440717889        89.753943992068827       0.40894781345844256        44.575311666970237        109.10660291567845        91.548746835911942              135           8
 ../694_seed.dataconnected          63  0.31990355782044211       0.70878740373193094        20.153924142687853        44.653606435111648       0.37169974846614756        23.417084153367295        80.006763547785980        55.061475440744310               98           7
 ../695_seed.dataconnected          64  0.33404275848154852       0.74108467993375771        21.378736542819105        47.429419515760493       0.38054831239123771        24.355091993039213        100.59864407506788        69.628216027663512              120          13
 ../696_seed.dataconnected          77  0.33944867607522355       0.74677231852991044        26.137548057792213        57.501468526803102       0.39331091003732110        30.284940072873724        103.38588263365746        80.486392967050961              136          10
 ../697_seed.dataconnected          71  0.35562547776706821       0.79160298321101552        25.249408921461843        56.203811807982099       0.37221959742151040        26.427591416927239        94.503234709937118        67.325103223684209              108          12
 ../698_seed.dataconnected          54  0.36435900427220841       0.77507762433391147        19.675386230699253        41.854191714031217       0.42340859069686360        22.864063897630633        75.302938776789944        43.950685531899921              110           9
 ../699_seed.dataconnected          69  0.27222511844605718       0.62031646655136374        18.783533172777947        42.801836192044100       0.32816517745849594        22.643397244636219        123.51928680903050        89.319927660512022              112          12
 ../700_seed.dataconnected          86  0.29988617976946519       0.68951228808979392        25.790211460174007        59.298056775722280       0.32763277534191709        28.176418679404868        147.98350784163850        135.73379437513594              113           4
 ../701_seed.dataconnected          62  0.34823679180694422       0.78174701938862989        21.590681092030543        48.468315202095056       0.37494123166465637        23.246356363208694        75.701801077718073        49.217371126863938              122          17
 ../702_seed.dataconnected          83  0.37398118208593362       0.80423920879841038        31.040438113132492        66.751854330268060       0.43455706484478268        36.068236382116964        95.289599453562587        71.485762613257961              111           5
 ../703_seed.dataconnected          87  0.33424809867579230       0.73032585017444751        29.079584584793931        63.538348965176937       0.36920097914695965        32.120485185785491        92.863132659365050        68.416365964474963              105           4
 ../704_seed.dataconnected          59  0.34750440424910983       0.77782552738556610        20.502759850697480        45.891706115748399       0.39487216665003982        23.297457832352350        74.805252694576623        47.022990200618992              113          11
 ../705_seed.dataconnected         113  0.34855439813903760       0.75739751056584725        39.386646989711252        85.585918693940741       0.39775084324281906        44.945845286438555        132.54983637748742        112.87583751527147              172          20
 ../706_seed.dataconnected          91  0.36042958614463350       0.79598573741870537        32.799092339161646        72.434702105102190       0.39036757964460189        35.523449747658773        108.52201697806829        87.389358553647185              112           6
 ../707_seed.dataconnected          65  0.36228331331608316       0.78360668487045004        23.548415365545406        50.934434516579252       0.42214314921557239        27.439304699012204        73.688368613553095        47.991749572338954               95           5
 ../708_seed.dataconnected          66  0.39452209840094798       0.82495617589460546        26.038458494462567        54.447107609043961       0.45425802076957428        29.981029370791902        80.604505539984501        56.175737890738624               93           5
 ../709_seed.dataconnected          74  0.34934346827124801       0.77585936381353493        25.851416652072352        57.413592922201587       0.40152451699582820        29.712814257691285        114.92001462925317        79.157519251801673              102           4
 ../710_seed.dataconnected          73  0.34618975075012098       0.76590277792617123        25.271851804758832        55.910902788610500       0.38506972071157280        28.110089611944815        104.01135493051375        75.664791626738804               82           1
 ../711_seed.dataconnected         125  0.32957959403128462       0.71681250428981536        41.197449253910577        89.601563036226921       0.37172602683265765        46.465753354082210        139.03685438746621        125.08072553907940              141           3
 ../712_seed.dataconnected          71  0.30303549056458673       0.67718427066430087        21.515519830085658        48.080083217165360       0.32942399793979682        23.389103853725572        95.773053144071156        64.737886525527102              109           4
 ../713_seed.dataconnected          93  0.35398054691051078       0.75123259094751049        32.920190862677501        69.864630958118482       0.40026657903496504        37.224791850251748        109.49248376368456        91.821942889683413              138           7
 ../714_seed.dataconnected          53  0.29886411382314371       0.63912508294241255        15.839798032626616        33.873629395947866       0.34542634801688754        18.307596444895040        82.228446336124748        51.238446014030949               88          13
 ../715_seed.dataconnected         114  0.39063793355251586       0.84155134091896178        44.532724424986810        95.936852864761647       0.43044557141904216        49.070795141770809        115.67208418398839        100.12463393919182              146           7
 ../716_seed.dataconnected         123  0.41264727072760238       0.85543583674004431        50.755614299495093        105.21860791902544       0.44968562802576306        55.311332247168856        121.59481405501916        103.46808724169169              165           6
 ../717_seed.dataconnected          51  0.34695203748303693       0.77877046170190201        17.694553911634884        39.717293546797002       0.37365543841803911        19.056427359319994        70.979031123637583        43.211062439915160               93           9
 ../718_seed.dataconnected          63  0.35357715079956137       0.79531406246376446        22.275360500372365        50.104785935217159       0.39930878621430704        25.156453531501345        90.165233993852993        62.646976481376228               92           6
 ../719_seed.dataconnected          63  0.35890633885793155       0.79498285155782522        22.611099348049688        50.083919648142988       0.39706821756690486        25.015297706715007        75.540116229770391        50.828261053519178               91           7
 ../720_seed.dataconnected          68  0.29384472243796628       0.67858194142420181        19.981441125781707        46.143572016845724       0.33295998152358153        22.641278743603543        83.647780444240851        57.362616281011157               95           4
 ../721_seed.dataconnected          81  0.34232255118946980       0.74315220619113864        27.728126646347054        60.195328701482232       0.37587789267462118        30.446109306644317        108.54961387622478        85.371094148861744              126           6
 ../722_seed.dataconnected          79  0.31939813734918526       0.69023544080410359        25.232452850585634        54.528599823524182       0.36485187867294522        28.823298415162672        112.48316640423997        85.593774968375584              120           8
 ../723_seed.dataconnected          40  0.37430020288198745       0.80361908374569124        14.972008115279499        32.144763349827649       0.40139564049434362        16.055825619773746        47.259986111285471        25.107869276089854              102           8
 ../724_seed.dataconnected          16  0.30905696353471807       0.72324816660918900        4.9449114165554890        11.571970665747024       0.41800698592370356        6.6881117747792569        27.053181503153088        8.3290802244986111               75          13
 ../725_seed.dataconnected          87  0.32946126949389815       0.71541861358717496        28.663130445969138        62.241419382084224       0.39136065150859889        34.048376681248101        128.03697033054837        103.87629268888170              123           5
 ../726_seed.dataconnected          57  0.35490909900305995       0.77492763674675669        20.229818643174418        44.170875294565128       0.38546872097494933        21.971717095572110        78.364074886192725        49.845106293993631              105          11
 ../727_seed.dataconnected         132  0.37854965407283153       0.81125149672085917        49.968554337613760        107.08519756715341       0.41757697824923246        55.120161128898687        129.34664453027733        121.87217108969840              152           2
 ../728_seed.dataconnected          59  0.37351702786391816       0.80002091041838563        22.037504643971172        47.201233714684754       0.41518875509788888        24.496136550775443        66.541070354137759        41.358255043895731               88           6
 ../729_seed.dataconnected          73  0.34252135209541346       0.76510784341892912        25.004058702965182        55.852872569581827       0.37831363233714899        27.616895160611875        90.379984014198243        63.393350516493499              103           7
 ../730_seed.dataconnected          64  0.35185065347397909       0.75740105275205238        22.518441822334662        48.473667376131353       0.38846476994416329        24.861745276426451        79.171485202031093        52.549187241356918              121          16
 ../731_seed.dataconnected          29  0.37526864957184430       0.80774296599807605        10.882790837583485        23.424546013944205       0.43368576780133627        12.576887266238751        37.625420976760950        16.928378916939156               59          14
 ../732_seed.dataconnected          54  0.32229497742882185       0.73125895880489600        17.403928781156381        39.487983775464386       0.33749392027040714        18.224671694601987        66.778642230821575        38.064231022900181               86           6
 ../733_seed.dataconnected          79  0.37169959946754633       0.80042660197564830        29.364268357936158        63.233701556076213       0.41026115227118409        32.410631029423541        98.577558984812569        71.303232952708569              111           9
 ../734_seed.dataconnected          83  0.36712254916136011       0.81219310658294508        30.471171580392891        67.412027846384447       0.40468483850234771        33.588841595694859        113.26024744656455        88.605154236275112              119           4
 ../735_seed.dataconnected          70  0.38501741151058855       0.81619952193609147        26.951218805741199        57.133966535526405       0.42199933140505280        29.539953198353697        75.595895328390327        50.449179158762405               97           3
 ../736_seed.dataconnected          45  0.35956746301740578       0.80940155051863338        16.180535835783260        36.423069773338504       0.38816318659729931        17.467343396878469        56.993685244854760        31.795008440953694               86           9
 ../737_seed.dataconnected          52  0.37037902449847337       0.80059820496173872        19.259709273920617        41.631106658010417       0.41684679998463753        21.676033599201151        76.952108290549916        47.598185955025663               73           2
 ../738_seed.dataconnected          78  0.37871394983162221       0.81775158235592837        29.539688086866533        63.784623423762412       0.43080555237384427        33.602833085159851        91.127088162105295        68.165569818924027              105           4
 ../739_seed.dataconnected          79  0.38752143681357032       0.82396252299743344        30.614193508272056        65.093039316797245       0.44357928304783972        35.042763360779340        80.973078012558801        60.134941950610035               91           4
 ../740_seed.dataconnected         121  0.40097840653273981       0.84209810049951761        48.518387190461517        101.89387016044164       0.43850689645637764        53.059334471221696        113.42670306727328        98.387437757701463              159           6
 ../741_seed.dataconnected          63  0.33842674086543240       0.74105102731290540        21.320884674522240        46.686214720713039       0.38495691455604164        24.252285617030623        70.061591638204860        45.801153417675700               83           5
 ../742_seed.dataconnected          81  0.31430083445038637       0.71059132554071025        25.458367590481295        57.557897368797533       0.35298335809863579        28.591652005989499        107.97475637211511        80.566147779627698              106           4
 ../743_seed.dataconnected          94  0.35395540566262546       0.76886224684914151        33.271808132286793        72.273051203819307       0.39768838124541833        37.382707837069326        124.16964972640923        106.22161302104131              136           3
 ../744_seed.dataconnected          77  0.30822738058336213       0.67155271316646448        23.733508304918885        51.709558913817766       0.36548510197578626        28.142352852135541        120.15042492312176        87.963265424474372              122           7
 ../745_seed.dataconnected          85  0.39220778471728052       0.84223886887425692        33.337661700968845        71.590303854311841       0.42994684434418601        36.545481769255808        90.559273907093129        70.065353525792474              115           4
 ../746_seed.dataconnected          77  0.30430799252942087       0.69988493713745503        23.431715424765407        53.891140159584040       0.33531850425360421        25.819524827527523        103.91306570451168        77.356667598536859              108           9
 ../747_seed.dataconnected          75  0.34693941947802420       0.74984203897994972        26.020456460851815        56.238152923496230       0.39979316805933829        29.984487604450372        94.181427351066148        74.449656069479005              124           6
 ../748_seed.dataconnected          98  0.33423432730879110       0.71924152126200891        32.754964076261530        70.485669083676868       0.37236145386175890        36.491422478452371        116.45544027101037        99.570599997967207              121           3
 ../749_seed.dataconnected          53  0.34345811666316378       0.78104017492455102        18.203280183147680        41.395129271001203       0.39131314514198096        20.739596692524991        76.715312975807350        49.729981682692532              107          29
 ../750_seed.dataconnected          63  0.31935871872441135       0.71882677418348806        20.119599279637914        45.286086773559745       0.33978165403377331        21.406244204127717        77.347136866923066        48.839928719671747              113           6
 ../751_seed.dataconnected          93  0.32256717091728843       0.71794312176077291        29.998746895307825        66.768710323751876       0.37243399021750062        34.636361090227560        121.12152565702816        96.816246833910284              125           8
 ../752_seed.dataconnected          76  0.34763474368476310       0.75413681741124516        26.420240520041997        57.314398123254634       0.40215071807440056        30.563454573654443        96.631193308719702        72.506086980811062               94           2
 ../753_seed.dataconnected          55  0.37484952059852639       0.83233633239572735        20.616723632918951        45.778498281765003       0.41837035610963103        23.010369586029707        65.943721553499543        38.813051599320140               84          12
 ../754_seed.dataconnected          81  0.33997533626161802       0.74787096040811796        27.538002237191058        60.577547793057555       0.37287639521589533        30.202988012487523        96.006589257660991        69.913560751621986              107           3
 ../755_seed.dataconnected          93  0.35351585509908240       0.78091572873881332        32.876974524214660        72.625162772709643       0.38543821477900708        35.845753974447661        114.14339016997796        90.962295024097244              141          11
 ../756_seed.dataconnected          93  0.35646391306288028       0.77397002020392525        33.151143914847864        71.979211878965046       0.39942807507012329        37.146810981521469        136.55152902099897        113.09578003191346              133           9
 ../757_seed.dataconnected         141  0.38281782862243113       0.81760028753678993        53.977313835762793        115.28164054268738       0.41821286636007138        58.968014156770067        130.02814352892494        124.31348028447734              186          10
 ../758_seed.dataconnected         124  0.33932581073612705       0.74992334100835623        42.076400531279752        92.990494285036178       0.37256270189682378        46.197775035206149        132.82094839705053        113.72879306645920              164           7
 ../759_seed.dataconnected          29  0.36726872145391026       0.78553783122281329        10.650792922163397        22.780597105461585       0.40931795132784160        11.870220588507406        37.045687891277900        16.395467787269070               69          10
 ../760_seed.dataconnected          88  0.31661899843740382       0.70191390664555942        27.862471862491535        61.768423784809229       0.37256943193693048        32.786110010449882        112.94593566235199        92.193931060889824              133           4
 ../761_seed.dataconnected          94  0.31137470390977701       0.68402455855712274        29.269222167519040        64.298308504369544       0.37463863413714077        35.216031608891235        146.93309222230170        129.00640551506851              148          13
 ../762_seed.dataconnected          56  0.33094798220868071       0.73523753193899088        18.533087003686120        41.173301788583487       0.37260118607216802        20.865666420041411        69.131311250635036        43.923310381640995              110          19
 ../763_seed.dataconnected         131  0.33300494401740011       0.72182916647644269        43.623647666279410        94.559620808413996       0.37908275067537073        49.659840338473565        163.64550798974594        142.54962248635374              173           7
 ../764_seed.dataconnected          52  0.38513756570843055       0.81437817442283811        20.027153416838388        42.347665069987585       0.43685040079114951        22.716220841139773        70.965345014664933        44.328054098295809              103           7
 ../765_seed.dataconnected          48  0.27050405027689595       0.61718732521508302        12.984194413291005        29.624991610323985       0.30712256713253600        14.741883222361729        102.36418069172470        58.433581874719209               80           6
 ../766_seed.dataconnected          57  0.37350173114711721       0.81062500230588974        21.289598675385680        46.205625131435717       0.40699719919880673        23.198840354331985        71.369927052144845        45.527590407185734              115          10
 ../767_seed.dataconnected         131  0.36682968449001080       0.80066688968100452        48.054688668191417        104.88736254821160       0.40282357663612300        52.769888539332115        142.64220522515478        132.55432151401843              178           9
 ../768_seed.dataconnected          81  0.34257834723404895       0.73863994206563677        27.748846125957964        59.829835307316579       0.39459671956947856        31.962334285127763        103.57559906184891        79.304883046322374              115           5
 ../769_seed.dataconnected          53  0.33547128636234774       0.74759476207176800        17.779978177204431        39.622522389803706       0.40327137913062855        21.373383093923312        77.367862807054294        48.762836660935086               90           4
 ../770_seed.dataconnected         113  0.32662882286656608       0.73553286981377630        36.909056983921964        83.115214288956722       0.35197885180801225        39.773610254305382        142.12130536693996        134.90241006234302              159           4
 ../771_seed.dataconnected         100  0.41049550403057727       0.84194038428702445        41.049550403057729        84.194038428702441       0.45896878340411124        45.896878340411121        107.01435102783020        88.452061207817920              136           9
 ../772_seed.dataconnected          33  0.41081167714970435       0.86921710620205561        13.556785345940243        28.684164504667834       0.45830616140790376        15.124103326460824        47.152806109871570        23.066407577178015               80           6
 ../773_seed.dataconnected          58  0.34045216069834561       0.73059892599971155        19.746225320504045        42.374737707983272       0.39810090241420765        23.089852340024045        80.896388970907722        50.917276789887268              107          13
 ../774_seed.dataconnected          83  0.28433082298065621       0.64398475584010739        23.599458307394464        53.450734734728911       0.32285795098822484        26.797209932022660        132.81029897334238        104.90006553422418              147          12
 ../775_seed.dataconnected          98  0.32514147803109461       0.71579810841984770        31.863864847047271        70.148214625145073       0.38441317248801576        37.672490903825548        126.98731892585178        110.04541283533624              120           4
 ../776_seed.dataconnected          79  0.29756831992432581       0.65568051692275708        23.507897274021740        51.798760836897813       0.32307179927153551        25.522672142451306        107.26987484695520        84.277081679408937              111           3
 ../777_seed.dataconnected          85  0.36140399193979023       0.80682411884183125        30.719339314882170        68.580050101555656       0.39372105068441743        33.466289308175483        96.114412344647164        73.960839707321426              114           6
 ../778_seed.dataconnected         118  0.28035708833597989       0.63435989002393001        33.082136423645629        74.854467022823741       0.31395569098959963        37.046771536772759        186.73152349351636        179.28244578151114              142           5
 ../779_seed.dataconnected          32  0.34645813442187418       0.78312932275645852        11.086660301499974        25.060138328206673       0.39920073109412468        12.774423395011990        47.903391157114484        22.618890672764792               78           5
 ../780_seed.dataconnected         100  0.36010338297117217       0.76832867258784276        36.010338297117215        76.832867258784276       0.39587562848216806        39.587562848216805        123.04179210880058        106.15825291932663              130           4
 ../781_seed.dataconnected          89  0.40058693530440059       0.85381648814934130        35.652237242091651        75.989667445291374       0.43559718477575921        38.768149445042567        89.731791511482854        64.766555572427208              122           5
 ../782_seed.dataconnected          57  0.33288404683756678       0.72663125796775696        18.974390669741307        41.417981704162145       0.36449658836263815        20.776305536670375        73.163106891464864        46.638252198652218               85           4
 ../783_seed.dataconnected         108  0.39840214940542362       0.83732139287991714        43.027432135785752        90.430710431031045       0.44812903532970327        48.397935815607951        110.29367600827310        89.885529505264188              149          10
 ../784_seed.dataconnected          36  0.39848180085466134       0.82402062488956196        14.345344830767807        29.664742496024232       0.43927351572856810        15.813846566228452        46.730828338591117        22.936167535217791               87           7
 ../785_seed.dataconnected          91  0.36952341774272279       0.80333882592522898        33.626631014587772        73.103833159195844       0.41868874718846422        38.100675994150244        109.36446637107908        86.367038844765531              126           7
 ../786_seed.dataconnected         101  0.36365004699144265       0.80586851603522514        36.728654746135710        81.392720119557737       0.39130166334246153        39.521467997588616        100.46937707098790        83.194616706692159              146          15
 ../787_seed.dataconnected          45  0.32261037068099868       0.72490160715417440        14.517466680644940        32.620572321937850       0.34220530965800972        15.399238934610437        88.350721948573309        54.940765680256945               87           7
 ../788_seed.dataconnected         102  0.37683020561892655       0.80637169680179277        38.436680973130507        82.249913073782864       0.41886955334547143        42.724694441238086        124.10096758040176        97.487528051101975              121           3
 ../789_seed.dataconnected          60  0.31192071293160706       0.71374180439652302        18.715242775896424        42.824508263791380       0.35649847446828875        21.389908468097325        84.952730334453832        58.651160720906468              110          13
 ../790_seed.dataconnected          53  0.35430825845103164       0.74766855115062392        18.778337697904679        39.626433210983066       0.40020921818255456        21.211088563675393        72.229919287703666        45.602535464304751               88           5
 ../791_seed.dataconnected          66  0.39609142353791843       0.84965058288507878        26.142033953502615        56.076938470415200       0.42544852873190991        28.079602896306053        76.722809243163795        51.247494869842896              102           4
 ../792_seed.dataconnected          54  0.29479699263531861       0.64528181039263299        15.919037602307204        34.845217761202179       0.32864266614545296        17.746703971854458        84.273526196471366        54.331733519958618              122          18
 ../793_seed.dataconnected          90  0.36470530238793736       0.77637471262884583        32.823477214914362        69.873724136596124       0.41113031739545280        37.001728565590753        105.17108026307315        79.725084509036506              127           5
 ../794_seed.dataconnected           7  0.32992387578086457       0.71825479557829208        2.3094671304660519        5.0277835690480446       0.50221332561819998        3.5154932793273996        6.5687570410948792       0.71500443260821556               62           6
 ../795_seed.dataconnected         106  0.37394078731841379       0.80888944822686781        39.637723455751861        85.742281512047981       0.40467174385756360        42.895204848901741        125.95308119674081        109.22509362910887              124           4
 ../796_seed.dataconnected          35  0.36458767785299595       0.80320232394667912        12.760568724854858        28.112081338133770       0.43442401447533957        15.204840506636884        48.991100274746778        22.558113384103201               89          12
 ../797_seed.dataconnected          64  0.38458539514034823       0.83767602559005205        24.613465288982287        53.611265637763331       0.43178582333706472        27.634292693572142        75.421723209436166        47.482578693654190              122          15
 ../798_seed.dataconnected          44  0.38221026811201608       0.82713809141782790        16.817251796928709        36.394076022384425       0.43355934487156012        19.076611174348646        51.264662192823316        26.685242778381046               99          11
 ../799_seed.dataconnected          71  0.38513375689204915       0.82795872376644630        27.344496739335490        58.785069387417686       0.41965661313778763        29.795619532782922        86.085125567389255        60.040701169423862               96           2
 ../800_seed.dataconnected         103  0.39276336559019442       0.81847964850218824        40.454626655790022        84.303403795725387       0.43853852618263273        45.169468196811174        108.11233985791493        86.953748288735767              133           5
 ../801_seed.dataconnected          68  0.32877219975303396       0.72201527555095035        22.356509583206311        49.097038737464622       0.38797916089306378        26.382582940728337        120.12187370228320        90.295918245410675              111           5
 ../802_seed.dataconnected          84  0.37774507084016462       0.80246615381147657        31.730585950573829        67.407156920164027       0.42581538522137757        35.768492358595715        104.37332901842521        82.988125946181199              122           8
 ../803_seed.dataconnected          89  0.31383310121070296       0.70087064690413792        27.931146007752563        62.377487574468276       0.36435704245307760        32.427776778323903        118.45906184127675        90.633148691137905              138           6
 ../804_seed.dataconnected          58  0.35644515469500870       0.79541285507224102        20.673818972310507        46.133945594189981       0.41940446220567179        24.325458807928964        76.461596962941115        51.375969084709077              112          17
 ../805_seed.dataconnected          14  0.35936112394125869       0.85369664922197919        5.0310557351776213        11.951753089107708       0.45594622057170558        6.3832470880038779        15.902242319724676        3.6396099871081673               57           4
 ../806_seed.dataconnected          59  0.37889780387266853       0.82324698112869210        22.354970428487444        48.571571886592835       0.43696160845076243        25.780734898594982        68.939232007257090        42.876073209724339               89           9
 ../807_seed.dataconnected          35  0.34567388435236562       0.77343193586041004        12.098585952332797        27.070117755114353       0.40171527147460090        14.060034501611032        51.774541336302491        25.470327814076722               71           7
 ../808_seed.dataconnected          68  0.26934009128449926       0.60953594213236573        18.315126207345951        41.448444065000871       0.32421195006618686        22.046412604500706        127.55802672513239        95.582120681924977               99           3
 ../809_seed.dataconnected          58  0.33843129519358101       0.74264823150408610        19.629015121227699        43.073597427236990       0.40277640983513258        23.361031770437691        76.228840167338589        47.412156394555126              124          22
 ../810_seed.dataconnected         101  0.37970768787955095       0.79820066331425099        38.350476475834647        80.618266994739344       0.42685752582108449        43.112610107929534        112.32380783587736        90.983387580038283              140           5
 ../811_seed.dataconnected         109  0.38367430171292011       0.81060725237865194        41.820498886708293        88.356190509273063       0.43039207378166322        46.912736042201288        127.56429902425769        114.97659317245402              137           5
 ../812_seed.dataconnected          45  0.34178779799130815       0.76360708135389543        15.380450909608866        34.362318660925297       0.38919045269963726        17.513570371483677        61.641931019128961        33.745428571407452              101          12
 ../813_seed.dataconnected         105  0.33100169606937208       0.70761879620527224        34.755178087284065        74.299973601553589       0.38419242018623090        40.340204119554244        153.67746694998650        134.50337798565997              141           5
 ../814_seed.dataconnected          45  0.30020600537962217       0.68057172131999244        13.509270242082998        30.625727459399659       0.36166911101931865        16.275109995869339        76.515372365101172        46.210597881861887              106          22
 ../815_seed.dataconnected          63  0.39802420034343083       0.83576784572486185        25.075524621636141        52.653374280666299       0.44015079954600406        27.729500371398256        68.973962228163415        42.094791325948940               91           8
 ../816_seed.dataconnected          32  0.31443685689130185       0.66770756587270907        10.061979420521659        21.366642107926690       0.36604710123760914        11.713507239603492        62.225200766564846        34.814674882812248               86           9
 ../817_seed.dataconnected          83  0.33607717766282269       0.73989877036234342        27.894405746014282        61.411597940074500       0.36687235521962702        30.450405483229044        100.81762283050853        78.325929511352584              121           6
 ../818_seed.dataconnected          80  0.38390433971989069       0.82897503576296272        30.712347177591255        66.318002861037016       0.42780552016926071        34.224441613540854        100.06899556551264        76.278193444654860              134           8
 ../819_seed.dataconnected         104  0.34647376789961709       0.74142211404736369        36.033271861560181        77.107899860925826       0.36954536568874163        38.432718031629129        129.02411434785449        112.52391768442122              133           4
 ../820_seed.dataconnected          57  0.34945131415067482       0.74802443941309460        19.918724906588466        42.637393046546393       0.36911406499249727        21.039501704572345        101.18052683159267        71.284760929582461              105           6
 ../821_seed.dataconnected          67  0.35407482162970211       0.75652177612076854        23.723013049190040        50.686959000091491       0.39376843414229290        26.382485087533624        97.482057880693148        68.059190917904516              109           7
 ../822_seed.dataconnected          69  0.34655024087455522       0.76098821817675277        23.911966620344309        52.508187054195943       0.38813705726836151        26.781456951516944        118.40910914986613        88.086843886475677              113           5
 ../823_seed.dataconnected          51  0.35713179649726812       0.77148900364601691        18.213721621360673        39.345939185946861       0.42105629988419685        21.473871294094039        68.046407144241115        42.486485835818947               88           6
 ../824_seed.dataconnected          77  0.32545850232661161       0.71738376960307138        25.060304679149095        55.238550259436494       0.37349838756472248        28.759375842483632        90.558908968486747        63.372780955517214               97           5
 ../825_seed.dataconnected          52  0.31484762698081992       0.71795994074282021        16.372076603002636        37.333916918626649       0.36157213401153271        18.801750968599702        101.36878709053079        72.901238256575368               77           5
 ../826_seed.dataconnected          20  0.30801580141526330       0.69864484087137269        6.1603160283052656        13.972896817427454       0.43501118289694335        8.7002236579388672        37.115690647351542        14.102963592288935               47           7
 ../827_seed.dataconnected          67  0.37369841721047570       0.80979972481042994        25.037793953101872        54.256581562298805       0.40546307897468131        27.166026291303648        73.969139146248352        48.834674302691361              102           5
 ../828_seed.dataconnected          83  0.32745125594124797       0.73615599820195865        27.178454243123582        61.100947850762566       0.36093900545066931        29.957937452405552        107.32837317074676        84.030063008899688              117           3
 ../829_seed.dataconnected          49  0.37937075647829632       0.83455894142754294        18.589167067436520        40.893388129949606       0.43767811143166424        21.446227460151547        59.777846892337237        35.961146188901630               84           8
 ../830_seed.dataconnected          77  0.35834717379732089       0.76689740737105605        27.592732382393709        59.051100367571316       0.41700035328454005        32.109027202909587        107.83508737006608        84.330725422826916              109           6
 ../831_seed.dataconnected          94  0.36200720641656431       0.81081515610262000        34.028677403157047        76.216624673646280       0.38885460105260178        36.552332498944565        103.60732184151459        80.555103164593348              130           7
 ../832_seed.dataconnected          82  0.33381412620130019       0.73103677183952498        27.372758348506615        59.945015290841049       0.38158819215554846        31.290231756754974        102.44341011013799        74.140794108576898              101           4
 ../833_seed.dataconnected          91  0.35814400915688144       0.79156648747319014        32.591104833276212        72.032550360060299       0.39288961710642628        35.752955156684791        94.210100255151772        68.261726444829591              123           9
 ../834_seed.dataconnected         102  0.38398278086694415       0.79974842135497759        39.166243648428306        81.574338978207720       0.41600759003822319        42.432774183898765        107.01169861330210        84.830007243645198              132           5
 ../835_seed.dataconnected         100  0.33294602784767013       0.72947228832917621        33.294602784767015        72.947228832917617       0.36357943760785305        36.357943760785304        124.20414667489219        103.51596983520990              126           3
 ../836_seed.dataconnected          76  0.33358375275171165       0.72083300716489096        25.352365209130085        54.783308544531714       0.37876271192908334        28.785966106610335        93.573722184006897        72.426126617856525              113          14
 ../837_seed.dataconnected          80  0.34214870285973992       0.75393500063414820        27.371896228779192        60.314800050731854       0.37796908882529751        30.237527106023801        109.99876437442209        85.889562208199138              121           6
 ../838_seed.dataconnected          52  0.35817772549221544       0.78201350368993205        18.625241725595203        40.664702191876465       0.40824056736024622        21.228509502732802        67.931575735896644        41.432293013718919               93          12
 ../839_seed.dataconnected          71  0.37065288357842763       0.78175462003512131        26.316354734068362        55.504578022493611       0.41722914971798936        29.623269629977244        102.77189204977057        73.436168570933717               92           5
 ../840_seed.dataconnected         107  0.37536337024922078       0.80639929044429759        40.163880616666624        86.284724077539849       0.41591088946733634        44.502465173004985        126.31039193001780        109.40221976283081              152           8
 ../841_seed.dataconnected          18  0.33431411871109223       0.78960967470439847        6.0176541367996599        14.212974144679173       0.38191825416245861        6.8745285749242555        26.223563741310777        7.8723663972899516               60           9
 ../842_seed.dataconnected         102  0.39395107293114184       0.82986394571679190        40.183009438976470        84.646122463112775       0.44650952019376428        45.543971059763955        121.95527183162693        104.09332145111057              167          15
 ../843_seed.dataconnected          46  0.30951683367397165       0.70135333243447984        14.237774349002695        32.262253291986070       0.34062892382013887        15.668930495726388        67.131997252608969        43.465628189524516               84           6
 ../844_seed.dataconnected          58  0.34448312867160963       0.75460267447342055        19.980021462953360        43.766955119458395       0.40505911348131779        23.493428581916433        90.543632724822302        60.516264834346643               83           2
 ../845_seed.dataconnected          61  0.39393123533841884       0.85189461814927747        24.029805355643550        51.965571707105923       0.44289088538403010        27.016344008425836        82.644541453878006        52.531781630231130              106           9
 ../846_seed.dataconnected          79  0.34505027279567119       0.74619277797155070        27.258971550858025        58.949229459752509       0.39153531732209912        30.931290068445829        97.805461748109821        68.912699782590323              104           4
 ../847_seed.dataconnected          72  0.33754293806735797       0.74440781350126106        24.303091540849774        53.597362572090795       0.38318897849923506        27.589606451944924        104.50966955229350        76.958364650180783              101           7
 ../848_seed.dataconnected          62  0.32244222471162448       0.74241765992278119        19.991417932120719        46.029894915212431       0.37753726876380961        23.407310663356196        71.060718389678939        47.269933616730803               85           5
 ../849_seed.dataconnected          41  0.27751504511531361       0.65285370773894680        11.378116849727858        26.767002017296818       0.33035082791224785        13.544383944402162        74.146570115187174        43.873422501266099               83           6
 ../850_seed.dataconnected         119  0.35852467383589992       0.77454537913856147        42.664436186472088        92.170900117488813       0.38376653861955667        45.668218095727241        114.55084984362739        96.665069941383095              135           3
 ../851_seed.dataconnected          81  0.35462663698237262       0.78693166592863195        28.724757595572182        63.741464940219188       0.39796251264329874        32.234963524107201        100.33089195970550        76.266769499884461              112           6
 ../852_seed.dataconnected          64  0.26315277427774231       0.58636381044049091        16.841777553775508        37.527283868191418       0.30501918139748080        19.521227609438771        91.918059403753034        65.959381728951257               88           3
 ../853_seed.dataconnected          87  0.36850414825010736       0.79878968466527644        32.059860897759343        69.494702565879052       0.40972964776461535        35.646479355521535        111.14726519619713        85.547812418560369              113           2
 ../854_seed.dataconnected          81  0.39892436854822377       0.84308123727813111        32.312873852406128        68.289580219528617       0.43766501699242505        35.450866376386429        84.975720781130832        63.289307119630692              114           7
 ../855_seed.dataconnected          87  0.36147485083514075       0.79428724761803537        31.448312022657245        69.102990542769078       0.41127139361808696        35.780611244773567        106.09418015496593        84.636143870208969              115           5
 ../856_seed.dataconnected          24  0.39254328858102894       0.80355993670415915        9.4210389259446945        19.285438480899820       0.46615816603334431        11.187795984800264        36.955338248960288        16.369970579399805               82           9
 ../857_seed.dataconnected         108  0.38867844724009770       0.83287531085433375        41.977272301930554        89.950533572268043       0.42638123114888860        46.049172964079972        121.43522653786009        103.80059279023965              124           3
 ../858_seed.dataconnected          76  0.33197990766998686       0.74336461048608238        25.230472982919000        56.495710396942258       0.36602686027901643        27.818041381205248        98.329468598652937        71.212627371358963              109           6
 ../859_seed.dataconnected          89  0.36566790889966128       0.80078929948015121        32.544443892069850        71.270247653733463       0.39650638037993541        35.289067853814252        90.727347583592248        67.083256642414256              119           6
 ../860_seed.dataconnected          58  0.39976400596896294       0.84376583111222025        23.186312346199852        48.938418204508778       0.46260442275700908        26.831056519906525        69.358263536389458        45.437089956622309               93           4
 ../861_seed.dataconnected          43  0.27963205792533913       0.65292374733740832        12.024178490789582        28.075721135508559       0.33114465111420299        14.239219997910729        77.414600144473440        49.313153576768045               87           9
 ../862_seed.dataconnected          22  0.40572719148226766       0.87421216042923355        8.9259982126098887        19.232667529443138       0.48791271554204291        10.734079741924944        27.796490025108959        10.572758250046583               74           8
 ../863_seed.dataconnected          35  0.30894982343622657       0.68580237396579402        10.813243820267930        24.003083088802789       0.38012692473443632        13.304442365705270        60.759554786545479        31.228079985721994               95          18
 ../864_seed.dataconnected         102  0.36492989714723523       0.80462617545468473        37.222849509017990        82.071869896377848       0.40083784004561995        40.885459684653235        130.18578922879931        111.32912362223745              120           4
 ../865_seed.dataconnected          19  0.34457353552631320       0.75504492509512955        6.5468971749999509        14.345853576807462       0.41938999500392782        7.9684099050746289        27.187143656216552        8.8697038938800201              106          15
 ../866_seed.dataconnected          77  0.39440536797245179       0.84073682802032013        30.369213333878790        64.736735757564645       0.42291994614332418        32.564835853035959        77.554528888949349        55.297543210688971              104           7
 ../867_seed.dataconnected          75  0.34632682917147423       0.77933908609509239        25.974512187860569        58.450431457131927       0.37909245154111210        28.431933865583407        103.16673935415886        75.404231036136409              106           4
 ../868_seed.dataconnected          77  0.34219591879099964       0.73991751571443731        26.349085746906972        56.973648710011673       0.38423392685783436        29.586012368053247        90.831707052550740        64.799222442210080              109           3
 ../869_seed.dataconnected          97  0.34563988700262743       0.77080334305285292        33.527069039254862        74.767924276126735       0.39000010042966432        37.830009741677436        120.53694847023367        100.32879549451695              139          10
 ../870_seed.dataconnected          88  0.36623085422659468       0.79099319249722500        32.228315171940331        69.607400939755806       0.40738907016451442        35.850238174477269        106.24771436407104        84.687716961147046              110           3
 ../871_seed.dataconnected          51  0.31917094832216730       0.73678600483332235        16.277718364430534        37.576086246499443       0.33732674914830973        17.203664206563797        93.275498816573261        63.971133315041371               77           5
 ../872_seed.dataconnected          33  0.30399289296740734       0.68491367207362264        10.031765467924442        22.602151178429548       0.34563814606070331        11.406058820003210        49.969539297521969        24.717907478280637               75          10
 ../873_seed.dataconnected          75  0.36772258863443735       0.80656756504342086        27.579194147582800        60.492567378256567       0.40088936287518784        30.066702215639086        95.070009846025556        69.584292358831817              112           9
 ../874_seed.dataconnected          54  0.31994278097391826       0.71592887510618319        17.276910172591585        38.660159255733895       0.38205047453491203        20.630725624885251        104.02321737737510        67.448552534322275              101          13
 ../875_seed.dataconnected         108  0.35759461048972346       0.75447136810983706        38.620217932890135        81.482907755862399       0.41020646383374271        44.302298094044211        136.22006839665133        123.24235724242335              135           4
 ../876_seed.dataconnected          50  0.25782665201633864       0.59544259454096116        12.891332600816932        29.772129727048057       0.30023115601311728        15.011557800655865        98.397819452949392        61.014944587175755              104           6
 ../877_seed.dataconnected         106  0.33253507086999573       0.73844051038052194        35.248717512219550        78.274694100335324       0.36958798837757578        39.176326768023031        120.57521395084643        105.70409268740744              140           8
 ../878_seed.dataconnected          92  0.37315444705659651       0.81602354200769456        34.330209129206878        75.074165864707894       0.40807716168163627        37.543098874710537        100.80883906672214        78.823305599078182              127           5
 ../879_seed.dataconnected         109  0.36607653350846714       0.77156102427582940        39.902342152422918        84.100151646065399       0.42362996167342992        46.175665822403865        115.12677877087049        99.314255478227707              138           4
 ../880_seed.dataconnected          61  0.28786434355466339       0.64699913394243080        17.559724956834469        39.466947170488282       0.32794999069229375        20.004949432229918        74.911072767270440        45.473885073164944               88           3
 ../881_seed.dataconnected         104  0.33255181899263253       0.73342335251670210        34.585389175233786        76.276028661737016       0.37620847764050669        39.125681674612693        136.47875572889316        123.05888408964745              159          10
 ../882_seed.dataconnected          53  0.33455949653963618       0.71074977410295492        17.731653316600717        37.669738027456610       0.39202303887559420        20.777221060406493        86.242317946998099        54.559852444309712               77           3
 ../883_seed.dataconnected          76  0.28304808177451890       0.62089449426984489        21.511654214863437        47.187981564508213       0.31284966475674325        23.776574521512487        133.64931334596866        118.54554541155910              103           7
 ../884_seed.dataconnected         137  0.36448362448309257       0.76559768684505314        49.934256554183683        104.88688309777228       0.41198512207343141        56.441961724060100        144.71272156763902        137.01594021148688              168           4
 ../885_seed.dataconnected          81  0.36063929700532166       0.78380257888298843        29.211783057431056        63.488008889522064       0.42317603311215329        34.277258682084415        107.18743449412253        81.935052831684644              112          10
 ../886_seed.dataconnected          80  0.34571792504297066       0.75518350539307177        27.657434003437654        60.414680431445746       0.39330368064955895        31.464294451964715        106.83207131222807        81.866766647949248              113          13
 ../887_seed.dataconnected          86  0.30394197480216872       0.66668229642463028        26.139009832986510        57.334677492518203       0.36698153378382725        31.560411905409143        129.51441563258578        108.39815318612962              131           4
 ../888_seed.dataconnected          10  0.33938177889874743       0.76917867902678283        3.3938177889874743        7.6917867902678285       0.43915470204205526        4.3915470204205524        12.659982137826022        2.6803318968506935               66           7
 ../889_seed.dataconnected          91  0.28331469135907966       0.63065147505836583        25.781636913676248        57.389284230311290       0.32540062396028052        29.611456780385527        137.90605212547976        120.99570079471587              106           3
 ../890_seed.dataconnected         111  0.39093384850705076       0.82450085682894192        43.393657184282638        91.519595108012552       0.42953670886528672        47.678574684046829        124.61055532984740        111.94813383524288              139           5
 ../891_seed.dataconnected          37  0.35910771392528906       0.80699472979882181        13.286985415235696        29.858805002556409       0.41367158914889368        15.305848798509066        54.206300724036552        29.836819679978884               85           7
 ../892_seed.dataconnected          24  0.37727396764271748       0.84276490693861228        9.0545752234252195        20.226357766526696       0.42782663345789751        10.267839202989540        32.032343703136853        12.119841690587695               58           5
 ../893_seed.dataconnected          73  0.36852464358570342       0.79509125609004994        26.902298981756349        58.041661694573648       0.42451826835346052        30.989833589802618        93.666390813287137        63.826147461407977               89           5
 ../894_seed.dataconnected          73  0.32752888960181376       0.74089969387264876        23.909608940932404        54.085677652703360       0.35972079680963537        26.259618167103383        141.38962046454029        106.46350081190508              116           8
 ../895_seed.dataconnected          43  0.32349359546343914       0.71402292709544746        13.910224604927883        30.702985865104239       0.35675939834066639        15.340654128648655        46.051780293371664        23.913428724572128               83           3
 ../896_seed.dataconnected          52  0.31842514419518253       0.71653634410400280        16.558107498149493        37.259889893408143       0.35138772448708144        18.272161673328235        83.268884094812407        55.749310961466591               75           4
 ../897_seed.dataconnected          35  0.37833779516504457       0.81721777446787280        13.241822830776560        28.602622106375549       0.44425012943380421        15.548754530183148        40.918884070309517        20.062812936791595               72           6
 ../898_seed.dataconnected          30  0.32633393908234160       0.70767564354237389        9.7900181724702477        21.230269306271218       0.41789420318304871        12.536826095491461        46.720310308783276        20.772569838626882              104          13
 ../899_seed.dataconnected          85  0.35629781668234023       0.76193250714626748        30.285314417998919        64.764263107432740       0.40546951957724420        34.464909164065759        115.13195601456384        90.059868209264380              110           5
 ../900_seed.dataconnected          52  0.34662086604604697       0.78315648696682438        18.024285034394442        40.724137322274871       0.39195590087757198        20.381706845633744        67.744686467422980        41.182339035531655               91          12
 ../901_seed.dataconnected          72  0.34040141629064535       0.73240873738920487        24.508901972926466        52.733429092022753       0.37825255556611054        27.234184000759960        91.645831027013756        64.573932376416565              113           8
 ../902_seed.dataconnected          45  0.29057063318936327       0.65239329598147289        13.075678493521346        29.357698319166278       0.32116298833671819        14.452334475152318        99.130134142794446        68.445910985898692               78           8
 ../903_seed.dataconnected         103  0.36219703532115316       0.78245439322678123        37.306294638078775        80.592802502358467       0.39220279477604370        40.396887861932498        111.97871429963331        89.800795180257978              132           7
 ../904_seed.dataconnected          63  0.38789542182219228       0.83934663143181298        24.437411574798112        52.878837780204215       0.43454761282962900        27.376499608266627        78.883617478887686        53.848648916396797               98          12
 ../905_seed.dataconnected         101  0.35687808743712574       0.77232927639603843        36.044686831149697        78.005256915999880       0.41954905581610269        42.374454637426375        117.63423758473270        94.955890735114394              117           2
 ../906_seed.dataconnected         127  0.35652665051107885       0.77073754183301602        45.278884614907014        97.883667812793036       0.39062879115235988        49.609856476349705        125.31982752997008        111.51283075794650              160           5
 ../907_seed.dataconnected         116  0.39607496894168959       0.84393230346522741        45.944696397235994        97.896147201966386       0.43735961480920499        50.733715317867777        130.88230981835846        120.46918432586727              151           8
 ../908_seed.dataconnected          51  0.39316446450332970       0.83661972000304119        20.051387689669816        42.667605720155102       0.41287659832816836        21.056706514736586        60.012668817453296        33.223059139948425               98          12
 ../909_seed.dataconnected          62  0.38162796999678161       0.82257639970484353        23.660934139800460        50.999736781700300       0.44664738074698918        27.692137606313327        87.816605891716762        59.452188799028512               98           6
 ../910_seed.dataconnected          86  0.36248923219819745       0.78563835005309623        31.174073969044979        67.564898104566282       0.39659490951127724        34.107162217969844        96.695703125737467        76.292157705667236              113           4
 ../911_seed.dataconnected          41  0.31188915226597341       0.69299294158855862        12.787455242904910        28.412710605130904       0.35739143081189939        14.653048663287874        72.227234150644023        44.686811094760579               95          11
 ../912_seed.dataconnected         114  0.36105942361581511       0.79161273786935782        41.160774292202923        90.243852117106798       0.38956296070156921        44.410177519978888        120.91625057939353        106.64652519862662              134           5
 ../913_seed.dataconnected         121  0.37651675929988593       0.79101107798215076        45.558527875286195        95.712340435840247       0.41741026615578486        50.506642204849967        157.79174617209736        138.93188250057366              150           7
 ../914_seed.dataconnected         133  0.35735570427960528       0.78662456274157222        47.528308669187503        104.62106684462910       0.40285172160354377        53.579278973271322        141.08192245418499        135.70494072819116              173           7
 ../915_seed.dataconnected          60  0.34106105969152245       0.79146385422447341        20.463663581491346        47.487831253468407       0.36623868245928387        21.974320947557032        88.867171353329340        59.421202021536359              100           8
 ../916_seed.dataconnected          50  0.36226615253898442       0.77282863354644327        18.113307626949222        38.641431677322160       0.41790210775086239        20.895105387543119        86.860014540736273        58.893719942818450               77           4
 ../917_seed.dataconnected          73  0.33505901884946021       0.72517996386362948        24.459308376010597        52.938137362044955       0.39092076700042783        28.537215991031232        110.84405039836892        80.265702539036923              103           7
 ../918_seed.dataconnected          85  0.36607734749915155       0.79844247377571376        31.116574537427883        67.867610270935671       0.39959452536364187        33.965534655909558        101.81370068815608        80.894469655163434              122           8
 ../919_seed.dataconnected          74  0.39590754044347592       0.85175484835623472        29.297157992817219        63.029858778361373       0.42397030439245004        31.373802525041302        74.622197036179131        52.539634703446787              112           5
 ../920_seed.dataconnected          50  0.36164767108755164       0.80498128928305668        18.082383554377582        40.249064464152831       0.42080306992985550        21.040153496492774        71.067415883518038        38.944480745721577               94          10
 ../921_seed.dataconnected          63  0.35462989560016162       0.76681833036791480        22.341683422810181        48.309554813178636       0.41302969513796112        26.020870793691550        86.823979575691155        59.335638487162676               99           4
 ../922_seed.dataconnected          69  0.39284044106583049       0.82551612288677667        27.105990433542303        56.960612479187589       0.43786507981484374        30.212690507224217        88.618227854184823        64.178606822237924               88           4
 ../923_seed.dataconnected          79  0.33203045538633358       0.70465522587041607        26.230405975520352        55.667762843762873       0.40053190204829037        31.642020261814938        139.11890758778429        123.44493854880045              107           3
 ../924_seed.dataconnected          58  0.36139749546285149       0.78350963517246897        20.961054736845387        45.443558840003199       0.43076050530487081        24.984109307682505        88.063784688844819        58.024613618263857              108          10
 ../925_seed.dataconnected          59  0.33103529419478400       0.74005743286196202        19.531082357492256        43.663388538855756       0.36949934950362162        21.800461620713676        90.848288000133181        61.564391350213377               90           6
 ../926_seed.dataconnected         105  0.36349222055957880       0.78768333684015812        38.166683158755774        82.706750368216603       0.40217657789336242        42.228540678803057        106.44339133419592        82.766716693421984              134           6
 ../927_seed.dataconnected          70  0.36110861612979001       0.78749700419208213        25.277603129085300        55.124790293445749       0.39896597667104022        27.927618366972816        98.575826376617997        66.433494218630173              108          12
 ../928_seed.dataconnected          10  0.36141488298301255       0.82146686914783096        3.6141488298301256        8.2146686914783089       0.42732242715867336        4.2732242715867335        13.588637956376973        3.0613327820879528               57           7
 ../929_seed.dataconnected          46  0.34662903765582626       0.76127505356159852        15.944935732168007        35.018652463833533       0.39753370537705635        18.286550447344592        60.765423734550339        35.853614130945587               84           9
 ../930_seed.dataconnected          83  0.32717506850191752       0.71926066268285938        27.155530685659155        59.698635002677328       0.39804732120626590        33.037927660120069        109.41601779146858        86.214727901451070              109           4
 ../931_seed.dataconnected          83  0.31386197100243834       0.71087114283738684        26.050543593202384        59.002304855503105       0.36250644060040338        30.088034569833482        117.06298414966767        93.876573842893492              112           6
 ../932_seed.dataconnected          98  0.37219054440612598       0.80946550515365845        36.474673351800348        79.327619505058522       0.40635953778823103        39.823234703246641        101.43710125444747        82.292898439096462              141           4
 ../933_seed.dataconnected         126  0.35053430199070690       0.74434174260239727        44.167322050829071        93.787059567902062       0.40004482132808555        50.405647487338783        135.56055789175448        123.68190409011146              160           5
 ../934_seed.dataconnected         115  0.34222466742995267       0.75532047572632099        39.355836754444560        86.861854708526920       0.37746539404840856        43.408520315566982        118.72526606445889        99.440526063435257              145           5
 ../935_seed.dataconnected          70  0.31367058668622749       0.70640444173078931        21.956941068035924        49.448310921155255       0.36856630196860901        25.799641137802631        123.00787763729147        93.868210766361386              104           8
 ../936_seed.dataconnected          70  0.38288010272463441       0.81907860705292268        26.801607190724408        57.335502493704588       0.41397677306330860        28.978374114431602        73.608596608832030        49.347631155473856               95           5
 ../937_seed.dataconnected          53  0.37453198929061526       0.80344253861430304        19.850195432402607        42.582454546558061       0.41215018506381923        21.843959808382419        61.585350677042399        37.384235748713401               93           7
 ../938_seed.dataconnected          74  0.34181388632948073       0.74240574181960883        25.294227588381574        54.938024894651051       0.37686000256619817        27.887640189898665        121.65354815241741        94.271188859122077              100           5
 ../939_seed.dataconnected          94  0.31976375833981946       0.67916197880987039        30.057793283943028        63.841226008127819       0.35135160230305001        33.027050616486704        106.44914303966122        84.846922715314150              116           2
 ../940_seed.dataconnected          61  0.34056256886801239       0.74433805837311995        20.774316700948756        45.404621560760319       0.38900116049523165        23.729070790209132        106.35451928343123        82.650357948034227               80           3
 ../941_seed.dataconnected          32  0.33915469134781451       0.75991380500026606        10.852950123130064        24.317241760008514       0.37839226255850128        12.108552401872041        45.760339049180921        21.168196437413663               80           4
 ../942_seed.dataconnected         113  0.29028556051647209       0.64712588085504463        32.802268338361344        73.125224536620038       0.34348280315214313        38.813556756192177        122.95010942096296        105.27790154534722              134           4
 ../943_seed.dataconnected          92  0.33675384054973634       0.73060538725471336        30.981353330575743        67.215695627433632       0.38178697604197220        35.124401795861445        141.27253132529242        121.39230487220014              129           7
 ../944_seed.dataconnected          91  0.29611540842099954       0.65641787591028333        26.946502166310957        59.734026707835781       0.33717148090165089        30.682604762050232        127.66182853993769        101.01005897748361              131           8
 ../945_seed.dataconnected          83  0.36637544624578888       0.79632116678551601        30.409162038400478        66.094656843197825       0.40245985252079897        33.404167759226311        91.880814369402657        66.235471537371680              123           8
 ../946_seed.dataconnected          65  0.35477361164913246       0.75754442493353857        23.060284757193610        49.240387620680011       0.40430808614916675        26.280025599695840        74.765292351270176        50.509954631014168               97           6
 ../947_seed.dataconnected          77  0.38077730698706580       0.81404505320154430        29.319852638004068        62.681469096518910       0.41760592207880526        32.155656000068007        100.26772376684478        70.722925458705276              116           7
 ../948_seed.dataconnected          80  0.37631330670160623       0.80702866198190737        30.105064536128499        64.562292958552590       0.42048364435095392        33.638691548076316        80.702742972865352        58.445759761138667              119           6
 ../949_seed.dataconnected          52  0.37117474311320242       0.81219301900614582        19.301086641886528        42.234036988319581       0.41826717097940963        21.749892890929299        69.370542720761961        43.775191631356627              117          14
 ../950_seed.dataconnected          85  0.37225844342626424       0.79893583186131534        31.641967691232459        67.909545708211809       0.41230596583577478        35.046007096040853        93.510298260463287        69.001263795226592              111           3
 ../951_seed.dataconnected         128  0.37041647127644683       0.78178670530652006        47.413308323385195        100.06869827923457       0.40525235908937912        51.872301963440528        122.88083106351782        106.37064520447744              157           6
 ../952_seed.dataconnected          35  0.34999845882949215       0.77744759864983770        12.249946059032226        27.210665952744321       0.38999250229599619        13.649737580359867        44.821463939259999        23.022305636518681               68           3
 ../953_seed.dataconnected         111  0.32170346040766312       0.70560616377761487        35.709084105250604        78.322284179315247       0.36698793056514578        40.735660292731183        148.83045270571085        137.09602442439112              131           3
 ../954_seed.dataconnected          76  0.37320026597281886       0.81040096232703462        28.363220213934234        61.590473136854634       0.40418983030717043        30.718427103344954        90.867664115235399        65.803581960448668              120           8
 ../955_seed.dataconnected         101  0.37945373857996273       0.81889061130519381        38.324827596576235        82.707951741824573       0.40840482588716009        41.248887414603168        120.50314255127900        96.228155827016025              145           5
 ../956_seed.dataconnected           6  0.33353146582690540       0.81025422913049294        2.0011887949614326        4.8615253747829579       0.46828512096256275        2.8097107257753766        6.7593652264030117       0.78574271764164672               47           6
 ../957_seed.dataconnected          59  0.30942322143852680       0.67732687739939901        18.255970064873082        39.962285766564541       0.34711828596200395        20.479978871758235        88.427950285207544        62.155479845466814               93           8
 ../958_seed.dataconnected          61  0.33485291186672217       0.75247474826130412        20.426027623870052        45.900959643939551       0.40698116944875024        24.825851336373763        94.156330095423030        66.527061322213797               98           5
 ../959_seed.dataconnected          28  0.32903644849335478       0.76856924569666818        9.2130205578139339        21.519938879506711       0.35533035212634617        9.9492498595376926        36.694841220753375        15.803739005198086               96          18
 ../960_seed.dataconnected          41  0.35491224788365994       0.78454787714026919        14.551402163230058        32.166462962751034       0.42149828816427454        17.281429814735255        59.454543981539828        33.367631518174157               80           6
 ../961_seed.dataconnected          26  0.36407723905591155       0.77663902322702838        9.4660082154536997        20.192614603902737       0.41202240377987120        10.712582498276651        29.812456877476173        11.607360352431545               68           7
 ../962_seed.dataconnected          72  0.39243890346152643       0.83252931387114859        28.255601049229902        59.942110598722699       0.44035885205203895        31.705837347746805        99.444845818528734        77.145953177703745               97           3
 ../963_seed.dataconnected          51  0.27118601894908018       0.61830293832923267        13.830486966403090        31.533449854790867       0.29189172279957815        14.886477862778486        100.78697101529315        63.104798666260933               87           5
 ../964_seed.dataconnected          75  0.36909471739643457       0.81408960329056035        27.682103804732591        61.056720246792025       0.40394673670824544        30.296005253118409        96.150095796452845        69.844741753097608               95           3
 ../965_seed.dataconnected          72  0.37521852883957163       0.80770385181209925        27.015734076449156        58.154677330471145       0.41716132506140258        30.035615404420987        88.107828940300251        65.165818667836817              102           3
 ../966_seed.dataconnected          69  0.32002381233304772       0.71564392136182042        22.081643050980293        49.379430573965607       0.35188548130435338        24.280098210000382        84.707241475941331        62.013649158082316               90           3
 ../967_seed.dataconnected          71  0.37363012969303838       0.78141006670371171        26.527739208205727        55.480114735963532       0.41968563409424187        29.797680020691171        83.965095072406470        57.703817212058802              109          11
 ../968_seed.dataconnected          83  0.36268092879436992       0.77578483554318922        30.102517089932704        64.390141350084704       0.39472603542896567        32.762260940604151        90.296322583994296        69.077833837663135              129          10
 ../969_seed.dataconnected          95  0.34123402141917980       0.75936854284327437        32.417232034822078        72.140011570111071       0.38642324183232724        36.710207974071089        106.33646739586879        86.178766011563809              118           5
 ../970_seed.dataconnected          90  0.35734999499582043       0.76922801957099263        32.161499549623841        69.230521761389340       0.41786190918350880        37.607571826515795        153.93241203326855        129.75442945616513              120           4
 ../971_seed.dataconnected         118  0.41923922312264494       0.86862897053011656        49.470228328472103        102.49821852255376       0.45450324302672218        53.631382677153219        105.84388334052819        89.994669156963838              162           9
 ../972_seed.dataconnected          66  0.36447625902234465       0.77840886642791807        24.055433095474747        51.374985184242590       0.40824190623343592        26.943965811406770        93.216436412127791        70.805808085529748               95           5
 ../973_seed.dataconnected          78  0.39404865243195109       0.83868423746648102        30.735794889692183        65.417370522385525       0.44643502233738569        34.821931742316082        96.953144175177243        72.798432527462325               96           3
 ../974_seed.dataconnected          96  0.33166360660333272       0.75103769347255012        31.839706233919941        72.099618573364808       0.36437222172776434        34.979733285865379        120.86619447240236        100.81242687920836              123           7
 ../975_seed.dataconnected          78  0.32578434936623940       0.71570322624495575        25.411179250566672        55.824851647106549       0.36772253725194448        28.682357905651671        107.61057579201852        81.763215968847902              106           6
 ../976_seed.dataconnected          59  0.41168226249989331       0.85426625995208860        24.289253487493706        50.401709337173230       0.47234826570203942        27.868547676420327        57.950787989991127        35.883444761291472              127          26
 ../977_seed.dataconnected          71  0.38066696186573695       0.81829910543536855        27.027354292467322        58.099236485911163       0.42827172588649570        30.407292537941196        85.400312030001160        58.988930672438883               85           2
 ../978_seed.dataconnected          88  0.30135905872025148       0.67083918772829432        26.519597167382130        59.033848520089897       0.35161384411186847        30.942018281844426        160.41991895765841        131.78122308361938              138           7
 ../979_seed.dataconnected          92  0.31632081896685765       0.70342453267170191        29.101515344950904        64.715057005796581       0.36434210412570850        33.519473579565179        130.36031034328593        96.655329604370252              150          16
 ../980_seed.dataconnected         110  0.38161366181756690       0.83041626576648120        41.977502799932360        91.345789234312932       0.41612828024792348        45.774110827271585        134.76822290903783        117.66068278925218              136           4
 ../981_seed.dataconnected          62  0.33652849363235460       0.74720159701982403        20.864766605205986        46.326499015229089       0.37129656472902983        23.020387013199851        81.380406305827819        51.371616747451220              122           9
 ../982_seed.dataconnected         129  0.40467940293683446       0.84753080800797698        52.203642978851647        109.33147423302903       0.44515911202913844        57.425525451758858        136.50043310385439        121.08937645117751              159           5
 ../983_seed.dataconnected          33  0.30207742423078254       0.67550076779002832        9.9685549996158240        22.291525337070933       0.33831238267714747        11.164308628345866        46.917045543918192        21.736667242043239               65          10
 ../984_seed.dataconnected          47  0.33921303224743904       0.78927246856207511        15.943012515629635        37.095806022417527       0.39084368274245568        18.369653088895419        71.652175240213680        42.881120880528236               77          14
 ../985_seed.dataconnected          69  0.33573410892013583       0.73040968379165572        23.165653515489371        50.398268181624246       0.38149136317986249        26.322904059410511        83.472810071612400        58.539241130200061              101           5
 ../986_seed.dataconnected          93  0.34590967005923368       0.76540507697334625        32.169599315508734        71.182672158521200       0.38895054415074559        36.172400606019337        131.33324813783582        112.76264821404664              120           3
 ../987_seed.dataconnected          74  0.38340278004565126       0.80806158552306961        28.371805723378195        59.796557328707152       0.41999555801582061        31.079671293170726        95.290252515350431        65.920250509546563              105          13
 ../988_seed.dataconnected         112  0.37344668522053359       0.79856931129837228        41.826028744699762        89.439762865417691       0.41077671680861455        46.006992282564831        134.02015592102313        121.10186629307157              134           3
 ../989_seed.dataconnected          57  0.37585041028774696       0.81097427513280440        21.423473386401575        46.225533682569854       0.39961767473252258        22.778207459753787        65.030362630519662        40.267252144974222               80           3
 ../990_seed.dataconnected          91  0.36891708136332813       0.78169221958726043        33.571454404062862        71.133991982440705       0.41259589850710382        37.546226764146446        97.971087325639303        74.337586832297632              124           6
 ../991_seed.dataconnected          74  0.32055838377520657       0.70125833293434670        23.721320399365286        51.893116637141652       0.36339889016188476        26.891517871979474        114.73555828283496        85.771251232735295              130          20
 ../992_seed.dataconnected          50  0.29605166446785985       0.67342391372654442        14.802583223392993        33.671195686327223       0.36290954017665106        18.145477008832554        107.56015548310394        76.016691726605089               69           3
 ../993_seed.dataconnected          58  0.33856146068436210       0.74318277230479146        19.636564719693002        43.104600793677903       0.39683724986828689        23.016560492360640        97.360859366908215        69.740261027013986               94           7
 ../994_seed.dataconnected          77  0.33875246769186168       0.75743503013962898        26.083940012273349        58.322497320751431       0.37376239069974015        28.779704083879992        108.38258636924705        83.721999799545827              134           8
 ../995_seed.dataconnected          71  0.40496339247803254       0.85032657961800096        28.752400865940309        60.373187152878067       0.44893234382791386        31.874196411781885        83.853893849535254        59.221608958169263              120          15
 ../996_seed.dataconnected          37  0.38657932379989396       0.81810512906368171        14.303434980596077        30.269889775356223       0.43695846606400174        16.167463244368065        45.894465205857379        24.959412644914973               82           8
 ../997_seed.dataconnected          34  0.30894867415101451       0.69966722313157381        10.504254921134493        23.788685586473509       0.38284051980949740        13.016577673522912        75.542441124624332        45.872106352159832               88          19
 ../998_seed.dataconnected          57  0.38822495318189315       0.84525322375775391        22.128822331367910        48.179433754191976       0.42543135639853563        24.249587314716532        63.445449901926828        37.080733120154669               87           3
 ../999_seed.dataconnected         100  0.36664488850457444       0.79070358833247389        36.664488850457445        79.070358833247383       0.40639366846832115        40.639366846832118        115.00354114256714        92.194183946067199              137           5
 ../1000_seed.dataconnected          65  0.35663685143744112       0.77482896047275018        23.181395343433671        50.363882430728765       0.40978474706690515        26.636008559348834        76.319419081309064        51.893950243911959              103           7
 ../1001_seed.dataconnected          51  0.23305515663831550       0.53630180754740164        11.885812988554090        27.351392184917483       0.28378718865522801        14.473146621416628        96.534515587835131        52.826644125915159               97          11
 ../1002_seed.dataconnected          82  0.36700906037147607       0.80821788694512464        30.094742950461036        66.273866729500227       0.40571926795564256        33.268979972362693        89.815006871767892        66.766043659341506              109           6
 ../1003_seed.dataconnected          41  0.33819392041991836       0.73424858747917288        13.865950737216652        30.104192086646087       0.38324725581379415        15.713137488365561        69.001101789129677        40.377613379047880               82           5
 ../1004_seed.dataconnected         115  0.39007730658862866       0.81868952113636562        44.858890257692295        94.149294930682046       0.43399134784581622        49.909005002268863        123.14567457970827        110.89855611016270              132           2
 ../1005_seed.dataconnected          65  0.37506803553813456       0.80354514283707645        24.379422309978747        52.230434284409966       0.41908601322044003        27.240590859328602        74.459456670009558        49.865292697495775               93           7
 ../1006_seed.dataconnected          78  0.29743374022023022       0.67270401273485336        23.199831737177959        52.470912993318564       0.31699760102519492        24.725812879965204        107.20983264579201        85.869338684920336              117           5
 ../1007_seed.dataconnected          62  0.35352191365585678       0.78873302903799547        21.918358646663119        48.901447800355719       0.39732661962650057        24.634250416843035        73.424468788729840        49.547557300327043               86           4
 ../1008_seed.dataconnected          82  0.35661214530426422       0.76832903794118412        29.242195914949665        63.002981111177100       0.41396163817724707        33.944854330534262        126.82674394403473        95.987718032978847              124           8
 ../1009_seed.dataconnected          64  0.24783188724577515       0.55763742303942287        15.861240783729610        35.688795074523064       0.30022930133333620        19.214675285333517        127.84322783556200        99.061545529742133              107           7
 ../1010_seed.dataconnected          72  0.36982406545371771       0.79167279940771884        26.627332712667673        57.000441557355757       0.40304575280609811        29.019294202039063        94.356681628208690        66.499667463791823              103           9
 ../1011_seed.dataconnected          80  0.33908301155487164       0.76027720573129742        27.126640924389733        60.822176458503790       0.38851144284449007        31.080915427559205        105.84265312445758        81.063193217806486              124           3
 ../1012_seed.dataconnected         107  0.31248642299119445       0.69694261197513852        33.436047260057805        74.572859481339819       0.34626710171814967        37.050579883842012        126.56695003643947        112.49992162623491              136           5
 ../1013_seed.dataconnected          16  0.33639090228891050       0.79277037528274907        5.3822544366225680        12.684326004523985       0.43805999436093279        7.0089599097749247        25.281730354467477        7.5239104343871812               64          14
 ../1014_seed.dataconnected          68  0.35451187157646136       0.77095295876280590        24.106807267199372        52.424801195870799       0.40813428449737454        27.753131345821469        83.574752488680943        57.355818117615577               94           6
 ../1015_seed.dataconnected          23  0.30705030396894684       0.69738669510401319        7.0621569912857769        16.039893987392304       0.34307967070478446        7.8908324262100429        39.083806367411057        16.334755155508660               62           7
 ../1016_seed.dataconnected         106  0.39536306341956318       0.83504000554335522        41.908484722473695        88.514240587595651       0.43572222324085119        46.186555663530228        123.44496965814861        102.67037469304273              135           8
 ../1017_seed.dataconnected          81  0.32833879554370538       0.72163551761976030        26.595442439040134        58.452476927200586       0.37419485747249348        30.309783455271972        103.82776605764654        82.653502959488847              107           4
 ../1018_seed.dataconnected          57  0.35558950625404623       0.77657946892321861        20.268601856480636        44.265029728623460       0.39191155760344537        22.338958783396386        66.159441369385419        41.620739134837578               87           3
 ../1019_seed.dataconnected          84  0.35112119076805004       0.76801337384054735        29.494180024516204        64.513123402605984       0.40404222870718426        33.939547211403479        109.44924765401687        83.902336962783096              115           5
 ../1020_seed.dataconnected          53  0.37469813737386387       0.82134696104878613        19.859001280814784        43.531388935585667       0.42216706694301687        22.374854547979893        65.407008129291711        39.687791773555659              118          10
 ../1021_seed.dataconnected         105  0.33538455098700060       0.72105639926663412        35.215377853635061        75.710921922996576       0.37261081739362789        39.124135826330928        135.82606326833906        116.72825477249289              134           5
 ../1022_seed.dataconnected          94  0.33948462567248072       0.76122735853047341        31.911554813213186        71.555371701864502       0.36557638046080781        34.364179763315931        113.07440640528084        92.262909518427008              148          16
 ../1023_seed.dataconnected          22  0.33846224907311262       0.76341430302597779        7.4461694796084776        16.795114666571511       0.36584317139439149        8.0485497706766118        38.442986504953794        13.356678901939699               97          11
 ../1024_seed.dataconnected         107  0.38125974014658892       0.81533496931700344        40.794792195685012        87.240841716919363       0.42272071100367986        45.231116077393743        103.69926506694364        84.514341775522638              144           4
 ../1025_seed.dataconnected          80  0.31950378233310972       0.70027108437166963        25.560302586648778        56.021686749733568       0.35879211606682615        28.703369285346092        108.00505029938653        79.963321406680976              120           4
 ../1026_seed.dataconnected          68  0.34079759527984854       0.74628849260235752        23.174236479029702        50.747617496960309       0.37418050386635132        25.444274262911890        107.22719996275663        75.054931385511438              106           7
 ../1027_seed.dataconnected          90  0.36183010113527636       0.80485554012900062        32.564709102174874        72.436998611610051       0.38876812024861579        34.989130822375422        84.667662318542796        65.467484621369138              133           5
 ../1028_seed.dataconnected          90  0.36213453742975493       0.77940786168001674        32.592108368677941        70.146707551201501       0.41916045268533175        37.724440741679857        153.79548698415647        125.92952559956288              111           3
 ../1029_seed.dataconnected          87  0.32915504325048189       0.73046422153282931        28.636488762791924        63.550387273356151       0.38348102379179455        33.362849069886124        111.73621826063524        91.352226416888371              122           4
 ../1030_seed.dataconnected          90  0.39529427199308659       0.83554400561894626        35.576484479377790        75.198960505705159       0.43893935584136462        39.504542025722813        97.628173275271379        75.233954172129458              137           5
 ../1031_seed.dataconnected          73  0.34250373417226099       0.75428547416875580        25.002772594575053        55.062839614319174       0.37432049771105091        27.325396332906717        91.678662082406404        66.665519566800612               94           4
 ../1032_seed.dataconnected          48  0.32806421634196054       0.71423623244589529        15.747082384414107        34.283339157402978       0.38200788784102269        18.336378616369089        69.894865041598194        44.538272118914783              105          19
 ../1033_seed.dataconnected         104  0.37301253396253053       0.78326473859462920        38.793303532103174        81.459532813841435       0.42374655597737776        44.069641821647288        127.24088829008723        110.82085890477180              118           2
 ../1034_seed.dataconnected          64  0.37969320415870667       0.79999295670800352        24.300365066157227        51.199549229312225       0.42659934130217342        27.302357843339099        92.152794327608973        64.959428755609352              101           8
 ../1035_seed.dataconnected          82  0.34187733304194934       0.75468574568530633        28.033941309439847        61.884231146195120       0.36954444506312828        30.302644495176519        101.50520728071845        74.137903192621906              146           9
 ../1036_seed.dataconnected          69  0.34336748709313364       0.75823550561682440        23.692356609426220        52.318249887560881       0.38849543592212921        26.806185078626914        90.802300599155174        66.230860337136278              101           7
 ../1037_seed.dataconnected         107  0.37430036929842131       0.80257689488376349        40.050139514931082        85.875727752562696       0.41687977305571317        44.606135716961312        107.72706928171984        88.113089740026581              153          12
 ../1038_seed.dataconnected         110  0.36859335252234537       0.79581049336948229        40.545268777457991        87.539154270643053       0.41333191174104722        45.466510291515192        118.76372963032411        104.49731805579776              138           5
 ../1039_seed.dataconnected          66  0.31661287274601058       0.70900314639228434        20.896449601236696        46.794207661890766       0.35655808113923720        23.532833355189656        91.390252942224279        60.682682443920832              108           9
 ../1040_seed.dataconnected          77  0.40732055086440427       0.86391889439690384        31.363682416559129        66.521754868561601       0.43551998946760512        33.535039189005595        84.668803021789032        59.649562792146064               99           4
 ../1041_seed.dataconnected         100  0.36329038480441067       0.78624359441745106        36.329038480441071        78.624359441745099       0.40684576954382029        40.684576954382031        137.90244319536086        112.90199875436639              144           5
 ../1042_seed.dataconnected          65  0.28523122914651705       0.64303425058793162        18.540029894523609        41.797226288215555       0.32710017267896413        21.261511224132668        103.82794420947516        69.305815635967861              110           5
 ../1043_seed.dataconnected          42  0.35707222129785876       0.79031711562905649        14.997033294510068        33.193318856420376       0.41072361541357955        17.250391847370341        67.178341106132095        37.822336092611991               81           8
 ../1044_seed.dataconnected          55  0.31517435687598389       0.71344644894925036        17.334589628179113        39.239554692208770       0.33745682237816005        18.560125230798803        84.355473093414332        53.114119790621956               95          17
 ../1045_seed.dataconnected          90  0.31553763267551704       0.68730278090605879        28.398386940796534        61.857250281545291       0.36874695435166155        33.187225891649540        108.47599516585697        88.591024703800841              127           6
 ../1046_seed.dataconnected          66  0.33369549874200849       0.71294474412473885        22.023902916972560        47.054353112232761       0.36782986830235276        24.276771307955283        74.316954034665983        48.835588882023174              115          21
 ../1047_seed.dataconnected         124  0.35732592211536746       0.77305442820163539        44.308414342305568        95.858749097002786       0.39773411482438781        49.319030238224087        133.86513401958027        118.33699864245740              154           8
 ../1048_seed.dataconnected          57  0.32818378552766392       0.74666601016937451        18.706475775076843        42.559962579654346       0.37247522558413027        21.231087858295425        80.789977948628433        53.612738048402633               94           4
 ../1049_seed.dataconnected          66  0.29227709756110543       0.65315805549626205        19.290288439032960        43.108431662753297       0.34075590715159809        22.489889872005474        93.397384858761200        68.963004154150070              104          18
 ../1050_seed.dataconnected          92  0.33102938595874892       0.72735311312250939        30.454703508204901        66.916486407270867       0.38321306412782630        35.255601899760016        136.17210878743114        117.85657859505659              120           4
 ../1051_seed.dataconnected          92  0.35796976496009281       0.78109444743641576        32.933218376328540        71.860689164150244       0.39195828667311738        36.060162373926801        111.31480694743959        88.435964115598551              116           3
 ../1052_seed.dataconnected          82  0.34128285484454951       0.75016544514926964        27.985194097253061        61.513566502240110       0.38708796728302036        31.741213317207670        85.956857216561374        65.710955745847713              120          16
 ../1053_seed.dataconnected          60  0.39554439808184577       0.84638495039605788        23.732663884910746        50.783097023763474       0.43659268042865113        26.195560825719067        77.149832839073198        50.383036534269998               92          10
 ../1054_seed.dataconnected          55  0.31533161347364103       0.72684017743984408        17.343238741050257        39.976209759191427       0.36994718470023463        20.347095158512904        69.763607212492346        42.624652374786841               99           7
 ../1055_seed.dataconnected          45  0.31741371133073953       0.73823453405904327        14.283617009883280        33.220554032656949       0.35068070962194314        15.780631932987442        58.555458762755975        30.863797397237622               87           9
 ../1056_seed.dataconnected          74  0.31459182728162016       0.73196203393084958        23.279795218839894        54.165190510882866       0.34647141625997696        25.638884803238295        92.069428032293345        67.032917897074242              105           4
 ../1057_seed.dataconnected          89  0.37110223887115751       0.81242699766727600        33.028099259533015        72.306002792387559       0.40396180790527358        35.952600903569348        108.01841567797220        82.884790899809047              121          10
 ../1058_seed.dataconnected          46  0.33528849869292326       0.75201286565521708        15.423270939874470        34.592591820139987       0.37635178904874667        17.312182296242348        91.777265507333880        63.238715233039677               84           4
 ../1059_seed.dataconnected          26  0.27681668425885930       0.62015767651530729        7.1972337907303423        16.124099589397989       0.34547655393450932        8.9823904022972432        71.556030054603454        36.261995830402242               71           6
 ../1060_seed.dataconnected          94  0.35189853376197761       0.76302305290701511        33.078462173625894        71.724166973259415       0.38414854099224333        36.109962853270872        129.32611445303891        104.03793071745284              123           5
 ../1061_seed.dataconnected          58  0.34546613832503820       0.77040034876413288        20.037036022852217        44.683220228319705       0.39565878964295109        22.948209799291163        70.226757950475346        43.078625334648109              109           8
 ../1062_seed.dataconnected          47  0.36175586374386864       0.77838787718408176        17.002525595961828        36.584230227651844       0.40222960856142692        18.904791602387064        66.676145847228454        39.269848345744009               84           9
 ../1063_seed.dataconnected          67  0.28879955974550892       0.63291162396772771        19.349570502949096        42.405078805837753       0.32918647387873717        22.055493749875392        117.01301984699680        82.447325575495242              110           8
 ../1064_seed.dataconnected          55  0.34659005865729109       0.77728755191385290        19.062453226151010        42.750815355261906       0.37701115001746127        20.735613250960370        75.310172047415449        52.597947919279314               84           5
 ../1065_seed.dataconnected          55  0.32540275273218094       0.73549140286481962        17.897151400269951        40.452027157565077       0.35881491414086869        19.734820277747779        81.518794387384361        51.527731155084808              107           5
 ../1066_seed.dataconnected          44  0.34127116424563919       0.78064732001028714        15.015931226808124        34.348482080452634       0.35388853402922088        15.571095497285718        68.490489258595787        39.667163743843567               89           7
 ../1067_seed.dataconnected         113  0.32633737532468998       0.73761568621271945        36.876123411689967        83.350572542037298       0.34966727766725603        39.512402376399933        134.63830003670884        121.01918809115769              138           5
 ../1068_seed.dataconnected          87  0.36313907086252939       0.78641867227853024        31.593099165040059        68.418424488232134       0.40459064341933920        35.199385977482514        90.065746020890273        65.088774759393047              112           6
 ../1069_seed.dataconnected          64  0.33501335516505704       0.75827181680662881        21.440854730563650        48.529396275624244       0.38819130161169790        24.844243303148666        83.823976431068218        58.554738258874927              119           7
 ../1070_seed.dataconnected          95  0.35786899705324315       0.79651741765632811        33.997554720058098        75.669154677351173       0.39398230061617345        37.428318558536475        116.61921027113134        93.820006121284763              131           6
 ../1071_seed.dataconnected          54  0.35567724317746036       0.78791527097149683        19.206571131582859        42.547424632460832       0.39396418586488019        21.274066036703530        68.763748792434953        44.571765021081610               91           6
 ../1072_seed.dataconnected          80  0.38593516515129467       0.82320195585828404        30.874813212103575        65.856156468662718       0.44299463326673300        35.439570661338642        86.950194531330510        64.098368363921423              121           8
 ../1073_seed.dataconnected          66  0.36304527634195499       0.78166043138339536        23.960988238569030        51.589588471304097       0.40145425614393060        26.495980905499419        102.81928675991874        71.501329614704602              107           4
 ../1074_seed.dataconnected          57  0.29358250645204975       0.65282972923497162        16.734202867766836        37.211294566393384       0.35813546951359237        20.413721762274765        123.89937484956778        91.743324792332615               98           4
 ../1075_seed.dataconnected         111  0.32789044140361517       0.73137227441658170        36.395838995801284        81.182322460240570       0.37265746381415327        41.364978483371011        132.60445722476575        108.45804107744482              123           1
 ../1076_seed.dataconnected          56  0.32226017099038906       0.72999572926408096        18.046569575461788        40.879760838788535       0.35683929596922376        19.983000574276531        85.338942589246926        54.016945944176449               82           4
 ../1077_seed.dataconnected          72  0.36153954231429880       0.78934600423085421        26.030847046629514        56.832912304621502       0.41706192641399786        30.028458701807846        82.519669652608329        56.301960086295729              145          18
 ../1078_seed.dataconnected          58  0.31808046524689015       0.73045452445679648        18.448666984319630        42.366362418494198       0.37125356310511359        21.532706660096590        94.576478447574360        63.666895357456767               93           5
 ../1079_seed.dataconnected          49  0.34187599303500255       0.76378095966236637        16.751923658715125        37.425267023455952       0.39081685962806778        19.150026121775323        71.033704377788908        40.070930710054746               88           3
 ../1080_seed.dataconnected          65  0.37315604343079650       0.79750693417946128        24.255142823001773        51.837950721664981       0.40998854564105913        26.649255466668844        84.393267176812202        57.269555056818845              115           5
 ../1081_seed.dataconnected          56  0.40056525919726171       0.85512262636176251        22.431654515046656        47.886867076258703       0.44747263967508583        25.058467821804808        65.468223706541195        40.542775800395844              107          14
 ../1082_seed.dataconnected          80  0.34803329946177719       0.75175671373023500        27.842663956942175        60.140537098418804       0.39258741960888355        31.406993568710682        110.09705720206976        83.571353425136920              103           4
 ../1083_seed.dataconnected          53  0.33648221182967203       0.72634366604469980        17.833557226972619        38.496214300369090       0.37946634118476724        20.111716082792665        82.905729800469700        52.152136266569570               77           3
 ../1084_seed.dataconnected          99  0.35788409947835564       0.76640265591531698        35.430525848357206        75.873862935616387       0.41071458193378274        40.660743611444488        137.17894698896194        116.32389194312236              126           4
 ../1085_seed.dataconnected         104  0.37797213346387998       0.80088015818186620        39.309101880243517        83.291536450914080       0.41889252736445481        43.564822845903301        120.87722806759793        101.92681683749630              152          18
 ../1086_seed.dataconnected          66  0.32987789093215769       0.72553492188198765        21.771940801522408        47.885304844211184       0.39816116728070866        26.278637040526771        121.27935787540378        94.266494298063705              113           6
 ../1087_seed.dataconnected          76  0.39581841909400289       0.84381868363447476        30.082199851144221        64.130219956220088       0.44775748579809499        34.029568920655223        83.390495488893677        61.829087672636611              112           4
 ../1088_seed.dataconnected         110  0.37290959732577089       0.81323161876664962        41.020055705834800        89.455478064331459       0.42553866111277366        46.809252722405105        141.77370902665365        124.62555347359165              130           4
 ../1089_seed.dataconnected          67  0.37081858412655705       0.81902980906922773        24.844845136479321        54.874997207638259       0.41008801380313625        27.475896924810129        78.746955422939678        54.256976078775317               93           3
 ../1090_seed.dataconnected          55  0.31398977616166868       0.69061598437559457        17.269437688891777        37.983879140657699       0.36698802903408062        20.184341596874432        97.992005410345612        65.135081399176400               83           3
 ../1091_seed.dataconnected          87  0.34034241544326682       0.73274926644494176        29.609790143564215        63.749186180709934       0.37317321659058494        32.466069843380893        121.02718825695345        96.576822951615142              129          13
 ../1092_seed.dataconnected          66  0.34262141849255290       0.75014347706159412        22.613013620508490        49.509469486065214       0.38040699587938159        25.106861728039185        78.677623839858313        53.072801271224670               79           3
 ../1093_seed.dataconnected          99  0.29995964435846789       0.68099141290062315        29.696004791488321        67.418149877161696       0.34848391094406767        34.499907183462696        144.05219587524692        119.23375164972617              123           2
 ../1094_seed.dataconnected          94  0.36275702892540895       0.77902743961090715        34.099160718988443        73.228579323425265       0.41035612030567098        38.573475308733073        119.16127807187824        96.107989618025158              129          12
 ../1095_seed.dataconnected          71  0.35239678001301306       0.76413603667742169        25.020171380923927        54.253658604096941       0.39177532946655369        27.816048392125310        83.059061562949296        58.869919978336085              108          10
 ../1096_seed.dataconnected          69  0.36944312963293674       0.79618087147278871        25.491575944672636        54.936480131622417       0.40630831682606688        28.035273860998615        83.017261370787651        56.943457194045827              129          23
 ../1097_seed.dataconnected         107  0.36740669492356376       0.79119778926715345        39.312516356821320        84.658163451585423       0.41350940630380784        44.245506474507437        123.47114140650903        111.26681804641029              148           5
 ../1098_seed.dataconnected          93  0.34883217064149963       0.75781878403615233        32.441391869659462        70.477146915362169       0.37819845473639913        35.172456290485115        105.76293715948154        84.081829653353410              131           8
 ../1099_seed.dataconnected          65  0.34762997896813597       0.75691831891661410        22.595948632928838        49.199690729579913       0.41876157421964133        27.219502324276686        92.271807451821644        63.878008989075113               93           5
 ../1100_seed.dataconnected          58  0.37572758971775932       0.82890597827609702        21.792200203630042        48.076546740013626       0.41336010751903290        23.974886236103909        65.141571189679325        41.472363368106791              140          26
 ../1101_seed.dataconnected         107  0.32881929326144127       0.72241348044778353        35.183664378974214        77.298242407912838       0.39909957967350834        42.703655025065395        140.17304240641150        119.23725536225702              156           6
 ../1102_seed.dataconnected          79  0.29192338565077519       0.65647583790606256        23.061947466411240        51.861591194578942       0.34874511154581506        27.550863812119388        106.17654513022681        82.521434036148264              123           4
 ../1103_seed.dataconnected          81  0.35479680730015956       0.76484659453194925        28.738541391312925        61.952574157087888       0.39844431675032743        32.273989656776521        110.34337832528726        87.791391356824704              119           7
 ../1104_seed.dataconnected          68  0.36483587534518608       0.79013956794384332        24.808839523472653        53.729490620181345       0.39932741200954025        27.154264016648739        75.908529732011502        52.532835037828576              105           7
 ../1105_seed.dataconnected          78  0.36964654663557511       0.79540426410142007        28.832430637574859        62.041532599910767       0.42172704800319966        32.894709744249575        104.90209847812703        78.027576548748272              119           8
 ../1106_seed.dataconnected          67  0.36513108886737139       0.80294056420542603        24.463782954113881        53.797017801763545       0.40155164951799766        26.903960517705844        86.029133961232176        63.508071316142335               91           3
 ../1107_seed.dataconnected          73  0.37477601183507281       0.81840814392592909        27.358648863960315        59.743794506592820       0.42988395658499762        31.381528830704827        92.388861006764884        69.267772285764764              109           7
 ../1108_seed.dataconnected          64  0.37504976395990330       0.80157650278696058        24.003184893433811        51.300896178365477       0.41126285621722808        26.320822797902597        79.586499785054968        55.879453869407037              121          21
 ../1109_seed.dataconnected          60  0.31970236960358484       0.71661458490026730        19.182142176215091        42.996875094016040       0.37415385023420467        22.449231014052280        87.787693304512047        63.348613628423045               94           6
 ../1110_seed.dataconnected          76  0.31795928945337371       0.69513449276036221        24.164905998456401        52.830221449787530       0.36742151076932195        27.924034818468467        91.991891871728811        68.914425542539831              123           6
 ../1111_seed.dataconnected          75  0.36279519491823808       0.78518934550367181        27.209639618867858        58.889200912775387       0.43030881994648440        32.273161495986329        97.348811383837173        71.056549028996542              101           6
 ../1112_seed.dataconnected          57  0.32862945027247814       0.72604382871748563        18.731878665531255        41.384498236896682       0.39830910271521430        22.703618854767214        76.922820595358885        46.465600455406395               77           8
 ../1113_seed.dataconnected          51  0.34870047069165983       0.77745839422917551        17.783724005274649        39.650378105687949       0.39373961085131159        20.080720153416891        68.159195110848898        43.025247903047969               90           9
 ../1114_seed.dataconnected         123  0.35997568070542635       0.76546753938009338        44.277008726767441        94.152507343751481       0.39414422593592541        48.479739790118828        136.80011894511873        120.67841698818573              165          13
 ../1115_seed.dataconnected         101  0.39486098412876658       0.83095668696719971        39.880959397005427        83.926625383687167       0.43980474048218421        44.420278788700607        115.63360205421945        97.809631120572561              142          11
 ../1116_seed.dataconnected          97  0.35717078690020759       0.76610192276345412        34.645566329320140        74.311886508055053       0.39719786198695783        38.528192612734912        103.11658517053428        82.275085980758774              144           8
 ../1117_seed.dataconnected          59  0.33386977415899760       0.74099946332497468        19.698316675380859        43.718968336173504       0.37761332195198671        22.279185995167214        88.936662081187663        61.205427497891250              102           6
 ../1118_seed.dataconnected          96  0.35251949785366982       0.75975858165303201        33.841871793952301        72.936823838691069       0.40678953219962305        39.051795091163811        121.79657656108864        103.84445277672911              122           5
 ../1119_seed.dataconnected          61  0.31182635922756957       0.71561146375533924        19.021407912881745        43.652299289075692       0.35238861218125150        21.495705343056343        86.661875569014654        57.979016770997347               91           5
 ../1120_seed.dataconnected         112  0.35714160531186573       0.79792157760372262        39.999859794928959        89.367216691616932       0.37755645626362944        42.286323101526499        116.22536558779584        93.435601300887384              154           8
 ../1121_seed.dataconnected          95  0.32087793579281032       0.72644365735525585        30.483403900316979        69.012147448749303       0.35266635409372693        33.503303638904057        131.66162965183136        104.73375439450311              131           7
 ../1122_seed.dataconnected          84  0.38941554771761189       0.83232259139018272        32.710906008279402        69.915097676775346       0.41818069693855203        35.127178542838372        92.324019669017403        70.540360155977496              112           4
 ../1123_seed.dataconnected          84  0.33380021359014250       0.74033234166656725        28.039217941571970        62.187916699991646       0.36845781303058972        30.950456294569538        113.98838212188124        82.289062251986749              107           9
 ../1124_seed.dataconnected          93  0.35608702320304203       0.77661446912725829        33.116093157882908        72.225145628835023       0.39665325623740799        36.888752830078943        104.92076330189133        87.361807755145833              123           4
 ../1125_seed.dataconnected          55  0.34070266159684970       0.76758175342825496        18.738646387826734        42.216996438554020       0.37870487793530511        20.828768286441782        67.522503596011006        43.377871445662507               93          10
 ../1126_seed.dataconnected         123  0.33989631123045333       0.74953369692069405        41.807246281345762        92.192644721245372       0.37353924995568749        45.945327744549559        112.58931007209365        96.705891096609093              147          12
 ../1127_seed.dataconnected         104  0.40296543642648935       0.84429708417749316        41.908405388354893        87.806896754459288       0.43384434814837225        45.119812207430712        112.82826589747356        93.782719127729862              132           4
 ../1128_seed.dataconnected          72  0.35002263882989865       0.78861599305494112        25.201629995752704        56.780351499955763       0.38775176119302779        27.918126805898002        83.057163363268941        55.557415026878289              123           5
 ../1129_seed.dataconnected          59  0.37797576000794775       0.81837716219104539        22.300569840468917        48.284252569271679       0.42370217729543491        24.998428460430659        63.811277762474823        40.155761522182225               84          12
 ../1130_seed.dataconnected          63  0.35634071297319403       0.77413938203973043        22.449464917311225        48.770781068503020       0.41555745026697449        26.180119366819394        99.582175170026218        67.319637923452902              107           5
 ../1131_seed.dataconnected          60  0.36434431861055500       0.79589773331384128        21.860659116633300        47.753863998830475       0.39641230668666272        23.784738401199764        81.215808958648509        53.098665196854085              125          13
 ../1132_seed.dataconnected          98  0.34485863942365791       0.76649660777081008        33.796146663518478        75.116667561539387       0.38784637508990188        38.008944758810387        117.57459115526433        94.606199895580900              128           7
 ../1133_seed.dataconnected          84  0.32436614189584634       0.69421155541600121        27.246755919251093        58.313770654944101       0.35668985751038895        29.961948030872673        92.895013709683099        70.051570453988433              116           3
 ../1134_seed.dataconnected          65  0.35989668827545435       0.78516627055243648        23.393284737904533        51.035807585908373       0.40029283400073562        26.019034210047817        79.493181554351139        52.514623208295419              109          14
 ../1135_seed.dataconnected          91  0.36080433099100961       0.76534238562333645        32.833194120181872        69.646157091723623       0.41165698055992683        37.460785230953341        114.58181249093123        90.750528448884268              127           7
 ../1136_seed.dataconnected          47  0.30387511517179500       0.70139091860901170        14.282130413074364        32.965373174623551       0.33388967510358492        15.692814729868491        90.777234990945004        55.901681508344879               70           6
 ../1137_seed.dataconnected          50  0.34484772574280920       0.75877192992017051        17.242386287140459        37.938596496008529       0.38859795763328853        19.429897881664427        69.085121469468504        38.955452986584305               93          10
 ../1138_seed.dataconnected         118  0.40095157590839187       0.84152454219870387        47.312285957190241        99.299895979447058       0.43904165182741844        51.806914915635375        118.60700256083172        102.03090240295013              155           4
 ../1139_seed.dataconnected          68  0.29274203885525896       0.63916204707131141        19.906458642157610        43.463019200849175       0.33700324796017661        22.916220861292011        94.278770740326038        71.091664941212102               98           3
 ../1140_seed.dataconnected          80  0.30207410309548660       0.68400636637007928        24.165928247638927        54.720509309606342       0.32254219212534091        25.803375370027272        102.52775099238764        81.672350186670968              111           9
 ../1141_seed.dataconnected          41  0.28337090977845852       0.61175617714814245        11.618207300916799        25.082003263073840       0.30929320553157075        12.681021426794400        77.386430307930809        38.218933600701938               73          12
 ../1142_seed.dataconnected          28  0.38750868997115961       0.84258047814731252        10.850243319192469        23.592253388124750       0.43866890527185376        12.282729347611905        39.573392051524664        14.902974214462571               77          12
 ../1143_seed.dataconnected          78  0.32923477401468593       0.72675343148918536        25.680312373145501        56.686767656156455       0.37793643913856195        29.479042252807833        107.81615292976825        73.705105524086136              160          24
 ../1144_seed.dataconnected          77  0.32194820188535600       0.72013826014403792        24.790011545172412        55.450646031090919       0.35586760129567957        27.401805299767325        116.73715166236431        95.002145222840241              133           7
 ../1145_seed.dataconnected          31  0.28732466089011449       0.64953062191847555        8.9070644875935496        20.135449279472741       0.37008343595715626        11.472586514671844        74.496504223953920        39.621903378242905               66           5
 ../1146_seed.dataconnected          91  0.37405298664341119       0.81643278574481037        34.038821784550422        74.295383502777739       0.39742360985886283        36.165548497156514        111.17808746942163        87.241556364851149              106           2
 ../1147_seed.dataconnected          66  0.35543290567473457       0.76378368541941233        23.458571774532480        50.409723237681213       0.41803298497335967        27.590177008241739        88.224852216474019        56.572107346749746               89           4
 ../1148_seed.dataconnected          56  0.34763526678323864       0.78262813670344922        19.467574939861365        43.827175655393155       0.39303854345114658        22.010158433264209        92.059332973031033        65.278156071752989               87           3
 ../1149_seed.dataconnected          82  0.35287994974538855       0.78978709998776708        28.936155879121863        64.762542198996897       0.39353627245620043        32.269974341408435        84.288524107833268        63.163309105190379              108           4
 ../1150_seed.dataconnected         126  0.38565507142207811       0.80855201195857684        48.592538999181841        101.87755350678069       0.42921929068331227        54.081630626097343        150.59516945461931        130.79593636041199              165           7
 ../1151_seed.dataconnected          78  0.39377334947041120       0.83947143284094472        30.714321258692074        65.478771761593691       0.43085879906986091        33.606986327449150        91.861628397944187        68.181568882527969               96           3
 ../1152_seed.dataconnected          99  0.40303346826346564       0.84455055141855151        39.900313358083096        83.610504590436605       0.44991500979243770        44.541585969451333        115.78895193645067        88.655343656755107              144          13
 ../1153_seed.dataconnected          92  0.36564191491652198       0.77983560571361243        33.639056172320025        71.744875725652349       0.40500108044060479        37.260099400535637        107.09005262205666        85.915185596198739              111           3
 ../1154_seed.dataconnected          75  0.31149277956282928       0.70304952657999020        23.361958467212197        52.728714493499268       0.36112528583522691        27.084396437642017        87.865964974654275        63.767464414721474              130          10
 ../1155_seed.dataconnected          87  0.32962344505485719       0.71639881491333868        28.677239719772576        62.326696897460465       0.37870599698335727        32.947421737552084        141.58543274688108        113.65361256339406              119           7
 ../1156_seed.dataconnected         113  0.34602860086389281       0.74786265874158586        39.101231897619890        84.508480437799207       0.38228520349862466        43.198227995344588        120.53430302938305        104.26536831421421              149          11
 ../1157_seed.dataconnected          66  0.31907763987514542       0.71800036280024837        21.059124231759597        47.388023944816389       0.37739061689015324        24.907780714750114        82.529221584737527        51.084712964507048               91           3
 ../1158_seed.dataconnected          49  0.36859048437576625       0.78219752896485872        18.060933734412547        38.327678919278078       0.45041586824507535        22.070377544008693        76.939781555292853        46.021743135407775               76           4
 ../1159_seed.dataconnected          67  0.35156714915315801       0.78078708374256411        23.554998993261588        52.312734610751797       0.39619981010632066        26.545387277123485        86.899388553353802        58.577533435319317              100           4
 ../1160_seed.dataconnected          65  0.33563548775951496       0.75509152985651995        21.816306704368472        49.080949440673798       0.36732296053589514        23.875992434833183        85.706898609266673        60.068619173646240               89           9
 ../1161_seed.dataconnected          82  0.35726938526204077       0.77594092931877690        29.296089591487345        63.627156204139709       0.39009664534320332        31.987924918142671        97.673268383478018        73.497520572792681              102           2
 ../1162_seed.dataconnected          61  0.24565191411005960       0.53902143852708118        14.984766760713635        32.880307750151950       0.29617769190561805        18.066839206242701        106.54646059793485        74.354488447042911               88           3
 ../1163_seed.dataconnected         116  0.37674234542734591       0.79380029172596511        43.702112069572124        92.080833840211952       0.41537551400149930        48.183559624173917        130.13279697119543        113.76104933632485              155          13
 ../1164_seed.dataconnected          53  0.34734855734559689       0.75130365023596768        18.409473539316636        39.819093462506288       0.38380339684964965        20.341580033031430        93.090815216982293        59.283800434848011               89           8
 ../1165_seed.dataconnected          85  0.35576278648578852       0.77720032697859531        30.239836851292026        66.062027793180604       0.39114754899347842        33.247541664445663        100.15982793950560        79.699213098068483              113           5
 ../1166_seed.dataconnected          67  0.32623403672363382       0.73070223440087023        21.857680460483465        48.957049704858306       0.38466516568779158        25.772566101082035        93.090378949980277        67.799928950305869               95           7
 ../1167_seed.dataconnected          71  0.37166044100808721       0.79543284457628860        26.387891311574190        56.475731964916491       0.40974710353543958        29.092044351016209        74.408661913611255        49.813422409793887              113           9
 ../1168_seed.dataconnected          54  0.36598714573143459       0.80526444220490923        19.763305869497469        43.484279879065099       0.40436905773948695        21.835929117932295        78.667764733153462        48.378388629517232              109          12
 ../1169_seed.dataconnected         125  0.36733624750882682       0.79779376555246284        45.917030938603354        99.724220694057848       0.40468675049220681        50.585843811525855        136.85736462799215        120.87578860271697              149           3
 ../1170_seed.dataconnected          80  0.39935708607907439       0.83143364944376130        31.948566886325949        66.514691955500908       0.44820277117370477        35.856221693896380        99.733637050723331        72.105492061755726              120           7
 ../1171_seed.dataconnected          94  0.36760266862768215       0.78297396219166826        34.554650851002123        73.599552446016816       0.41211480440984677        38.738791614525596        109.38631190946334        88.011850286515852              139           5
 ../1172_seed.dataconnected          60  0.33631110759946542       0.75399779979682147        20.178666455967925        45.239867987809291       0.38768754647967535        23.261252788780521        94.976024709834689        68.504423472436883               78           3
 ../1173_seed.dataconnected          47  0.32594538175794785       0.72756075285202848        15.319432942623550        34.195355384045335       0.37967313537208597        17.844637362488040        84.483489121123426        53.619831130401998               86          13
 ../1174_seed.dataconnected          98  0.34302599668051281       0.76104505454508986        33.616547674690253        74.582415345418809       0.39276792197837218        38.491256353880473        119.72309828845154        97.291800578575135              144           4
 ../1175_seed.dataconnected          69  0.27095524541420485       0.61843870415567392        18.695911933580135        42.672270586741497       0.31741426356639679        21.901584186081379        127.93054421757564        98.308705396409977              105           7
 ../1176_seed.dataconnected          70  0.35001100604898788       0.77642984404928173        24.500770423429152        54.350089083449724       0.36655338305999319        25.658736814199521        95.903541698806706        64.913794085899283              110           9
 ../1177_seed.dataconnected         129  0.39502262420825579       0.83838310012135453        50.957918522865000        108.15141991565473       0.42758263541646618        55.158159968724135        128.13570939621818        114.17822228921392              150           3
 ../1178_seed.dataconnected          86  0.34120446255082543       0.74497886779104494        29.343583779370988        64.068182630029867       0.36718850429946870        31.578211369754307        125.99532384545742        100.99149111220460              159          34
 ../1179_seed.dataconnected          50  0.39394064931420580       0.83515554152744542        19.697032465710290        41.757777076372271       0.42861244644981900        21.430622322490951        59.432290106068606        34.758577344040901              116          14
 ../1180_seed.dataconnected          81  0.36488753634869397       0.80535854037646837        29.555890444244213        65.234041770493931       0.39853447764177280        32.281292688983598        108.84330023673090        85.304963303469421              105           6
 ../1181_seed.dataconnected          32  0.41181417225083278       0.87384864361643289        13.178053512026649        27.963156595725852       0.48516224626745308        15.525191880558499        34.377767355552109        15.717335978409071               72          17
 ../1182_seed.dataconnected         103  0.39431134615132962       0.83943205629903672        40.614068653586948        86.461501798800782       0.42249399957002587        43.516881955712662        110.74628046089587        89.113178441743869              127           8
 ../1183_seed.dataconnected          79  0.34018698993102875       0.74804701127678197        26.874772204551270        59.095713890865774       0.37207428087651184        29.393868189244436        83.637109970255281        60.190059729383883              112           5
 ../1184_seed.dataconnected          81  0.31328181705206404       0.68793107486310756        25.375827181217186        55.722417063911713       0.34541905846391407        27.978943735577040        119.55856821441419        95.755141854468846              108           4
 ../1185_seed.dataconnected          61  0.32526313837672693       0.72146800498204067        19.841051440980344        44.009548303904481       0.35781104473907199        21.826473729083393        81.454537476444514        47.649298421293643               93           3
 ../1186_seed.dataconnected          61  0.37133906745059769       0.78004152597027188        22.651683114486460        47.582533084186586       0.41843312122202381        25.524420394543451        81.101270027047207        55.989156499905434              104           7
 ../1187_seed.dataconnected          61  0.30448445115814343       0.67329821122926836        18.573551520646749        41.071190884985370       0.35850285611572552        21.868674223059259        92.927491848698423        64.190524707504238              103          12
 ../1188_seed.dataconnected          76  0.32690397793576681       0.73274116400951472        24.844702323118277        55.688328464723121       0.36482695131483889        27.726848299927756        107.15616344762260        82.258659100014654              141          16
 ../1189_seed.dataconnected          77  0.33026674530754263       0.72674457785814239        25.430539388680781        55.959332495076964       0.38569527941285447        29.698536514789794        118.60939378996541        92.869999582346423              111           7
 ../1190_seed.dataconnected          76  0.39570261332276158       0.83627222993796657        30.073398612529878        63.556689475285459       0.43717582054699439        33.225362361571577        79.819781659715744        56.258586656377148              117           6
 ../1191_seed.dataconnected          80  0.36312150185457381       0.79477755256646487        29.049720148365907        63.582204205317190       0.40524829408551516        32.419863526841212        99.531467994700520        74.808747089028031              117           9
 ../1192_seed.dataconnected          65  0.34651587040705084       0.76078021715777810        22.523531576458304        49.450714115255579       0.39157473815846583        25.452357980300278        101.40458394468473        70.874786348169621              103           6
 ../1193_seed.dataconnected         103  0.39335643366333323       0.83334346546152283        40.515712667323321        85.834376942536849       0.43902486123984469        45.219560707704005        96.279639258128569        78.580515767633941              125           4
 ../1194_seed.dataconnected          59  0.42004471709616492       0.87429226265283333        24.782638308673729        51.583243496517170       0.46456652368842971        27.409424897617352        57.997180567052197        35.954661274027345               99           8
 ../1195_seed.dataconnected          41  0.34334098373721217       0.75393418961877934        14.076980333225698        30.911301774369953       0.38970481769014681        15.977897525296019        55.233267540946052        31.207423073436246               94          11
 ../1196_seed.dataconnected          40  0.34636960703788799       0.75070854315900415        13.854784281515521        30.028341726360168       0.39506653275302606        15.802661310121042        65.560015056826416        37.367331633834709              150          24
 ../1197_seed.dataconnected         102  0.37727248507958899       0.80917509358453799        38.481793478118078        82.535859545622870       0.40575408664879514        41.386916838177108        136.97151659570392        118.49545244141871              129           5
 ../1198_seed.dataconnected          39  0.31251957985958312       0.71773758582597669        12.188263614523741        27.991765847213092       0.36642489695969621        14.290570981428152        66.455728449335837        37.310438894542635               82           8
 ../1199_seed.dataconnected          98  0.39469736138498240       0.83878763596888317        38.680341415728279        82.201188324950550       0.43282133848284449        42.416491171318761        105.84660429696120        86.021632936091393              123           6
 ../1200_seed.dataconnected          36  0.35442820530022928       0.79669030704137467        12.759415390808254        28.680851053489487       0.41173393194810831        14.822421550131899        56.057862612665780        26.909625096022513               80           7
 ../1201_seed.dataconnected         102  0.39020455894340467       0.82801158919404005        39.800865012227277        84.457182097792085       0.40447810792816097        41.256767008672419        101.74042793629694        82.228053477961510              123           3
 ../1202_seed.dataconnected          12  0.26322858955079242       0.61713925264149772        3.1587430746095091        7.4056710316979721       0.38949561317762971        4.6739473581315565        22.016757663266574        5.1457621198796026               58           7
 ../1203_seed.dataconnected          88  0.37505575017549370       0.81027948647374537        33.004906015443446        71.304594809689590       0.40604794401042960        35.732219072917808        100.23392593527106        76.509991337223795              139          14
 ../1204_seed.dataconnected          89  0.37860572305859463       0.81244221223102031        33.695909352214926        72.307356888560804       0.42631803202154739        37.942304849917718        99.942327475613325        78.696839481773466              131           7
 ../1205_seed.dataconnected          59  0.35659512133971100       0.77545224653581180        21.039112159042947        45.751682545612894       0.39349641663494928        23.216288581462006        80.487316323047452        50.864374863217392              101          13
 ../1206_seed.dataconnected          87  0.36369781921925859       0.79653396152156175        31.641710272075496        69.298454652375867       0.39778110166852831        34.606955845161963        107.92307425563438        79.050311782008819              116           4
 ../1207_seed.dataconnected          61  0.37975506702491607       0.81999634942717092        23.165059088519879        50.019777315057425       0.41321197270625187        25.205930335081366        77.936022119177764        52.588941916812480              106           6
 ../1208_seed.dataconnected          47  0.36912659374729800       0.81391794852147148        17.348949906123007        38.254143580509158       0.43026088505660742        20.222261597660548        64.454300795152648        39.079858812076480               62           2
 ../1209_seed.dataconnected          63  0.31526741565913691       0.71247100552842080        19.861847186525626        44.885673348290510       0.33423026510485748        21.056506701606022        73.538958777144629        44.193276377404835               79           4
 ../1210_seed.dataconnected          60  0.34839840633643199       0.74931030912696350        20.903904380185921        44.958618547617810       0.39287004406817594        23.572202644090556        94.807057896414008        63.386281612075571               95          11
 ../1211_seed.dataconnected          63  0.39049484964255604       0.80932843442384705        24.601175527481029        50.987691368702365       0.44000953433539980        27.720600663130188        83.782459648776296        53.985845735469503              118           5
 ../1212_seed.dataconnected         117  0.34550215830177911       0.75916959095898462        40.423752521308153        88.822842142201196       0.38471993819248945        45.012232768521265        142.50613408587648        126.94465416716878              151           7
 ../1213_seed.dataconnected          38  0.33215351140765764       0.74822959542329648        12.621833433490991        28.432724626085268       0.36309496135969171        13.797608531668285        93.627291765733361        52.497600945589078               66           6
 ../1214_seed.dataconnected          76  0.30991518254455031       0.70129299933712452        23.553553873385823        53.298267949621462       0.34114311689366800        25.926876883918769        113.53038200379517        80.873138533494526              118          11
 ../1215_seed.dataconnected          91  0.39658970894548295       0.84150838165467212        36.089663514038946        76.577262730575157       0.42727717534258941        38.882222956175639        95.473959857952565        70.967281654387250              123           9
 ../1216_seed.dataconnected          94  0.31440092933418562       0.70769549487793415        29.553687357413448        66.523376518525808       0.34693270161140316        32.611673951471900        126.84585653000512        113.33810955511316              142           8
 ../1217_seed.dataconnected          63  0.32073777046391355       0.71115604604698079        20.206479539226553        44.802830900959790       0.35145960237104357        22.141954949375744        90.990277737752450        63.927041755474619              100           7
 ../1218_seed.dataconnected         113  0.38496008786828279       0.81671914316187155        43.500489929115957        92.289263177291488       0.42117699702337352        47.593000663641206        120.50690569940335        104.24209204422418              149           8
 ../1219_seed.dataconnected          98  0.35188743562487868       0.76874416945415003        34.484968691238109        75.336928606506703       0.39572152642427783        38.780709589579224        104.16274940060248        82.770442286100575              137          10
 ../1220_seed.dataconnected         127  0.33416209500877736       0.72786463329701745        42.438586066114723        92.438808428721217       0.37895464757899044        48.127240242531784        158.58106817058186        147.78476663585829              167          16
 ../1221_seed.dataconnected          61  0.29025844200951723       0.64668871976347586        17.705764962580552        39.448011905572031       0.34474176684645519        21.029247777633767        103.33275276229345        67.692341198663343               92           5
 ../1222_seed.dataconnected          77  0.34273432856097541       0.74942316737089332        26.390543299195105        57.705583887558788       0.41384850911071713        31.866335201525221        122.67948597283066        103.44888411492138               91           3
 ../1223_seed.dataconnected          54  0.34462447070458557       0.75119217086250911        18.609721418047620        40.564377226575495       0.38459477788429997        20.768118005752200        79.946485891958787        53.216418657205544               77          12
 ../1224_seed.dataconnected          55  0.30419480791133352       0.68180399476866316        16.730714435123343        37.499219712276471       0.38421136017438762        21.131624809591319        99.158615018505401        55.437740047402848               87           9
 ../1225_seed.dataconnected          74  0.35642174528472059       0.74076567305670227        26.375209151069324        54.816659806195965       0.41748312721201514        30.893751413689120        109.49742272304832        82.965328316731203              106           4
 ../1226_seed.dataconnected          95  0.35187461864686204       0.76750980003490554        33.428088771451897        72.913431003316020       0.38634212105605725        36.702501500325440        121.20503982271026        100.08202078691156              130           9
 ../1227_seed.dataconnected          96  0.40584732173364230       0.85731340838944559        38.961342886429662        82.302087205386783       0.44689273825244624        42.901702872234836        96.828582876428996        77.193988546758789              141           8
 ../1228_seed.dataconnected          99  0.36723799386067668       0.78956697363577488        36.356561392206991        78.167130389941718       0.41085402229062729        40.674548206772101        105.91920865404975        86.086618137947994              134           5
 ../1229_seed.dataconnected          64  0.34560335772161743       0.77313458998760831        22.118614894183516        49.480613759206932       0.38594592608872164        24.700539269678185        72.097505992098505        42.543642076230064              134          24
 ../1230_seed.dataconnected          68  0.35208911113462682       0.77864591879783818        23.942059557154625        52.947922478252998       0.37743738094277929        25.665741904108991        74.425890088236130        48.964709190602186              108           4
 ../1231_seed.dataconnected          39  0.35766018717314113       0.81752728348203474        13.948747299752505        31.883564055799354       0.38870427797656881        15.159466841086184        64.955955250506634        36.960079801265664               82           5
 ../1232_seed.dataconnected          62  0.33771109590754106       0.76256835217944186        20.938087946267547        47.279237835125393       0.37536968514163882        23.272920478781607        91.881728068735484        68.448056906021236               86           3
 ../1233_seed.dataconnected          97  0.36539157697631069       0.77990047128958795        35.442982966702139        75.650345715090026       0.40914897672769784        39.687450742586691        126.47763326021347        102.58985746012713              124           5
 ../1234_seed.dataconnected          69  0.37534703885952053       0.79969338094828424        25.898945681306916        55.178843285431611       0.42886147207518549        29.591441573187797        88.367755389923502        62.911080335673034              109          18
 ../1235_seed.dataconnected          78  0.32361363292300110       0.72410276673314711        25.241863367994085        56.480015805185474       0.37866607642054267        29.535953960802328        113.03293609322051        90.357567655077659              108           4
 ../1236_seed.dataconnected          93  0.35160674478314485       0.76726388112120403        32.699427264832472        71.355540944271979       0.38606567675222836        35.904107937957235        96.720987616136355        76.330513314540184              123           6
 ../1237_seed.dataconnected          69  0.33394239023044547       0.74716173715401468        23.042024925900737        51.554159863627014       0.38322049974211780        26.442214482206129        93.926166095152183        72.318077454684868              104           4
 ../1238_seed.dataconnected          59  0.33968273463401244       0.75376688416609505        20.041281343406734        44.472246165799611       0.39001032965415544        23.010609449595172        79.473597283804679        55.038266281839107              104           5
 ../1239_seed.dataconnected          52  0.29501054512308889       0.64500478964122687        15.340548346400622        33.540249061343800       0.33125583130841429        17.225303228037543        137.15299910504757        110.82128642620390               83           5
 ../1240_seed.dataconnected          94  0.35945999684389152       0.78182600951632641        33.789239703325805        73.491644894534687       0.39870013106065383        37.477812319701457        130.55475579773935        112.89796129321512              132          12
 ../1241_seed.dataconnected          97  0.36798721584335198       0.79221204501541198        35.694759936805141        76.844568366494968       0.41431422256217842        40.188479588531308        109.19024037066249        85.180479211020511              129          11
 ../1242_seed.dataconnected          70  0.34011872891049189       0.75004646415970877        23.808311023734433        52.503252491179616       0.35979651109737143        25.185755776815999        98.172205301398051        72.727581217658397              103           3
 ../1243_seed.dataconnected          82  0.36009002752872077       0.80350179426164248        29.527382257355104        65.887147129454689       0.38594390652784233        31.647400335283070        96.259410736553676        74.057960024676035              111           6
 ../1244_seed.dataconnected         113  0.37170122164059710       0.81204122998788741        42.002238045387472        91.760658988631278       0.40464318180011588        45.724679543413096        115.23341682229446        97.578976672624862              155          12
 ../1245_seed.dataconnected         117  0.36128874321494808       0.77780308397839337        42.270782956148928        91.002960825472030       0.39838245988085341        46.610747806059848        131.56665535016859        117.83333706080336              148           7
 ../1246_seed.dataconnected         101  0.38101651473169085       0.80961506180091791        38.482667987900776        81.771121241892715       0.42174960751986879        42.596710359506744        99.700054910695115        82.232981789186937              128           7
 ../1247_seed.dataconnected          93  0.39627109198611549       0.83121385623260835        36.853211554708743        77.302888629632577       0.44358328997075847        41.253245967280535        103.00136156006516        84.019043868021924              112           7
 ../1248_seed.dataconnected          67  0.33121233620129004       0.74043987036656467        22.191226525486432        49.609471314559833       0.35471747671163817        23.766070939679757        79.274651049608508        55.396269941028379              107          12
 ../1249_seed.dataconnected          66  0.36163582500287722       0.78075733211402298        23.867964450189895        51.529983919525520       0.40240878681701903        26.558979929923257        91.066871542448126        62.634659387677750               90           2
 ../1250_seed.dataconnected          33  0.33524775743998891       0.76916286041587656        11.063175995519634        25.382374393723925       0.37616969064290640        12.413599791215912        51.120705950847480        24.791084343576625               61           2
 ../1251_seed.dataconnected          39  0.32274894116451347       0.73104933782665449        12.587208705416025        28.510924175239523       0.36950319138611665        14.410624464058550        57.029225366688394        30.229337544215632               69           8
 ../1252_seed.dataconnected          30  0.34870466346325157       0.80590494343979002        10.461139903897546        24.177148303193700       0.36462941955612266        10.938882586683679        36.100275046867573        14.943383823864046               65           9
 ../1253_seed.dataconnected          85  0.35757703305884581       0.78686042877305884        30.394047810001894        66.883136445710008       0.40120569850857785        34.102484373229117        89.921034110141903        63.645033533567876              102           5
 ../1254_seed.dataconnected          93  0.32222700263277904       0.72308257811775689        29.967111244848450        67.246679764951395       0.35669497731580807        33.172632890370153        125.90886499172457        101.44945104676874              119           4
 ../1255_seed.dataconnected          44  0.29075272888643500       0.67555074436968809        12.793120071003139        29.724232752266275       0.34566857154448072        15.209417147957151        90.318075457598979        61.969878671082050               89           8
 ../1256_seed.dataconnected          69  0.36486219727917796       0.79863939377991544        25.175491612263279        55.106118170814163       0.39464321635504679        27.230381928498229        72.146842059712952        47.077550999156429              125          25
 ../1257_seed.dataconnected         102  0.39335429970633523       0.81505360969379126        40.122138570046197        83.135468188766708       0.42202600134357549        43.046652137044703        101.30883492681519        82.208226738265054              129           8
 ../1258_seed.dataconnected          93  0.34760269083464979       0.77875295116043886        32.327050247622431        72.424024457920808       0.40389457448145966        37.562195426775745        133.67770141553859        116.45156933549900              143           6
 ../1259_seed.dataconnected          91  0.27966521040156467       0.64282390521685373        25.449534146542383        58.496975374733687       0.31229773527482929        28.419093910009465        157.48364314011593        129.41730583026109              110           2
 ../1260_seed.dataconnected          72  0.34663975362847466       0.76167295043379724        24.958062261250177        54.840452431233402       0.39879450565950170        28.713204407484120        124.54737131274429        95.037511289547297              110           4
 ../1261_seed.dataconnected          87  0.35992241054691249       0.78315720042293868        31.313249717581385        68.134676436795672       0.40608845319736880        35.329695428171085        98.806003190698604        77.082618480417125              125           5
 ../1262_seed.dataconnected          94  0.41119487781585096       0.85938519469215480        38.652318514689988        80.782208301062553       0.45461658326706256        42.733958827103883        91.446901479056237        69.953445907584708              122           7
 ../1263_seed.dataconnected          96  0.38480766335273053       0.82380073093597006        36.941535681862135        79.084870169853133       0.40614321140844739        38.989748295210951        104.89043654511434        85.396105253126990              129           5
 ../1264_seed.dataconnected          85  0.38563408018342898       0.81348702353400448        32.778896815591466        69.146397000390380       0.42755371953356230        36.342066160352793        101.60136485086433        75.480624707821988              115           7
 ../1265_seed.dataconnected         107  0.38317008996613633       0.83180145553443008        40.999199626376587        89.002755742184021       0.42137462973501544        45.087085381646652        115.76793390903791        97.097496385275079              131           4
 ../1266_seed.dataconnected         112  0.38550025561553369       0.80442820555178851        43.176028628939775        90.095959021800311       0.42845109830542155        47.986523010207215        126.97359100922139        108.94325781601664              152           7
 ../1267_seed.dataconnected          90  0.39002841853386511       0.82937915349270497        35.102557668047858        74.644123814343445       0.43145967236230220        38.831370512607201        111.35580958540997        88.011929456706568              147          10
 ../1268_seed.dataconnected          79  0.37961144338578101       0.81427521708530415        29.989304027476699        64.327742149739024       0.41524872836902088        32.804649541152649        99.352288628440988        72.475714443658404              113           4
 ../1269_seed.dataconnected          46  0.31381747996635367       0.70196764529082811        14.435604078452268        32.290511683378092       0.36175541953115603        16.640749298433178        81.127308191462674        46.662411353364121               85           8
 ../1270_seed.dataconnected          61  0.34280711063869618       0.73605777458945743        20.911233748960466        44.899524249956904       0.39833558597428964        24.298470744431668        77.806310452595895        52.783602579385196               95           5
 ../1271_seed.dataconnected          86  0.34398004595613429       0.74716959829667484        29.582283952227549        64.256585453514035       0.38809121836260058        33.375844779183652        110.81994125236258        91.075068182796386              134           6
 ../1272_seed.dataconnected         101  0.35683069017747798       0.77131222928878829        36.039899707925279        77.902535158167623       0.40610630548139687        41.016736853621083        108.05892055606935        88.839380616434156              158          15
 ../1273_seed.dataconnected          84  0.38064122639800096       0.82251331848665976        31.973863017432080        69.091118752879424       0.41514976152195654        34.872579967844352        101.90528038510256        76.399342839415851              108           8
 ../1274_seed.dataconnected          50  0.35639951960233734       0.77384258612799250        17.819975980116869        38.692129306399622       0.41107420264439737        20.553710132219869        61.120708394824597        35.744873827674809               92           5
 ../1275_seed.dataconnected          43  0.34790162967621779       0.77674601738175597        14.959770076077366        33.400078747415506       0.39226912718966950        16.867572469155789        70.842238510096607        42.460759458894174               79           7
 ../1276_seed.dataconnected          79  0.29519513536513342       0.65472830051448172        23.320415693845540        51.723535740644053       0.33503067032392886        26.467422955590379        121.97089473054106        99.928849653275861              103           3
 ../1277_seed.dataconnected          33  0.34020051527039380       0.74110438951657331        11.226617003922996        24.456444854046918       0.43704501602743023        14.422485528905197        52.661822062182637        26.045738038653106               82          14
 ../1278_seed.dataconnected          50  0.34965617018628875       0.77551855823280891        17.482808509314438        38.775927911640444       0.42437814031988214        21.218907015994105        80.208424706545799        48.728497282399992               96           7
 ../1279_seed.dataconnected          86  0.36066752644413685       0.79986501577375757        31.017407274195769        68.788391356543144       0.40446863826639812        34.784302890910240        89.578704843690758        67.049742657167911              110           4
 ../1280_seed.dataconnected          50  0.36867137210054807       0.79046231419430690        18.433568605027403        39.523115709715348       0.41177456495205850        20.588728247602926        65.111979537023203        37.066895333760144               92           8
 ../1281_seed.dataconnected          69  0.29766662313357650       0.66790204275651444        20.538996996216778        46.085240950199498       0.35048826768810809        24.183690470479458        81.405704076763826        56.214103965704560              104           4
 ../1282_seed.dataconnected         107  0.40207905043821024       0.84121801187993672        43.022458396888496        90.010327271153230       0.44395523430275075        47.503210070394331        125.03754081096443        112.82999165772212              126           4
 ../1283_seed.dataconnected          72  0.36258855549951169       0.79635491569435146        26.106375995964843        57.337553929993305       0.40169098660451974        28.921751035525421        106.90153571461742        81.983167014059873              105           4
 ../1284_seed.dataconnected          47  0.30335953169870039       0.66492704047529116        14.257897989838918        31.251570902338685       0.33721489750890649        15.849100182918605        67.872275231010903        39.195937846225810              104           8
 ../1285_seed.dataconnected          59  0.31707399500088862       0.67804318663889140        18.707365705052428        40.004548011694595       0.37315593048538870        22.016199898637932        95.116236925710837        63.529099415637020               96           6
 ../1286_seed.dataconnected          50  0.33145515019080962       0.74653453438767681        16.572757509540480        37.326726719383842       0.36361246948051151        18.180623474025577        74.493389106474126        44.856474990510883               83           9
 ../1287_seed.dataconnected          53  0.33389109417341511       0.75599204720210922        17.696227991191002        40.067578501711786       0.37611820012738528        19.934264606751420        64.326602540359289        39.928772808521892               87          10
 ../1288_seed.dataconnected          57  0.26584542152883106       0.61973257272516202        15.153189027143370        35.324756645334233       0.31444802476346684        17.923537411517611        128.06048830156291        87.220346085600923               87           6
 ../1289_seed.dataconnected          67  0.36105501193067563       0.78332534118544428        24.190685799355268        52.482797859424764       0.43027265841314100        28.828268113680448        84.453819302218477        60.225971846399780              109          12
 ../1290_seed.dataconnected          98  0.38143567928028432       0.82479527144086795        37.380696569467865        80.829936601205063       0.41817136166681190        40.980793443347565        117.24307382924819        97.417423266604800              137           8
 ../1291_seed.dataconnected          74  0.34347617065748931       0.77802712454924505        25.417236628654209        57.574007216644134       0.39391279101965215        29.149546535454260        106.88659603917513        88.657696365390422              111           6
 ../1292_seed.dataconnected          79  0.33874223720220897       0.73406823521724329        26.760636738974508        57.991390582162218       0.38496504370304635        30.412238452540663        93.546953387939098        71.197939390499869              104           6
 ../1293_seed.dataconnected          96  0.36942466537049434       0.82327108213237021        35.464767875567460        79.034023884707537       0.39859598586559958        38.265214643097558        101.83201826019210        79.004416407854805              112           3
 ../1294_seed.dataconnected          82  0.33913333512634247       0.74911975645095041        27.808933480360082        61.427820028977933       0.36242119663511274        29.718538124079245        91.721238099955627        67.146482744653980              124           8
 ../1295_seed.dataconnected          40  0.25899938868152822       0.61126228352301593        10.359975547261129        24.450491340920635       0.29178999909945458        11.671599963978183        75.195766427079235        49.091637591075553               69           5
 ../1296_seed.dataconnected         114  0.36656206113090811       0.79090826328709773        41.788074968923524        90.163542014729146       0.41064996926278474        46.814096495957457        142.68523356507617        122.29567234594008              140           4
 ../1297_seed.dataconnected          75  0.37780412959130716       0.82794090719599456        28.335309719348036        62.095568039699593       0.43818296129853895        32.863722097390422        106.46978365572745        77.463412040788668              113           7
 ../1298_seed.dataconnected         119  0.34980129424493289       0.75838883517328470        41.626354015147015        90.248271385620882       0.37072541790237412        44.116324730382523        131.04209648872796        112.56354183357081              177          11
 ../1299_seed.dataconnected          88  0.35946126682479712       0.78578006881856410        31.632591480582146        69.148646056033641       0.38443082561976355        33.829912654539193        101.82155881431703        76.489556035014715              116           2
 ../1300_seed.dataconnected         116  0.33528306645213007       0.74739850137426866        38.892835708447087        86.698226159415171       0.37595228292725241        43.610464819561280        111.25563199136663        90.974871959433301              142           4
 ../1301_seed.dataconnected          42  0.39730576585565230       0.85401907145109868        16.686842165937396        35.868801000946142       0.42150321113198358        17.703134867543309        55.665554799735212        30.713258914654663               89           7
 ../1302_seed.dataconnected          86  0.36770989473332305       0.78217251534818277        31.623050947065781        67.266836319943721       0.40084996459668537        34.473096955314944        93.632851219533336        71.872711362346124              105           4
 ../1303_seed.dataconnected         103  0.34011220131630926       0.75676724389752259        35.031556735579855        77.947026121444821       0.38627292974638860        39.786111763878026        138.17329464976379        122.49692166010479              118           2
 ../1304_seed.dataconnected          58  0.28067930372095312       0.62952268550166701        16.279399615815279        36.512315759096687       0.32307473348105659        18.738334541901281        112.64722930653444        87.630170950145541               85           8
 ../1305_seed.dataconnected          87  0.38706645781759086       0.82273100109203956        33.674781830130406        71.577597095007448       0.41623028317867722        36.212034636544921        82.361263070045780        61.026613959612675              109           6
 ../1306_seed.dataconnected          96  0.32881411507529562       0.72745174468157847        31.566155047228378        69.835367489431533       0.38436593586474754        36.899129843015764        125.79182239749184        104.87480270072209              117           7
 ../1307_seed.dataconnected          79  0.32301945838297941       0.71479399347520733        25.518537212255374        56.468725484541380       0.36476701799283123        28.816594421433667        108.30186449301519        81.640232236397395              122           6
 ../1308_seed.dataconnected          56  0.27832501845734625       0.60793484009822507        15.586201033611390        34.044351045500605       0.33423419739361049        18.717115054042189        98.477812195205686        71.148315324317295               88           3
 ../1309_seed.dataconnected          55  0.36840198452273232       0.81373490317500696        20.262109148750277        44.755419674625387       0.38983402788964000        21.440871533930199        66.393337534222439        38.818400667963360              101          11
 ../1310_seed.dataconnected         104  0.33301716453284630       0.74079386420073357        34.633785111416017        77.042561876876292       0.37083253657860804        38.566583804175238        139.67896944492816        110.53759051482967              132           4
 ../1311_seed.dataconnected          93  0.37195532536841491       0.81340129353356272        34.591845259262584        75.646320298621333       0.40703620288395098        37.854366868207443        97.336598569244416        74.036490227123835              124           5
 ../1312_seed.dataconnected          82  0.36777544601412732       0.79854153802588579        30.157586573158440        65.480406118122630       0.40863906898734659        33.508403656962422        88.505579972371194        62.704983581575824              124           5
 ../1313_seed.dataconnected         104  0.36317615124115915       0.80396638637244755        37.770319729080555        83.612504182734540       0.40143384479853766        41.749119859047916        114.29869960133573        96.152023713521046              125           4
 ../1314_seed.dataconnected          90  0.33960167539441649       0.74266234016039745        30.564150785497485        66.839610614435770       0.38744348292000141        34.869913462800127        122.70036819157789        99.756454147170288              118           4
 ../1315_seed.dataconnected          53  0.33375997261698881       0.72370005847915531        17.689278548700408        38.356103099395234       0.36600563124224283        19.398298455838869        78.201636892974875        53.261787953120262               84           5
 ../1316_seed.dataconnected          61  0.28651661441724158       0.67363599870814017        17.477513479451737        41.091795921196550       0.32183591390422611        19.631990748157794        102.84171974556807        62.152858518144001               84           5
 ../1317_seed.dataconnected          37  0.39943810196757812       0.85053433959187952        14.779209772800391        31.469770564899541       0.45672415592577781        16.898793769253778        46.492397564199997        23.709871346669555               97           5
 ../1318_seed.dataconnected         102  0.36474830625532201       0.76028952410191819        37.204327238042843        77.549531458395649       0.40515722021492045        41.326036461921888        107.09528790516423        84.786921476017895              132           5
 ../1319_seed.dataconnected          56  0.37121881934107354       0.82500922987089598        20.788253883100118        46.200516872770173       0.41082482073460258        23.006189961137743        68.503084706512652        44.579540453228610               90           6
 ../1320_seed.dataconnected          42  0.34137529690934615       0.75883336099201604        14.337762470192539        31.871001161664672       0.39855664662464979        16.739379158235291        50.518605267149979        27.628227979618966               84           6
 ../1321_seed.dataconnected          68  0.33511834141376262       0.71815699769640406        22.788047216135858        48.834675843355477       0.39773204221460740        27.045778870593303        106.71540280973406        78.911849250541920              111           4
 ../1322_seed.dataconnected          74  0.35203059076183402       0.77008473250321252        26.050263716375717        56.986270205237730       0.39232711748189736        29.032206693660406        92.508452501133988        62.577487024636980              115           8
 ../1323_seed.dataconnected         129  0.39191063133410836       0.83218857998991880        50.556471442099976        107.35232681869952       0.43761124287105685        56.451850330366334        119.58983245238042        107.09392765088550              166           9
 ../1324_seed.dataconnected          54  0.34767927218304856       0.76851768811330023        18.774680697884623        41.499955158118212       0.37262801322591260        20.121912714199279        73.254945542815008        46.441698744189196               85           7
 ../1325_seed.dataconnected         105  0.35242199959011811       0.77132070209013848        37.004309956962402        80.988673719464543       0.38744865868504447        40.682109161929667        122.93142907054678        104.98872666333885              143           9
 ../1326_seed.dataconnected          73  0.34627303853262076       0.73612670803999258        25.277931812881317        53.737249686919462       0.40775589933874112        29.766180651728103        100.98835393811751        73.689872924905828              118           7
 ../1327_seed.dataconnected          28  0.28859218178124935       0.67410828418888802        8.0805810898749826        18.875031957288865       0.36353003807625900        10.178841066135252        67.387658802407074        34.236688739118023               71           9
 ../1328_seed.dataconnected          97  0.30860399736366756       0.68857098686233342        29.934587744275753        66.791385725646336       0.35076683524088736        34.024383018366073        131.19217201413343        114.08672259327929              130           9
 ../1329_seed.dataconnected         104  0.35254637440310432       0.78269878072224075        36.664822937922850        81.400673195113043       0.39380403561574151        40.955619704037119        113.35614171990738        88.063429837334439              151          11
 ../1330_seed.dataconnected          47  0.30044177746699402       0.68928693360754079        14.120763540948719        32.396485879554419       0.36030737282733438        16.934446522884716        74.183504247836723        46.593296701165755               98           9
 ../1331_seed.dataconnected          86  0.38651910666470229       0.81692092673080752        33.240643173164401        70.255199698849452       0.42600989367838504        36.636850856341113        103.68003797864334        75.984882651976875              111           5
 ../1332_seed.dataconnected          53  0.39651439241727870       0.85146315854887444        21.015262798115771        45.127547403090347       0.43692258112684512        23.156896799722791        61.297232427074405        36.961118102701775              107           7
 ../1333_seed.dataconnected          98  0.37026071129246485       0.81164786295811986        36.285549706661556        79.541490569895743       0.41354834861108586        40.527738163886411        102.56282894132980        81.374918832984747              130           9
 ../1334_seed.dataconnected          71  0.33419953050442724       0.72903314720559376        23.728166665814335        51.761353451597159       0.37459763377478505        26.596431998009738        105.13401518519215        76.350672829651629              111           8
 ../1335_seed.dataconnected          99  0.36407526860231793       0.77581845562639351        36.043451591629477        76.806027107012952       0.39331780345930312        38.938462542471008        118.24695476905407        98.761515962320644              136           7
 ../1336_seed.dataconnected          92  0.37296101375911933       0.80401627122071162        34.312413265838977        73.969496952305462       0.40742711927920183        37.483294973686569        94.155152695568404        74.866374894812907              126           4
 ../1337_seed.dataconnected          60  0.34176393833615870       0.76633052272760716        20.505836300169523        45.979831363656430       0.40075276143258021        24.045165685954814        86.615099613198723        60.814504201557284              103          11
 ../1338_seed.dataconnected          59  0.37507565571954776       0.80696097577348891        22.129463687453317        47.610697570635843       0.40845712847245358        24.098970579874763        69.765147829248221        44.653807648602672               80           3
 ../1339_seed.dataconnected         106  0.36933261400518275       0.76923920674906687        39.149257084549369        81.539355915401089       0.40095929148195630        42.501684897087365        119.23449532136095        102.02616768192505              135           5
 ../1340_seed.dataconnected          54  0.39291037383525312       0.84247312769654104        21.217160187103669        45.493548895613216       0.42747909088526503        23.083870907804311        73.384980193697260        47.847445515828753              118           8
 ../1341_seed.dataconnected          82  0.29464409975008859       0.64370248811028352        24.160816179507265        52.783604025043246       0.34449395793684845        28.248504550821572        106.67591970237162        85.587489443196915              129           9
 ../1342_seed.dataconnected          61  0.37010735780720794       0.79626258377179904        22.576548826239684        48.572017610079740       0.39237496651300741        23.934872957293450        74.101179833340225        49.774944266399842               79           9
 ../1343_seed.dataconnected          92  0.35351775801257573       0.76179266056359485        32.523633737156970        70.084924771850723       0.39826593874046917        36.640466364123164        110.01766776057737        93.075105789643786              122           5
 ../1344_seed.dataconnected          83  0.36601580798499006       0.78406017118152693        30.379312062754174        65.076994208066736       0.42031638090456025        34.886259615078501        97.922699776056774        78.875407566497245              119           9
 ../1345_seed.dataconnected          90  0.35710992140854259       0.78922240913905128        32.139892926768830        71.030016822514611       0.38787209566270220        34.908488609643200        119.99433593793118        101.35920997754248              126           6
 ../1346_seed.dataconnected          95  0.37194919275977983       0.80751214727352294        35.335173312179087        76.713653990984682       0.40541294912196146        38.514230166586337        103.49668170391384        82.625687030049988              147           8
 ../1347_seed.dataconnected         102  0.34023392979403561       0.73737682703578034        34.703860838991631        75.212436357649594       0.38310142066468145        39.076344907797505        137.54371641517099        123.87200343991098              159          13
 ../1348_seed.dataconnected          64  0.34711003379568628       0.77856828351230334        22.215042162923922        49.828370144787414       0.39599199923667328        25.343487951147090        79.072366037962809        54.178656228282478              111          21
 ../1349_seed.dataconnected          26  0.31748974838026700       0.73847624585353000        8.2547334578869425        19.200382392191781       0.39540468459077727        10.280521799360208        46.756225711441026        18.118251999145471              108          14
 ../1350_seed.dataconnected         101  0.35264224743613687       0.78908663960732672        35.616866991049825        79.697750600340001       0.37913110172133457        38.292241273854792        123.24082623857511        99.327567401534054              135           5
 ../1351_seed.dataconnected          56  0.38921323806617247       0.81647478209056634        21.795941331705659        45.722587797071718       0.43838712577683103        24.549679043502536        71.954826038108465        47.099849376299190               91           4
 ../1352_seed.dataconnected          79  0.29712748163244584       0.67846318408551398        23.473071048963220        53.598591542755607       0.36466702388515226        28.808694886927029        152.24038777916905        120.90422073384407              102           6
 ../1353_seed.dataconnected          70  0.34744954366392589       0.76768931427865472        24.321468056474814        53.738251999505827       0.38767551264097533        27.137285884868273        91.709899979913160        69.139664988898616               97           4
 ../1354_seed.dataconnected          84  0.33796226588826567       0.73984169013579182        28.388830334614315        62.146701971406515       0.38056721656604925        31.967646191548138        86.431176417976786        65.325263135497835              103           3
 ../1355_seed.dataconnected          94  0.36665747303123353       0.77952536414925389        34.465802464935955        73.275384230029871       0.39788975675997929        37.401637135438051        96.305680526139113        71.536199504417525              126           6
 ../1356_seed.dataconnected          57  0.27623068911819643       0.61044106669645093        15.745149279737197        34.795140801697706       0.35340185292217863        20.143905616564183        91.576357335993706        60.803749560806438              111          12
 ../1357_seed.dataconnected         103  0.32593577442689958       0.71898570355957714        33.571384765970656        74.055527466636448       0.36540928864001093        37.637156729921124        103.75900871269761        86.063546015366882              147          13
 ../1358_seed.dataconnected          62  0.34823000768677037       0.75677392903839580        21.590260476579765        46.919983600380540       0.38518508992597944        23.881475575410725        75.537208231027520        52.293391413369207              106           8
 ../1359_seed.dataconnected         132  0.35933841555117135       0.78036833667216376        47.432670852754619        103.00862044072562       0.39922406607762695        52.697576722246758        129.44736394898638        115.07147498471936              174           8
 ../1360_seed.dataconnected          78  0.33305060462822350       0.74936061159291167        25.977947161001435        58.450127704247109       0.36130398047037310        28.181710476689101        84.966817761533008        59.786541012903299              111           4
 ../1361_seed.dataconnected          72  0.35481207280769506       0.78152108443676294        25.546469242154043        56.269518079446932       0.40199974395512234        28.943981564768809        96.381691147962059        70.165121168208117              143          19
 ../1362_seed.dataconnected         121  0.36976952128926183       0.79277733028864295        44.742112076000680        95.926056964925792       0.41071985573281106        49.697102543670141        120.10853982524490        104.30106079398428              152           7
 ../1363_seed.dataconnected          64  0.32730196103902476       0.72834556016516372        20.947325506497585        46.614115850570478       0.35537022049286854        22.743694111543586        80.014676523273266        53.784895231615096               98           4
 ../1364_seed.dataconnected          57  0.34326402274412160       0.75752878560733605        19.566049296414931        43.179140779618152       0.36681972923971301        20.908724566663640        69.772503082830980        45.378072909976893              100           7
 ../1365_seed.dataconnected         126  0.35203978792694829       0.76179281778244856        44.357013278795485        95.985895040588517       0.39904127393428968        50.279200515720497        137.91016845316878        129.11575759835284              164          10
 ../1366_seed.dataconnected          43  0.24618924167219014       0.54542603041302840        10.586137391904176        23.453319307760221       0.30151772093371365        12.965262000149687        85.472986099336822        53.910027017944230               69           5
 ../1367_seed.dataconnected          81  0.31443952255686730       0.68621693802966788        25.469601327106250        55.583571980403100       0.38269627924359784        30.998398618731425        119.81041878679133        93.503537593141758              103           3
 ../1368_seed.dataconnected          71  0.30351266854597575       0.68051873740531499        21.549399466764278        48.316830355777363       0.33492827583878942        23.779907584554049        89.954417611019778        67.705556937492787              110           8
 ../1369_seed.dataconnected          55  0.33117258073919037       0.74241366842882417        18.214491940655471        40.832751763585328       0.39296313459683102        21.612972402825704        85.246933914095663        55.781009057098707               82           5
 ../1370_seed.dataconnected          52  0.32074152300759812       0.69171906420284135        16.678559196395103        35.969391338547752       0.37669631650644481        19.588208458335131        86.842952803257276        55.963105004611592               82           5
 ../1371_seed.dataconnected          66  0.24943352857421547       0.57359598250085730        16.462612885898221        37.857334845056585       0.30711790700608865        20.269781862401850        103.58175462723959        76.368610513414794               99           4
 ../1372_seed.dataconnected          98  0.37911033398695404       0.82588108016228690        37.152812730721493        80.936345855904122       0.41368627578248662        40.541255026683686        109.25486876190190        87.746026158862151              134           6
 ../1373_seed.dataconnected         102  0.34188301167844687       0.74778275036555797        34.872067191201580        76.273840537286915       0.38158211320661761        38.921375547074994        138.28318888317071        129.41015914389581              123           3
 ../1374_seed.dataconnected         108  0.36392804816782992       0.78725416781629876        39.304229202125633        85.023450124160263       0.40595456797649249        43.843093341461191        118.29840766366466        102.58866558658484              135           7
 ../1375_seed.dataconnected          50  0.31794346534219436       0.72288364381134063        15.897173267109718        36.144182190567030       0.36010828063962536        18.005414031981267        77.625988812762898        47.898894732037398               78           6
 ../1376_seed.dataconnected          60  0.32931520032322464       0.73623688176924573        19.758912019393478        44.174212906154743       0.34752117756236239        20.851270653741743        91.898028714585891        56.083253607286636               99           7
 ../1377_seed.dataconnected          85  0.36692082331372389       0.80754934860881211        31.188269981666529        68.641694631749033       0.38508201666232156        32.731971416297334        112.26670015737949        90.664791870359551              122           9
 ../1378_seed.dataconnected          29  0.35091773717218011       0.76314997688866870        10.176614377993223        22.131349329771393       0.39854048356476596        11.557674023378214        41.225609450927536        18.402806361228855               64          13
 ../1379_seed.dataconnected         125  0.35162738492628853       0.77273556117739561        43.953423115786066        96.591945147174457       0.38565921601632563        48.207402002040702        140.12652838748696        133.45305131074230              160          11
 ../1380_seed.dataconnected         111  0.34893692254070668       0.76910888484240048        38.731998402018441        85.371086217506459       0.38029988854489843        42.213287628483727        112.06036089024283        94.548523230952100              144           3
 ../1381_seed.dataconnected          82  0.36153225707118752       0.75527372656897940        29.645645079837376        61.932445578656314       0.41108353374931556        33.708849767443873        116.41107388207533        88.132011605839267              108           3
 ../1382_seed.dataconnected         103  0.34920549978613968       0.76325619911332765        35.968166477972389        78.615388508672751       0.39294646893791280        40.473486300605018        132.94572463460526        115.29464271889276              134           6
 ../1383_seed.dataconnected          95  0.35337496207993468       0.76383308870509881        33.570621397593797        72.564143426984387       0.39656316008203146        37.673500207792991        108.98480788435856        85.571738053644822              141           8
 ../1384_seed.dataconnected          70  0.34497131505602691       0.77516538660675882        24.147992053921882        54.261577062473116       0.40046828650784755        28.032780055549328        104.69317432775105        73.144938926538970               94           4
 ../1385_seed.dataconnected         117  0.36465565661551469       0.78270581112678506        42.664711824015221        91.576579901833853       0.40948895779204614        47.910208061669401        140.03243639327329        122.79938510277790              161           6
 ../1386_seed.dataconnected          82  0.34794571239549593       0.75957753404260375        28.531548416430667        62.285357791493510       0.39561406642104779        32.440353446525918        86.621978613737312        63.004419177881338              125          11
 ../1387_seed.dataconnected          77  0.36017563465640839       0.78026086171142139        27.733523868543447        60.080086351779450       0.41456707471574988        31.921664753112740        83.872135467660001        56.889286773596226              122           7
 ../1388_seed.dataconnected          73  0.38202886726027246       0.83278140673149703        27.888107309999889        60.793042691399286       0.42650503183190297        31.134867323728916        92.972454461909464        65.040171165410001              118          12
 ../1389_seed.dataconnected          71  0.32961163091835333       0.73057563866433639        23.402425795203087        51.870870345167887       0.39727907795779621        28.206814535003531        108.62311862122651        81.128259373241363              123          10
 ../1390_seed.dataconnected          59  0.34005830717841135       0.72323339803963649        20.063440123526270        42.670770484338554       0.41173266946927689        24.292227498687335        110.71528867609118        70.267385081608438               91           6
 ../1391_seed.dataconnected         103  0.37114111812312117       0.80836051438990153        38.227535166681484        83.261132982159864       0.40711647478421814        41.932996902774470        115.85221380977140        97.967589114377574              139           5
 ../1392_seed.dataconnected          48  0.28205900355899333       0.62539202892951251        13.538832170831679        30.018817388616601       0.33100570639354937        15.888273906890369        113.00841382730538        82.081487971454251               81           5
 ../1393_seed.dataconnected          68  0.31346565057753506       0.71393708903836561        21.315664239272383        48.547722054608862       0.35844699448331607        24.374395624865492        123.13485852144120        104.67398514300314              112           8
 ../1394_seed.dataconnected          70  0.39482406427888972       0.83879163621267372        27.637684499522280        58.715414534887159       0.41916323886999129        29.341426720899392        87.134453204792081        56.665808185155058               92           2
 ../1395_seed.dataconnected          64  0.39287077313336471       0.82691677470738190        25.143729480535342        52.922673581272441       0.43983659204136849        28.149541890647583        70.060035173868428        42.636187706710444              101           6
 ../1396_seed.dataconnected         100  0.37062383457380682       0.78800842908974189        37.062383457380683        78.800842908974190       0.42654014869059736        42.654014869059736        128.75573703886519        113.45873389280703              133           5
 ../1397_seed.dataconnected          81  0.38059666071814191       0.82724521859923406        30.828329518169493        67.006862706537959       0.41745055641317241        33.813495069466967        95.425752199542202        74.384677122166366               95           3
 ../1398_seed.dataconnected          94  0.34402881610180908       0.75531116177391389        32.338708713570050        70.999249206747905       0.37914569107496310        35.639694961046530        117.30239797585098        97.750150656150097              134           9
 ../1399_seed.dataconnected          79  0.36451649322150187       0.79044871988611698        28.796802964498649        62.445448871003244       0.41231028492029709        32.572512508703468        105.31062963557289        79.854430721770527              122          14
 ../1400_seed.dataconnected          88  0.33047907142117838       0.72710591506691469        29.082158285063699        63.985320525888490       0.36676093743040783        32.274962493875890        100.32086289713901        81.772927519992251              124           9
 ../1401_seed.dataconnected         123  0.31911184400992215       0.69324382611447488        39.250756813220427        85.268990612080415       0.34873126806786325        42.893945972347183        126.72831749054636        113.46813350327284              175           8
 ../1402_seed.dataconnected          85  0.36519181959173214       0.80238244424863847        31.041304665297233        68.202507761134271       0.39556039556134820        33.622633622714595        88.199337092395680        67.218595569024487              114           4
 ../1403_seed.dataconnected          42  0.29797976696210815       0.69113526334837905        12.515150212408543        29.027681060631920       0.33204799769154120        13.946015903044730        60.173291519058246        30.514147152852878               86          14
 ../1404_seed.dataconnected          74  0.35754795153305186       0.76944997961928485        26.458548413445836        56.939298491827081       0.41054264907781529        30.380156031758332        87.747355223421422        63.264301873381598              103           5
 ../1405_seed.dataconnected          51  0.35842135426593746       0.79011601510316765        18.279489067562810        40.295916770261549       0.40201764105917914        20.502899694018137        61.359221471827745        35.781421740509430               80           4
 ../1406_seed.dataconnected          91  0.35608849119483049       0.77372893722490887        32.404052698729572        70.409333287466708       0.40332345650256707        36.702434541733602        132.28575632308500        108.69006054718103              146           8
 ../1407_seed.dataconnected          81  0.38948696016579976       0.84156769343399707        31.548443773429781        68.166983168153763       0.43043229131270389        34.865015596329016        86.844564942200847        63.745334450988629              143          10
 ../1408_seed.dataconnected          67  0.36373621715863141       0.78385376884653701        24.370326549628306        52.518202512717977       0.41401668976070116        27.739118213966979        95.969699382108800        64.421508830286896               92           3
 ../1409_seed.dataconnected          60  0.35984543217066406       0.77792398725436007        21.590725930239845        46.675439235261607       0.43605775640485683        26.163465384291410        85.701514489259154        58.694462725984906               92          15
 ../1410_seed.dataconnected          47  0.31810691697333582       0.71095935114479736        14.951025097746783        33.415089503805476       0.34840777642552256        16.375165491999560        83.681154742397709        51.514131915514440               71           4
 ../1411_seed.dataconnected          91  0.32733516731432122       0.73984743050041812        29.787500225603232        67.326116175538047       0.36599902769784048        33.305911520503486        112.29485847039061        91.558669295129974              129           7
 ../1412_seed.dataconnected          17  0.35116040594644199       0.79498468144762113        5.9697269010895138        13.514739584609559       0.39913698063183156        6.7853286707411362        17.922919797852018        5.0458603486598488               77          12
 ../1413_seed.dataconnected         107  0.35373527932348564       0.76398682691309128        37.849674887612963        81.746590479700771       0.40390903218078433        43.218266443343921        143.32121025552496        123.42950836822607              140           3
 ../1414_seed.dataconnected          89  0.35797481634294048       0.76899175823010901        31.859758654521702        68.440266482479700       0.38290187655412466        34.078267013317095        111.50585428540714        92.809123058462546              111           4
 ../1415_seed.dataconnected          57  0.33382918299329495       0.73062663682261930        19.028263430617812        41.645718298889300       0.36924367435371636        21.046889438161831        85.264437415738101        53.723740179882697              103          12
 ../1416_seed.dataconnected          96  0.30591003521284449       0.68623425121023762        29.367363380433069        65.878488116182808       0.32864610532483046        31.550026111183726        106.53413165827138        81.924606971312983              129           3
 ../1417_seed.dataconnected          61  0.37341211959703391       0.79300345518101756        22.778139295419070        48.373210766042071       0.39272811594298379        23.956415072522010        69.162179172709500        43.126483995292588              110           8
 ../1418_seed.dataconnected          68  0.39045640372418433       0.81510302992309136        26.551035453244534        55.427006034770216       0.44019823890812099        29.933480245752229        99.122317489324118        66.495757246614943               94           2
 ../1419_seed.dataconnected          59  0.41745925525445332       0.87874292948602073        24.630096060012747        51.845832839675225       0.46657971712270746        27.528203310239739        62.595302043859284        38.553371815251971              101          10
 ../1420_seed.dataconnected          45  0.33892437321542790       0.75136449464163069        15.251596794694255        33.811402258873379       0.38435210323204605        17.295844645442074        70.003940539003054        42.045464653067889               65           2
 ../1421_seed.dataconnected          50  0.37987878189299890       0.81439492935625679        18.993939094649946        40.719746467812840       0.46231506094749658        23.115753047374827        79.789198919251419        51.484836173580348               88           8
 ../1422_seed.dataconnected          61  0.36187352314797222       0.79546177619755887        22.074284912026304        48.523168348051094       0.40319630106345489        24.594974364870748        73.388101101958171        48.659241566082947               88           4
 ../1423_seed.dataconnected          75  0.35028732048197248       0.76820507787174719        26.271549036147935        57.615380840381036       0.37746142896273355        28.309607172205016        107.51188577740612        85.815290718662112              102           5
 ../1424_seed.dataconnected          97  0.34872114727678311       0.73702576029614408        33.825951285847964        71.491498748725974       0.40903184028572898        39.676088507715711        106.15246716124483        86.761882193764350              145          10
 ../1425_seed.dataconnected         115  0.36520538654076717       0.78816340335804647        41.998619452188223        90.638791386175342       0.39274543580528642        45.165725117607941        116.47721282257520        101.52586627964153              151           5
 ../1426_seed.dataconnected          90  0.31826961832678979       0.71816708311718946        28.644265649411082        64.635037480547055       0.36648836927779560        32.983953235001607        133.38383662275785        107.57268416263479              112           4
 ../1427_seed.dataconnected          83  0.40138224239308490       0.84630396702537425        33.314726118626048        70.243229263106059       0.45118817991147120        37.448618932652110        91.996360733274273        67.455697465638494              131          13
 ../1428_seed.dataconnected          76  0.38248323138620932       0.83939331124003791        29.068725585351910        63.793891654242884       0.41350471736380845        31.426358519649440        75.623098106982553        50.989893326695295               99           4
 ../1429_seed.dataconnected          48  0.32131048757662839       0.70273737968888772        15.422903403678163        33.731394225066609       0.38710103684707392        18.580849768659547        84.355162636588460        51.070638366259701               95           9
 ../1430_seed.dataconnected         103  0.37581100013170116       0.78925437040362101        38.708533013565216        81.293200151572961       0.42938569254696590        44.226726332337485        136.04007389053231        119.36923859845450              129           9
 ../1431_seed.dataconnected          44  0.33737679901235845       0.79095690749153036        14.844579156543771        34.802103929627336       0.38310564055995683        16.856648184638100        60.565692874192841        35.783414574335843               69           3
 ../1432_seed.dataconnected          78  0.37270177211823846       0.81126655446738183        29.070738225222598        63.278791248455782       0.41821597658810195        32.620846173871954        109.62609086839370        82.769158868138547              134           6
 ../1433_seed.dataconnected         128  0.36202436893960105       0.77917736241100999        46.339119224268934        99.734702388609279       0.39776016363191818        50.913300944885528        152.99099677545806        146.86000710178874              161           7
 ../1434_seed.dataconnected         122  0.34450359518187601       0.74278883598292178        42.029438612188876        90.620237989916461       0.39670227421605342        48.397677454358515        157.68729250185160        149.58026513098972              164           4
 ../1435_seed.dataconnected          72  0.37336193408600687       0.80824396789186659        26.882059254192495        58.193565688214392       0.41084033686764282        29.580504254470284        79.324968425683238        53.979012828750328              104           6
 ../1436_seed.dataconnected          96  0.36914336242282714       0.81112540615121520        35.437762792591407        77.868038990516652       0.42022799884683165        40.341887889295840        104.80940942077501        82.146141859077446              129           4
 ../1437_seed.dataconnected          66  0.36477738691572220       0.80135346127665108        24.075307536437666        52.889328444258972       0.38524846175713057        25.426398475970618        83.340496733682201        59.995453793356020               87           3
 ../1438_seed.dataconnected          71  0.30903811272050108       0.69359636107802813        21.941706003155577        49.245341636539997       0.37468196460312875        26.602419486822143        123.40885271761057        81.965298788326123              103           5
 ../1439_seed.dataconnected          43  0.32909380745504557       0.74741646808521800        14.151033720566959        32.138908127664372       0.35809389047823575        15.398037290564137        69.078151234074028        43.224128774785072              107          25
 ../1440_seed.dataconnected         119  0.33668459495724695       0.75443400541322769        40.065466799912386        89.777646644174098       0.36329290368554251        43.231855538579559        141.73340817661563        125.69873515599501              132           4
 ../1441_seed.dataconnected          60  0.36087830398733289       0.75218303013909604        21.652698239239974        45.130981808345766       0.43499376144407537        26.099625686644522        91.643310793696074        58.680588012217854               96           7
 ../1442_seed.dataconnected         108  0.35641961243999237       0.77551818977607589        38.493318143519176        83.755964495816201       0.39896974902569721        43.088732894775298        140.50904193354845        121.99633751371023              148           6
 ../1443_seed.dataconnected          56  0.35447787085624838       0.77659842420450498        19.850760767949907        43.489511755452277       0.39701416169306664        22.232793054811733        70.455739507993272        42.755506083078679               91           4
 ../1444_seed.dataconnected          34  0.32651443958348375       0.70951939053821833        11.101490945838448        24.123659278299424       0.38495707045335692        13.088540395414135        65.393689009582857        36.926639417794647               82          11
 ../1445_seed.dataconnected          88  0.33851685709955215       0.75077468591160545        29.789483424760590        66.068172360221283       0.39507957793451826        34.767002858237603        115.05046420820554        87.561171528661006              141          22
 ../1446_seed.dataconnected          87  0.30371285102873091       0.65225351593241654        26.423018039499588        56.746055886120239       0.37764013740618890        32.854691954338435        187.63772327383199        142.98045712794624              108           5
 ../1447_seed.dataconnected          54  0.37040760228829972       0.78439387589723020        20.002010523568185        42.357269298450433       0.42851783101311652        23.139962874708292        67.774879576906201        37.312874251630717               99           9
 ../1448_seed.dataconnected          34  0.28289657367128718       0.62508015283696206        9.6184835048237645        21.252725196456709       0.39865960644602283        13.554426619164776        77.137521936033409        38.681220052944553               82           5
 ../1449_seed.dataconnected          11  0.31682014801969488       0.79235459600785074        3.4850216282166437        8.7159005560863587       0.34738147746954684        3.8211962521650151        14.407496110332783        3.6108064133422504               53           4
 ../1450_seed.dataconnected          24  0.41492504011619769       0.88120133935287470        9.9582009627887444        21.148832144468994       0.47739564778727761        11.457495546894663        27.777931417029443        9.7332842045079051               74           7
 ../1451_seed.dataconnected         102  0.40066750140202145       0.83980198127986438        40.868085143006191        85.659802090546165       0.43840223421167973        44.717027889591336        111.76000555120362        92.337196497242928              136           5
 ../1452_seed.dataconnected          80  0.32339727174127825       0.71096160809359144        25.871781739302261        56.876928647487318       0.36600277649985979        29.280222119988785        107.32977288575242        88.847242397170916              100           4
 ../1453_seed.dataconnected          82  0.35459290119827569       0.78013229644740345        29.076617898258608        63.970848308687081       0.38498348487826750        31.568645760017937        87.789186216098159        61.727977610065778              112           5
 ../1454_seed.dataconnected         125  0.35146375314010414       0.77476123845690659        43.932969142513016        96.845154807113317       0.39184834741816638        48.981043427270798        129.16903890073360        117.29139853996956              153           4
 ../1455_seed.dataconnected          74  0.30968585002684096       0.71347608876746726        22.916752901986232        52.797230568792578       0.35578583806715036        26.328152016969128        99.390329981491959        69.408130909536268              106          11
 ../1456_seed.dataconnected          86  0.35038864449141294       0.74028944286753895        30.133423426261512        63.664892086608347       0.40801438909830362        35.089237462454115        119.93663675610888        97.438290707926399              104           5
 ../1457_seed.dataconnected          62  0.33436728406965710       0.73300882484535945        20.730771612318740        45.446547140412285       0.37216328315690045        23.074123555727827        82.917358996088154        58.075223005666331               99           4
 ../1458_seed.dataconnected          82  0.32145201900536335       0.73830267520256165        26.359065558439795        60.540819366610059       0.36459374893529334        29.896687412694053        130.94853561048859        112.48702983927710              107           9
 ../1459_seed.dataconnected          71  0.36388319111989831       0.81803879368377708        25.835706569512780        58.080754351548173       0.39391450095974945        27.967929568142210        87.958425169479469        62.160584171971067              121           4
 ../1460_seed.dataconnected          80  0.33530542456650264       0.74495306449652177        26.824433965320210        59.596245159721740       0.36473101167099864        29.178480933679893        84.422919696213697        56.594919594674060              118           7
 ../1461_seed.dataconnected          82  0.34288776794395781       0.77354028491562143        28.116796971404540        63.430303363080959       0.38507897023657928        31.576475559399501        103.35648269087419        83.992721742023406              145           9
 ../1462_seed.dataconnected          55  0.36820672914727193       0.80497941019485353        20.251370103099955        44.273867560716944       0.39386183033330185        21.662400668331603        60.241196538453735        34.539992420259146              125          33
 ../1463_seed.dataconnected          78  0.41284174729228590       0.86497124537135783        32.201656288798297        67.467757138965908       0.43634650321975638        34.035027251140995        79.320160904927533        56.172757887469238              104           6
 ../1464_seed.dataconnected          78  0.30246380647677362       0.67813830180317192        23.592176905188342        52.894787540647407       0.33131571586534880        25.842625837497206        110.82525106835691        89.836070506119526              103           7
 ../1465_seed.dataconnected         104  0.37963016907915181       0.81976181563648731        39.481537584231788        85.255228826194681       0.40009212986885884        41.609581506361316        99.466580974597846        78.169808173243183              148          12
 ../1466_seed.dataconnected          67  0.37126999087061752       0.79687976866954413        24.875089388331375        53.390944500859455       0.41185420977116255        27.594232054667891        75.508066112550409        51.970777345001054              106           9
 ../1467_seed.dataconnected          63  0.23124316862851355       0.51775410050784376        14.568319623596354        32.618508331994157       0.26751493409947497        16.853440848266924        113.69351200079403        78.779622991110116               87           6
 ../1468_seed.dataconnected         119  0.34261940590680262       0.74241811782659850        40.771709302909514        88.347756021365228       0.39847838906942012        47.418928299260998        154.23864522480378        139.36370534198520              157           8
 ../1469_seed.dataconnected          69  0.36485255970306357       0.78711101788485272        25.174826619511386        54.310660234054836       0.40377561632679487        27.860517526548847        79.937745802906761        52.318772263867906              132          13
 ../1470_seed.dataconnected          95  0.33966907856546974       0.74669585077593559        32.268562463719626        70.936105823713888       0.38078680294714018        36.174746279978315        149.88163730856490        144.21112777793505              143           8
 ../1471_seed.dataconnected          48  0.36196250581094003       0.79805358201480858        17.374200278925123        38.306571936710810       0.39764778843272675        19.087093844770884        60.059214493749451        35.687983515550158               79           9
 ../1472_seed.dataconnected          68  0.38446651696218054       0.81942875521299574        26.143723153428276        55.721155354483713       0.42317903142542806        28.776174136929107        76.519736323390958        49.813883785008350              107           8
 ../1473_seed.dataconnected          93  0.36791710172988262       0.79260579166112000        34.216290460879087        73.712338624484161       0.40573621641341867        37.733468126447939        109.71213494622644        88.494382252653509              133           6
 ../1474_seed.dataconnected          97  0.36552888180366416       0.78709918676568458        35.456301534955422        76.348621116271403       0.40148973144810363        38.944503950466050        95.383938597990991        75.222301760706785              152           7
 ../1475_seed.dataconnected          65  0.37337026170501991       0.81667061907651650        24.269067010826294        53.083590239973574       0.42942201770193567        27.912431150625817        83.509047991064605        57.503060339814020               94           8
 ../1476_seed.dataconnected          63  0.34500450372860308       0.72453034061253418        21.735283734901994        45.645411458589656       0.39222927901954935        24.710444578231609        91.211153160074701        61.964857409724601               84           2
 ../1477_seed.dataconnected         105  0.38275326500193729       0.81966074813819412        40.189092825203417        86.064378554510384       0.41225329797076354        43.286596286930170        131.67152238070992        111.74916224400658              124           3
 ../1478_seed.dataconnected          90  0.37032612699889123       0.77718223251696839        33.329351429900207        69.946400926527161       0.42004157644430656        37.803741879987591        120.09098272096213        99.742616117478050              123           4
 ../1479_seed.dataconnected          38  0.30884025101561008       0.69475803219587262        11.735929538593183        26.400805223443161       0.33080114194670235        12.570443393974688        50.888062947005785        24.594448081809048               78           5
 ../1480_seed.dataconnected          74  0.37960326856874765       0.81963171369300958        28.090641874087325        60.652746813282711       0.39937624297057461        29.553841979822522        81.707438776646526        56.133457119824790              146          16
 ../1481_seed.dataconnected          98  0.36253317077546182       0.77465714933752317        35.528250735995258        75.916400635077267       0.40220553031166167        39.416141970542846        100.11364726673297        82.302426546162479              128           4
 ../1482_seed.dataconnected          30  0.36124687804288241       0.81658905116534364        10.837406341286473        24.497671534960308       0.43729513351316301        13.118854005394891        38.061457414981554        16.688697480163462               83          17
 ../1483_seed.dataconnected          27  0.32042746258747701       0.74492653820781540        8.6515414898618790        20.113016531611017       0.36816716674303818        9.9405135020620303        36.937725565172492        14.293470549259782               82           8
 ../1484_seed.dataconnected          58  0.37119200003117964       0.81430346556968369        21.529136001808418        47.229601003041651       0.43136994446914484        25.019456779210401        75.500346282576132        46.420463180127321               99           8
 ../1485_seed.dataconnected          51  0.37693673178466064       0.81817731344882361        19.223773321017692        41.727042985890002       0.43843259791159589        22.360062493491391        49.442763309861377        27.849281384590725               80           4
 ../1486_seed.dataconnected          77  0.40673650122259636       0.83173304115475033        31.318710594139919        64.043444168915769       0.46758984282226279        36.004417897314234        92.855066082932680        67.571448523543836              105           9
 ../1487_seed.dataconnected          72  0.35233998744964923       0.76520714831710834        25.368479096374745        55.094914678831799       0.39842254551072365        28.686423276772103        107.88801395797705        81.907317863488430              101           5
 ../1488_seed.dataconnected         104  0.35880353083883620       0.79284162984983519        37.315567207238963        82.455529504382866       0.39634622635781586        41.220007541212851        135.56177379905569        117.79008379589540              138           6
 ../1489_seed.dataconnected          51  0.28501279190900974       0.62509320034218996        14.535652387359496        31.879753217451690       0.33020951084778116        16.840685053236840        83.486642131450040        54.027894390430269               86           6
 ../1490_seed.dataconnected          64  0.34531475764807412       0.75888252306085902        22.100144489476744        48.568481475894977       0.39052773146810710        24.993774813958854        95.696334545972988        68.167161446029667              129          19
 ../1491_seed.dataconnected         136  0.37471485943365412       0.79301585887992154        50.961220882976960        107.85015680766934       0.41335844129463389        56.216748016070213        147.67232563436434        136.02207157078598              171           6
 ../1492_seed.dataconnected          63  0.39913002364329581       0.84407217018506220        25.145191489527637        53.176546721658916       0.44141171975669896        27.808938344672036        68.959418617473844        42.426592744261271               91           3
 ../1493_seed.dataconnected          73  0.34293360439769544       0.76984362281254171        25.034153121031768        56.198584465315541       0.38840879813252810        28.353842263674551        92.467061271255986        68.566093079206382              134           8
 ../1494_seed.dataconnected         100  0.35309727547421871       0.77242033894124684        35.309727547421872        77.242033894124688       0.38737252243893011        38.737252243893010        109.06052022757346        87.169124409397213              126           5
 ../1495_seed.dataconnected          70  0.40795457099735855       0.84842930448517961        28.556819969815098        59.390051313962573       0.45072259162635714        31.550581413844998        70.775117579981440        47.060542063411162              114           7
 ../1496_seed.dataconnected         120  0.33566467405229361       0.73932732032500093        40.279760886275234        88.719278439000107       0.37029578834113613        44.435494600936337        144.28105109200925        141.48013862381893              169           8
 ../1497_seed.dataconnected         118  0.32363314115225211       0.72400245853152834        38.188710655965750        85.432290106720345       0.35091749918838611        41.408264904229561        133.30724817878269        114.95599715416584              148           5
 ../1498_seed.dataconnected          97  0.35884330798797359       0.76381743069633468        34.807800874833440        74.090290777544467       0.41820080156012818        40.565477751332431        145.66449230773088        128.22855972201819              114           5
 ../1499_seed.dataconnected          37  0.29201116902309754       0.65719530002369664        10.804413253854609        24.316226100876776       0.34749655508288080        12.857372538066590        55.195643584021745        27.140182149411405               89          11
 ../1500_seed.dataconnected          29  0.33524849721743372       0.74174282841950734        9.7222064193055786        21.510542024165712       0.36095120856842533        10.467585048484334        35.589639986105396        15.755974155201388               76           7
 ../1501_seed.dataconnected          71  0.37172642324514193       0.80974536596091407        26.392576050405076        57.491920983224901       0.43689423211556805        31.019490480205331        100.67310718612819        71.541349595762085               92           4
 ../1502_seed.dataconnected          87  0.34658647103263107       0.77096422285558053        30.153022979838902        67.073887388435509       0.37579964863759308        32.694569431470597        97.926527931774302        76.789230160448611              134           7
 ../1503_seed.dataconnected          53  0.37718840095487055       0.81175909615605879        19.990985250608141        43.023232096271116       0.42555072830245416        22.554188600030070        70.256243744128611        45.719869378804191               97           7
 ../1504_seed.dataconnected          58  0.33813728369689633       0.75951097028642911        19.611962454419988        44.051636276612889       0.35643488948791047        20.673223590298807        68.222424642927024        42.667645898781423              103          11
 ../1505_seed.dataconnected          97  0.36009950966344489       0.79160441792492964        34.929652437354157        76.785628538718171       0.39676014520039715        38.485734084438526        100.39790428693053        78.437289016366464              126           8
 ../1506_seed.dataconnected          33  0.28897750585722803       0.64256545581676472        9.5362576932885244        21.204660041953236       0.32751222554081538        10.807903442846907        70.093800316576861        35.076999913133861               63           6
 ../1507_seed.dataconnected          91  0.37524502676645471       0.82544270733966141        34.147297435747376        75.115286367909192       0.42232437943006346        38.431518528135776        89.933247953568653        68.779023935297488              121           5
 ../1508_seed.dataconnected         100  0.25411926368121535       0.56860181412118938        25.411926368121534        56.860181412118941       0.28480054421356382        28.480054421356382        122.28625085374146        104.25035034046847              133           7
 ../1509_seed.dataconnected         100  0.33586707225988438       0.73555250233341840        33.586707225988441        73.555250233341837       0.39248043415968098        39.248043415968098        152.89964315946179        139.74068016447558              119           4
 ../1510_seed.dataconnected          63  0.32628153434099760       0.72563648670142999        20.555736663482850        45.715098662190087       0.36841819448957047        23.210346252842939        86.757698600146966        57.094161572995013               85           4
 ../1511_seed.dataconnected         101  0.32932569401064993       0.71828922873025514        33.261895095075644        72.547212101755775       0.37274450713335144        37.647195220468497        127.29743035252378        103.27044814859777              128           4
 ../1512_seed.dataconnected         114  0.34409666875921446       0.75801023616596463        39.227020238550452        86.413166922919970       0.37795371867800714        43.086723929292816        133.17130094789977        115.55349684131701              138           6
 ../1513_seed.dataconnected         104  0.34150256176110849       0.75603715485277323        35.516266423155287        78.627864104688413       0.37672355730320073        39.179249959532875        115.34468053611276        96.384715477668351              157           8
 ../1514_seed.dataconnected          54  0.39366916434511418       0.84868120104583455        21.258134874636166        45.828784856475067       0.41421291375080677        22.367497342543565        55.179232807437117        32.255001483030298               83           3
 ../1515_seed.dataconnected          82  0.32901271499997331       0.74515001354963151        26.979042629997810        61.102301111069785       0.37526646460615126        30.771850097704405        112.47377870241358        88.212353242591419              119           4
 ../1516_seed.dataconnected          87  0.31365450828583691       0.70105557331156088        27.287942220867812        60.991834878105799       0.35392311331098297        30.791310858055517        115.26036314815934        92.731858350677243               99           2
 ../1517_seed.dataconnected          59  0.32873864625194243       0.75995476561729269        19.395580128864605        44.837331171420267       0.35439186885435919        20.909120262407193        80.582511273751450        54.632939146400155               92          10
 ../1518_seed.dataconnected          97  0.35686718826998681       0.76468548550754223        34.616117262188723        74.174492094231596       0.41057687594556264        39.825956966719573        111.30303863767011        88.550882866938466              136           5
 ../1519_seed.dataconnected          93  0.33574273198570947       0.72721622705071987        31.224074074670980        67.631109115716953       0.38176760480278749        35.504387246659235        118.13141592649639        100.41844877210184              131           9
 ../1520_seed.dataconnected          74  0.35404655420733322       0.77672161768271275        26.199445011342657        57.477399708520743       0.38718739720513284        28.651867393179831        91.600476588965066        65.484894983305239              108           5
 ../1521_seed.dataconnected         131  0.35934274900770102       0.78600859148943525        47.073900120008837        102.96712548511601       0.39551977578467179        51.813090627792008        132.42358777141737        117.46286212898318              151           3
 ../1522_seed.dataconnected          57  0.35443858327009631       0.79351401289671508        20.202999246395489        45.230298735112761       0.39311889362597408        22.407776936680524        84.319219883051346        47.826614643321129              101          13
 ../1523_seed.dataconnected          94  0.30629352241012420       0.69764588104349623        28.791591106551675        65.578712818088647       0.33925383812196408        31.889860783464623        123.79264712771052        106.83813421834716              116           2
 ../1524_seed.dataconnected          70  0.34315433058928019       0.76270674702054597        24.020803141249612        53.389472291438217       0.37231420108337282        26.061994075836097        104.45690080647068        76.791613460284339               92           6
 ../1525_seed.dataconnected         107  0.37288254172713681       0.81486751043376371        39.898431964803642        87.190823616412715       0.41281977942117143        44.171716398065342        114.01069167653147        95.642888845510754              141           2
 ../1526_seed.dataconnected          95  0.31048263809309512       0.69165311145273800        29.495850618844038        65.707045588010104       0.35446539579679115        33.674212600695157        110.32012026314645        87.809345068491695              138           6
 ../1527_seed.dataconnected          92  0.33270027655961443       0.73543192077318986        30.608425443484528        67.659736711133462       0.37692684450397490        34.677269694365691        112.68835110765414        96.038921571751004              129          11
 ../1528_seed.dataconnected          50  0.35421444380453521       0.75173600968321752        17.710722190226761        37.586800484160875       0.43417796093818417        21.708898046909209        76.930866729762045        44.059722631216573               81           3
 ../1529_seed.dataconnected          56  0.38811766272115072       0.84181389749760704        21.734589112384441        47.141578259865994       0.40378162194455325        22.611770828894983        65.055891898473988        40.507748453244211               77           3
 ../1530_seed.dataconnected         105  0.38020189612725497       0.81667735728543778        39.921199093361771        85.751122514970973       0.42886810542536069        45.031151069662876        105.87046066632976        87.902071209758731              126           5
 ../1531_seed.dataconnected          71  0.33580219189929378       0.72877396959748408        23.841955624849859        51.742951841421373       0.37279943103055635        26.468759603169502        124.25505597780820        95.440375479627903              110           9
 ../1532_seed.dataconnected          47  0.33141132952554286       0.73034994406322107        15.576332487700515        34.326447370971387       0.36440115928775263        17.126854486524373        72.374015104304561        42.762415339944482               92          10
 ../1533_seed.dataconnected         104  0.39678398385907693       0.83655528250415323        41.265534321343999        87.001749380431932       0.43913548767649679        45.670090718355667        113.54156262149937        94.797179166752272              145           7
 ../1534_seed.dataconnected          66  0.37341673806207210       0.79230911320639119        24.645504712096759        52.292401471621815       0.41212303601612627        27.200120377064334        82.684312711090385        58.048609440883205               85           4
 ../1535_seed.dataconnected          99  0.39021281286171144       0.83361236018550100        38.631068473309433        82.527623658364604       0.42370767444810764        41.947059770362657        109.66861068628693        87.248146406343594              123           5
 ../1536_seed.dataconnected          59  0.38171357247353271       0.83260460280988280        22.521100775938429        49.123671565783084       0.41018898368138029        24.201150037201437        77.042906595024363        49.627433270436541               84           8
 ../1537_seed.dataconnected         117  0.36287449980359321       0.78785474502032415        42.456316477020408        92.179005167377923       0.39879399826548750        46.658897797062039        119.95563376181015        106.67175291777352              160           7
 ../1538_seed.dataconnected         105  0.36374606558506939       0.78826817815977723        38.193336886432284        82.768158706776603       0.39555282323241092        41.533046439403144        103.85622333380888        79.520101642167432              136           6
 ../1539_seed.dataconnected          74  0.35159619027778288       0.75415496451149355        26.018118080555933        55.807467373850521       0.38700124058866242        28.638091803561018        85.488954186796050        55.761245675588825              112           7
 ../1540_seed.dataconnected          92  0.38183191158248408       0.80583634118393754        35.128535865588539        74.136943388922248       0.44369929544767622        40.820335181186209        121.20572670853673        100.35806775930999              113           7
 ../1541_seed.dataconnected          85  0.31792846535272962       0.70981343019017196        27.023919554982019        60.334141566164618       0.35778643235249324        30.411846749961924        108.57750508703022        86.837462992814082              140          20
 ../1542_seed.dataconnected          28  0.30424015969712420       0.73274950243805426        8.5187244715194783        20.516986068265521       0.33115882844216277        9.2724471963805577        38.645290080785657        16.666471800670482               77           9
 ../1543_seed.dataconnected          90  0.38013732240337533       0.81139052674168999        34.212359016303779        73.025147406752097       0.43119810092620825        38.807829083358740        100.99357435950041        76.792942260753193              124           4
 ../1544_seed.dataconnected          83  0.36169128826090913       0.78883661997354548        30.020376925655459        65.473439457804275       0.40349884971464778        33.490404526315764        94.709115465870198        66.597952094028599              105           7
 ../1545_seed.dataconnected          87  0.35621950656449558       0.77179746938400839        30.991097071111117        67.146379836408727       0.41069698365985424        35.730637578407318        124.53189185887220        109.39921187331718              127           5
 ../1546_seed.dataconnected          72  0.29347435659864612       0.64140478354791941        21.130153675102520        46.181144415450198       0.35237443573962340        25.370959373252884        105.06553042873242        77.208720013675830              102           5
 ../1547_seed.dataconnected          88  0.39556787022064893       0.82482473453868688        34.809972579417106        72.584576639404446       0.44036939027500616        38.752506344200540        103.01870863324609        83.232835333292371              117           3
 ../1548_seed.dataconnected          85  0.34063588566690362       0.74149581924285490        28.954050281686808        63.027144635642664       0.38165739928557008        32.440878939273453        112.17077792213986        85.065288439162060              119          11
 ../1549_seed.dataconnected          90  0.37682906522470166       0.81325287831181736        33.914615870223152        73.192759048063564       0.40588960228383802        36.530064205545422        95.389180458157298        74.282886362390371              122          14
 ../1550_seed.dataconnected          68  0.35437296184297690       0.76210707390388810        24.097361405322427        51.823281025464389       0.38391656087009102        26.106326139166189        69.494335193491523        45.031178922740409               92           3
 ../1551_seed.dataconnected          74  0.37040254557007890       0.78959571074100898        27.409788372185840        58.430082594834666       0.39231730365999185        29.031480470839398        78.988542289476527        50.211273043642862              113           6
 ../1552_seed.dataconnected          30  0.30945023433431551       0.69829175917661690        9.2835070300294653        20.948752775298509       0.36733549601869531        11.020064880560859        57.290509236110211        29.708854358787878               75           6
 ../1553_seed.dataconnected          57  0.34082695705940325       0.77005142645252000        19.427136552385985        43.892931307793638       0.39255846032414504        22.375832238476267        72.255565995555699        46.469654528108130               72           2
 ../1554_seed.dataconnected          70  0.35485050505809168       0.79600004614332254        24.839535354066417        55.720003230032574       0.38624500665426714        27.037150465798700        79.203927819542216        52.135040100740625               95           6
 ../1555_seed.dataconnected          57  0.38092212081135368       0.82544644154412672        21.712560886247161        47.050447168015225       0.41072439707568492        23.411290633314042        65.916891925013502        41.775386714785718               95           6
 ../1556_seed.dataconnected          47  0.29851095271708555       0.67485446574387586        14.030014777703022        31.718159889962166       0.34807002904927958        16.359291365316139        96.355149041934041        64.980217852485310               92          15
 ../1557_seed.dataconnected          59  0.31548886663289150       0.72755259506893755        18.613843131340598        42.925603109067318       0.36121888727097151        21.311914348987319        93.250973721041817        63.897924052358086               95           4
 ../1558_seed.dataconnected          33  0.37878662117981388       0.84314883081743908        12.499958498933857        27.823911416975491       0.43785196988586483        14.449115006233539        46.204993687793994        22.065737843172190               63           4
 ../1559_seed.dataconnected          56  0.32722977038693918       0.73617892467482260        18.324867141668594        41.226019781790065       0.36694692524694694        20.549027813829028        86.509429777900934        58.008281045296592               98          10
 ../1560_seed.dataconnected          46  0.32824269414674906       0.71160153926661818        15.099163930750457        32.733670806264435       0.37039969530607086        17.038385984079259        73.293384846792563        45.260881883312948               90           7
 ../1561_seed.dataconnected          26  0.35955238491914487       0.80755005017376313        9.3483620078977658        20.996301304517843       0.43565123355779339        11.326932072502629        41.978988316897592        17.184894017114864               76          18
 ../1562_seed.dataconnected          73  0.30874283059044150       0.69708142589070310        22.538226633102230        50.886944090021323       0.34927125483930699        25.496801603269411        99.760138158813149        75.950942050795675              103           4
 ../1563_seed.dataconnected          25  0.29733676234075535       0.66842090459520920        7.4334190585188837        16.710522614880229       0.36775740761312736        9.1939351903281832        58.461891931065750        29.243246993755548               58           3
 ../1564_seed.dataconnected          60  0.32254445512374758       0.72276917740149804        19.352667307424856        43.366150644089885       0.36981206541211342        22.188723924726805        76.847247278504952        51.626066859517898               81           3
 ../1565_seed.dataconnected         104  0.31173175475940584       0.69273558251000666        32.420102494978210        72.044500581040694       0.35545291873721907        36.967103548670785        156.31369117454517        143.42643746252415              123           5
 ../1566_seed.dataconnected          83  0.40014269942180170       0.83188769577303556        33.211844052009539        69.046678749161956       0.44929035676438217        37.291099611443720        93.251622074714476        70.962213775386445              115           5
 ../1567_seed.dataconnected          57  0.32770722795881357       0.72679111628687809        18.679311993652373        41.427093628352054       0.37757537206375880        21.521796207634253        93.254017104922411        64.271915856491930               79           3
 ../1568_seed.dataconnected          78  0.34488559954130549       0.78479640961549901        26.901076764221827        61.214119950008921       0.36990677322729237        28.852728311728804        89.355956304834692        63.187689696145561              112           6
 ../1569_seed.dataconnected          98  0.33741831101151110       0.74673252248221234        33.066994479128084        73.179787203256808       0.36636603615260693        35.903871542955478        110.20849750518413        89.592957243975661              131           4
 ../1570_seed.dataconnected          72  0.38162531963651386       0.81344510295981398        27.477023013828997        58.568047413106605       0.43992429214028989        31.674549034100870        83.284225846797924        58.781939989485522               92           6
 ../1571_seed.dataconnected          53  0.33822117597464468       0.74125917304105382        17.925722326656167        39.286736171175853       0.36942003249325639        19.579261722142590        71.693243890017854        45.419601130736787              121          17
 ../1572_seed.dataconnected          53  0.36797121743707667       0.80275070793419012        19.502474524165063        42.545787520512079       0.40994374143874085        21.727018296253267        65.705395602550993        41.496233087141270              100          15
 ../1573_seed.dataconnected          60  0.31475626205084023       0.69894013418017897        18.885375723050412        41.936408050810741       0.37014135740060611        22.208481444036366        116.84490314887381        80.358762695675267              105           6
 ../1574_seed.dataconnected          62  0.30448382190795170       0.69110586907187388        18.877996958293007        42.848563882456183       0.35613253779919207        22.080217343549908        113.69897186894480        78.036228172719660              107           7
 ../1575_seed.dataconnected          69  0.38201548355252835       0.81181297710259281        26.359068365124458        56.015095420078907       0.43473177945716540        29.996492782544411        75.674831872027269        53.434426360692989               86           2
 ../1576_seed.dataconnected          90  0.37376439134855910       0.81201736670285829        33.638795221370316        73.081563003257244       0.40497932877484905        36.448139589736414        103.68756939122959        81.578375540553324              131           8
 ../1577_seed.dataconnected          75  0.31797435225177906       0.67105279193834289        23.848076418883430        50.328959395375719       0.37560177845271159        28.170133383953370        109.29834242901671        84.641858367089000              104           7
 ../1578_seed.dataconnected          84  0.32259070540909301       0.69726430330919154        27.097619254363813        58.570201477972091       0.39489992166265125        33.171593419662706        100.13686676065797        74.890127061374557              105           5
 ../1579_seed.dataconnected          82  0.38555883857961470       0.82654622534748046        31.615824763528405        67.776790478493396       0.41823588918677601        34.295342913315636        85.050580277031699        65.641227113992926              104           5
 ../1580_seed.dataconnected         100  0.36758871328435494       0.79273193915466111        36.758871328435497        79.273193915466109       0.40150203692559749        40.150203692559749        120.98847922699836        99.719233737815543              132           6
 ../1581_seed.dataconnected          94  0.34748588368172278       0.74097741200006084        32.663673066081941        69.651876728005718       0.38501939986802308        36.191823587594172        113.96288353944234        92.860456215912890              113           3
 ../1582_seed.dataconnected          81  0.39301595312247700       0.85413723932934671        31.834292202920636        69.185116385677077       0.41063928380869502        33.261781988504296        97.012981696182308        68.240681087717235              118           6
 ../1583_seed.dataconnected          97  0.33641885128743326       0.73606814589058356        32.632628574881025        71.398610151386606       0.37920438920556521        36.782825752939829        119.66138455543265        98.549886221876491              123           3
 ../1584_seed.dataconnected          69  0.30745254743839051       0.68795083296066450        21.214225773248945        47.468607474285854       0.32601355980779312        22.494935626737725        78.906515469334153        53.624441337037908              108           6
 ../1585_seed.dataconnected          73  0.38101812163405441       0.81142354775246539        27.814322879285971        59.233918985929975       0.43559220254260789        31.798230785610375        78.297047506381816        54.756308630510347              125           8
 ../1586_seed.dataconnected          76  0.34453352444032864       0.75139239818095305        26.184547857464977        57.105822261752429       0.39290861729320126        29.861054914283294        94.688065438552243        68.415613305637905              106           5
 ../1587_seed.dataconnected         104  0.37259983586524942       0.79162797922736639        38.750382929985939        82.329309839646100       0.41978821944717420        43.657974822506119        171.71271987454145        170.80304535215984              132           4
 ../1588_seed.dataconnected          66  0.35001901733303625       0.75544928148238777        23.101255143980392        49.859652577837593       0.39582172833415713        26.124234070054371        86.430844885639061        60.040044874997697              110           7
 ../1589_seed.dataconnected          19  0.34685688768776374       0.79094937435691914        6.5902808660675110        15.028038112781463       0.40825871334137376        7.7569155534861016        22.653891518074008        7.4756447957987051               87          12
 ../1590_seed.dataconnected          61  0.33748399261097212       0.76647685903281426        20.586523549269298        46.755088401001672       0.37738695700336433        23.020604377205224        74.625220327147318        49.332082482399159               92           7
 ../1591_seed.dataconnected         104  0.34016416048293885       0.73662587960911374        35.377072690225638        76.609091479347825       0.37525246043354488        39.026255885088666        113.89050620706774        95.358049510703722              117           3
 ../1592_seed.dataconnected          55  0.30647340493775344       0.67575654065942492        16.856037271576440        37.166609736268370       0.35635219655377653        19.599370810457710        80.107655783794570        52.522602499230302              104          11
 ../1593_seed.dataconnected           8  0.36379717744518869       0.83202038598782047        2.9103774195615095        6.6561630879025637       0.50299421516263043        4.0239537213010435        8.6664118528152692        1.5544739880857128               69           6
 ../1594_seed.dataconnected          92  0.38970267845614454       0.81399419771771708        35.852646417965296        74.887466190029969       0.45576639597540697        41.930508429737444        116.73533009187440        88.118091201098409              133           4
 ../1595_seed.dataconnected          74  0.35580356891990750       0.78431586370207074        26.329464100073153        58.039373913953234       0.39873687141758624        29.506528484901381        94.064279198718836        71.062252288348716              101           9
 ../1596_seed.dataconnected         102  0.26200435103988617       0.57798936442557347        26.724443806068390        58.954915171408494       0.29810290614049612        30.406496426330605        174.18654688850825        154.51148101053079              129          11
 ../1597_seed.dataconnected          58  0.37456487689060591       0.81186258024290003        21.724762859655144        47.088029654088203       0.42323322462386953        24.547527028184433        76.436245842089477        49.260060388577699               91           6
 ../1598_seed.dataconnected          90  0.33901150935476893       0.74627993169285134        30.511035841929203        67.165193852356623       0.37771621113375731        33.994459002038155        111.43439059823454        90.209776304299368               98           2
 ../1599_seed.dataconnected          35  0.34001181667510905       0.76760074573186488        11.900413583628817        26.866026100615272       0.37993007432210163        13.297552601273557        40.544180921036400        19.837394329000571              119          23
 ../1600_seed.dataconnected          48  0.35252874791481670       0.75309655996009950        16.921379899911202        36.148634878084778       0.41793865520260887        20.061055449725224        77.985264866590981        48.191640099482150               87           6
 ../1601_seed.dataconnected          95  0.32002116459682028       0.70380940669923875        30.402010636697927        66.861893636427681       0.36191284290313452        34.381720075797780        121.35847805066987        104.05284748461179              114           4
 ../1602_seed.dataconnected          63  0.30672737319071369       0.67365692501567265        19.323824511014962        42.440386275987379       0.36218935622163145        22.817929441962782        98.974374437187848        72.585989430539854               97           5
 ../1603_seed.dataconnected          82  0.39639901017131524       0.85253080946369486        32.504718834047850        69.907526376022972       0.43826954514552613        35.938102701933140        113.32931747176190        86.759939340647605              106           8
 ../1604_seed.dataconnected          96  0.33847679989079599       0.73872282505357245        32.493772789516413        70.917391205142962       0.37820352592533857        36.307538488832506        100.93354587775602        76.798955606103476              144          29
 ../1605_seed.dataconnected          70  0.32641315011993360       0.71345419508416352        22.848920508395352        49.941793655891445       0.38368232924853463        26.857763047397423        123.38661345897690        102.55613495721919               92           2
 ../1606_seed.dataconnected          78  0.32917317190019096       0.71093045062677329        25.675507408214894        55.452575148888315       0.39592812958539453        30.882394107660772        123.17818865362209        93.322656190622723              129           8
 ../1607_seed.dataconnected         116  0.39348180848218833       0.83602599561555035        45.643889783933844        96.979015491403842       0.42987562705999049        49.865572738958896        117.14518623089438        99.781275594961954              154           4
 ../1608_seed.dataconnected          60  0.33647452616578427       0.73800881225387593        20.188471569947055        44.280528735232558       0.36660075833489780        21.996045500093867        81.594881907321010        50.322234557034129               99           9
 ../1609_seed.dataconnected         106  0.33183134267118153       0.73441474766209869        35.174122323145241        77.847963252182467       0.37407460792451841        39.651908439998948        109.92045002514521        89.397595475869608              147          20
 ../1610_seed.dataconnected          96  0.39410960384765986       0.84137747983586098        37.834521969375345        80.772238064242657       0.42128500634999094        40.443360609599132        124.09412069258785        102.32311565159283              141           9
 ../1611_seed.dataconnected          68  0.39089579682107545       0.82553543115791927        26.580914183833130        56.136409318738508       0.42840475648513199        29.131523440988975        69.870274188441101        46.949936972183423               97           6
 ../1612_seed.dataconnected         101  0.36114143968939594       0.78264745462592955        36.475285408628991        79.047392917218886       0.40260224601868755        40.662826847887445        125.71503498620866        100.53572863449710              144           9
 ../1613_seed.dataconnected          76  0.33126460711208316       0.72708292259806295        25.176110140518322        55.258302117452786       0.38798911328972613        29.487172610019186        94.500735048656068        66.047951073633385              113           6
 ../1614_seed.dataconnected          75  0.27559511722071567       0.60935454544920020        20.669633791553675        45.701590908690015       0.30062415048174862        22.546811286131145        135.49485963270990        113.47507918460539              105           7
 ../1615_seed.dataconnected          64  0.35073849225032216       0.79533805766084853        22.447263504020619        50.901635690294306       0.37806695510173854        24.196285126511267        105.82511707329584        75.705808568910157              110           5
 ../1616_seed.dataconnected          58  0.36007222083969204       0.77454456953003825        20.884188808702138        44.923585032742217       0.41125447988451935        23.852759833302123        82.510912642795390        52.705417163717136              102           8
 ../1617_seed.dataconnected          53  0.30507245182895343       0.69077256528140973        16.168839946934533        36.610945959914716       0.35739449393354683        18.941908178477981        84.373101227125815        57.647294256507152               92           8
 ../1618_seed.dataconnected          70  0.35359862789505808       0.76739875320212414        24.751903952654065        53.717912724148690       0.41639313881762713        29.147519717233898        85.849772423862063        64.100454507391561               82           2
 ../1619_seed.dataconnected         112  0.37294479504178119       0.81055884841191150        41.769817044679492        90.782591022134085       0.41804032080574394        46.820515930243317        112.15122806244661        92.875716527737296              132           4
 ../1620_seed.dataconnected          72  0.39214768459076643       0.84174496883217031        28.234633290535182        60.605637755916263       0.42874600724782325        30.869712521843272        74.736103575035827        49.916703549556246              109           4
 ../1621_seed.dataconnected          66  0.28952583450099489       0.65812750727990865        19.108705077065665        43.436415480473968       0.32094860247597695        21.182607763414477        127.56436428609913        93.344911976355718               98           3
 ../1622_seed.dataconnected          88  0.34197721859042862       0.73185063680139339        30.093995235957721        64.402856038522614       0.39055563628879492        34.368895993413950        116.45787478687214        97.939609935358050              122           6
 ../1623_seed.dataconnected         115  0.38987051903394265       0.81609084896674700        44.835109688903408        93.850447631175911       0.43029691002557235        49.484144652940820        121.29560956134053        107.12777954673301              160           6
 ../1624_seed.dataconnected         103  0.37774815620661867       0.80232374207432533        38.908060089281726        82.639345433655507       0.42178059362723574        43.443401143605278        118.92651421146063        99.891698316421014              133           4
 ../1625_seed.dataconnected          64  0.33293243086829094       0.75185601347752096        21.307675575570620        48.118784862561341       0.37629305850199235        24.082755744127510        92.311441271917133        65.223724101572870               90           4
 ../1626_seed.dataconnected          70  0.34506254230221106       0.76104444677235816        24.154377961154776        53.273111274065073       0.39691940747977084        27.784358523583958        90.075484675273231        61.336169770051335              100           4
 ../1627_seed.dataconnected          72  0.36108029447894363       0.76925091980780169        25.997781202483942        55.386066226161724       0.40627526253296914        29.251818902373778        101.19316830667002        78.937552197146530               98           3
 ../1628_seed.dataconnected          94  0.35217813376908896       0.75634286944788709        33.104744574294365        71.096229728101392       0.39424145978565400        37.058697219851474        118.25793773894486        100.99370506967090              132           6
 ../1629_seed.dataconnected          75  0.40940368720355569       0.86044855302076595        30.705276540266677        64.533641476557449       0.45542366437554982        34.156774828166235        83.935590780526951        61.205966863775913              116           4
 ../1630_seed.dataconnected          73  0.36092160561390163       0.80467028609147273        26.347277209814820        58.740930884677510       0.39570797980394146        28.886682525687725        96.352365405852538        72.786362952503410              108           5
 ../1631_seed.dataconnected          78  0.33903335060813011       0.76623694107614382        26.444601347434148        59.766481403939217       0.37621541374350898        29.344802271993700        86.320405001954924        64.507966654827911              122           6
 ../1632_seed.dataconnected          41  0.36576677155851850       0.78733915266817789        14.996437633899259        32.280905259395297       0.40653788795905910        16.668053406321423        50.060757871185416        27.681446281654623               79           3
 ../1633_seed.dataconnected          54  0.32003916689290796       0.71268580853070951        17.282115012217030        38.485033660658317       0.38106752336829430        20.577646261887892        97.421576782660736        59.469638259577344               98           9
 ../1634_seed.dataconnected          48  0.31933300032367185       0.70865186954603920        15.327984015536249        34.015289738209880       0.37196128992325539        17.854141916316259        91.916542612077137        64.699883510167226               75           3
 ../1635_seed.dataconnected          43  0.32868558861057845       0.72065354617491251        14.133480310254873        30.988102485521239       0.39970676415938061        17.187390858853366        74.932608117965003        44.430355854316396               99          21
 ../1636_seed.dataconnected         109  0.38015663768045321       0.82092420950256129        41.437073507169401        89.480738835779178       0.41492766524196806        45.227115511374521        108.43851849371050        92.457278142435072              161           9
 ../1637_seed.dataconnected          57  0.37432486006001586       0.81365571744887344        21.336517023420903        46.378375894585787       0.42627167278749167        24.297485348887026        69.394979469705149        38.803980439250182               80           2
 ../1638_seed.dataconnected          96  0.37621053858886944       0.81189567363366177        36.116211704531466        77.941984668831537       0.41464164647342638        39.805598061448933        97.445845937915735        77.836053539941346              144           8
 ../1639_seed.dataconnected          70  0.35638345702484708       0.77206952051031519        24.946841991739294        54.044866435722064       0.40340165411127937        28.238115787789557        87.368091864468028        60.825767307967119               86           2
 ../1640_seed.dataconnected          45  0.34513599685068530       0.75523902331088733        15.531119858280839        33.985756048989927       0.37572317674186828        16.907542953384073        69.875798410085864        42.791095469633071               71           7
 ../1641_seed.dataconnected          78  0.36193972379171030       0.79656517110821412        28.231298455753404        62.132083346440702       0.38191735164270624        29.789553428131086        96.713331288461490        69.837485292443390              129           9
 ../1642_seed.dataconnected          94  0.38071646874194331       0.81605784606081733        35.787348061742669        76.709437529716823       0.40921435962073427        38.466149804349023        90.571012180880714        69.356644667676250              130          10
 ../1643_seed.dataconnected         103  0.32967600996168445       0.72722228742763728        33.956629026053498        74.903895605046642       0.37361355880066283        38.482196556468274        109.04671569232666        91.199789540939250              119           4
 ../1644_seed.dataconnected          68  0.38837610012811991       0.83394545293609146        26.409574808712154        56.708290799654222       0.42359799830757583        28.804663884915158        72.807600819451054        50.146027550121865              111           6
 ../1645_seed.dataconnected         119  0.34925332165574169       0.76081996449399425        41.561145277033262        90.537575774785310       0.39179324252051334        46.623395859941084        128.50082119976022        120.14609318886049              155           8
 ../1646_seed.dataconnected         113  0.36505765678736901       0.79106837487245840        41.251515216972699        89.390726360587806       0.40559944262581288        45.832737016716855        138.60662028282158        127.66281361408379              132           4
 ../1647_seed.dataconnected          70  0.35192822415711233       0.78732316501362054        24.634975690997862        55.112621550953435       0.37783387019979536        26.448370913985677        81.246200231717452        56.277232426453352               90           3
 ../1648_seed.dataconnected          70  0.35253170405549239       0.76370609295580094        24.677219283884469        53.459426506906063       0.39998417658339280        27.998892360837495        82.975166403955498        56.253422712220669              100           5
 ../1649_seed.dataconnected          73  0.37442707304893380       0.81397303862792869        27.333176332572169        59.420031819838798       0.41913308178707870        30.596714970456745        90.953753810172074        65.815191109511247              121           6
 ../1650_seed.dataconnected          37  0.38000562886861250       0.85028432489935335        14.060208268138663        31.460520021276075       0.45078753677159461        16.679138860548999        50.603260076909706        24.860151911695279               96          10
 ../1651_seed.dataconnected          61  0.37823914789750562       0.80302591511557975        23.072588021747844        48.984580822050361       0.42069520839764751        25.662407712256499        66.246290824990865        41.622510908622651              104           8
 ../1652_seed.dataconnected          48  0.30555132764282755       0.66291421585284416        14.666463726855723        31.819882360936518       0.36753294074656973        17.641581155835347        82.684964156693823        51.882904103943609               95          15
 ../1653_seed.dataconnected          84  0.36565683751472949       0.78811549818289706        30.715174351237277        66.201701847363353       0.41780267266802379        35.095424504114000        108.91783462452435        83.100261420541358              125           7
 ../1654_seed.dataconnected          72  0.33446188777234481       0.71786766599450935        24.081255919608825        51.686471951604673       0.37852041558234945        27.253469921929160        102.37068960560327        76.059058151338277              101           5
 ../1655_seed.dataconnected          77  0.35786839007666765       0.76553140151798937        27.555866035903410        58.945917916885179       0.42329377124419615        32.593620385803106        110.85224636281036        88.848218911409475              139          23
 ../1656_seed.dataconnected         101  0.37089345192905188       0.79886794872414801        37.460238644834241        80.685662821138948       0.40717360332246116        41.124533935568579        123.68132408231460        103.29145787132225              145           5
 ../1657_seed.dataconnected          42  0.39239651966732336       0.84970230730012242        16.480653826027581        35.687496906605141       0.44059601217876260        18.505032511508031        55.709143741548104        30.013426685163946               94          10
 ../1658_seed.dataconnected          68  0.36887277294622350       0.79717507830618695        25.083348560343197        54.207905324820715       0.41786878293378732        28.415077239497538        86.076252752894860        60.958296534154755              110           9
 ../1659_seed.dataconnected         113  0.34916174614748452       0.78293968628195809        39.455277314665750        88.472184549861268       0.36976158812378068        41.783059457987214        123.99329386899491        111.43072395250384              151           8
 ../1660_seed.dataconnected          62  0.35312299155947841       0.76110734915947875        21.893625476687660        47.188655647887686       0.38479332584553233        23.857186202423005        74.950619825172154        50.224450611569608              104          12
 ../1661_seed.dataconnected          77  0.36252867026715113       0.78687987403323556        27.914707610570638        60.589750300559139       0.39571302783430251        30.469903143241293        106.42499629323022        80.063208153950654              123          10
 ../1662_seed.dataconnected         105  0.33151127667124292       0.73574369533513939        34.808684050480508        77.253088010189643       0.37003453799017022        38.853626488967876        128.93134088858162        110.11583433642460              147           9
 ../1663_seed.dataconnected          69  0.36248372060793255       0.82035824437258587        25.011376721947347        56.604718861708427       0.39254364067746922        27.085511206745377        82.317832076169083        59.043925942356630               95           3
 ../1664_seed.dataconnected          45  0.36803225982337534       0.79221251973055029        16.561451692051889        35.649563387874764       0.42352158093807751        19.058471142213488        69.770240876156393        39.911775622349033               76           4
 ../1665_seed.dataconnected          77  0.35132929147460817       0.74680866552239578        27.052355443544830        57.504267245224476       0.40915248611180527        31.504741430609005        94.529899800474851        61.663165331249211              120           8
 ../1666_seed.dataconnected          88  0.31991205585474808       0.71729761980251094        28.152260915217830        63.122190542620963       0.35556770129932574        31.289957714340666        124.61696145488700        98.967746927245969              143           8
 ../1667_seed.dataconnected          87  0.34513629248277594       0.75294833033222841        30.026857446001507        65.506504738903871       0.40136052983633430        34.918366095761087        146.18741397756719        127.24190787174675              114           4
 ../1668_seed.dataconnected         108  0.31580017851166553       0.69784240981929957        34.106419279259875        75.366980260484354       0.34082619447773072        36.809229003594915        124.15877392583336        104.94913758045361              160          12
 ../1669_seed.dataconnected          47  0.31436204362731213       0.71362666829145560        14.775016050483670        33.540453409698415       0.35048443315165639        16.472768358127851        57.783925229265407        35.097661587884346               85           6
 ../1670_seed.dataconnected          34  0.25872467795389253       0.60077972347375075        8.7966390504323471        20.426510598107527       0.33672836486410895        11.448764405379704        52.773291234921750        28.457269697162030               88          13
 ../1671_seed.dataconnected          91  0.28475161401421040       0.62100908991239290        25.912396875293148        56.511827182027751       0.33890823006090925        30.840648935542742        149.30486223235289        117.27353730201857              141          17
 ../1672_seed.dataconnected         110  0.35242268531251264       0.75930090962200936        38.766495384376391        83.523100058421022       0.39321148169119385        43.253262986031324        125.78098598323299        111.56968064063432              136           7
 ../1673_seed.dataconnected          86  0.39140472655311748       0.83297724373421134        33.660806483568102        71.636042961142181       0.44274649793349141        38.076198822280261        98.673853453802636        78.985576272212086              103           2
 ../1674_seed.dataconnected          74  0.35531801773520733       0.75464379726139452        26.293533312405341        55.843640997343194       0.39507144288068341        29.235286773170571        79.240051122446332        56.787162054782435              103           6
 ../1675_seed.dataconnected          72  0.39240138943773445       0.84721128703713944        28.252900039516881        60.999212666674040       0.42748351599317930        30.778813151508910        75.914398727537758        50.394219127826332              137          20
 ../1676_seed.dataconnected          97  0.34402328326857262       0.73891547528215107        33.370258477051543        71.674801102368647       0.36893390435930112        35.786588722852208        117.27161079631357        102.13246929610004              138           6
 ../1677_seed.dataconnected          65  0.38498273545415440       0.81294637475758103        25.023877804520037        52.841514359242765       0.42476711811550871        27.609862677508065        78.039589346021700        54.622218564923898               95           4
 ../1678_seed.dataconnected          66  0.32143895090522828       0.72336835108541475        21.214970759745068        47.742311171637375       0.36993148468584908        24.415477989266041        103.65044884836422        73.490251055014141              119           9
 ../1679_seed.dataconnected          46  0.33227190714189686       0.73048347264928237        15.284507728527256        33.602239741866988       0.37343034909587908        17.177796058410436        74.423114526993842        42.219646285401858               95           5
 ../1680_seed.dataconnected          96  0.34686117532560046       0.74409198768485685        33.298672831257647        71.432830817746265       0.39118025008557433        37.553304008215136        141.95891738655018        116.84388305991457              132           4
 ../1681_seed.dataconnected         121  0.38694781161648073       0.81085470670317039        46.820685205594167        98.113419511083620       0.41119844772832975        49.755012175127902        140.04333857080849        127.28265130757003              169           6
 ../1682_seed.dataconnected          30  0.35337542883576789       0.78514499812198668        10.601262865073037        23.554349943659602       0.39370851027206183        11.811255308161854        52.285251596651186        25.999043886637153               90          15
 ../1683_seed.dataconnected          92  0.34015007368423195       0.73642818078945882        31.293806778949339        67.751392632630214       0.38882610554490427        35.772001710131192        113.93974877339825        90.320294628247524              125          10
 ../1684_seed.dataconnected          12  0.35633028751046747       0.80573415966937156        4.2759634501256096        9.6688099160324583       0.42278371285136973        5.0734045542164363        14.468683943462441        3.1769377193040906               51           9
 ../1685_seed.dataconnected          57  0.35265275898711995       0.80112084523130789        20.101207262265838        45.663888178184550       0.39442664972117109        22.482319034106752        64.447984048259627        39.268283644909843              102          10
 ../1686_seed.dataconnected         117  0.37717199056252693       0.80472138814309879        44.129122895815648        94.152402412742561       0.42025086769589454        49.169351520419660        124.81602027846461        112.77292435216296              140           3
 ../1687_seed.dataconnected         112  0.35857416448064794       0.78184352483464647        40.160306421832573        87.566474781480409       0.38103783228834520        42.676237216294666        123.95255203548062        106.00293401726734              146          11
 ../1688_seed.dataconnected         109  0.36872791246905917       0.77469461585706145        40.191342459127448        84.441713128419693       0.41714541298125651        45.468850014956963        106.73982496513153        89.339575920345339              127           3
 ../1689_seed.dataconnected          25  0.26611019055881047       0.61995246120071401        6.6527547639702620        15.498811530017850       0.35040857525451502        8.7602143813628750        43.818388621319656        18.862069102514820               64           6
 ../1690_seed.dataconnected          88  0.23671112278838644       0.53809533400295695        20.830578805378007        47.352389392260214       0.29446733329513763        25.913125329972111        150.10570707679298        118.63574802054411              118           4
 ../1691_seed.dataconnected          77  0.37419117485084774       0.77382802038082021        28.812720463515276        59.584757569323159       0.42347072976336703        32.607246191779261        88.477708187006073        63.203744826479280              129          13
 ../1692_seed.dataconnected          99  0.36305377164079872       0.79699639988284621        35.942323392439071        78.902643588401773       0.40397321275171527        39.993348062419813        116.04170577707053        97.097964089484137              133           7
 ../1693_seed.dataconnected          88  0.35337340913439452       0.76756629230588491        31.096860003826720        67.545833722917877       0.38934838197345878        34.262657613664373        111.06545164790975        89.845520016905198              125           5
 ../1694_seed.dataconnected          70  0.33661241222460375       0.75285957501325385        23.562868855722261        52.700170250927769       0.36944826160818472        25.861378312572931        80.225850675997535        52.606964568264019              106           9
 ../1695_seed.dataconnected          67  0.36574242192998602       0.81437345523612903        24.504742269309062        54.563021500820646       0.39844667628254937        26.695927310930809        78.948661979620695        54.139231786501526               90           2
 ../1696_seed.dataconnected          24  0.34581322384396529       0.80558377034904394        8.2995173722551669        19.334010488377054       0.41127105685661486        9.8705053645587562        32.245629068064332        12.848366357317451               68          11
 ../1697_seed.dataconnected          69  0.31100502605586727       0.69560119424973266        21.459346797854842        47.996482403231553       0.34243838538807836        23.628248591777407        115.34925892233295        91.341153409537569              132          24
 ../1698_seed.dataconnected          68  0.35745471404412055       0.77590824635502098        24.306920555000197        52.761760752141427       0.42560658069047552        28.941247486952335        79.902543515823538        52.420438640106340              105           7
 ../1699_seed.dataconnected          63  0.36868830330375912       0.81015236618100772        23.227363108136824        51.039599069403486       0.41745854306595537        26.299888213155189        85.121707211531643        58.894917614027847               81           3
 ../1700_seed.dataconnected          58  0.30749077924783469       0.70602151221461151        17.834465196374413        40.949247708447466       0.36360327906460188        21.088990185746908        108.31812080683635        76.386347339835112               94           4
 ../1701_seed.dataconnected          98  0.35548442296006943       0.78667913479626816        34.837473450086804        77.094555210034287       0.38707118296589255        37.932975930657470        121.56605043900197        98.456409206980936              143           6
 ../1702_seed.dataconnected          50  0.33837033422898971       0.72888923969000019        16.918516711449485        36.444461984500009       0.35621476725025325        17.810738362512662        63.350755101506813        37.751336177951252               97           4
 ../1703_seed.dataconnected          79  0.34071892901891648       0.75545930356627133        26.916795392494404        59.681284981735438       0.37626270818984020        29.724753946997374        94.923754972651821        69.929460477093158              107           4
 ../1704_seed.dataconnected          34  0.30242770126906432       0.71038204722350173        10.282541843148186        24.152989605599060       0.34764871690326693        11.820056374711076        47.008736840362019        19.978608947271109               58           3
 ../1705_seed.dataconnected          83  0.35513572849702174       0.75909172233653122        29.476265465252805        63.004612953932089       0.42103150144076656        34.945614619583623        111.44263060255298        86.024368526008089              122           6
 ../1706_seed.dataconnected          54  0.35667901064911883       0.77181715794381278        19.260666575052419        41.678126528965890       0.39886201347171346        21.538548727472527        72.413043182367360        47.609544944638095               96           8
 ../1707_seed.dataconnected          94  0.37609622152119138       0.81165252470355564        35.353044822991990        76.295337322134230       0.41073270270259210        38.608874054043660        122.16102730735695        98.120394177902071              129           8
 ../1708_seed.dataconnected          75  0.37457733967994084       0.80903565350124529        28.093300475995562        60.677674012593400       0.41385867482124583        31.039400611593436        97.612013777416848        70.131635570478110              107           4
 ../1709_seed.dataconnected          54  0.33516812858107209       0.72029775065147406        18.099078943377894        38.896078535179598       0.38478667638061337        20.778480524553121        89.619558772100333        67.428899416080384               90           5
 ../1710_seed.dataconnected          79  0.34749950480668224       0.76229612028433436        27.452460879727898        60.221393502462412       0.38511163663221631        30.423819293945090        122.47985458213134        92.024159994090041               98           5
 ../1711_seed.dataconnected         112  0.36085714649084655       0.79955703528716837        40.416000406974817        89.550387952162851       0.39097889215757087        43.789635921647935        120.17609846129953        103.69303424154010              153          12
 ../1712_seed.dataconnected          86  0.35301704869009026       0.77706331397218054        30.359466187347763        66.827445001607529       0.40505602368325194        34.834818036759664        103.25153576671021        79.830668292396268              111           5
 ../1713_seed.dataconnected          87  0.34135527901659435       0.75362688320323490        29.697909274443710        65.565538838681434       0.37272047089873095        32.426680968189594        111.14012924859097        91.889774745584020              116           8
 ../1714_seed.dataconnected          75  0.32940094667457692       0.72637219582568380        24.705071000593268        54.477914686926283       0.37791018547138278        28.343263910353709        123.78582920093992        99.010101034065727              117           4
 ../1715_seed.dataconnected          80  0.34944482542440142       0.75489631974837779        27.955586033952113        60.391705579870219       0.41838882474959282        33.471105979967426        117.90462828499419        87.590570388708315              109           4
 ../1716_seed.dataconnected          97  0.30228683874543416       0.65994248973667158        29.321823358307114        64.014421504457147       0.33812559617838500        32.798182829303343        163.77068942404242        141.65955480493048              130           5
 ../1717_seed.dataconnected         136  0.37480920578498428       0.79957383119575709        50.974051986757864        108.74204104262296       0.42034612134452926        57.167072502855980        140.80052518113189        138.48820138557753              173           7
 ../1718_seed.dataconnected          83  0.32920100108125955       0.72728463194184811        27.323683089744542        60.364624451173391       0.37832295880340910        31.400805580682956        112.95803864615777        87.731578349176246              118           8
 ../1719_seed.dataconnected          62  0.36135900315267039       0.79025097722204740        22.404258195465562        48.995560587766938       0.40277613667056711        24.972120473575160        78.444906388631679        53.467483863856963              112           8
 ../1720_seed.dataconnected          37  0.38282898730865966       0.83067124212193366        14.164672530420408        30.734835958511546       0.40198605618366751        14.873484078795698        39.109600777033975        17.921277116437999               79          14
 ../1721_seed.dataconnected          47  0.37547748369016481       0.81106236840857426        17.647441733437745        38.119931315202990       0.41802374329130376        19.647115934691278        59.078095069999286        31.832073576016054               68           5
 ../1722_seed.dataconnected          77  0.34805020375019852       0.77594203044683074        26.799865688765287        59.747536344405965       0.38761236328433862        29.846151972894074        87.141246620281294        65.731735221482296              123           8
 ../1723_seed.dataconnected         100  0.38341224119704187       0.81903582926924701        38.341224119704187        81.903582926924699       0.43956071234887467        43.956071234887467        121.83044726927341        93.995188773576444              131           7
 ../1724_seed.dataconnected          48  0.29736718645464605       0.67338910808781616        14.273624949823009        32.322677188215174       0.34471537417452580        16.546337960377237        101.30318312024814        64.531469709204458               85           9
 ../1725_seed.dataconnected          60  0.32744887999888778       0.71556238180161624        19.646932799933268        42.933742908096974       0.39535362667794610        23.721217600676766        99.351169004940743        72.797344100698453               91           5
 ../1726_seed.dataconnected          99  0.34811795045453825       0.75042712797463229        34.463677094999284        74.292285669488592       0.38474159546406972        38.089417950942902        122.71867223004872        107.21355330686136              141           7
 ../1727_seed.dataconnected          93  0.31746528433716770       0.70422943377185376        29.524271443356596        65.493337340782404       0.37194291457085926        34.590691055089913        112.91109137905603        90.827700503672546              131           6
 ../1728_seed.dataconnected          71  0.38597254093570510       0.82296366687474343        27.404050406435061        58.430420348106786       0.43397596778654512        30.812293712844703        76.649419548471016        55.505418761657261              100           3
 ../1729_seed.dataconnected          91  0.38486156690049028       0.82188984074636151        35.022402587944619        74.791975507918892       0.42410959741526943        38.593973364789520        114.05074125009037        86.629670911619868              119           7
 ../1730_seed.dataconnected          85  0.34419693641099730       0.76438028918528089        29.256739594934771        64.972324580748875       0.38406030394704904        32.645125835499165        102.89891423412818        83.333534803040877              108           5
 ../1731_seed.dataconnected          61  0.34270561330028548       0.77629944780606142        20.905042411317414        47.354266316169749       0.38963814475314951        23.767926829942120        100.79730077525632        70.825011484535963              102           5
 ../1732_seed.dataconnected          72  0.37450339900009466       0.81619109807475354        26.964244728006815        58.765759061382255       0.41380294812637158        29.793812265098754        78.314345402158779        57.912290105593435              105           5
 ../1733_seed.dataconnected          59  0.41166179743554204       0.85851214595771141        24.288046048696980        50.652216611504976       0.47075155543764607        27.774341770821117        76.679223926290035        48.879125294125572               85           2
 ../1734_seed.dataconnected          34  0.33010167691409398       0.76018093355354688        11.223457015079195        25.846151740820595       0.38117689496884954        12.960014428940884        51.842268181787823        25.865262991958609               74          13
 ../1735_seed.dataconnected          60  0.38547583416918263       0.81806561705766490        23.128550050150956        49.083937023459896       0.42869733378028063        25.721840026816839        82.244788277207562        52.988282652104218              107          10
 ../1736_seed.dataconnected          82  0.33560223952946155       0.73238439459472482        27.519383641415846        60.055520356767438       0.37186684756310651        30.493081500174732        88.397260177577067        63.189499405505856              119          11
 ../1737_seed.dataconnected          78  0.31226829217494917       0.69111285844034875        24.356926789646035        53.906802958347200       0.35667820288725743        27.820899825206080        116.85283197828045        95.267804838389878              122           9
 ../1738_seed.dataconnected          78  0.36701592555991491       0.79373742942981129        28.627242193673364        61.911519495525283       0.40386639461151025        31.501578779697798        81.530506415201984        60.046792106849097              102           4
 ../1739_seed.dataconnected          57  0.32072045645196756       0.71597498326349418        18.281066017762150        40.810574046019170       0.36079124771761156        20.565101119903858        87.157712080629622        62.711347278279135               84           5
 ../1740_seed.dataconnected          46  0.30670504241928259       0.70723184967277186        14.108431951286999        32.532665084947503       0.36290791706480624        16.693764184981088        95.254685725237451        61.400283046907525               71           4
 ../1741_seed.dataconnected          77  0.38261339042346254       0.81650034719355746        29.461231062606615        62.870526733903922       0.42637021571998124        32.830506610438555        87.031701165982170        60.524069806518881              104           5
 ../1742_seed.dataconnected          72  0.31595337366681325       0.68048267145127894        22.748642904010556        48.994752344492085       0.36033227508160515        25.943923805875571        90.314179223720359        63.543610635491540              125          15
 ../1743_seed.dataconnected          44  0.36219198558382598       0.79131827760722717        15.936447365688343        34.818004214717995       0.40374694892945795        17.764865752896149        61.880323617493644        36.955370685257591               95           5
 ../1744_seed.dataconnected          66  0.37195971121208210       0.84552979931850680        24.549340939997418        55.804966755021447       0.41131067958628975        27.146504852695124        91.715632310708855        62.278945330158066               93           8
 ../1745_seed.dataconnected          20  0.35167842096190632       0.79031802635347537        7.0335684192381267        15.806360527069508       0.44784110553631773        8.9568221107263550        33.201407677648575        10.028149516228588               72           5
 ../1746_seed.dataconnected          65  0.33959597083606774       0.74657546747494818        22.073738104344404        48.527405385871631       0.39449157468053153        25.641952354234551        78.874226518698862        53.588462619039447               98           6
 ../1747_seed.dataconnected          63  0.30076891953942275       0.69230382330656348        18.948441930983634        43.615140868313496       0.33542022047593156        21.131473889983688        122.42812770267624        98.187781308779847               99           5
 ../1748_seed.dataconnected          36  0.29275910037050795       0.67850287455595204        10.539327613338287        24.426103484014273       0.34325206563730060        12.357074362942821        69.661621834869393        33.430944854645041               70           5
 ../1749_seed.dataconnected          77  0.32211196761946309       0.71171655258091315        24.802621506698657        54.802174548730314       0.36813613451363553        28.346482357549935        87.949068446223833        61.849511779757243              120           6
 ../1750_seed.dataconnected         100  0.34599579394665370       0.75247311179686871        34.599579394665369        75.247311179686875       0.38327759457745275        38.327759457745273        116.38921949194089        89.495113144506760              137           8
 ../1751_seed.dataconnected           9  0.32745110986538090       0.75331811014319661        2.9470599887884279        6.7798629912887698       0.44510797094984844        4.0059717385486362        10.402324089016030        1.6268740059706639               55           8
 ../1752_seed.dataconnected          33  0.29359798807354937       0.65129999017512274        9.6887336064271299        21.492899675779050       0.34846327773406044        11.499288165223994        61.471829651751271        34.676642720390284               96          19
 ../1753_seed.dataconnected          83  0.33756777504169044       0.74891366157199224        28.018125328460307        62.159833910475356       0.38654084548265633        32.082890175060477        120.60327901266461        101.26764387849219              132           9
 ../1754_seed.dataconnected         112  0.38349549695787416       0.81749915958114761        42.951495659281903        91.559905873088525       0.40824843641026826        45.723824877950044        109.95530310191140        90.453661944117243              153           9
 ../1755_seed.dataconnected          96  0.37481200162297912       0.81414985915587834        35.981952155805999        78.158386478964317       0.40832530796197375        39.199229564349480        105.56529321718240        82.813311937079931              119           3
 ../1756_seed.dataconnected          64  0.32306867411924894       0.71810272363909355        20.676395143631932        45.958574312901987       0.37835946582143115        24.215005812571594        76.165647743552370        50.944039275340586               95           8
 ../1757_seed.dataconnected          14  0.37138226946223729       0.82430759195116765        5.1993517724713225        11.540306287316348       0.47374569947949374        6.6324397927129120        14.087132033082714        3.2867351269175376               57           6
 ../1758_seed.dataconnected          19  0.34588612436861677       0.78020878130515181        6.5718363630037189        14.823966844797884       0.42776192867992868        8.1274766449186444        23.536318171010716        8.3263707778154785               89          10
 ../1759_seed.dataconnected          28  0.33145592463303913       0.76795458958811735        9.2807658897250960        21.502728508467285       0.38064280263719413        10.657998473841436        55.374311855508338        24.749137838314041               73           7
 ../1760_seed.dataconnected         109  0.34950711246653821       0.77243593684974277        38.096275258852664        84.195517116621957       0.39366779397349272        42.909789543110705        121.87354127832677        101.14483661020437              147          10
 ../1761_seed.dataconnected          92  0.32589878977898573       0.73673591572306230        29.982688659666689        67.779704246521732       0.34639075867437569        31.867949798042563        113.60427382211138        91.570372076304309              119           4
 ../1762_seed.dataconnected         109  0.35826233822487080       0.76577767944850306        39.050594866510920        83.469767059886834       0.40057900171959149        43.663111187435469        112.37568717523331        91.696691482992193              135           7
 ../1763_seed.dataconnected          65  0.38828726675789571       0.83175665386108677        25.238672339263221        54.064182500970638       0.42876583248185224        27.869779111320394        69.853208630547755        45.223131643535893               95           5
 ../1764_seed.dataconnected          32  0.32988647588287456       0.71154775599127551        10.556367228251986        22.769528191720816       0.42057251094551446        13.458320350256463        58.787275726223896        27.483978938248804               60           4
 ../1765_seed.dataconnected          93  0.29514869762481466       0.67713701622867817        27.448828879107765        62.973742509267069       0.34315005655843045        31.912955259934030        123.48124294140283        107.92533070759950              117           5
 ../1766_seed.dataconnected          69  0.37773929767832948       0.82481085049095826        26.064011539804735        56.911948683876119       0.40456963336699875        27.915304702322913        76.722712457373191        51.148545615725979               97           4
 ../1767_seed.dataconnected          74  0.33686343158223453       0.73321613765759885        24.927893937085354        54.257994186662316       0.38815592961017081        28.723538791152642        86.051260078793547        61.481722964088789              128           5
 ../1768_seed.dataconnected          88  0.38333446480881755       0.80344528095746870        33.733432903175945        70.703184724257241       0.41863901430825246        36.840233259126215        92.566810066920667        66.452199181868934              119           8
 ../1769_seed.dataconnected          71  0.36414289087509633       0.78476843682950737        25.854145252131840        55.718559014895021       0.37000462014135110        26.270328030035927        90.214414456585303        62.472805945245135              115          11
 ../1770_seed.dataconnected          64  0.31824475940786018       0.69042688027415178        20.367664602103051        44.187320337545714       0.36415647397325934        23.306014334288598        88.723170145181612        58.827894730576816              105           7
 ../1771_seed.dataconnected          47  0.34743834920978756       0.74729066248180986        16.329602412860016        35.122661136645064       0.40797583563998935        19.174864275079500        69.221009446382197        44.704026584594388               77           7
 ../1772_seed.dataconnected          57  0.33732870223038142       0.75716501671573300        19.227736027131741        43.158405952796784       0.37274393132607192        21.246404085586100        76.689920114982556        45.143445529297715               97           7
 ../1773_seed.dataconnected          24  0.30554696077372728       0.72239397472934319        7.3331270585694543        17.337455393504236       0.36379949299907549        8.7311878319778113        55.219233392726935        19.594486299971717               79           6
 ../1774_seed.dataconnected         113  0.31515877146005833       0.67828205594451285        35.612941174986588        76.645872321729954       0.35601019663798855        40.229152220092708        122.51338567956684        105.05412604409896              142           4
 ../1775_seed.dataconnected          88  0.38027364152906451       0.81882913477334740        33.464080454557674        72.056963860054566       0.42409137833164162        37.320041293184460        102.88347975779698        81.412179955947153              117           4
 ../1776_seed.dataconnected          37  0.28585689811996368       0.64221699364545126        10.576705230438655        23.762028764881698       0.36585514892253279        13.536640510133713        74.405428851033250        36.697087864860151               87           7
 ../1777_seed.dataconnected          38  0.32793521065125353       0.74123164143249487        12.461538004747634        28.166802374434806       0.38442731882087727        14.608238115193336        65.937544046925311        40.034890131868870               98          10
 ../1778_seed.dataconnected          85  0.34009994164731600       0.75149842330557470        28.908495040021858        63.877365980973849       0.38991765879702150        33.143000997746825        118.09449818457942        92.236478771000208              115           3
 ../1779_seed.dataconnected         113  0.39662100859715688       0.84515807355398775        44.818173971478728        95.502862311600623       0.43425554654856818        49.070876759988202        112.14817734380705        93.306023017878175              177          16
 ../1780_seed.dataconnected          58  0.31878815463233195       0.72967436359200988        18.489712968675253        42.321113088336574       0.36031609033583817        20.898333239478614        82.716640196439172        52.668357059127700               89           9
 ../1781_seed.dataconnected          78  0.34556717401675946       0.75553016027888498        26.954239573307238        58.931352501753025       0.39424500741780510        30.751110578588797        103.22445282535678        74.094263598956857               98           3
 ../1782_seed.dataconnected         109  0.36066558524166997       0.76727056206994637        39.312548791342024        83.632491265624154       0.40322104108641327        43.951093478419047        159.41926620441282        149.60935361741875              145           4
 ../1783_seed.dataconnected          46  0.30536587515688834       0.70122604947624889        14.046830257216865        32.256398275907451       0.35449357780105079        16.306704578848336        77.600510606897572        46.630651510669225               82           5
 ../1784_seed.dataconnected          76  0.31763772466541107       0.70449851302814115        24.140467074571241        53.541886990138728       0.36278792997045117        27.571882677754289        92.620223729031849        68.486118286551758              138          24
 ../1785_seed.dataconnected          96  0.31114797689764512       0.68108460194709286        29.870205782173933        65.384121786920915       0.34794772655701561        33.402981749473497        135.75157431340466        100.66154212667216              111           3
 ../1786_seed.dataconnected          37  0.33692048688638321       0.74937111726335792        12.466058014796179        27.726731338744244       0.39179428895140966        14.496388691202158        49.850612884477485        25.449762006526434              100           8
 ../1787_seed.dataconnected          94  0.36177738577224222       0.81069360106818700        34.007074262590770        76.205198500409580       0.38877290955369159        36.544653498047012        109.94954319425737        85.682655195708719              133           4
 ../1788_seed.dataconnected          25  0.33976929612270740       0.78073673425635703        8.4942324030676843        19.518418356408926       0.38491973881063746        9.6229934702659357        33.795061565171899        13.165867483131152               52           8
 ../1789_seed.dataconnected          44  0.29093357206028858       0.66435417038096545        12.801077170652697        29.231583496762479       0.35729561033102542        15.721006854565118        70.806991645203979        35.688986423354820               92           7
 ../1790_seed.dataconnected         109  0.35404260540211041       0.77396230334541960        38.590643988830038        84.361891064650735       0.38845383785040427        42.341468325694066        126.52976201468998        106.62913389538865              141           4
 ../1791_seed.dataconnected          70  0.36642759392490704       0.80142687500122334        25.649931574743494        56.099881250085630       0.41684290853409972        29.179003597386981        97.143913092702249        65.927127741801186              115          11
 ../1792_seed.dataconnected          73  0.39418251597908827       0.83713235337304659        28.775323666473444        61.110661796232399       0.42424684461091988        30.970019656597152        86.569223829236776        58.708253132425803              102           5
 ../1793_seed.dataconnected          25  0.33147105876887217       0.74856293515409011        8.2867764692218042        18.714073378852252       0.42071640544322925        10.517910136080731        52.780709015690469        27.886953809550903               66           7
 ../1794_seed.dataconnected          69  0.35108328463637417       0.77386444494452800        24.224746639909817        53.396646701172429       0.39594287155340013        27.320058137184610        94.408589349610168        64.243782211812686               88           3
 ../1795_seed.dataconnected          83  0.37658162598952566       0.80915377748943207        31.256274957130628        67.159763531622858       0.40688485120308715        33.771442649856233        85.252788939609417        63.351432073233795              125           5
 ../1796_seed.dataconnected          81  0.29876103342037913       0.65408805682083260        24.199643707050708        52.981132602487442       0.34498644199388118        27.943901801504374        129.69214805929178        105.84639135374054              141          25
 ../1797_seed.dataconnected          62  0.33898327940145984       0.76659179859133486        21.016963322890511        47.528691512662760       0.39110409315183070        24.248453775413502        92.426826131456821        68.543501014153819              109           6
 ../1798_seed.dataconnected          81  0.36042322293773132       0.79750086500820694        29.194281057956239        64.597570065664769       0.39951116344190768        32.360404238794523        112.79563887569662        84.196832102926351              110           6
 ../1799_seed.dataconnected          90  0.38270723006167701       0.81049595183015877        34.443650705550930        72.944635664714284       0.42140649520929674        37.926584568836709        110.68191727633177        91.246884762209319              113           4
 ../1800_seed.dataconnected          91  0.32531588496487446       0.70626119006104160        29.603745531803575        64.269768295554783       0.37471927850956299        34.099454344370230        133.22220932016387        115.80816965504046              129           6
 ../1801_seed.dataconnected          47  0.36548574007859380       0.78136794276765997        17.177829783693909        36.724293310080022       0.42556827510867479        20.001708930107714        58.947939365586322        34.779859042895666               91           6
 ../1802_seed.dataconnected          71  0.34997511194614417       0.75253422591170993        24.848232948176236        53.429930039731403       0.39624800489119255        28.133608347274670        95.023059458451485        62.615745694207547              130          11
 ../1803_seed.dataconnected          97  0.39170290541264907       0.83163778199756089        37.995181825026961        80.668864853763409       0.42808534812800514        41.524278768416501        103.18563404581181        82.466886685660924              107           1
 ../1804_seed.dataconnected          71  0.38021047466021812       0.80552059459101832        26.994943700875488        57.191962215962299       0.42103736410866760        29.893652851715398        73.996587081328855        48.175986678005145              131           6
 ../1805_seed.dataconnected          61  0.36583071000361789       0.80029042790653071        22.315673310220692        48.817716102298377       0.43405014476891129        26.477058830903587        85.173330448529683        60.619312536824708               99           6
 ../1806_seed.dataconnected         111  0.33078428577530283       0.71953466792732879        36.717055721058614        79.868348139933502       0.36805338839812657        40.853926112192049        137.28572119224447        121.09318592074221              142           5
 ../1807_seed.dataconnected         123  0.36129830250273393       0.77307270838392761        44.439691207836276        95.087943131223099       0.39776683897433418        48.925321193843104        122.57744321012346        106.56073628610174              156           9
 ../1808_seed.dataconnected         101  0.38350439792831997       0.81292892038864251        38.733944190760319        82.105820959252895       0.41042395074025961        41.452819024766221        109.18482610674106        89.678854086098895              133           6
 ../1809_seed.dataconnected          42  0.33055892074462251       0.75430892439768127        13.883474671274145        31.680974824702613       0.36631984218376729        15.385433371718227        67.266270150658343        36.834632021369309               76           5
 ../1810_seed.dataconnected          53  0.36478019497816683       0.78398775089165318        19.333350333842841        41.551350797257619       0.42511772719802426        22.531239541495285        65.798973554330260        40.483671443501898               91           7
 ../1811_seed.dataconnected          60  0.33520689522194208       0.76534478682424956        20.112413713316524        45.920687209454975       0.37305738663452981        22.383443198071788        84.450652854418564        54.199598757877304               93           4
 ../1812_seed.dataconnected         125  0.36370900623085517       0.78921963487327529        45.463625778856894        98.652454359159407       0.39339647924860544        49.174559906075679        137.17319072221912        125.96153203788589              146           7
 ../1813_seed.dataconnected         100  0.39156726043731627       0.85121363705413844        39.156726043731624        85.121363705413842       0.41043236337822014        41.043236337822016        90.366054923572634        70.644673586090846              134           6
 ../1814_seed.dataconnected          83  0.36619245050134847       0.80616861626806946        30.393973391611922        66.911995150249766       0.39500731488108543        32.785607135130093        101.75779079396871        79.489661516690418              110           3
 ../1815_seed.dataconnected         114  0.34598066045866266       0.76808404317508749        39.441795292287544        87.561580921959973       0.38040187864204167        43.365814165192752        137.17304053093986        121.90002555429560              167          27
 ../1816_seed.dataconnected          31  0.31846821615972926       0.71228847713184495        9.8725147009516068        22.080942791087192       0.38750323080767374        12.012600155037886        53.986102246512573        22.761111001839762               72          15
 ../1817_seed.dataconnected          81  0.38764608554299101       0.81439589310487970        31.399332928982272        65.966067341495261       0.43284138675705586        35.060152327321525        114.83799583134427        97.228041191352901              114           8
 ../1818_seed.dataconnected         124  0.37765032600096854       0.80608678555793334        46.828640424120096        99.954761409183732       0.42396434992335080        52.571579390495501        131.84247990177286        116.45290775453830              154           5
 ../1819_seed.dataconnected          58  0.37499759774090724       0.78456674537740156        21.749860668972619        45.504871231889290       0.41878565037434640        24.289567721712093        75.922059276588200        48.804397901791155               97           6
 ../1820_seed.dataconnected          36  0.31494590071714013       0.70490227157565810        11.338052425817045        25.376481776723693       0.32315158950859074        11.633457222309266        52.995998409026996        27.918500509297665               86          10
 ../1821_seed.dataconnected          83  0.33389237552209811       0.72405440275232280        27.713067168334142        60.096515428442792       0.39267202224186254        32.591777846074592        115.07772307616318        91.509608848737500              155          15
 ../1822_seed.dataconnected          56  0.35808307780911841       0.78509671032590833        20.052652357310631        43.965415778250865       0.40670038056944136        22.775221311888714        73.541103708364048        46.774937834084227               92           9
 ../1823_seed.dataconnected          18  0.43322428522661727       0.88635083535130288        7.7980371340791113        15.954315036323452       0.49810775834494686        8.9659396502090427        25.968692812689540        8.1399613161675415               62           7
 ../1824_seed.dataconnected          76  0.34047538160254626       0.73896153101802664        25.876129001793515        56.161076357370021       0.40046908360529770        30.435650354002625        111.32064623101448        88.360332038864868               98           5
 ../1825_seed.dataconnected         105  0.37050806919838153       0.81250196207780212        38.903347265830064        85.312706018169223       0.40780643361397340        42.819675529467204        107.11297987470525        92.780958657530618              144           7
 ../1826_seed.dataconnected          93  0.37157547151244819       0.78519335373103305        34.556518850657682        73.022981896986067       0.41942724651524949        39.006733925918205        120.32905112602981        90.117609989870573              127           4
 ../1827_seed.dataconnected          76  0.35176489177317710       0.76732765911297762        26.734131774761458        58.316902092586297       0.41584900091191113        31.604524069305246        92.996415907165030        69.971021376380733              109          10
 ../1828_seed.dataconnected          88  0.36346716423028952       0.78443847184599436        31.985110452265477        69.030585522447510       0.39711142236570712        34.945805168182225        107.57984979522674        85.007441195584917              125           7
 ../1829_seed.dataconnected         109  0.39879738640158785       0.83297965904817040        43.468915117773072        90.794782836250576       0.44083734639947669        48.051270757542959        128.71153746442326        112.89199558734957              136           7
 ../1830_seed.dataconnected          57  0.31685213353849201       0.72085079749388581        18.060571611694044        41.088495457151488       0.34577567416381350        19.709213427337371        83.106488195511957        55.399416980575381               92           3
 ../1831_seed.dataconnected          75  0.35303735672275260       0.78729530096124889        26.477801754206446        59.047147572093664       0.39021919534289473        29.266439650717103        95.088399589965462        73.360087726983949              113          10
 ../1832_seed.dataconnected          74  0.33456106307252781       0.74514319168340470        24.757518667367059        55.140596184571947       0.36017365602016732        26.652850545492381        111.30549652989329        93.299480869748962              112          10
 ../1833_seed.dataconnected         103  0.31198331131334073       0.70431338889798301        32.134281065274095        72.544279056492243       0.34223988902786617        35.250708569870213        142.91820351915754        122.55131195715582              127           5
 ../1834_seed.dataconnected          30  0.33598395389277136       0.73346413467544092        10.079518616783140        22.003924040263229       0.37502821306927675        11.250846392078303        70.413541354792272        32.840497111285060               53           4
 ../1835_seed.dataconnected          95  0.31619292907781105       0.71078455565842835        30.038328262392049        67.524532787550697       0.35706756847483706        33.921419005109520        104.33626450280084        86.209470369916744              113           3
 ../1836_seed.dataconnected          65  0.30462941590180104       0.69201186336432363        19.800912033617067        44.980771118681034       0.35204806472421057        22.883124207073688        96.693067264398167        70.558387214524515              101           5
 ../1837_seed.dataconnected          96  0.34561849737489481       0.79296072520762573        33.179375747989901        76.124229619932066       0.38055602168043018        36.533378081321295        91.919778743018256        74.195629294805073              146          13
 ../1838_seed.dataconnected          73  0.32463169631527400       0.72277941276215696        23.698113831015000        52.762897131637459       0.36163914394151520        26.399657507730609        89.277087614106122        63.022124239010921              111          11
 ../1839_seed.dataconnected          59  0.31100683919029354       0.66191659301507122        18.349403512227319        39.053078987889201       0.38284686179886168        22.587964846132838        129.83222812690235        104.44677411666612               98           7
 ../1840_seed.dataconnected          58  0.36325409154963068       0.79836463836277283        21.068737309878578        46.305149025040826       0.39889800433761363        23.136084251581590        79.431534906826357        51.954846080445755               93          14
 ../1841_seed.dataconnected          91  0.36655204673336911       0.78251201071842913        33.356236252736586        71.208592975377044       0.41679130250713248        37.928008528149057        102.67240544218980        81.925037456292429              123           8
 ../1842_seed.dataconnected          67  0.35030859110895141       0.76980962767505212        23.470675604299743        51.577245054228491       0.38746014411093849        25.959829655432877        91.978104785939578        64.214255517612173              105           9
 ../1843_seed.dataconnected          69  0.29950134530618350       0.64883032078893277        20.665592826126662        44.769292134436363       0.35186964556072259        24.279005543689859        101.96503508047010        74.227231196670758               91           3
 ../1844_seed.dataconnected          79  0.34441645637277574       0.75037011737706116        27.208900053449284        59.279239272787834       0.38756835321207844        30.617899903754196        128.14467757423441        99.733769269204814              101           4
 ../1845_seed.dataconnected          62  0.37285599344546727       0.80479142069036413        23.117071593618970        49.897068082802576       0.40924175919008288        25.372989069785138        75.597707407740742        50.599277150704538               97           6
 ../1846_seed.dataconnected         114  0.37484245420157458       0.80758570453032730        42.732039778979505        92.064770316457313       0.40988823346798470        46.727258615350259        106.42259362979513        89.593355156600438              143           8
 ../1847_seed.dataconnected          14  0.35407484471981332       0.80099454090236677        4.9570478260773863        11.213923572633135       0.45198500821914861        6.3277901150680806        18.840722474251216        5.6501847181526044               52          10
 ../1848_seed.dataconnected          67  0.32732703334967911       0.70933727588947049        21.930911234428500        47.525597484594520       0.36090837946979648        24.180861424476365        82.753857222236988        53.416803020244146              114          17
 ../1849_seed.dataconnected          94  0.34578141987638666       0.76089706746548957        32.503453468380343        71.524324341756014       0.37636088990234295        35.377923650820236        108.06343903995571        88.877887747356738              117           7
 ../1850_seed.dataconnected          76  0.36961807212563030       0.79770828360287771        28.090973481547902        60.625829553818704       0.43003600663618891        32.682736504350359        110.27423393769307        86.265270639080541              131          20
 ../1851_seed.dataconnected          82  0.33224818497894421       0.72952645193442389        27.244351168273425        59.821169058622758       0.37017186207912367        30.354092690488141        113.39357684227546        92.147473177506868              133           8
 ../1852_seed.dataconnected          94  0.39562902701876046       0.84410767626966943        37.189128539763480        79.346121569348924       0.42814167186143220        40.245317154974629        101.70874410409080        79.604451287661092              137          13
 ../1853_seed.dataconnected          97  0.33902885911441855       0.74725381439214433        32.885799334098600        72.483619996038001       0.37723348541112528        36.591648084879154        119.79514358428459        101.95597066102744              144           5
 ../1854_seed.dataconnected         122  0.40346664609489247       0.82799389197236395        49.222930823576881        101.01525482062840       0.44584053381275446        54.392545125156047        117.29203016487483        101.43396919389265              147           3
 ../1855_seed.dataconnected          52  0.30821336377862474       0.69641570989250712        16.027094916488487        36.213616914410373       0.34599518123547351        17.991749424244624        62.537371187686446        36.815226021751457               68           2
 ../1856_seed.dataconnected         118  0.37897258365478770       0.80648790266478498        44.718764871264952        95.165572514444634       0.41681875601541868        49.184613209819403        153.78946451970543        138.13061135824205              177          15
 ../1857_seed.dataconnected         110  0.33328681146915301       0.70647691331442175        36.661549261606829        77.712460464586400       0.37203556128889403        40.923911741778340        113.18950611028005        97.834067432493967              137           6
 ../1858_seed.dataconnected         100  0.38455492499689953       0.80062985214919313        38.455492499689953        80.062985214919308       0.41752005883894328        41.752005883894327        97.335119527265263        74.417516685072556              124           4
 ../1859_seed.dataconnected          42  0.34138498421614988       0.75805739210571821        14.338169337078295        31.838410468440166       0.41866956135320937        17.584121576834793        62.814474062604432        31.522970617609460               86           6
 ../1860_seed.dataconnected          58  0.32367120922832532       0.70620332655786733        18.772930135242870        40.959792940356309       0.37285879734682476        21.625810246115837        73.019108653377785        46.067299295416220              130          19
 ../1861_seed.dataconnected          50  0.31917022420290353       0.74036586931816128        15.958511210145176        37.018293465908066       0.35581428665228171        17.790714332614087        74.126721448610681        45.137256311231752               88           5
 ../1862_seed.dataconnected         128  0.36532506131911430       0.78006142537066836        46.761607848846630        99.847862447445550       0.39433750809513624        50.475201036177438        130.77334224981246        117.67537309668732              177          10
 ../1863_seed.dataconnected          73  0.38338867145388478       0.82577968683025060        27.987373016133589        60.281917138608293       0.42119588131129920        30.747299335724843        79.381337197675862        57.641179985853036              107           5
 ../1864_seed.dataconnected          48  0.34188076592606603       0.76779274767187600        16.410276764451169        36.854051888250048       0.40419909312998059        19.401556470239068        78.281185781704764        47.926907524130364               95           8
 ../1865_seed.dataconnected          78  0.34129214291970394       0.76460885710564019        26.620787147736909        59.639490854239938       0.37165095023664124        28.988774118458018        108.99844116043876        82.471716673470695              114           6
 ../1866_seed.dataconnected          79  0.39914252937397082       0.82999445264940408        31.532259820543693        65.569561759302928       0.44635999403358068        35.262439528652877        89.196621785842510        65.070531718624238              121          13
 ../1867_seed.dataconnected          57  0.33467640884138894       0.75525749238626638        19.076555303959168        43.049677066017182       0.39293114128112372        22.397075053024054        84.384353826066260        58.645986549723631               79           2
 ../1868_seed.dataconnected         124  0.35358938460188005       0.76657568762143480        43.845083690633125        95.055385265057922       0.38290680950149503        47.480444378185382        125.14527445863284        108.11353297877724              148           4
 ../1869_seed.dataconnected          66  0.33546985747423180       0.73671285494758698        22.141010593299299        48.623048426540741       0.39817664181528661        26.279658359808916        95.625821259636524        63.450696524083455               93           7
 ../1870_seed.dataconnected         102  0.30267286042229125       0.68825753785468924        30.872631763073706        70.202268861178297       0.32731947569855835        33.386586521252951        138.74944295639133        129.16128668163174              135           6
 ../1871_seed.dataconnected          87  0.36348880634871727       0.78675950916669457        31.623526152338403        68.448077297502422       0.42074763428362794        36.605044182675627        131.90346750343724        115.53348015059092              121           7
 ../1872_seed.dataconnected         103  0.32251470422676287       0.69781535647845228        33.219014535356578        71.874981717280590       0.36686937629179850        37.787545758055245        102.52327871921013        78.715345038695858              131           5
 ../1873_seed.dataconnected          88  0.35184519499316141       0.78684614085063131        30.962377159398205        69.242460394855556       0.38872031105753480        34.207387373063064        113.57822169538922        93.992827823155281              117           3
 ../1874_seed.dataconnected         106  0.39467579909355521       0.84189984669761686        41.835634703916853        89.241383749947389       0.43123349877099437        45.710750869725402        109.73394772066762        88.649317136114249              135           3
 ../1875_seed.dataconnected          93  0.36008413797779310       0.78263015984443896        33.487824831934759        72.784604865532827       0.39696765080228019        36.917991524612056        106.34198877045267        83.095824045163155              123           6
 ../1876_seed.dataconnected         101  0.36581341264196837       0.79800891104939375        36.947154676838807        80.598900015988775       0.38925370779646989        39.314624487443460        107.96429624433101        90.026136277200436              142           7
 ../1877_seed.dataconnected          60  0.37099706194826543       0.79286085762149994        22.259823716895927        47.571651457289995       0.42411894952290574        25.447136971374345        73.120923328200305        50.193386048189986              102           5
 ../1878_seed.dataconnected          97  0.38134766696088152       0.81850180733405553        36.990723695205510        79.394675311403390       0.43429751829150370        42.126859274275859        122.64708338933310        102.23881835335439              123           3
 ../1879_seed.dataconnected          95  0.39127035591932569       0.81062823665521644        37.170683812335938        77.009682482245566       0.43329988811134496        41.163489370577771        133.56208358724300        113.22592635899305              125           7
 ../1880_seed.dataconnected         119  0.37866528371460167       0.81730278337602869        45.061168762037596        97.259031221747421       0.41676470651369252        49.595000075129413        121.92867429244869        105.07618321767819              140           2
 ../1881_seed.dataconnected          74  0.37193660479131468       0.78886875964123238        27.523308754557288        58.376288213451197       0.41688387296297319        30.849406599260018        91.505511563997359        63.901307225039560               99           4
 ../1882_seed.dataconnected          63  0.35224912082429494       0.78293838851133535        22.191694611930583        49.325118476214129       0.40403473389675287        25.454188235495430        73.542595996093439        47.526937840698082               89           6
 ../1883_seed.dataconnected          96  0.34613745149526814       0.75218875052653844        33.229195343545740        72.210120050547687       0.38420830698759773        36.883997470809383        128.21764118359988        111.61411324108036              130           4
 ../1884_seed.dataconnected          69  0.34238661121434383       0.75563109451598898        23.624676173789723        52.138545521603241       0.36800847898896583        25.392585050238640        92.615998642759592        67.113682279708868              120          18
 ../1885_seed.dataconnected          92  0.37921605207536824       0.80627061475706385        34.887876790933880        74.176896557649869       0.41555826874088625        38.231360724161533        92.563756985153546        72.151541252130244              123           5
 ../1886_seed.dataconnected          65  0.38064534164281066       0.82600224796156319        24.741947206782694        53.690146117501605       0.41235880905066846        26.803322588293451        69.371152927940656        45.154326539260083              104           8
 ../1887_seed.dataconnected          29  0.28956170640997891       0.65065124953451381        8.3972894858893881        18.868886236500899       0.39283662588744739        11.392262150735974        57.238435203493829        29.720565124698698               54           6
 ../1888_seed.dataconnected          52  0.30937465176800960       0.68326328581500273        16.087481891936498        35.529690862380143       0.37601994478487732        19.553037128813621        81.281232178143682        51.910409261076801               76           5
 ../1889_seed.dataconnected         103  0.39887505620075220       0.83294732909548086        41.084130788677477        85.793574896834528       0.43584904149124915        44.892451273598660        111.48904593799922        90.485002910944004              130           3
 ../1890_seed.dataconnected          93  0.29709175479986949       0.66874306923645055        27.629533196387861        62.193105438989903       0.33234664220046722        30.908237724643453        129.86094314838260        105.45120174978712              116           5
 ../1891_seed.dataconnected          66  0.39734122481906237       0.82826602289640860        26.224520838058115        54.665557511162966       0.44865223571084062        29.611047556915480        72.690121254029393        49.739626509172943              152          19
 ../1892_seed.dataconnected          98  0.33075472804735956       0.73794643673575200        32.413963348641239        72.318750800103700       0.35626954078815637        34.914414997239327        128.42282520296769        108.96771197992203              148          16
 ../1893_seed.dataconnected          73  0.34775298684652389       0.72902377856027423        25.385968039796243        53.218735834900016       0.37939296895627167        27.695686733807833        96.260728843513022        70.395782717696576              108           4
 ../1894_seed.dataconnected          81  0.32746159916731565       0.74112928945986689        26.524389532552568        60.031472446249218       0.35867603591681080        29.052758909261673        133.91259940993046        111.74476403853448              118           6
 ../1895_seed.dataconnected          27  0.36757627573458107       0.81233396140194025        9.9245594448336885        21.933016957852388       0.39517885814380460        10.669829169882725        33.719641817531482        15.063162675326868               59           3
 ../1896_seed.dataconnected          72  0.30530181675024776       0.69390634080422742        21.981730806017840        49.961256537904376       0.33955329500049480        24.447837240035625        128.73694850290116        108.83662474529966              124          10
 ../1897_seed.dataconnected          48  0.39854057665078468       0.84967685665493953        19.129947679237667        40.784489119437097       0.42086208272541520        20.201379970819929        52.403972710314250        30.285863244669120               78           5
 ../1898_seed.dataconnected          54  0.37491755874013166       0.80581948501458234        20.245548171967108        43.514252190787445       0.43186660438487162        23.320796636783069        71.263395550023191        42.402755560554603               84           4
 ../1899_seed.dataconnected          89  0.30762110700003381       0.66998018006146565        27.378278523003008        59.628236025470443       0.35904469636687808        31.954977976652149        132.02182496591300        101.33610837768470              118           6
 ../1900_seed.dataconnected          79  0.34498182904230734       0.74783421402228578        27.253564494342282        59.078902907760579       0.39354205721364499        31.089822519877956        94.028018466933389        68.380406300756405              122           6
 ../1901_seed.dataconnected          60  0.38084149272122381       0.81539697784459875        22.850489563273428        48.923818670675928       0.42979104369800908        25.787462621880543        71.502096877391764        46.535644304084514               82           3
 ../1902_seed.dataconnected         110  0.34652230746623036       0.75647567133873850        38.117453821285338        83.212323847261231       0.39109787311330751        43.020766042463826        135.23347981200885        110.97061155680311              158          13
 ../1903_seed.dataconnected          83  0.34219640618314967       0.77158196190968575        28.402301713201421        64.041302838503924       0.38135568865749347        31.652522158571958        117.91200289305374        89.065028373102933              111           4
 ../1904_seed.dataconnected          78  0.39530813167378115       0.84731550346091111        30.834034270554930        66.090609269951074       0.42171489886428370        32.893762111414127        80.451315161511516        55.207540091494266              102           4
 ../1905_seed.dataconnected          56  0.37489628943838754       0.81714832950381411        20.994192208549702        45.760306452213591       0.40701611794375014        22.792902604850006        59.726710650743733        35.680571576838020               84           4
 ../1906_seed.dataconnected          74  0.34316534334563320       0.76280817885267482        25.394235407576858        56.447805235097938       0.37347234774578253        27.636953733187909        87.877117262826062        63.250976709043513              102           3
 ../1907_seed.dataconnected          79  0.35546765995483842       0.77797299457631253        28.081945136432235        61.459866571528693       0.39406874223746635        31.131430636759841        123.69894800605367        104.57685115456246              105           4
 ../1908_seed.dataconnected         118  0.37694863170488269       0.79575141267346927        44.479938541176153        93.898666695469373       0.41873616766539284        49.410867784516356        136.24331036870802        126.28204213340923              168          25
 ../1909_seed.dataconnected          58  0.34224873613913392       0.72185926608107909        19.850426696069768        41.867837432702586       0.39146643762038769        22.705053381982484        78.153772834464718        48.967012598267118              114          13
 ../1910_seed.dataconnected          74  0.36013316845965171       0.78443711075317835        26.649854466014226        58.048346195735199       0.40630103896710701        30.066276883565919        95.971074110194550        69.723990592550152               99           6
 ../1911_seed.dataconnected          41  0.34053661847498595       0.76232761711882913        13.962001357474424        31.255432301871995       0.38821776732053470        15.916928460141923        73.478974632582691        39.505868500653499               78           4
 ../1912_seed.dataconnected         115  0.36349475537082138       0.80401059363995986        41.801896867644459        92.461218268595388       0.39968522647131993        45.963801044201794        116.15087649249742        104.02242111077001              141           4
 ../1913_seed.dataconnected          48  0.38555055711126818       0.82536732578473271        18.506426741340874        39.617631637667174       0.42441101728377939        20.371728829621411        58.799280325239785        34.270060167519453               77           9
 ../1914_seed.dataconnected          74  0.35462446820200155       0.79342712971473683        26.242210646948116        58.713607598890526       0.38805875538631207        28.716347898587092        75.993576689353603        52.413493109354853              106           4
 ../1915_seed.dataconnected          81  0.32782366400652840       0.69797396243839960        26.553716784528802        56.535890957510368       0.36855477101598677        29.852936452294930        92.563090573098961        68.670118527795751              110           7
 ../1916_seed.dataconnected          71  0.39666754149191730       0.84023775808510881        28.163395445926128        59.656880824042723       0.43574823123322282        30.938124417558821        87.145645302332639        58.817261196722967              111          14
 ../1917_seed.dataconnected          67  0.35186336023183129       0.78152046783216123        23.574845135532698        52.361871344754803       0.39155972972320385        26.234501891454659        93.249805609858583        60.618626459325249               97           6
 ../1918_seed.dataconnected          64  0.35057508568869511       0.77085018829403806        22.436805484076487        49.334412050818436       0.39180351273014485        25.075424814729271        81.452765203097385        51.365207349050699               98           7
 ../1919_seed.dataconnected         132  0.35831504433666983       0.77997383700109246        47.297585852440420        102.95654648414421       0.38399329781053065        50.687115310990045        122.74116907338173        107.72780092387610              158           6
 ../1920_seed.dataconnected         102  0.35223178986146714       0.77311242582107664        35.927642565869647        78.857467433749818       0.38107325108894130        38.869471611072015        135.28725928857864        124.27199206779368              141           6
 ../1921_seed.dataconnected          63  0.29495988605576551       0.64486596654190076        18.582472821513228        40.626555892139748       0.35402025524436775        22.303276080395168        103.96209690204280        75.978572160807346              107           4
 ../1922_seed.dataconnected         118  0.40173953830576020       0.85677923049096660        47.405265520079702        101.09994919793407       0.42726097636159743        50.416795210668496        113.38973052683225        98.757316939081178              141           3
 ../1923_seed.dataconnected          95  0.35010498742413043       0.78641367884008351        33.259973805292390        74.709299489807933       0.38574609878766464        36.645879384828142        111.42946846931383        90.803362127248903              122           7
 ../1924_seed.dataconnected          62  0.36471794010201003       0.78861756869169652        22.612512286324623        48.894289258885188       0.42108998143881760        26.107578849206689        89.555624834110063        60.915927847628389               87           5
 ../1925_seed.dataconnected          67  0.35481484013965409       0.78475030694409531        23.772594289356825        52.578270565254385       0.40303242727283711        27.003172627280087        95.206769614159981        66.324824405906512              100           8
 ../1926_seed.dataconnected          80  0.33292591039916153       0.74129177068173602        26.634072831932922        59.303341654538883       0.36021744368346625        28.817395494677299        91.546492518338283        65.142558867073049              119           8
 ../1927_seed.dataconnected          55  0.34438756038249374       0.75454600612240152        18.941315821037154        41.500030336732081       0.41426873903130140        22.784780646721575        91.375893140048220        63.381611238657143               95          10
 ../1928_seed.dataconnected          51  0.26267475171186050       0.58229073510716589        13.396412337304886        29.696827490465459       0.34079991043936458        17.380795432407595        102.27292204591349        75.129041638402327              111          27
 ../1929_seed.dataconnected          68  0.38988433312781567       0.84105291349184008        26.512134652691465        57.191598117445125       0.44433222099005870        30.214591027323991        89.137958461970896        63.872111784336880               98           5
 ../1930_seed.dataconnected          54  0.35364036447305580       0.77608228055143857        19.096579681545013        41.908443149777682       0.38543296675426336        20.813380204730223        96.875290750498849        65.834065325644374               86           6
 ../1931_seed.dataconnected         104  0.33444661131265796       0.72589687480366716        34.782447576516425        75.493274979581386       0.37021874830685420        38.502749823912836        130.78639586570335        109.22303949570728              162          11
 ../1932_seed.dataconnected          64  0.28658781316694354       0.64955773068220057        18.341620042684387        41.571694763660837       0.33448920272200361        21.407308974208231        83.693327743368286        60.472204846522658              112          15
 ../1933_seed.dataconnected         124  0.40467452968932427       0.84115133854272917        50.179641681476213        104.30276597929841       0.44720251834070163        55.453112274247005        133.22411277880195        124.38247511488049              154           3
 ../1934_seed.dataconnected          91  0.32103637539994501       0.72591743959892696        29.214310161394994        66.058487003502350       0.36006587701806081        32.765994808643534        111.35053415662183        86.290940072128379              117           4
 ../1935_seed.dataconnected         104  0.37474446588389188       0.82030372300728782        38.973424451924757        85.311587192757941       0.39828942229991748        41.422099919191417        113.37521365791153        95.552336504398625              139           5
 ../1936_seed.dataconnected          69  0.31358709604405327       0.71245563276177581        21.637509627039677        49.159438660562529       0.35492045092369107        24.489511113734682        121.51409390206226        89.550402441347870              110          10
 ../1937_seed.dataconnected          77  0.35946268976093426       0.77689296289736409        27.678627111591940        59.820758143097038       0.40421112644704588        31.124256736422531        83.730920348770297        61.723935279872812              122          18
 ../1938_seed.dataconnected         100  0.39637575226196287       0.83603973539724330        39.637575226196290        83.603973539724336       0.45261067412407152        45.261067412407151        116.13927436460739        98.246308810677689              137           4
 ../1939_seed.dataconnected          46  0.33777462041400169       0.74757181803598882        15.537632539044077        34.388303629655489       0.40135591195087389        18.462371949740199        76.526266496276378        43.318410350060901               65           5
 ../1940_seed.dataconnected         102  0.30618849711593144       0.69148861625421820        31.231226705825005        70.531838857930254       0.32931127115901659        33.589749658219695        121.08821083627284        105.06565748498920              130           7
 ../1941_seed.dataconnected          48  0.31640339720579308       0.74513332338743032        15.187363065878067        35.766399522596657       0.37203956147774714        17.857898950931862        73.115942321056693        46.898190446219189               90          12
 ../1942_seed.dataconnected          46  0.28725856291137669       0.64729324309379477        13.213893893923327        29.775489182314558       0.34915820567897410        16.061277461232809        86.678529384912579        48.237945902996998               77           4
 ../1943_seed.dataconnected          50  0.32692281320684080       0.71048981869293082        16.346140660342041        35.524490934646543       0.36419770685774333        18.209885342887166        76.913290490550182        48.422139619352784               96           8
 ../1944_seed.dataconnected          38  0.33110181890826273       0.75419385629644842        12.581869118513984        28.659366539265040       0.37063985706527314        14.084314568480380        50.533051375371855        26.623645440132755               90           6
 ../1945_seed.dataconnected          66  0.30195981810747996       0.66779336214204288        19.929347995093678        44.074361901374829       0.35024704561453340        23.116305010559206        124.16793413943074        95.750155495059488               98           5
 ../1946_seed.dataconnected          97  0.35152082868588302       0.76969210442651304        34.097520382530654        74.660134129371770       0.39552539386822710        38.365963205218030        109.80904899047806        86.140205401502143              140          14
 ../1947_seed.dataconnected          63  0.37202293398896596       0.80372575096432952        23.437444841304856        50.634722310752757       0.41481496691664538        26.133342915748660        78.198972466366627        50.950268149549878               96           7
 ../1948_seed.dataconnected          59  0.38165353721412487       0.82370475410195776        22.517558695633369        48.598580492015508       0.43384227041748047        25.596693954631348        92.158303977136114        57.076343525671398               83           3
 ../1949_seed.dataconnected          74  0.30172407896801973       0.68582171007562298        22.327581843633460        50.750806545596099       0.33011841739796582        24.428762887449469        89.197532236812705        62.455868724799323              100           4
 ../1950_seed.dataconnected          47  0.34019752595301622       0.75343678457052787        15.989283719791763        35.411528874814813       0.39549995235659346        18.588497760759893        67.866916512101199        40.137888397194097               69           3
 ../1951_seed.dataconnected           9  0.31581677199528990       0.73192014431768648        2.8423509479576090        6.5872812988591782       0.43488004294781202        3.9139203865303083        12.431009726674068        2.6284919882670792               51           6
 ../1952_seed.dataconnected         103  0.35289752226646820       0.75823187795419911        36.348444793446227        78.097883429282504       0.37188497106062007        38.304152019243865        146.74658564655886        128.75253593246649              128           4
 ../1953_seed.dataconnected          89  0.35237437391096371       0.78701067022284676        31.361319278075769        70.043949649833365       0.37894260321028184        33.725891685715084        105.93112219615332        84.563884226180818              122           6
 ../1954_seed.dataconnected          46  0.30571541726888424       0.68604786421878883        14.062909194368675        31.558201754064285       0.34744273878196008        15.982365983970164        81.821371123675448        48.496327268293001              100          22
 ../1955_seed.dataconnected          83  0.30009741794325617       0.67663570162109843        24.908085689290264        56.160763234551169       0.35670138114015359        29.606214634632749        129.33393832322949        108.21561299243160              141          13
 ../1956_seed.dataconnected         101  0.31014100453115739       0.69467851160321337        31.324241457646895        70.162529671924545       0.36208305479063463        36.570388533854100        153.36915843810718        133.29954686622051              127           4
 ../1957_seed.dataconnected          73  0.37706861627439003       0.82214511310187688        27.526008988030473        60.016593256437012       0.42973176793848050        31.370419059509075        82.849325474266621        59.380244705954716              114           7
 ../1958_seed.dataconnected          52  0.34803416075248400       0.74614272545889915        18.097776359129167        38.799421723862757       0.42214642427033633        21.951614062057487        85.209098980078224        54.219153154888929               77           6
 ../1959_seed.dataconnected          67  0.32763445522650941       0.74906372588455716        21.951508500176132        50.187269634265327       0.36248918236973687        24.286775218772370        86.275855441838786        54.017052565619146              112          10
 ../1960_seed.dataconnected          64  0.36480900435893177       0.80194633124224612        23.347776278971633        51.324565199503752       0.41626860384745545        26.641190646237149        72.526008855123948        48.254254950664560              103           7
 ../1961_seed.dataconnected          94  0.34044538887600451       0.74798254378508344        32.001866554344424        70.310359115797837       0.36213888017934637        34.041054736858555        104.99910891204003        83.114286935742527              113           2
 ../1962_seed.dataconnected          50  0.32891005999390471       0.75967572562505103        16.445502999695236        37.983786281252549       0.37398142109610538        18.699071054805270        64.945273986235435        37.504485708104127               98           6
 ../1963_seed.dataconnected          65  0.33622186153510725       0.74623188325870982        21.854420999781972        48.505072411816137       0.39608318513981111        25.745407034087723        94.248059040235304        72.174791162027489              104           9
 ../1964_seed.dataconnected         103  0.34996030415255741       0.75716454288642965        36.045911327713412        77.987947917302250       0.37934353270543492        39.072383868659799        108.62030406969065        88.296828167728776              120           3
 ../1965_seed.dataconnected          69  0.33316327907727622       0.76007519900350007        22.988266256332061        52.445188731241508       0.37339551838481289        25.764290768552090        88.142497717430203        65.594094887429009              108           4
 ../1966_seed.dataconnected         113  0.35836004264257321       0.77245526461747793        40.494684818610772        87.287444901775004       0.41059934484720884        46.397725967734601        138.31612817644992        122.27893643107458              155          16
 ../1967_seed.dataconnected         102  0.31986695932389914       0.71119509197305675        32.626429851037713        72.541899381251795       0.35281878314387072        35.987515880674813        124.68424035283309        108.01737109160958              146           8
 ../1968_seed.dataconnected          70  0.37625535535711530       0.79192226218408535        26.337874874998072        55.434558352885972       0.41561223412640863        29.092856388848602        89.337601978806020        60.912287820474212              120           8
 ../1969_seed.dataconnected          86  0.31634591912393045       0.71016814614731238        27.205749044658020        61.074460568668869       0.35259823047422650        30.323447820783478        113.42225812788907        90.193178179536943              145          21
 ../1970_seed.dataconnected         113  0.31906063478312302       0.70599487465868183        36.053851730492902        79.777420836431048       0.35992800566897865        40.671864640594585        111.02474221262386        92.312545287976036              146           3
 ../1971_seed.dataconnected          94  0.36016834343620308       0.79875151066498462        33.855824283003088        75.082642002508550       0.39728968449050855        37.345230342107804        128.55523305529502        113.14038380691605              134          11
 ../1972_seed.dataconnected         107  0.34978548747945298       0.76621747724801514        37.427047160301470        81.985270065537620       0.38292106079955968        40.972553505552888        110.35313657368383        95.509842902148449              125           3
 ../1973_seed.dataconnected          20  0.32261952119122234       0.72583845796489965        6.4523904238244469        14.516769159297993       0.35667761117457658        7.1335522234915318        28.938265991891022        8.9575401327581670              100          19
 ../1974_seed.dataconnected          90  0.34768346567457747       0.76387984713691870        31.291511910711971        68.749186242322679       0.40121831006371578        36.109647905734420        115.03043627132266        96.063076519261003              158          14
 ../1975_seed.dataconnected          98  0.35654583065210094       0.75973821671093600        34.941491403905893        74.454345237671731       0.39740320223932274        38.945513819453630        117.60607492253007        98.727972557396640              113           3
 ../1976_seed.dataconnected          38  0.35616924263058414       0.78182621319574697        13.534431219962197        29.709396101438386       0.41709223607482798        15.849504970843464        48.170552277323694        24.582895033425729               90           9
 ../1977_seed.dataconnected          25  0.32404807341850456       0.77076652261403311        8.1012018354626143        19.269163065350828       0.36258526367971311        9.0646315919928284        42.323322637666223        17.239159709302136               66          10
 ../1978_seed.dataconnected          71  0.34529251727121507       0.75381321004610047        24.515768726256269        53.520737913273130       0.37739700049786568        26.795187035348462        85.613966169869371        58.036083436998162               96           5
 ../1979_seed.dataconnected          60  0.38191025374307830       0.83865396438008366        22.914615224584697        50.319237862805018       0.43553097075652519        26.131858245391513        70.453879730746877        46.139400628088062               84           3
 ../1980_seed.dataconnected         127  0.40645727920579283       0.85152382347216049        51.620074459135687        108.14352558096438       0.43774478674165684        55.593587916190423        133.88124113698245        124.28404904212987              169           8
 ../1981_seed.dataconnected          82  0.34989520265705187       0.76235160359040388        28.691406617878254        62.512831494413120       0.36791371987540339        30.168925029783079        99.184472498913792        76.589884936583132              126          16
 ../1982_seed.dataconnected          79  0.35006220770614849       0.77653091368953164        27.654914408785732        61.345942181472999       0.38440080310986524        30.367663445679355        85.591029287310491        61.356355891426226               99           4
 ../1983_seed.dataconnected          54  0.26204708764944756       0.60521466262317491        14.150542733070168        32.681591781651449       0.31323795455271120        16.914849545846405        85.469400753600240        56.903889480921855               88           6
 ../1984_seed.dataconnected         109  0.35290416647688083       0.76025135524190812        38.466554145980012        82.867397721367979       0.39447228202836104        42.997478741091356        117.09418892482174        101.19695092389523              152           9
 ../1985_seed.dataconnected          13  0.34500897925166968       0.80430026121843667        4.4851167302717059        10.455903395839677       0.39841822769940938        5.1794369600923220        15.757371884482749        4.0901626730105978               62          10
 ../1986_seed.dataconnected          13  0.38894590552778885       0.84746263055351945        5.0562967718612555        11.017014197195753       0.48720097240293653        6.3336126412381750        21.315471458413171        5.5899493013976400               78           9
 ../1987_seed.dataconnected         106  0.35549323668470223       0.77091729922062802        37.682283088578437        81.717233717386563       0.39518950719386625        41.890087762549825        121.31488506686598        106.40797013197000              148           6
 ../1988_seed.dataconnected          70  0.26094072093450749       0.59607403639551715        18.265850465415525        41.725182547686202       0.28627178760134464        20.039025132094125        132.70379513276313        105.78923625690901               96           6
 ../1989_seed.dataconnected          96  0.32998907203914785       0.74179181592792398        31.678950915758193        71.212014329080702       0.36996480400227938        35.516621184218820        134.23055396938275        104.04276453987531              134           5
 ../1990_seed.dataconnected          80  0.34823466258695113       0.77767385092926300        27.858773006956092        62.213908074341042       0.39757029996973003        31.805623997578401        104.06298035533054        80.053079554363421              107           3
 ../1991_seed.dataconnected          48  0.30796876195369616       0.69985523032227737        14.782500573777416        33.593051055469317       0.37672405821474114        18.082754794307576        80.809568287858696        57.682278450695840               84           4
 ../1992_seed.dataconnected          74  0.39360811607524820       0.84345846272284331        29.127000589568368        62.415926241490403       0.44298358205196775        32.780785071845614        83.375176068828011        58.018792665309007              101           3
 ../1993_seed.dataconnected          80  0.34392491877905756       0.75873713572520207        27.513993502324606        60.698970858016168       0.39210714170375993        31.368571336300796        112.91132514299795        90.169070561946867              115           6
 ../1994_seed.dataconnected          67  0.33309905769284776       0.72220783762933616        22.317636865420798        48.387925121165523       0.38629422478458147        25.881713060566959        113.46542775479980        87.050928287446311               96           6
 ../1995_seed.dataconnected          94  0.33870398724151074       0.73895367656286026        31.838174800702010        69.461645596908866       0.38391119403618135        36.087652239401045        112.88069688790050        92.324565589610742              128          12
 ../1996_seed.dataconnected         113  0.36729798301182542       0.79344619316609954        41.504672080336270        89.659419827769256       0.39403436603601211        44.525883362069365        121.72998041018147        109.44695951686816              143           5
 ../1997_seed.dataconnected          53  0.33782865424508940       0.75966048831423538        17.904918674989737        40.262005880654478       0.36486347032268490        19.337763927102301        72.984388144033645        45.587622971263961               71           2
 ../1998_seed.dataconnected          81  0.34322477776818744       0.75035188328565916        27.801206999223183        60.778502546138391       0.37811494143382046        30.627310256139456        86.203703582356979        63.860169918436910              128          19
 ../1999_seed.dataconnected          38  0.30901438142191417       0.68846259357359130        11.742546494032739        26.161578555796471       0.35156537866110915        13.359484389122148        57.897120049224405        30.479246686230894               60           5
 ../2000_seed.dataconnected          63  0.37763150538181606       0.80455598055870459        23.790784839054410        50.687026775198390       0.42031634789755723        26.479929917546105        85.387704918156359        58.081817008238971               89           3
 ../2001_seed.dataconnected         108  0.35498709052620914       0.77164699691206584        38.338605776830590        83.337875666503109       0.39609522702954819        42.778284519191203        125.12299542035321        104.94634916356814              140           4
 ../2002_seed.dataconnected          81  0.34365427218943201       0.75019384256591592        27.835996047343993        60.765701247839189       0.40126038127913682        32.502090883610080        93.069468217352551        67.065096551916582              103           9
 ../2003_seed.dataconnected          53  0.34696517184292847       0.74929124328570396        18.389154107675207        39.712435894142310       0.38885236858742583        20.609175535133570        77.284992369481756        48.026346535333197               78           2
 ../2004_seed.dataconnected          72  0.34927708461174245       0.76313969589790742        25.147950092045456        54.946058104649332       0.39300410616211917        28.296295643672579        83.605181698501539        59.485799782988430              121          12
 ../2005_seed.dataconnected          61  0.38035749353918186       0.81450461408968367        23.201807105890094        49.684781459470706       0.42989001440278857        26.223290878570104        87.961379524623283        61.153271882082187               91           2
 ../2006_seed.dataconnected         107  0.36984889297873502       0.80043419002164906        39.573831548724648        85.646458332316456       0.41081113428240740        43.956791368217594        168.24234201802247        152.46072060690699              144          10
 ../2007_seed.dataconnected          50  0.35397079951297561       0.80003533179620845        17.698539975648782        40.001766589810423       0.40065986604915765        20.032993302457882        66.353412188246978        39.341665537103808               87           5
 ../2008_seed.dataconnected          85  0.38832681583898571       0.82781016130245355        33.007779346313782        70.363863710708557       0.42993850381300636        36.544772824105543        101.22086410454560        76.183941748198862              114           7
 ../2009_seed.dataconnected          58  0.35385253877155931       0.76526693660919898        20.523447248750440        44.385482323333541       0.40687342023525092        23.598658373644554        88.492790703043084        59.616334740644923               90           8
 ../2010_seed.dataconnected          80  0.30299527118112796       0.69961866559321439        24.239621694490236        55.969493247457152       0.34302811598724581        27.442249278979666        118.69411381039617        93.633763319676376              111           6
 ../2011_seed.dataconnected          93  0.35678054423991618       0.77142124534489032        33.180590614312202        71.742175817074795       0.39342281267653217        36.588321578917494        100.48383198033640        80.629795578147338              124           7
 ../2012_seed.dataconnected          58  0.29953473603010394       0.65352383692270899        17.373014689746029        37.904382541517123       0.37352310156547452        21.664339890797521        107.82753249607929        61.386131615060144              104          12
 ../2013_seed.dataconnected          65  0.38164730606745750       0.81410286056766634        24.807074894384737        52.916685936898311       0.42440058493413890        27.586038020719030        78.245928395929454        50.892187433667480               88           3
 ../2014_seed.dataconnected          62  0.32226104847286280       0.71316252457794826        19.980185005317495        44.216076523832790       0.36877512894625275        22.864057994667672        93.325438518408475        63.658541789378702               92           8
 ../2015_seed.dataconnected          63  0.38805693187976992       0.83647150067563436        24.447586708425504        52.697704542564964       0.42461242764666085        26.750582941739633        77.698836334408625        49.014844659244481               98           5
 ../2016_seed.dataconnected          74  0.39059038458679873       0.82855854697852471        28.903688459423105        61.313332476410828       0.44385446621692271        32.845230500052281        74.713850912239607        52.288460518750981              132          11
 ../2017_seed.dataconnected         103  0.33025462910010916       0.72661867702892158        34.016226797311241        74.841723733978924       0.38023564486269307        39.164271420857389        158.88941943933028        143.42721622748428              126           5
 ../2018_seed.dataconnected          99  0.34651973531534419       0.75759127333733434        34.305453796219076        75.001536060396106       0.39903507610332672        39.504472534229343        133.61326918591189        116.80555394560709              145           9
 ../2019_seed.dataconnected          68  0.30227054833888684       0.69811482453737062        20.554397287044306        47.471808068541200       0.34129530657545193        23.208080847130731        83.348505651370473        58.992103961511532              104          10
 ../2020_seed.dataconnected         114  0.31041973150834251       0.68799310409817371        35.387849391951043        78.431213867191801       0.35047986315786356        39.954704399996444        170.42056871707618        159.47401894322937              135           3
 ../2021_seed.dataconnected         116  0.29210255520761158       0.67038593422639836        33.883896404082947        77.764768370262203       0.33469415149794240        38.824521573761317        160.97674159960317        147.46626364570616              141           6
 ../2022_seed.dataconnected          88  0.33366295436565402       0.73058000121620870        29.362339984177552        64.291040107026362       0.37216406805906294        32.750437989197536        93.350904058295697        72.677943181725666              120           6
 ../2023_seed.dataconnected          32  0.26102926726760978       0.58817046811989726        8.3529365525635129        18.821454979836712       0.31387944904198434        10.044142369343499        77.741782862235070        41.440693945762668              102          27
 ../2024_seed.dataconnected          29  0.40890244128632303       0.84900610218765249        11.858170797303368        24.621176963441922       0.47583727651968671        13.799281019070914        35.483568682501279        15.478458998657587               79           9
 ../2025_seed.dataconnected         108  0.34850553685111035       0.75153717356853100        37.638597979919915        81.166014745401355       0.38783781448586796        41.886483964473740        143.79939760412580        133.54791725273171              135           3
 ../2026_seed.dataconnected          90  0.31706054485372526       0.70744327162249077        28.535449036835274        63.669894446024166       0.35595279227932586        32.035751305139328        115.38556421903644        89.852263245931553              121           5
 ../2027_seed.dataconnected          74  0.37213936086343052       0.77946474160295520        27.538312703893858        57.680390878618688       0.43797415670350920        32.410087596059682        119.79262242047996        99.806954790756421               96           3
 ../2028_seed.dataconnected          85  0.33143308439412367       0.73486788725691299        28.171812173500513        62.463770416837605       0.37380952327035916        31.773809477980528        124.10676381012350        105.03903927664211              129          10
 ../2029_seed.dataconnected          51  0.25480144688971362       0.58220177501599091        12.994873791375396        29.692290525815537       0.28898366819950744        14.738167078174879        85.578823806488387        50.690480158627956               89          13
 ../2030_seed.dataconnected          25  0.33238370892573083       0.76009606798280116        8.3095927231432700        19.002401699570029       0.39046084676228143        9.7615211690570352        43.161354533602214        16.294302601054241               96          15
 ../2031_seed.dataconnected          91  0.32749130585742364       0.71294993698148468        29.801708833025550        64.878444265315110       0.38213254792178097        34.774061860882071        109.60408008561228        89.293835535074550              131           7
 ../2032_seed.dataconnected         120  0.38129515566488270       0.81160022688144340        45.755418679785926        97.392027225773205       0.41449881532833344        49.739857839400010        127.68576203062112        112.74930384234997              157           4
 ../2033_seed.dataconnected          79  0.39161221929687851       0.81921482989600791        30.937365324453403        64.717971561784623       0.43268614093394725        34.182205133781835        89.179284033239696        59.682593056249218              120           5
 ../2034_seed.dataconnected          97  0.36395513118217659       0.78604014274375833        35.303647724671130        76.245893846144554       0.39813311704729321        38.618912353587440        146.09944539492579        132.22538787255297              111           3
 ../2035_seed.dataconnected          48  0.31845768285526416       0.72261194943372864        15.285968777052680        34.685373572818975       0.34420896008732083        16.522030084191400        59.156451561672732        32.290527898091732               82           6
 ../2036_seed.dataconnected         104  0.36761196749548203       0.78936721684434530        38.231644619530130        82.094190551811906       0.40436733867558072        42.054203222260398        106.05202634606374        88.608501543711540              154          23
 ../2037_seed.dataconnected          59  0.34210746374554568       0.76144383742510924        20.184340360987196        44.925186408081444       0.40235598910629289        23.739003357271280        92.219165778486627        60.955512082389312              107          13
 ../2038_seed.dataconnected          89  0.35610899424805997       0.77476479187348901        31.693700488077337        68.954066476740522       0.39530881341519841        35.182484393952656        110.81396369753000        82.593225579665088              109           3
 ../2039_seed.dataconnected         111  0.37200995160499734       0.80421120994058370        41.293104628154701        89.267444303404787       0.40177154775228641        44.596641800503789        108.14943468321410        86.522590695327168              132           4
 ../2040_seed.dataconnected          74  0.34341739778126856       0.77090150641791355        25.412887435813875        57.046711474925601       0.39563674944343991        29.277119458814553        81.485827381762007        58.076568018483613              129          10
 ../2041_seed.dataconnected         105  0.32920876346729572       0.72511134037618874        34.566920164066048        76.136690739499812       0.34851049193652828        36.593601653335469        107.44014164835174        88.502169741041072              141           5
 ../2042_seed.dataconnected          46  0.30859623860128088       0.70620234492826217        14.195426975658920        32.485307866700062       0.36691336032572397        16.878014574983304        61.225971277290839        35.001493593034411               83           4
 ../2043_seed.dataconnected          66  0.37756511753765093       0.79930237891486555        24.919297757484962        52.753957008381128       0.40796217216499864        26.925503362889909        73.379626469542472        48.980750044924278               99           7
 ../2044_seed.dataconnected          94  0.39088806756303368       0.83801875220397759        36.743478350925166        78.773762707173887       0.41893319989351052        39.379720789989989        95.487027414585555        72.125303698009603              148           9
 ../2045_seed.dataconnected          50  0.33411706717479728       0.71290938862191633        16.705853358739866        35.645469431095819       0.39910345243228512        19.955172621614256        94.993691410227768        63.442113978526862               85           4
 ../2046_seed.dataconnected          49  0.29458484224357023       0.66813723989044105        14.434657269934942        32.738724754631612       0.33590904559082774        16.459543233950559        80.922079823293330        51.996906182534126               88           6
 ../2047_seed.dataconnected          79  0.35541502657445850       0.78621492348169830        28.077787099382221        62.110978955054165       0.40305987582720437        31.841730190349146        105.87000594694133        80.412515340346133              124           8
 ../2048_seed.dataconnected          43  0.35521481916201947       0.78461682539488353        15.274237223966837        33.738523491979990       0.40786833916277360        17.538338583999266        61.439395010648767        34.120448862625544               91          19
 ../2049_seed.dataconnected         110  0.37110847024442745       0.81068893098286943        40.821931726887016        89.175782408115637       0.39338587143744830        43.272445858119312        100.09319712949682        82.782981485197027              146           4
 ../2050_seed.dataconnected          38  0.34969219845806054       0.75605760909345243        13.288303541406300        28.730189145551194       0.39475355684418850        15.000635160079163        55.185667471092621        27.140008205243973               90           7
 ../2051_seed.dataconnected          75  0.33640752641749949       0.74869323221344108        25.230564481312463        56.151992416008085       0.35965663361675720        26.974247521256789        83.116016666850712        59.176863376250907              120          11
 ../2052_seed.dataconnected         117  0.36651824565930091       0.79573042261473226        42.882634742138208        93.100459445923676       0.40256270410808564        47.099836380646018        127.01316197184406        110.93826905055023              150           7
 ../2053_seed.dataconnected         117  0.35282068464853644       0.74843670932895845        41.280020103878762        87.567094991488133       0.39968348141122390        46.762967325113195        143.98213523732670        132.79799095588467              160           9
 ../2054_seed.dataconnected          83  0.30726536962517731       0.68409463026999773        25.503025678889717        56.779854312409810       0.34012978853086573        28.230772448061856        122.29415793034620        101.68276833407640              109           5
 ../2055_seed.dataconnected          70  0.33176210865330436       0.72784656869190822        23.223347605731306        50.949259808433574       0.38637430660563254        27.046201462394279        134.24692859809471        95.024001712969522              101           6
 ../2056_seed.dataconnected          90  0.39701979087159872       0.83314134688310360        35.731781178443882        74.982721219479330       0.44685869163443837        40.217282247099455        90.563721472844506        70.938278728352202              108           4
 ../2057_seed.dataconnected          84  0.35325392010508733       0.77722399469492642        29.673329288827336        65.286815554373817       0.37546107479002888        31.538730282362426        107.28356750035766        80.292984703720080              137           8
 ../2058_seed.dataconnected          97  0.35775224779210046       0.76569632759972583        34.701968035833744        74.272543777173411       0.41443161270809070        40.199866432684800        140.98375397304244        115.27019674926041              116           3
 ../2059_seed.dataconnected          90  0.31007315878020164       0.69273523269730197        27.906584290218149        62.346170942757176       0.33235897570888656        29.912307813799792        113.82787046827082        88.162750447572051              140           8
 ../2060_seed.dataconnected          94  0.34106216139557438       0.74395142720710039        32.059843171183992        69.931434157467436       0.38157104304460554        35.867678046192921        145.86015830476501        117.01155309306384              145           9
 ../2061_seed.dataconnected          30  0.36505915344507017       0.80909428275896167        10.951774603352105        24.272828482768851       0.39746424730916474        11.923927419274943        37.214983962671383        17.276065543004524               67           8
 ../2062_seed.dataconnected          46  0.32794538004935264       0.76639567360812322        15.085487482270221        35.254200985973668       0.38929166201467968        17.907416452675264        78.557803112298132        51.090400823760739               89           5
 ../2063_seed.dataconnected         107  0.36832608528111754       0.77581546880379315        39.410891125079580        83.012255162005872       0.40411437722355320        43.240238362920195        128.30732982240704        117.05944894693104              131           5
 ../2064_seed.dataconnected          29  0.34494867730589912       0.77882258656851067        10.003511641871075        22.585855010486810       0.41326170184493544        11.984589353503127        44.695327181758493        18.207636530604283               68           3
 ../2065_seed.dataconnected          85  0.31724231085489385       0.70632201962950536        26.965596422665978        60.037371668507959       0.35108899228103374        29.842564343887869        102.65238703609462        74.657645698432461              118           5
 ../2066_seed.dataconnected          58  0.34099828490937345       0.73432965440724673        19.777900524743661        42.591119955620307       0.39952657445225975        23.172541318231065        88.355545666107204        60.640090495866183              113          18
 ../2067_seed.dataconnected          78  0.32731354885012098       0.73538301158080321        25.530456810309438        57.359874903302654       0.35506673967405011        27.695205694575908        101.74471716510352        74.433471814129859              108           6
 ../2068_seed.dataconnected          74  0.33129395130454536       0.74852115352750714        24.515752396536357        55.390565361035527       0.36831507885486608        27.255315835260092        103.84542159186135        76.900282818935835              116           8
 ../2069_seed.dataconnected          37  0.33725528105476871       0.73217821056935184        12.478445399026443        27.090593791066016       0.36564277298168307        13.528782600322273        73.900055275493017        37.710494607069990              121          31
 ../2070_seed.dataconnected          77  0.34994986623178653       0.75788143912000272        26.946139699847564        58.356870812240210       0.41239854287534433        31.754687801401513        99.034090451300159        71.036521814541743              104           4
 ../2071_seed.dataconnected          18  0.33940320862731382       0.74523033020487151        6.1092577552916492        13.414145943687688       0.39697023736100601        7.1454642724981081        27.087561373341025        10.419144846222610               71          12
 ../2072_seed.dataconnected          82  0.36650635504970630       0.80031245483558888        30.053521114075917        65.625621296518290       0.39891871931567419        32.711334983885280        97.411097918422385        76.131782049880456              117           5
 ../2073_seed.dataconnected         108  0.38072380689636903       0.80933343933507429        41.118171144807853        87.408011448188020       0.41657599777419857        44.990207759613448        118.51959713728270        96.626338245033523              131           2
 ../2074_seed.dataconnected          60  0.34421263381449130       0.75044233847594066        20.652758028869478        45.026540308556442       0.39678668201900524        23.807200921140314        78.387948889929746        52.978844182299028              100          11
 ../2075_seed.dataconnected          46  0.30537896128205821       0.66686046058299664        14.047432218974677        30.675581186817844       0.38146953863067806        17.547598777011192        78.289100829873803        50.735358680839497               87           5
 ../2076_seed.dataconnected          53  0.34034884797346476       0.72704106563438098        18.038488942593631        38.533176478622195       0.40928570366301559        21.692142294139828        79.862246258240873        48.893793576711488               74           4
 ../2077_seed.dataconnected          75  0.35678507889070893       0.75467179582150656        26.758880916803168        56.600384686612990       0.39198442445609172        29.398831834206877        93.943062718237442        68.077981647004080              103           6
 ../2078_seed.dataconnected          94  0.37089577941716106       0.82572090886760241        34.864203265213142        77.617765433554624       0.40397966585032974        37.974088589930993        108.51490490649398        86.163495350405100              127          10
 ../2079_seed.dataconnected          58  0.34427524916907271       0.74973344897471916        19.967964451806218        43.484540040533709       0.39238923953655686        22.758575893120298        104.54799147772148        75.943099710659510               77           2
 ../2080_seed.dataconnected          99  0.32920894667396616       0.72234842062146565        32.591685720722651        71.512493641525097       0.37171551572396694        36.799836056672724        125.23824628386494        103.17926062394299              130           6
 ../2081_seed.dataconnected          66  0.24349995172791819       0.55269298326263505        16.070996814042601        36.477736895333912       0.26823307431542337        17.703382904817943        80.930260972615514        53.147133608668987              117          22
 ../2082_seed.dataconnected          69  0.33022334105240286       0.72826366163040446        22.785410532615799        50.250192652497908       0.35982560694660498        24.827966879315742        101.43967274715526        76.427415635909753               99           5
 ../2083_seed.dataconnected          68  0.36002431077816655       0.76785182897080184        24.481653132915326        52.213924370014524       0.40560953556387264        27.581448418343339        75.829475294156509        50.689525009151652              114           5
 ../2084_seed.dataconnected          45  0.33737157853040861       0.77439344998731985        15.181721033868387        34.847705249429396       0.39990646824403314        17.995791070981490        75.098708372166001        47.942692700461926               90           7
 ../2085_seed.dataconnected          76  0.33816531362207530       0.75283748618828072        25.700563835277723        57.215648950309337       0.39042956757399777        29.672647135623830        104.18016179805110        82.371192077147370              102           3
 ../2086_seed.dataconnected          81  0.34282907850612548       0.76416726011684621        27.769155358996166        61.897548069464541       0.36991077896355373        29.962773096047851        101.10263604949763        75.271987368790491              110           7
 ../2087_seed.dataconnected          77  0.34418029835227343       0.77238913137493748        26.501882973125053        59.473963115870184       0.35744364353879554        27.523160552487255        81.687166903737264        57.637393460515419              103           5
 ../2088_seed.dataconnected          67  0.36961988374248822       0.81339781296808822        24.764532210746712        54.497653468861913       0.39389808177931085        26.391171479213828        74.308256266816699        49.799159323328254              102           4
 ../2089_seed.dataconnected          79  0.37446938596082113       0.83503799657191691        29.583081490904870        65.968001729181438       0.40463896678075301        31.966478375679486        70.580636682409121        49.812768911502651              113           5
 ../2090_seed.dataconnected         104  0.31499563291865146       0.70435962604865587        32.759545823539753        73.253401109060206       0.35082783906499099        36.486095262759065        117.55332096957984        101.82906278667203              141           3
 ../2091_seed.dataconnected          38  0.31653392356761756       0.71823583667419366        12.028289095569468        27.292961793619359       0.36679717178376164        13.938292527782943        68.834366484814723        38.996065678767117               73           4
 ../2092_seed.dataconnected          58  0.31075808496180718       0.72239240589948150        18.023968927784818        41.898759542169927       0.35765963140453960        20.744258621463295        91.465947146326172        57.144058426832558               76           2
 ../2093_seed.dataconnected          84  0.33271795734918908       0.74266005877675290        27.948308417331884        62.383444937247241       0.37970220212464295        31.894984978470006        131.68064262577562        107.91534415968921               98           2
 ../2094_seed.dataconnected          39  0.28137356116589424       0.65560014353723561        10.973568885469875        25.568405597952189       0.33371203182177650        13.014769241049283        91.538857317211423        56.024706160931864               77           8
 ../2095_seed.dataconnected          60  0.24597049375876257       0.56655325152392821        14.758229625525754        33.993195091435695       0.30747795769017389        18.448677461410433        111.78975789256468        81.358248132103654               94           7
 ../2096_seed.dataconnected          74  0.37376547762022855       0.80834065207126371        27.658645343896911        59.817208253273513       0.41818090748630382        30.945387153986484        96.409313857163696        72.800245976815361              111          11
 ../2097_seed.dataconnected          94  0.29671563244287413       0.66693905572452461        27.891269449630169        62.692271238105313       0.35059871816028132        32.956279507066441        144.28082292690598        127.84836691810817              116           2
 ../2098_seed.dataconnected          69  0.35108250105766531       0.78612073377158054        24.224692572978906        54.242330630239060       0.38114310282578984        26.298874094979499        80.349688134694787        52.651824929377632              102           9
 ../2099_seed.dataconnected          90  0.37467648574107426       0.80279006972706424        33.720883716696683        72.251106275435788       0.41474871321109341        37.327384188998408        113.46881965932862        85.339793076590936              130           7
 ../2100_seed.dataconnected          59  0.34129782064013309       0.74513036230699847        20.136571417767851        43.962691376112907       0.36894659415067926        21.767849054890078        69.115887511513520        43.497358759827478              116           9
 ../2101_seed.dataconnected          93  0.34017823889349402       0.75623680752071065        31.636576217094944        70.330023099426086       0.37981659781943705        35.322943597207647        108.71141423929137        87.396785668257991              128           5
 ../2102_seed.dataconnected         105  0.38819712557527319       0.80463111061574721        40.760698185403683        84.486266614653459       0.44064977343798167        46.268226210988075        125.13659319716812        109.34806833561306              171          10
 ../2103_seed.dataconnected          53  0.30928180630687635       0.70515560506298869        16.391935734264447        37.373247068338401       0.37680984461277067        19.970921764476845        85.897754853482738        45.658536886505111               95           4
 ../2104_seed.dataconnected          56  0.35944739539709913       0.76943939662359728        20.129054142237550        43.088606210921448       0.39015549358254131        21.848707640622315        75.379835096049561        45.998024509514551              101           6
 ../2105_seed.dataconnected          84  0.33565160008377964       0.74117181148499767        28.194734407037490        62.258432164739801       0.37539896307256415        31.533512898095388        113.66424431267818        92.034248341237685              125           6
 ../2106_seed.dataconnected          43  0.36098308713173749       0.80402965276573446        15.522272746664711        34.573275068926584       0.39663211701077883        17.055181031463491        49.818991418253944        25.978111036405988               89          11
 ../2107_seed.dataconnected          69  0.36572790756850759       0.79110006434384994        25.235225622227023        54.585904439725645       0.42062873211347129        29.023382515829518        88.974708452230288        61.899216675562485              109           6
 ../2108_seed.dataconnected          52  0.33313532718290123       0.74782476969443601        17.323037013510863        38.886888024110675       0.38691661091703256        20.119663767685694        77.115341723271385        49.866154789443442               86           3
 ../2109_seed.dataconnected          54  0.32857443737737385       0.73479679785602314        17.743019618378188        39.679027084225247       0.37284424589250209        20.133589278195114        77.014144206955947        47.038553011669464               93           8
 ../2110_seed.dataconnected          77  0.35910064439902756       0.79928140833838834        27.650749618725122        61.544668442055901       0.40430878472736831        31.131776424007359        94.094196839018878        67.343647506308912              102           3
 ../2111_seed.dataconnected          92  0.39195656750492330       0.82275322418297103        36.060004210452945        75.693296624833337       0.43287059672542233        39.824094898738856        102.32115139337635        80.420261876884879              130           7
 ../2112_seed.dataconnected          61  0.37072378941456074       0.81345335377609362        22.614151154288205        49.620654580341714       0.40183430030963946        24.511892318888005        83.800182215633370        55.127900279236584               93           6
 ../2113_seed.dataconnected          79  0.32703301912207894       0.74477889294937105        25.835608510644235        58.837532543000314       0.36952987999249487        29.192860519407095        103.65879114569572        75.323218476560868              123          12
 ../2114_seed.dataconnected          57  0.33541915575793629       0.75143231118377229        19.118891878202369        42.831641737475017       0.34969629999345825        19.932689099627119        75.004097160582774        47.644391278924296              105          16
 ../2115_seed.dataconnected          46  0.38291504803901755       0.81960596375823469        17.614092209794808        37.701874332878795       0.41797757947914599        19.226968656040714        55.217365287911022        32.738725268996284               77          10
 ../2116_seed.dataconnected          51  0.34500041209936577       0.77007509141998809        17.595021017067655        39.273829662419395       0.39323628717913156        20.055050646135708        63.918862540427178        36.089780449228009               88           7
 ../2117_seed.dataconnected          10  0.38679034965108655       0.83627615002287659        3.8679034965108654        8.3627615002287659       0.45690929454934898        4.5690929454934901        11.164366616226582        2.3306562285180781               73           9
 ../2118_seed.dataconnected          90  0.33505104672554448       0.74932195391305667        30.154594205299002        67.438975852175105       0.36671416987612415        33.004275288851176        114.86093093009491        97.826569974246937              125           4
 ../2119_seed.dataconnected         110  0.36031613277750169       0.77960775497918411        39.634774605525187        85.756853047710251       0.39514179411659051        43.465597352824958        117.87784937598147        93.380066303989778              140           3
 ../2120_seed.dataconnected         121  0.33222026703998553       0.73337400305928913        40.198652311838252        88.738254370173991       0.35775624040240522        43.288505088691032        123.63500869821011        109.68367435097515              152           4
 ../2121_seed.dataconnected          93  0.36240068776911727       0.78384920386705603        33.703263962527906        72.897975959636213       0.40162975157123670        37.351566896125014        114.02597883950148        87.759000675192922              118           3
 ../2122_seed.dataconnected          65  0.35768117148889467       0.79311134571109410        23.249276146778154        51.552237471221119       0.40724318668521625        26.470807134539058        86.538613132422554        56.665567700295071              108           6
 ../2123_seed.dataconnected          87  0.29502429188192841       0.66333759066451903        25.667113393727771        57.710370387813157       0.33486489685090420        29.133246026028665        128.94834844474639        110.73018496912928              128           5
 ../2124_seed.dataconnected          41  0.29757470216495635       0.68286253589469670        12.200562788763211        27.997363971682564       0.35907077639248575        14.721901832091916        62.753364105446444        35.506668563979837               69           4
 ../2125_seed.dataconnected          67  0.33744129663546479       0.73729264899127800        22.608566874576141        49.398607482415628       0.39802720720527801        26.667822882753626        113.60731864700281        79.928163600786036               89           7
 ../2126_seed.dataconnected          38  0.30814897588510731       0.69412510853628873        11.709661083634078        26.376754124378973       0.35479343286218501        13.482150448763031        66.362796562905501        36.939762280510692               81           8
 ../2127_seed.dataconnected          71  0.33235442540689875       0.74074998799744729        23.597164203889811        52.593249147818760       0.38575577943228562        27.388660339692279        83.576128275353938        56.403195939530221              132          23
 ../2128_seed.dataconnected         103  0.36994505619400558       0.80895611901879461        38.104340787982572        83.322480258935840       0.39708021810388405        40.899262464700058        92.821849935501660        75.605420940877963              153           7
 ../2129_seed.dataconnected         100  0.31760765648002875       0.69561231090627285        31.760765648002874        69.561231090627288       0.36132130455928840        36.132130455928838        122.87287297547164        94.519778416401920              137           6
 ../2130_seed.dataconnected          32  0.34778803436945616       0.76318040505429352        11.129217099822597        24.421772961737393       0.39818662264721749        12.741971924710960        42.243597863677792        19.340771899523705               74           5
 ../2131_seed.dataconnected          58  0.36109016154502815       0.79041421555959313        20.943229369611633        45.844024502456399       0.42488974544555569        24.643605235842230        69.774915862184528        43.596240647814213               80          10
 ../2132_seed.dataconnected          51  0.32412798553770933       0.71251129433313021        16.530527262423174        36.338076010989639       0.36368494377246274        18.547932132395601        67.345760939463545        36.635577795072145               94           5
 ../2133_seed.dataconnected          95  0.35488166590155656       0.78783110964754421        33.713758260647872        74.843955416516707       0.39317497036610460        37.351622184779934        120.64037040610934        99.347702556335463              143           4
 ../2134_seed.dataconnected          56  0.27213109030374433       0.63321637256980479        15.239341057009682        35.460116863909064       0.30709680550361868        17.197421108202647        122.37422894037587        85.210615859405010               94           5
 ../2135_seed.dataconnected          38  0.33223983741985658       0.74861653006918061        12.625113821954550        28.447428142628862       0.39631213472876942        15.059861119693238        63.977832574988440        36.295554543358065               75          12
 ../2136_seed.dataconnected          84  0.32631092248465793       0.72231962539688377        27.410117488711265        60.674848533338235       0.35307136527752114        29.657994683311777        97.298624102843007        75.883446162291946              114           8
 ../2137_seed.dataconnected          69  0.34955477463922813       0.78173893568725139        24.119279450106742        53.939986562420344       0.37346394396156302        25.769012133347847        88.836694974920633        62.185060115727133              112           4
 ../2138_seed.dataconnected          83  0.38967539511824101       0.81816806519563146        32.343057794814001        67.907949411237411       0.43212983592161230        35.866776381493821        92.549518885711649        65.906849933142453              110           9
 ../2139_seed.dataconnected          88  0.32257619836698626       0.70321894933975615        28.386705456294791        61.883267541898540       0.38188151701839390        33.605573497618664        115.22482677268009        89.009009454580294              111           4
 ../2140_seed.dataconnected          93  0.35328647380241335       0.80173993419364786        32.855642063624444        74.561813880009254       0.37358527461646535        34.743430539331278        91.331575119461419        70.729305759799516              166          29
 ../2141_seed.dataconnected          75  0.38222322750062004       0.81903293771816377        28.666742062546504        61.427470328862285       0.43176976275878581        32.382732206908933        81.245825743855832        58.807617820296919              113          13
 ../2142_seed.dataconnected          91  0.36889074553087403       0.80603718630814669        33.569057843309537        73.349383954041343       0.41216098668472995        37.506649788310426        112.84490696691199        94.117669533233482              140           9
 ../2143_seed.dataconnected          56  0.33713646668805008       0.75957214782946680        18.879642134530805        42.536040278450145       0.36601875341617324        20.497050191305700        81.615471593972018        54.455253327672168               97          10
 ../2144_seed.dataconnected          44  0.32054265695777978       0.73751241245815014        14.103876906142311        32.450546148158608       0.35371073357192301        15.563272277164613        66.635377140775631        38.961128835195048               95          21
 ../2145_seed.dataconnected          76  0.35017077420121018       0.76517947218424909        26.612978839291973        58.153639886002928       0.37951624778869730        28.843234831940997        96.176329320199073        71.241190274404758              100           2
 ../2146_seed.dataconnected          35  0.33532335889620102       0.75786161896174375        11.736317561367036        26.525156663661033       0.39429022645813921        13.800157926034872        57.547231125289315        28.342476135380430              104          12
 ../2147_seed.dataconnected          72  0.30547416394505017       0.69459982822991895        21.994139804043613        50.011187632554162       0.36115044168870730        26.002831801586925        115.53942372716759        80.293652496907811               93           5
