# File, connection, Nq6, PetersQcl, RogalQcl, Nq6*Peters, Nq6*Rogal, MoroniQcl, Nq6*Moroni, area, volume, total solid, 2ndcluster
../1_seed.dataconnected         421   8.7324847017863097E-002  0.20851517040948089        36.763760594520363        87.784886742391450       0.12497787501811229        52.615685382625273        698.83095310928161        1403.2202679484396              952          83
 ../2_seed.dataconnected         546   6.2176288833961500E-002  0.14874112242005433        33.948253703342978        81.212652841349666        8.0529604449684544E-002   43.969164029527761        953.85446948809317        2244.7914206331461              892          57
 ../3_seed.dataconnected         456  0.13291765291637472       0.31711778033729515        60.610449729866872        144.60570783380658       0.16899769246257873        77.062947762935906        642.83134525381899        1297.4139700148553             1079         106
 ../4_seed.dataconnected         598   9.5892594908658993E-002  0.22881704560682317        57.343771755378079        136.83259327288025       0.13867768660639218        82.929256590622529        934.52235981660772        2270.9952341578728             1111         146
 ../5_seed.dataconnected         510   8.8059134584894602E-002  0.20251729898833584        44.910158638296245        103.28382248405129       0.12645662562736501        64.492879069956160        1212.6927051576897        2834.3044305155572             1037         242
 ../6_seed.dataconnected         499   8.3818327120718766E-002  0.19728334179641066        41.825345233238664        98.444387556408913       0.11806480342547088        58.914336909309966        1047.5061644661027        2378.4652208285079              951         110
 ../7_seed.dataconnected         571   8.2428184795512990E-002  0.20238670003906878        47.066493518237920        115.56280572230827        9.6766392536381335E-002   55.253610138273743        1145.6131525806788        2817.0644432086256              854          34
 ../8_seed.dataconnected         575   9.0584375835098610E-002  0.21627465530757858        52.086016105181699        124.35792680185769       0.12497788984428447        71.862286660463568        1126.2696281997507        2866.7449444751487             1052          94
 ../9_seed.dataconnected         481  0.12850979231650339       0.30238131736939228        61.813210104238131        145.44541365467768       0.16592993917144391        79.812300741464526        821.80865903082110        1695.9402927007184              951          55
 ../10_seed.dataconnected         438  0.11854787000747943       0.27984721658307771        51.923967063275995        122.57308086338803       0.16010530251548105        70.126122501780699        755.51762379812305        1523.2545974296631             1119         228
 ../11_seed.dataconnected         306  0.12168370171368732       0.28480831991729644        37.235212724388319        87.151345894692710       0.17040675508860645        52.144467057113573        621.92194075444604        1165.8489515939461              986         152
 ../12_seed.dataconnected         433   7.7742511987686932E-002  0.18828193600131443        33.662507690668441        81.526078288569153        9.5916609491156837E-002   41.531891909670911        867.07997854269115        1950.8831215602672             1026         139
 ../13_seed.dataconnected         698   7.3780976431496836E-002  0.17294679141940483        51.499121549184792        120.71686041074457       0.10769887890116249        75.173817473011411        1311.6172565844258        3544.8277868831665             1093          52
 ../14_seed.dataconnected         572   8.6432513691398483E-002  0.20260592343498740        49.439397831479930        115.89058820481279       0.10435427446089175        59.690644991630080        1440.1987938334139        4161.5122343957964             1033         101
 ../15_seed.dataconnected         787   6.0636685834134452E-002  0.14488992440274387        47.721071751463811        114.02837050495943        8.4605199900406866E-002   66.584292321620197        1520.0033775045310        4633.4946190442733             1094          59
 ../16_seed.dataconnected         388   8.9673030149218583E-002  0.21487583704206953        34.793135697896808        83.371824772322981       0.10759713312341390        41.747687651884597        737.56453849520426        1414.9316209454121              979         227
 ../17_seed.dataconnected         718   7.0758343804087367E-002  0.17432399762223036        50.804490851334727        125.16463029276140       0.10007354038550603        71.852801996793332        1610.7150724495827        4602.7283587472502             1087          69
 ../18_seed.dataconnected         440  0.10974171554798688       0.26207945457810194        48.286354841114225        115.31496001436486       0.16069760581052073        70.706946556629120        983.61609765469007        2222.8344366213259              980          80
 ../19_seed.dataconnected         363   7.5346227079635619E-002  0.18186384192194230        27.350680429907730        66.016574617665057       0.10815889599706567        39.261679246934840        753.09161293665534        1466.7830793104208              928         208
 ../20_seed.dataconnected         443   8.8616546876545438E-002  0.21332185586749841        39.257130266309630        94.501582149301797       0.11576246051836817        51.282770009637098        804.09122753443205        1750.7821722275144             1003         172
 ../21_seed.dataconnected         555   8.0563478327927568E-002  0.18704853289428058        44.712730471999798        103.81193575632572       0.10676638986072634        59.255346372703116        957.88089091607685        2209.9410466291270             1050          81
 ../22_seed.dataconnected         357  0.15444353410863709       0.36899940316205471        55.136341676783445        131.73278692885353       0.21318847167805624        76.108284389066071        647.74476309214333        1228.6515793443923              902         123
 ../23_seed.dataconnected         607   7.9496743386648624E-002  0.19140860348682423        48.254523235695714        116.18502231650231       0.11270959957554520        68.414726942355941        1381.4781765581190        3622.2291625977468             1029         106
 ../24_seed.dataconnected         726  0.10110903687703529       0.23968965373231205        73.405160772727626        174.01468860965855       0.14041377751833575        101.94040247831175        1407.7216478506973        3983.2447718840313             1092          56
 ../25_seed.dataconnected         497  0.12057518349821750       0.28811182274783365        59.925866198614095        143.19157590567332       0.16162996041291358        80.330090325218052        1011.9664234805699        2448.1726849734309              951          65
 ../26_seed.dataconnected         721   9.0171144535995590E-002  0.21575492529337884        65.013395210452813        155.55930113652613       0.11825345161117060        85.260738611654006        1416.5576611003160        4328.6423805614550             1048         101
 ../27_seed.dataconnected         653   8.6429904797167875E-002  0.20896576511976245        56.438727832550626        136.45464462320487       0.11446746638539590        74.747255549663521        1369.3638155970395        3747.0906376843755             1051         159
 ../28_seed.dataconnected         426   9.0608379804979183E-002  0.21473327308138324        38.599169796921132        91.476374332669252       0.11895038981008071        50.672866059094382        706.52725063378637        1327.3659331366362              960         133
 ../29_seed.dataconnected         906   7.8938300129933553E-002  0.18709603041935785        71.518099917719795        169.50900355993821       0.11277367994920898        102.17295403398333        2084.0911033667958        6572.0293593544193             1176          37
 ../30_seed.dataconnected         435  0.11486032426241524       0.27267621922670759        49.964241054150634        118.61415536361780       0.16864193515378709        73.359241791897389        1026.5890550202703        2430.1228173090271              886          53
 ../31_seed.dataconnected         542   9.3390560648707668E-002  0.22062750047296709        50.617683871599553        119.58010525634816       0.12891181326386861        69.870202789016787        1028.8990738160026        2437.8487343267889              949          63
 ../32_seed.dataconnected         475   7.6171859417004745E-002  0.18442318323305004        36.181633223077256        87.601012035698773       0.10167787426438335        48.296990275582090        1051.6471683029908        2624.2140121911775             1024         153
 ../33_seed.dataconnected         503  0.13902026197003850       0.32591288369647992        69.927191770929369        163.93418049932939       0.19303599600637861        97.097105991208437        735.89462035185852        1521.7318985908701             1068         105
 ../34_seed.dataconnected         419  0.14166315030723714       0.33663288817488912        59.356859978732359        141.04918014527854       0.17989512676244732        75.376058113465419        697.12856321457139        1374.1862227147744             1029         288
 ../35_seed.dataconnected         667   8.1867897954171695E-002  0.19540871009333716        54.605887935432520        130.33760963225589       0.12098832907848935        80.699215495352391        1167.5829975217046        3199.1450385186408             1169         185
 ../36_seed.dataconnected         729   5.3187080873033005E-002  0.12403978548122445        38.773381956441064        90.425003615812628        7.5182509707284226E-002   54.808049576610202        1636.3476943329852        4925.7912848267260             1061          56
 ../37_seed.dataconnected         253   9.7379814565219922E-002  0.23210354579919629        24.637093085000640        58.722197087196662       0.14459271445914629        36.581956758164011        487.06050729858276        767.34818982684067              891         145
 ../38_seed.dataconnected         580   5.3989889604431678E-002  0.12493505874336717        31.314135970570373        72.462334071152966        7.7948578576545954E-002   45.210175574396651        1089.2367046236352        2779.1492954196947             1042          92
 ../39_seed.dataconnected         752   7.4992340632130797E-002  0.18013814593564867        56.394240155362361        135.46388574360779       0.11104987988464381        83.509509673252140        1363.7806339896390        3832.3710041369732             1041          27
 ../40_seed.dataconnected         364  0.11797941854314453       0.28161390095748784        42.944508349704613        102.50745994852558       0.16435062427876021        59.823627237468713        745.67444506489187        1439.5575404849778              896          87
 ../41_seed.dataconnected         504  0.10767762134781499       0.25586592340953557        54.269521159298755        128.95642539840591       0.15476450895350663        78.001312512567338        1037.6883731954952        2248.6628103496150             1017         163
 ../42_seed.dataconnected         461  0.10328043638616705       0.24507590618414962        47.612281174023011        112.97999275089298       0.13952349808487979        64.320332617129580        734.05366901079321        1598.8362870265150             1007          62
 ../43_seed.dataconnected         658   8.8770835883156846E-002  0.21002512616159472        58.411210011117205        138.19653301432933       0.11574717906728928        76.161643826276347        1295.8559030841584        3519.5084322031271              984          95
 ../44_seed.dataconnected         593  0.12236033517079567       0.29182091447046682        72.559678756281826        173.04980228098682       0.16232844309406283        96.260766754779254        918.22889152562561        2255.6383349541620             1079         153
 ../45_seed.dataconnected         681   8.8815533630737853E-002  0.21437446491720846        60.483378402532480        145.98901060861897       0.12960279960674259        88.259506532191708        1429.0656183087071        4076.7697350592325              966          46
 ../46_seed.dataconnected         270  0.17235826018346206       0.40800413066378965        46.536730249534756        110.16111527922321       0.22622607356984195        61.081039863857328        380.98823211762220        584.23754730189535              996         111
 ../47_seed.dataconnected         348  0.11260065601556225       0.27257640677507017        39.185028293415662        94.856589557724419       0.14949894728503016        52.025633655190497        635.29713680012640        1193.2158227444318             1037         330
 ../48_seed.dataconnected         555  0.12530301217499304       0.29034871905824172        69.543171757121144        161.14353907732416       0.17744257601810631        98.480629690049000        1022.9140586142755        2213.7398268375873              898          73
 ../49_seed.dataconnected         765   7.2600047911225860E-002  0.17487177836925111        55.539036652087781        133.77691045247710       0.11505208013590511        88.014841303967401        1387.1270596095844        3992.2665325367893              993          31
 ../50_seed.dataconnected         253  0.12663111573497596       0.28683906314384666        32.037672280948918        72.570282975393212       0.16898377886766477        42.752896053519187        462.97807487341964        751.72767301882982              947         207
 ../51_seed.dataconnected         867   8.5336580607618423E-002  0.19949413075728975        73.986815386805176        172.96141136657022       0.11838000392656811        102.63546340433456        1654.2190219762940        5197.0458805009439             1082          28
 ../52_seed.dataconnected         567   9.2701112600212271E-002  0.21691702424823697        52.561530844320359        122.99195274875036       0.12306187519089469        69.776083233237287        1092.7044388171576        2616.4361955178742             1040          65
 ../53_seed.dataconnected         325   9.0735089578152003E-002  0.21499767460178532        29.488904112899402        69.874244245580229       0.11596348354853225        37.688132153272981        820.96727500432553        1570.0480180522429             1015         171
 ../54_seed.dataconnected         361  0.10858697109429730       0.26047232591386293        39.199896565041321        94.030509654904520       0.13618669379066317        49.163396458429403        666.66220363851312        1274.7606087066501              926          92
 ../55_seed.dataconnected         838   7.4322211099067600E-002  0.17732128701194572        62.282012901018646        148.59523851601051       0.10421707375524540        87.333907806895652        1705.4690839340460        5425.8431192542512             1072          36
 ../56_seed.dataconnected         447   7.8863046502187131E-002  0.18977081554953862        35.251781786477650        84.827554550643768       0.10579262736017657        47.289304429998928        803.47635990195238        1738.5378280066395              962         125
 ../57_seed.dataconnected         411   9.4453090783611915E-002  0.23603087674916251        38.820220312064500        97.008690343905798       0.12813362083503918        52.662918163201105        771.20240183458156        1660.7696855799172              951          84
 ../58_seed.dataconnected         491  0.10207949128130805       0.24375768581454230        50.121030219122254        119.68502373494027       0.14222318340293449        69.831583050840834        908.35299967006256        1989.8018725445406             1147         212
 ../59_seed.dataconnected         749   5.2478847048408335E-002  0.12446123785033748        39.306656439257843        93.221467149902779        7.4655283803401778E-002   55.916807568747934        1601.5046342776147        4996.2525174423135             1090         110
 ../60_seed.dataconnected         539  0.10782127171740659       0.25640292233378081        58.115665455682148        138.20117513790785       0.13640163790705559        73.520482831902967        971.23449186281164        2269.1189685130712             1040         142
 ../61_seed.dataconnected         749   7.9577801069484325E-002  0.19195221666084275        59.603773001043756        143.77221027897122       0.10301485080764422        77.158123254925528        1282.2827901133894        3641.4269113543282             1082          61
 ../62_seed.dataconnected         384  0.11962443529085480       0.28570065916444531        45.935783151688241        109.70905311914700       0.15353180695326196        58.956213870052594        660.33411662702815        1163.4534298536246             1112         322
 ../63_seed.dataconnected         466  0.11095631458594689       0.26730221772089058        51.705642597051252        124.56283345793501       0.14560898883916654        67.853788799051600        972.95718693210813        2292.2482362886612              995         168
 ../64_seed.dataconnected         387  0.11533518428876972       0.27849570132786411        44.634716319753885        107.77783641388341       0.17409013846928523        67.372883587613387        814.81525415302497        1752.4096809367495              865          77
 ../65_seed.dataconnected         567   8.8749266593024179E-002  0.21863287508692844        50.320834158244708        123.96484017428843       0.12766043865577584        72.383468717824897        1148.3960511078601        2769.4260807817864             1014          77
 ../66_seed.dataconnected         358  0.12812993314990456       0.30068648937139841        45.870516067665832        107.64576319496064       0.17534029058466380        62.771824029309641        669.27477223298365        1263.3022860067463              993         250
 ../67_seed.dataconnected         358  0.12309400420390090       0.29344281869648353        44.067653504996521        105.05252909334111       0.15917935231684610        56.986208129430906        699.14143841207328        1473.9354559921144              820          66
 ../68_seed.dataconnected         291  0.15762767351338497       0.37181509265009582        45.869652992395025        108.19819196117788       0.20826552802368148        60.605268654891312        619.31983605895471        1018.4379412033045              862          86
 ../69_seed.dataconnected         280  0.12924685977405717       0.30430715200606701        36.189120736736008        85.206002561698767       0.17391617550455024        48.696529141274070        394.42771359535197        611.40261125427321              843         149
 ../70_seed.dataconnected         447   7.6368295542329365E-002  0.18013370438215798        34.136628107421224        80.519765858824613       0.10757450501310317        48.085803740857116        673.55363042404883        1397.3554447355268             1144         295
 ../71_seed.dataconnected         343   9.0129223014010718E-002  0.22455552457108666        30.914323493805675        77.022544927882720       0.12973555770726672        44.499296293592487        606.17436624771585        1061.9073852294687              831          94
 ../72_seed.dataconnected         363  0.11846169649375575       0.28290450813875495        43.001595827233338        102.69433645436804       0.16698639746034902        60.616062278106696        555.82487494963993        1026.9931464913861             1009         163
 ../73_seed.dataconnected         571  0.10376916315153735       0.24928095927612587        59.252192159527830        142.33942774666787       0.13721763774993279        78.351271155211620        1009.7573805595325        2458.4784891604522             1004         114
 ../74_seed.dataconnected         569   9.4822715316580056E-002  0.22534179652019035        53.954125015134053        128.21948221998829       0.12462596136949661        70.912172019243570        1152.0365230346079        2885.4886131288863              941          55
 ../75_seed.dataconnected         390   9.4652362344891147E-002  0.22038174678317521        36.914421314507550        85.948881245438329       0.13487643273555749        52.601808766867421        913.36301640966360        1968.0812718261827              875          60
 ../76_seed.dataconnected         418  0.15106705723753930       0.35457322185235901        63.146029925291430        148.21160673428608       0.21051725367066734        87.996212034338953        900.01956711062678        1947.2048918746236             1008          96
 ../77_seed.dataconnected         298  0.13562482948437635       0.32577750165188030        40.416199186344151        97.081695492260323       0.16909402508647164        50.390019475768547        533.94186792508469        931.26843384317056              894          73
 ../78_seed.dataconnected         571   5.9033381937571142E-002  0.14301975226273098        33.708061086353119        81.664278542019389        7.4441400395408835E-002   42.506039625778442        1015.8339117032242        2481.9687229304063              957          62
 ../79_seed.dataconnected         587   9.0525327296279004E-002  0.21640955013918636        53.138367122915774        127.03240593170240       0.11561987100253199        67.868864278486271        984.00799769679986        2487.3149823703852             1006          91
 ../80_seed.dataconnected         367   9.6871540248734012E-002  0.22886764294362738        35.551855271285383        83.994424960311250       0.12599296933260568        46.239419745066286        574.77448154838885        1085.0260854888661              925         137
 ../81_seed.dataconnected         774   6.5113611747329769E-002  0.15536640829418472        50.397935492433241        120.25360001969896        9.2711596995939269E-002   71.758776074856996        1929.2066837924262        6080.5343403514153             1095          53
 ../82_seed.dataconnected         593   7.4918304367029911E-002  0.18487788149571796        44.426554489648737        109.63258372696075       0.10871105555746409        64.465655945576202        1119.1178434013452        2954.4905860461176             1052          34
 ../83_seed.dataconnected         662   8.4601960111610544E-002  0.19561595793678227        56.006497593886181        129.49776415414985       0.12948804142215026        85.721083421463476        1247.5739486859948        3544.5272123758837             1124          63
 ../84_seed.dataconnected         316   6.6505953048997729E-002  0.15869015129224939        21.015881163483282        50.146087808350806        9.9166439094486289E-002   31.336594753857668        566.55919995937779        1009.9253297868909              865          64
 ../85_seed.dataconnected         814   6.1041179319550408E-002  0.14109074640189909        49.687519966114031        114.84786757114585        8.6322160975275841E-002   70.266239033874541        1461.6599435706376        4266.8371428713072             1134          64
 ../86_seed.dataconnected         616   6.4394627010559410E-002  0.15194367099783598        39.667090238504599        93.597301334666966        8.6267789874951165E-002   53.140958562969921        1290.2275681342428        3408.9355720861363              951          53
 ../87_seed.dataconnected         564   6.8489789309168103E-002  0.15797693162944310        38.628241170370814        89.098989439005905       0.11075568516058161        62.466206430568029        1498.6473462507645        4255.2424403226396              971          74
 ../88_seed.dataconnected         645  0.11859958400984547       0.28281221569822390        76.496731686350330        182.41387912535441       0.17683302264267806        114.05729960452734        1432.7916377858289        3751.1677546937381              958          70
 ../89_seed.dataconnected         574   8.1119914231457285E-002  0.19809341483085721        46.562830768856479        113.70562011291204       0.10153633802501522        58.281858026358734        1312.6746626450777        3338.9933582475292             1078          96
 ../90_seed.dataconnected         412  0.11842302798162993       0.28338884713142831        48.790287528431534        116.75620501814846       0.16095341873177504        66.312808517491320        851.23621675967536        1825.6477639545221              838          51
 ../91_seed.dataconnected         383   7.0171026441751744E-002  0.16899098827307915        26.875503127190917        64.723548508589317        8.3751165098847793E-002   32.076696232858708        652.40102103415313        1197.1006947945150              875         102
 ../92_seed.dataconnected         647   8.7511193921564021E-002  0.21076771020811055        56.619742467251925        136.36670850464753       0.12507694262144639        80.924781876075812        1289.0483780702505        3662.5338501555339             1044          47
 ../93_seed.dataconnected         558  0.13081290803122833       0.30086319330520328        72.993602681425415        167.88166186430342       0.19289503058323101        107.63542706544291        1077.3986832959015        2618.0834076607916              926          53
 ../94_seed.dataconnected         699   8.2479680657533083E-002  0.19815556296583095        57.653296779615623        138.51073851311583       0.10231253885159687        71.516464657266212        1339.1916782020630        3418.6505255306838             1049         124
 ../95_seed.dataconnected         527   7.2539873754531581E-002  0.17555860078916422        38.228513468638141        92.519382615889540       0.10207542885345096        53.793751005768655        1154.0112662716949        3008.0879663945211             1125         137
 ../96_seed.dataconnected         561  0.11214774988266667       0.26936467723260005        62.914887684176001        151.11358392748863       0.14041881743852885        78.774956583014685        1257.2765012832513        3484.8908980578276              952          48
 ../97_seed.dataconnected         360  0.13131286385449828       0.31043156775883574        47.272630987619380        111.75536439318087       0.17938552443693020        64.578788797294877        670.28288634336423        1264.1329394204804              924         141
 ../98_seed.dataconnected         577   7.7966033199494772E-002  0.18448271025123933        44.986401156108485        106.44652381496509       0.11752820314530291        67.813773214839770        1308.5372069542677        3537.6333851525842              928          32
 ../99_seed.dataconnected         602   7.6455421824551548E-002  0.18452974436683184        46.026163938380030        111.08690610883276       0.10679487818461035        64.290516667135435        1606.0071464595931        4751.5612476914794             1050         148
 ../100_seed.dataconnected         315  0.18180234673847492       0.42205463826432915        57.267739222619603        132.94721105326369       0.24047891516997569        75.750858278542339        402.17854851175741        674.11651182808930              969         198
 ../101_seed.dataconnected         680   6.6180891166651629E-002  0.15907943396337149        45.003005993323107        108.17401509509261        9.4589585901918280E-002   64.320918413304426        1190.1161187763071        3302.4083488530305              965          29
 ../102_seed.dataconnected         505   5.6088498626872860E-002  0.13060376543500105        28.324691806570794        65.954901544675522        8.6106480567046020E-002   43.483772686358243        949.65484623109933        2164.4329181723374              982         148
 ../103_seed.dataconnected         673   9.6158909909210957E-002  0.23453834087825051        64.714946368898978        157.84430341106258       0.12691234744956981        85.412009833560475        1422.1918091084167        4287.2653363960599              943          36
 ../104_seed.dataconnected         416  0.10729006363557414       0.25344142345496595        44.632666472398839        105.43163215726584       0.15405615821724314        64.087361818373139        726.91676940970410        1440.2397960675962              901          58
 ../105_seed.dataconnected         371  0.15986695956282582       0.38105617017614596        59.310641997808375        141.37183913535014       0.20315373681555970        75.370036358572648        629.21729835219503        1171.6402721582378              926         100
 ../106_seed.dataconnected         729   5.2928674514666547E-002  0.12924163913043493        38.585003721191910        94.217154926087062        5.9582958601075882E-002   43.435976820184315        1739.2136887392560        4936.2946589659559             1097          58
 ../107_seed.dataconnected         766   7.9949787430548674E-002  0.19225053976763368        61.241537171800282        147.26391346200739       0.10750458921217378        82.348515336525111        1513.9258681866054        4443.5002596719214             1003          31
 ../108_seed.dataconnected         276  0.14998229848773087       0.35066421075742460        41.395114382613720        96.783322169049185       0.20380748166790336        56.250864940341323        407.53183497882048        642.85104367832537             1032         126
 ../109_seed.dataconnected         440   9.5266926483588907E-002  0.22866044505631153        41.917447652779117        100.61059582477708       0.12442662832879596        54.747716464670219        944.55838482051990        2239.3452846001851              906          83
 ../110_seed.dataconnected         278  0.15968300641444719       0.37705703922082789        44.391875783216321        104.82185690339016       0.20265555944111135        56.338245524628960        453.75613608137246        671.26400297032410              997         176
 ../111_seed.dataconnected         293  0.22150629465042532       0.52542339387053627        64.901344332574624        153.94905440406714       0.27764058588618001        81.348691664650744        348.38436004677015        511.00023212624103              823         123
 ../112_seed.dataconnected         542   7.7633824784298228E-002  0.18285940873532233        42.077533033089637        99.109799534544706       0.11276386838366620        61.118016663947081        1345.7250167052393        3497.5846030060879             1130         197
 ../113_seed.dataconnected         310  0.11312238599638032       0.27155353077550953        35.067939658877897        84.181594540407957       0.15603887542331946        48.372051381229035        599.93841855545770        1044.2014238302861              949         126
 ../114_seed.dataconnected         586   7.4962167441253905E-002  0.17573791446664641        43.927830120574789        102.98241787745479       0.11186033448505815        65.550156008244073        1131.0919473978072        2819.5986300434715              934          51
 ../115_seed.dataconnected         369  0.13636170019357063       0.32554423675671057        50.317467371427561        120.12582336322620       0.18850538553043855        69.558487260731823        711.47957343364544        1372.2419243396735              821          51
 ../116_seed.dataconnected         590   8.6090065668930821E-002  0.20493305126378039        50.793138744669186        120.91050024563043       0.12395135581902877        73.131299933226984        1351.1063556008032        3701.2997469909974              937          63
 ../117_seed.dataconnected         615  0.11166368804791078       0.26716664438754167        68.673168149465127        164.30748629833812       0.15659564816480798        96.306323621356910        1159.9180481699761        3070.7253788102921             1019          75
 ../118_seed.dataconnected         608   8.5032600647362178E-002  0.19816275979267592        51.699821193596208        120.48295795394696       0.11761027063783831        71.507044547805691        1021.0151258207335        2514.7767643522529              952          30
 ../119_seed.dataconnected         414  0.12552512811102584       0.29345893358773018        51.967403037964701        121.49199850532030       0.17544344163382683        72.633584836404310        800.01836404355356        1533.3161038121182              856          46
 ../120_seed.dataconnected         261   9.3252539745680790E-002  0.22532392940761473        24.338912873622686        58.809545575387446       0.12281927796731465        32.055831549469126        550.56451075032714        983.88086888924840              870         258
 ../121_seed.dataconnected         309  0.10258135211856577       0.24516099684274947        31.697637804636823        75.754748024409594       0.13771824171928443        42.554936691258888        514.46009049480244        860.88134505555126              826         111
 ../122_seed.dataconnected         454  0.10789234838693737       0.26141077319192768        48.983126167669568        118.68049102913517       0.14850948280431525        67.423305193159123        900.84825655902330        2084.4100109618139              886          70
 ../123_seed.dataconnected         855   7.4161801715580941E-002  0.17723353085490851        63.408340466821706        151.53466888094678       0.10842684884876456        92.704955765693697        1676.1971728063006        5291.3635611721502             1111          21
 ../124_seed.dataconnected         639   7.2928455991117039E-002  0.17609252979266135        46.601283378323785        112.52312653751061       0.10532580136006427        67.303187069081062        1241.9322132872226        3349.4363868578794             1024          79
 ../125_seed.dataconnected         814   6.3023254928624886E-002  0.14869724791121622        51.300929511900655        121.03955979973000        8.7987257182171902E-002   71.621627346287923        1555.3263356695702        4813.4844461007297             1124          20
 ../126_seed.dataconnected         464  0.13378663300431196       0.32109237801843393        62.076997714000747        148.98686340055335       0.17811194962615839        82.643944626537490        704.48956792156093        1382.1135475221301              923          49
 ../127_seed.dataconnected         678   8.5372998218316440E-002  0.20170589695886845        57.882892792018545        136.75659813811282       0.11715989780100150        79.434410709079017        1098.5476210038828        2915.7396997667356             1049          50
 ../128_seed.dataconnected         339  0.11506782035138274       0.27501290192593947        39.007991099118748        93.229373752893480       0.16181899671556182        54.856639886575458        653.88159898183562        1254.2122713112049             1024          93
 ../129_seed.dataconnected         748   7.3863592852983301E-002  0.17953259937237048        55.249967454031506        134.29038433053313        9.6387726843958424E-002   72.098019679280895        1638.6799442763040        4610.5387162823326             1039          47
 ../130_seed.dataconnected         451   6.8620779693142828E-002  0.16829735947132496        30.947971641607417        75.902109121567563        9.1037267071581704E-002   41.057807449283345        984.91205261747973        2356.0022077977633             1067         137
 ../131_seed.dataconnected         441   7.8673797105283744E-002  0.18728300695340239        34.695144523430130        82.591806066450459       0.10590683871782845        46.704915874562346        893.45185515089190        2055.4368863462350              931         103
 ../132_seed.dataconnected         883   5.0403552184618450E-002  0.12174470534496448        44.506336579018090        107.50057481960364        7.1391792716785543E-002   63.038952968921635        1594.5377786576428        4930.6936431989425             1127          28
 ../133_seed.dataconnected         472   7.6541059524036559E-002  0.18606776742009332        36.127380095345259        87.823986222284049       0.10012698888113035        47.259938751893522        1027.5845169799911        2356.3097673690168             1125         352
 ../134_seed.dataconnected         314  0.14801631716916125       0.34954870605917898        46.477123591116630        109.75829370258219       0.20152868357456091        63.280006642412125        470.68682501263606        755.95265112890797              891          84
 ../135_seed.dataconnected         746  0.10368586109549499       0.24468425911322114        77.349652377239266        182.53445729846297       0.14363554589761984        107.15211723962440        1344.3594418575174        3936.8761976635128             1138          61
 ../136_seed.dataconnected         568   9.3809519139681150E-002  0.22298749022365452        53.283806871338896        126.65689444703577       0.11350751772762438        64.472270069290644        1050.9901882808517        2396.5980138946270             1027          39
 ../137_seed.dataconnected         311  0.12203544167340932       0.29690851229485149        37.953022360430296        92.338547323698819       0.14972859976676900        46.565594527465159        493.80864764392857        785.97529531250780              879         158
 ../138_seed.dataconnected         458   5.5717550761561555E-002  0.13478231644674468        25.518638248795192        61.730300932609062        7.1962147977798291E-002   32.958663773831617        1013.3092108219489        2468.1665602563821              943          72
 ../139_seed.dataconnected         624   8.5608709574242520E-002  0.20723983356327003        53.419834774327335        129.31765614348049       0.11619006695690551        72.502601781109036        1346.9631000312165        3792.6229726382285              964          74
 ../140_seed.dataconnected         532   8.6937580754594776E-002  0.20695398463652856        46.250792961444418        110.09951982663320       0.11651024999067668        61.983452995039990        804.87919276884861        1776.6553066518882              996          57
 ../141_seed.dataconnected         473   5.8775069994091184E-002  0.14280961578183490        27.800608107205129        67.548948264807905        8.6026677903755705E-002   40.690618648476452        782.19892805225697        1833.7239035642804              932         200
 ../142_seed.dataconnected         493   9.0214018980337568E-002  0.21305942237712633        44.475511357306424        105.03829523192329       0.12416024711192503        61.211001826179036        974.57900597525759        2022.8634829125656              958          47
 ../143_seed.dataconnected         503   7.4308895453365331E-002  0.18134297477630523        37.377374413042759        91.215516312481526       0.11302182801529866        56.849979491695223        1137.3080824661849        2608.8523746406904              935          67
 ../144_seed.dataconnected         288  0.19254112556336062       0.45765118283643141        55.451844162247859        131.80354065689224       0.23739174621006395        68.368822908498416        511.69433507810510        811.68809049051504              945         201
 ../145_seed.dataconnected         710   5.9333033025422144E-002  0.13892536760196764        42.126453448049723        98.637010997397027        6.9987441318220753E-002   49.691083335936732        1516.6949562663669        4332.6132869208841             1124         156
 ../146_seed.dataconnected         493   9.9226431500496717E-002  0.24177892767306094        48.918630729744883        119.19701134281904       0.12932561649878488        63.757528933900943        741.39639126753548        1625.3107291290708             1084         292
 ../147_seed.dataconnected         366  0.10859332967962432       0.26177057249587415        39.745158662742497        95.808029533489943       0.15084260195347995        55.208392314973665        840.33289207405392        1682.0411196220105              911         113
 ../148_seed.dataconnected         317  0.14856528292816154       0.35199444252205153        47.095194688227210        111.58223827949034       0.20352500644939439        64.517427044458017        608.60296813061848        1063.5305378456881              925         226
 ../149_seed.dataconnected         515   8.0674927176375838E-002  0.19814753859627637        41.547587495833554        102.04598237708234       0.10541901873017442        54.290794646039828        861.80447360218147        1903.6267996085121             1016          71
 ../150_seed.dataconnected         338   9.7651729670829968E-002  0.23191051531971835        33.006284628740531        78.385754178064801       0.13477733129576527        45.554737977968664        671.62566044370408        1327.1333639123686              796          58
 ../151_seed.dataconnected         900   6.5004399308364574E-002  0.15582153444544888        58.503959377528119        140.23938100090399        8.6928599877665491E-002   78.235739889898937        2027.3216343302208        6482.0603380019038             1109          65
 ../152_seed.dataconnected         358  0.16589156673548303       0.39466166628076782        59.389180891302921        141.28887652851489       0.21811088372979262        78.083696375265760        714.73088173823567        1293.6456347733867              946         199
 ../153_seed.dataconnected         470   8.4745936331721353E-002  0.20294499103432390        39.830590075909036        95.384145786132237       0.12057087967446317        56.668313446997693        874.07181524635928        2100.6641263534566              970         155
 ../154_seed.dataconnected         382  0.13474619325467094       0.31819658397437961        51.473045823284295        121.55109507821301       0.17387570204728525        66.420518182062963        598.35281119361389        1115.2776041047587              971         107
 ../155_seed.dataconnected         924   7.5912749021107534E-002  0.18220512921843501        70.143380095503360        168.35753939783396        9.6046715554576736E-002   88.747165172428907        1575.2669351047682        4869.9030062169650             1233          86
 ../156_seed.dataconnected         289  0.13988850674221612       0.33219460451908345        40.427778448500455        96.004240706015111       0.18063094477871133        52.202343041047577        501.57367564847465        859.59725636419228              867          94
 ../157_seed.dataconnected         605   9.2205790492852865E-002  0.21673234878056141        55.784503248175980        131.12307101223965       0.13224228199241794        80.006580605412850        1191.6044765350466        3215.8964126878768              979          72
 ../158_seed.dataconnected         499  0.10024254216069663       0.23660505365364298        50.021028538187615        118.06592177316784       0.14866864611056413        74.185654409171505        1013.3898686119595        2237.8098580823848              944         111
 ../159_seed.dataconnected         891   7.4962572033780109E-002  0.17883005785887182        66.791651682098077        159.33758155225479       0.11837273272659751        105.47010485939839        2237.8473315332681        7682.0061148518107             1138          31
 ../160_seed.dataconnected         392  0.12036287218669138       0.28817075386683355        47.182245897183023        112.96293551579875       0.15803501560072705        61.949726115485007        647.75846978360937        1261.2505066688161              990         257
 ../161_seed.dataconnected         639  0.11295849412235183       0.26907715499477042        72.180477744182824        171.94030204165830       0.15448613732175506        98.716641748601489        1395.0825878145899        4037.9672131937896              904          29
 ../162_seed.dataconnected         522   8.1207086127517439E-002  0.19555781037637598        42.390098958564103        102.08117701646826       0.10887432474442724        56.832397516591016        813.86795779244176        1767.9956457095318             1060         143
 ../163_seed.dataconnected         474   6.2664594523113973E-002  0.15053273872301245        29.703017803956023        71.352518154707909        8.3619731477477713E-002   39.635752720324433        1233.7949599924657        3045.3363186592783             1076         148
 ../164_seed.dataconnected         316  0.13698741249632113       0.32212621113550405        43.288022348837472        101.79188271881928       0.17203838563376225        54.364129860268875        494.16913983066922        830.09082840598558              890          66
 ../165_seed.dataconnected         574   8.9511451694767097E-002  0.21787910856778894        51.379573272796314        125.06260831791086       0.11422183082631397        65.563330894304215        1276.8005856324285        3506.2804142488458              976          29
 ../166_seed.dataconnected         425  0.10632622712715689       0.25481358179786384        45.188646529041677        108.29577226409214       0.13478893701420827        57.285298231038517        758.96101141009490        1591.3911629227744             1010         105
 ../167_seed.dataconnected         244  0.13876863407030768       0.32929245500167187        33.859546713155076        80.347359020407936       0.18651642653453696        45.510008074427020        413.79742376416374        672.81122938265673              865         126
 ../168_seed.dataconnected         323  0.14997439787323955       0.36064416340171340        48.441730513056370        116.48806477875343       0.20867144170183685        67.400875669693306        636.58429435101095        1134.1359657393759              944         124
 ../169_seed.dataconnected         438   9.4168749807994570E-002  0.22053463561643905        41.245912415901621        96.594170400000309       0.14351593497532197        62.859979519191022        690.67338403851431        1390.8574362794075             1027          83
 ../170_seed.dataconnected         443   9.0167864250082247E-002  0.21380293692447061        39.944363862786439        94.714701057540481       0.12060206121645153        53.426713118888031        947.35549753479199        1891.3715009951607             1105         262
 ../171_seed.dataconnected         486  0.11512587262081099       0.27171579073249891        55.951174093714144        132.05387429599446       0.14988921657835086        72.846159257078511        864.88256422637721        1869.9519157782042             1022         117
 ../172_seed.dataconnected         752   5.0639034190418819E-002  0.11858033120764286        38.080553711194952        89.172409068147431        6.8684830041313871E-002   51.650992191068028        1376.7163982785141        3843.4991149464736             1154          65
 ../173_seed.dataconnected         287   8.1520701492507883E-002  0.19471387911419524        23.396441328349763        55.882883305774037       0.11985413213084591        34.398135921552772        546.06503536781861        934.51836171690957              996         225
 ../174_seed.dataconnected         321  0.14735629084068841       0.35661510048410028        47.301369359860978        114.47344725539620       0.19133569528918579        61.418758187828637        469.96094546401451        802.75446636819083              889          62
 ../175_seed.dataconnected         635   9.3908662173637747E-002  0.22510565972317531        59.632000480259968        142.94209392421632       0.11703730067370047        74.318685927799791        1312.1761954579310        3593.6970893660041             1129         184
 ../176_seed.dataconnected         752   7.8288515716020968E-002  0.18520723723616633        58.872963818447765        139.27584240159709       0.10317718860069096        77.589245827719594        1365.0601705778674        3985.7373945689433             1101          33
 ../177_seed.dataconnected         721   7.7499876280746297E-002  0.18595114764923110        55.877410798418083        134.07077745509562       0.10383100218960337        74.862152578704027        1772.4570405073887        5113.1906080248691             1048          34
 ../178_seed.dataconnected         393  0.10457899388185564       0.24763262099159519        41.099544595569263        97.319620049696908       0.14579032966389857        57.295599557912141        714.11093727738603        1536.0902256659192              883          53
 ../179_seed.dataconnected         580   9.4177681239191929E-002  0.22700822172081686        54.623055118731322        131.66476859807378       0.13513193469880280        78.376522125305627        1192.6569534923794        2851.8720984732595             1026         101
 ../180_seed.dataconnected        1056   6.3229522497223314E-002  0.15133188303250492        66.770375757067825        159.80646848232519        8.5073575873619869E-002   89.837696122542582        1953.0438013398107        6651.9083963724852             1250          31
 ../181_seed.dataconnected         439   6.3026801194458554E-002  0.14691124361847024        27.668765724367304        64.494035948508440        9.3195032798048236E-002   40.912619398343175        722.05703610816772        1449.4423898540704              940         101
 ../182_seed.dataconnected         282  0.13115317197108964       0.31667332433561024        36.985194495847281        89.301877462642082       0.16867212601799644        47.565539537074997        442.89415166822977        707.19133182537280              979         192
 ../183_seed.dataconnected         444   9.6779232391502795E-002  0.22932816422978286        42.969979181827242        101.82170491802358       0.13703742137832889        60.844615091978028        894.05999588219299        2091.6155958943468              927         149
 ../184_seed.dataconnected         381  0.11994634400916161       0.28462585609063668        45.699557067490574        108.44245117053258       0.15707603977141216        59.845971152908035        625.24074897538458        1175.0272610818913             1095         278
 ../185_seed.dataconnected         468   8.5665669572137004E-002  0.20338889182682646        40.091533359760120        95.186001374954785       0.11072871098515992        51.821036741054840        811.37332083942852        1821.6440403916938              992         169
 ../186_seed.dataconnected         426   9.4214620870702454E-002  0.22073948979160216        40.135428490919246        94.035022651222519       0.12693035971697653        54.072333239431998        703.01451779271520        1412.6581008586320              919          86
 ../187_seed.dataconnected         487   9.2973892776923792E-002  0.21860169274999036        45.278285782361884        106.45902436924531       0.12353735001343480        60.162689456542751        904.93764031551632        1940.9683872389114              970         114
 ../188_seed.dataconnected         303  0.13734348026243332       0.31940474158995319        41.615074519517293        96.779636701755820       0.17633444953650149        53.429338209559951        560.27334898860272        910.43514122094678              844          84
 ../189_seed.dataconnected         685   5.5160487225112291E-002  0.13194161479492456        37.784933749201919        90.380006134523327        9.1121513165434903E-002   62.418236518322907        1308.3449433887113        3856.0037812744044             1221         223
 ../190_seed.dataconnected         544   9.5867887068861610E-002  0.23017281739898698        52.152130565460716        125.21401266504893       0.13075297075914127        71.129616092972853        1114.2045259385359        2697.8427914249287              940          55
 ../191_seed.dataconnected         372   9.5689141376265108E-002  0.22669466313635203        35.596360591970623        84.330414686722960       0.12939104197520893        48.133467614777722        703.90790382175896        1438.9458066979601              902         160
 ../192_seed.dataconnected         471  0.10990655519193271       0.25856032951904828        51.765987495400303        121.78191520347174       0.15344302039149688        72.271662604395033        1035.1538241114765        2299.3997414221867              976         103
 ../193_seed.dataconnected         480   6.0620671773793176E-002  0.14713936779823369        29.097922451420725        70.626896543152171        8.8186232310627610E-002   42.329391509101256        1042.2861453425353        2402.0157803712059              863          69
 ../194_seed.dataconnected         650   8.6016494175876812E-002  0.20727264136195364        55.910721214319928        134.72721688526985       0.12510651943528353        81.319237632934289        1226.0584296796542        3309.9276779765387             1131         215
 ../195_seed.dataconnected         523   6.1844616076557751E-002  0.15087975959110900        32.344734208039704        78.910114266150003        8.2078974950789349E-002   42.927303899262832        1007.1981317061802        2465.4046652193992              989          55
 ../196_seed.dataconnected         554   6.9853370969617759E-002  0.16726901185819706        38.698767517168235        92.667032569441176        9.3654213397542874E-002   51.884434222238752        1154.2351668919066        2819.2202483147489              934          41
 ../197_seed.dataconnected         500   5.9145536823439364E-002  0.14460596032944445        29.572768411719682        72.302980164722229        7.3432219789128145E-002   36.716109894564070        1145.2229477159403        2881.6460551398281              978         109
 ../198_seed.dataconnected         494   8.6151295279140339E-002  0.20977937391565277        42.558739867895326        103.63101071433246       0.11737943665669155        57.985441708405624        937.34642994973535        2284.2889041249637             1057         157
 ../199_seed.dataconnected         454   9.7475207167121575E-002  0.23453746945145820        44.253744053873191        106.48001113096203       0.12054128448855200        54.725743157802611        783.41906885911192        1669.9965464700497              934         193
 ../200_seed.dataconnected         313  0.10814722928818490       0.25381837964022808        33.850082767201876        79.445152827391382       0.14720427799547731        46.074939012584395        606.40977103099021        1206.2666748814684              913         271
 ../201_seed.dataconnected         355  0.12092427374997794       0.28879058369145105        42.928117181242172        102.52065721046512       0.16274489678088463        57.774438357214045        626.16583844747413        1173.2135951274665              890         125
 ../202_seed.dataconnected         323   9.3473644016090401E-002  0.23406822069511968        30.191987017197199        75.604035284523661       0.13857773493328035        44.760608383449551        693.03767433242058        1285.5225102852469              935         209
 ../203_seed.dataconnected         278  0.14978457939765533       0.35829453385111598        41.640113072548182        99.605880410610240       0.20771531969227033        57.744858874451154        462.01282046478184        742.71828825940190             1014         178
 ../204_seed.dataconnected         651   7.0421045796549064E-002  0.17003747009966649        45.844100813553439        110.69439303488289       0.10084056593837143        65.647208425879796        1218.6576934210457        3313.8450704706697             1130          87
 ../205_seed.dataconnected         519   8.4130838596769938E-002  0.20160556907190733        43.663905231723597        104.63329034831990       0.11352411230106715        58.919014284253855        942.55365013689379        2293.8845656866556             1070         214
 ../206_seed.dataconnected         583   8.1594008532141743E-002  0.19703317540553836        47.569306974238636        114.87034126142886       0.10990029777413331        64.071873602319712        1187.2513191587163        3021.7100774250007             1018          95
 ../207_seed.dataconnected         479   9.5259038508016369E-002  0.22850024206273073        45.629079445339841        109.45161594804802       0.13380928193498742        64.094646046858969        819.46009515455762        1786.6549674957766             1073         312
 ../208_seed.dataconnected         854  0.10525744261113582       0.25054672953700169        89.889855989909989        213.96690702459944       0.13520089595168616        115.46156514273999        1259.4382439154294        3545.3893065445877             1271         104
 ../209_seed.dataconnected         646   8.1953695259241455E-002  0.19453466575760511        52.942087137469983        125.66939407941290       0.11205292212814309        72.386187694780432        1467.9538899436454        4119.2739185163164              957          25
 ../210_seed.dataconnected         602  0.10410824720549124       0.24907542429695886        62.673164817705725        149.94340542676923       0.14432396083325244        86.883024421617975        1379.2289491964700        3692.7577147295547             1007          58
 ../211_seed.dataconnected         249  0.14284415719600496       0.34503064990845422        35.568195141805234        85.912631827205104       0.19188894662840897        47.780347710473833        485.60372699995145        767.90312002208861              915         101
 ../212_seed.dataconnected         608   7.1469381401662313E-002  0.17224766168591285        43.453383892210688        104.72657830503502       0.10205697374763840        62.050640038564147        1339.5536564292361        3565.6808184095717              964          58
 ../213_seed.dataconnected         395  0.11279585853031016       0.27188001571320758        44.554364119472510        107.39260620671699       0.14960528487012054        59.094087523697610        645.26916430181473        1221.4496846284110             1047         110
 ../214_seed.dataconnected         555  0.11153454669998381       0.26360404023216144        61.901673418491015        146.30024232884961       0.15986001161606064        88.722306446913663        1233.3956263967682        3208.1332641377398              972          66
 ../215_seed.dataconnected         466   8.3388302766128686E-002  0.19686134628730489        38.858949089015965        91.737387369884075       0.11216070814126855        52.266889993831143        991.93719503085879        2129.9226621275038              917          61
 ../216_seed.dataconnected         512  0.11411474977015074       0.26957836877224589        58.426751882317177        138.02412481138990       0.16148576656487473        82.680712481215863        938.43376990967988        2087.4794986773372              881          83
 ../217_seed.dataconnected         926   6.4908327250446110E-002  0.15539104193120898        60.105111033913097        143.89210482829952        9.3907613930538952E-002   86.958450499679074        1778.3848700264555        5799.5716373136656             1067          11
 ../218_seed.dataconnected         570   7.8091070752442454E-002  0.18522820398050510        44.511910328892199        105.58007626888791       0.12349380391625950        70.391468232267911        1712.6614088529570        4807.1429687545224              965         103
 ../219_seed.dataconnected         449  0.13784655523116263       0.32872273434818083        61.893103298792020        147.59650772233320       0.18589208963621315        83.465548246659708        757.94707938693614        1573.5187139290745              900          47
 ../220_seed.dataconnected         397   8.5662821710826967E-002  0.20902785517351305        34.008140219198303        82.984058503884683       0.12947183221228781        51.400317388278260        772.54967009670179        1497.0889779166203             1084         321
 ../221_seed.dataconnected         455   9.7663393773818205E-002  0.23347958131464847        44.436844167087280        106.23320949816505       0.13103042902316259        59.618845205538975        940.89805178755887        2113.7565035268117             1019         113
 ../222_seed.dataconnected         544  0.11338177325386314       0.26949442950824104        61.679684650101549        146.60496965248313       0.16655363286066766        90.605176276203210        1072.9410969339895        2595.4250333073828              974          51
 ../223_seed.dataconnected         507   9.3658340373508175E-002  0.22194550127308005        47.484778569368643        112.52636914545158       0.11553792151619248        58.577726208709585        929.95062232192777        2183.9877512167659             1004          98
 ../224_seed.dataconnected         480   7.1412228506316483E-002  0.17338447664341056        34.277869683031909        83.224548788837069       0.10145222875263261        48.697069801263652        941.96763294837262        2164.7971902227264             1061         211
 ../225_seed.dataconnected         608   5.4100309479076930E-002  0.13135243903997298        32.892988163278773        79.862282936303572        7.4874444833299331E-002   45.523662458645994        962.53933477869407        2196.3771674394698              995          75
 ../226_seed.dataconnected         730   9.0414618759449811E-002  0.21528059202411162        66.002671694398359        157.15483217760149       0.13297103965618814        97.068858949017340        1484.6824859100520        3970.9133126595607             1002          20
 ../227_seed.dataconnected         486   9.3051532925230523E-002  0.21493637715985478        45.223045001662037        104.45907929968942       0.13544802207756121        65.827738729694744        747.94253492699465        1520.8419783035174             1074         250
 ../228_seed.dataconnected         454  0.12788102455940650       0.30550006307003119        58.057985149970555        138.69702863379416       0.16481515912553682        74.826082242993721        852.34764534995816        1761.8730622873863             1115         181
 ../229_seed.dataconnected         962   5.3028943598590061E-002  0.12606445805084671        51.013843741843637        121.27400864491453        6.9266523903567911E-002   66.634395995232325        1866.0482138537018        5964.9531843088880             1248          26
 ../230_seed.dataconnected         518  0.10404286185151680       0.24447109182015120        53.894202439085703        126.63602556283833       0.13694123162826408        70.935557983440788        752.44873336389901        1655.1417391014645              870          32
 ../231_seed.dataconnected         340   9.2981236332157866E-002  0.21716080966187920        31.613620352933673        73.834675285038927       0.12308255504829355        41.848068716419803        619.57903533553531        1173.4888116914606              846          58
 ../232_seed.dataconnected         596   7.7438111268443605E-002  0.18878660417102741        46.153114315992390        112.51681608593233       0.10391576366509592        61.933795144397166        1252.7369067674047        3067.7461884926156              990          75
 ../233_seed.dataconnected         386  0.14188398616510930       0.33208170450553315        54.767218659732194        128.18353793913579       0.20850625653535818        80.483415022648259        780.78944781832990        1631.2031270643668              775          29
 ../234_seed.dataconnected         355  0.13332687163582974       0.31165328571661377        47.331039430719557        110.63691642939789       0.17115768496794342        60.760978163619917        523.17566131791034        922.55103570615711             1019         149
 ../235_seed.dataconnected         612   7.6720577569483681E-002  0.18220186055668527        46.952993472524014        111.50753866069138       0.10805414820517001        66.129138701564045        1261.2895838393702        3228.6436885783551             1056          48
 ../236_seed.dataconnected         690   9.5424273598769913E-002  0.22779950828431783        65.842748783151237        157.18166071617929       0.12159690814368171        83.901866619140378        1153.6351192431009        2651.3932447600764             1051         113
 ../237_seed.dataconnected         468   9.5998935017250764E-002  0.23127223430395810        44.927501588073355        108.23540565425239       0.12953503640784417        60.622397038871071        899.91750791791230        1994.4357162647934              989         162
 ../238_seed.dataconnected         415  0.10048432683261314       0.24215613542489436        41.700995635534454        100.49479620133116       0.13627558931151229        56.554369564277600        944.97908963119016        2217.4512285080136              815          72
 ../239_seed.dataconnected         737   4.6323397065587878E-002  0.10627958695168603        34.140343637338269        78.328055583392612        5.3893065408812918E-002   39.719189206295120        1403.9963063476243        4074.6138853400530             1040          38
 ../240_seed.dataconnected         494  0.10279242311341050       0.24511433321365006        50.779457018024786        121.08648060754312       0.14829435578892664        73.257411759729763        1125.0118084903979        2644.0592334547837              922          57
 ../241_seed.dataconnected         385   9.2341450790686674E-002  0.21826844598220857        35.551458554414367        84.033351703150302       0.12609973920833473        48.548399595208870        847.23865643674901        1634.7813767498446              884          79
 ../242_seed.dataconnected         291  0.16318337894197313       0.38368847604337858        47.486363272114183        111.65334652862316       0.20888452417812334        60.785396535833890        520.81324784705237        824.37956585623499              898         153
 ../243_seed.dataconnected         454  0.11986542993082581       0.28245306897239708        54.418905188594920        128.23369331346828       0.16387749239957625        74.400381549407612        872.66507614253737        1795.7690316706830             1047         166
 ../244_seed.dataconnected         423   5.6478772493508272E-002  0.13426049776039636        23.890520764754001        56.792190552647661        7.0032300257456451E-002   29.623663008904078        855.05893950183247        1830.5721734591059              971         139
 ../245_seed.dataconnected         357  0.10656997144446957       0.25432916725981686        38.045479805675640        90.795512711754611       0.15493788993866980        55.312826708105121        474.65248681417251        799.90060863663234              921         136
 ../246_seed.dataconnected         548  0.13061935477791953       0.30828249582686396        71.579406418299897        168.93880771312143       0.17541125815966888        96.125369471498544        819.33134824422859        1804.3064146380541             1006         225
 ../247_seed.dataconnected         802   9.6612581649442031E-002  0.23006547516604248        77.483290482852510        184.51251108316606       0.13308802346614745        106.73659481985025        1335.6616580043462        3630.7366971059932             1111          29
 ../248_seed.dataconnected         467   9.0582832067935048E-002  0.21738567439239323        42.302182575725666        101.51910994124763       0.11652613417395088        54.417704659235064        789.03728746254194        1620.9590997921312             1082         219
 ../249_seed.dataconnected         637   5.3674621271620912E-002  0.12647310961092828        34.190733750022524        80.563370822161318        7.6043300367321209E-002   48.439582333983608        1601.8333171799707        4118.7901146944932              991          89
 ../250_seed.dataconnected         721   6.6398907038825075E-002  0.15741505214920812        47.873611974992876        113.49625259957905        8.6031192922827918E-002   62.028490097358926        1263.1315499400569        3523.8319693556814             1086          66
 ../251_seed.dataconnected         746   5.5561258640765707E-002  0.13116827566063508        41.448698946011220        97.851533642833772        7.4508725628860101E-002   55.583509319129632        1474.4942684290750        3946.7674964987114             1050          32
 ../252_seed.dataconnected         435   9.1140264528624504E-002  0.22012053760223951        39.646015069951659        95.752433856974193       0.12710553177565465        55.290906322409768        856.61275032870537        1858.6596031595839              931          94
 ../253_seed.dataconnected         634   5.3541655223352247E-002  0.12757133387693498        33.945409411605326        80.880225677976782        8.1326181427751804E-002   51.560799025194640        1164.8097440929178        2979.0837100911667             1024          49
 ../254_seed.dataconnected         829   4.7751999481189897E-002  0.11054369839787938        39.586407569906427        91.640725971842002        7.4457085551224031E-002   61.724923921964724        1769.9239472686543        5311.1431920392279             1071          23
 ../255_seed.dataconnected         688   6.0136816180409669E-002  0.14594808378323357        41.374129532121856        100.41228164286470        8.6202731542575906E-002   59.307479301292226        1573.0321673318049        4391.9570519534927             1086         115
 ../256_seed.dataconnected         322  0.14379583419015499       0.33419521235856142        46.302258609229902        107.61085837945677       0.18691405294103303        60.186325047012637        485.08326581729648        775.06340701508509              924          45
 ../257_seed.dataconnected         728   9.8689588771937384E-002  0.23584076974432922        71.846020625970411        171.69208037387168       0.13151789115996140        95.745024764451898        1994.6200127909626        6252.1500777830724             1067          37
 ../258_seed.dataconnected         544   8.1837581695449163E-002  0.19400020220072628        44.519644442324342        105.53610999719510       0.12048983801445219        65.546471879861997        899.87862677688236        1994.7006481605606              954          56
 ../259_seed.dataconnected         553   8.3241583631646285E-002  0.20128345053536897        46.032595748300395        111.30974814605904       0.11435775451560343        63.239838247128695        1043.4606588534516        2346.5317759843142             1010         116
 ../260_seed.dataconnected         406   9.7893531911304343E-002  0.23526905934481745        39.744773955989565        95.519238093995881       0.14151609858590208        57.455536025876249        782.67937303468432        1731.2865761863886              902          78
 ../261_seed.dataconnected         468   9.9713598660517835E-002  0.24103991462239793        46.665964173122347        112.80668004328223       0.12601595671029855        58.975467740419724        783.11635574585296        1731.7305688015854             1003         102
 ../262_seed.dataconnected         394   5.4232400926132115E-002  0.12760430007836690        21.367565964896052        50.276094230876559        6.9454900738453021E-002   27.365230890950489        728.29971281012877        1575.1877654878160              973         259
 ../263_seed.dataconnected         534   8.3984135721724723E-002  0.20191442318593705        44.847528475400999        107.82230198129038       0.10765566531910700        57.488125280403139        1003.9169168522568        2215.2290298526668              968          75
 ../264_seed.dataconnected         650   7.0140314061348755E-002  0.16516751637496224        45.591204139876687        107.35888564372546        9.7526169977869767E-002   63.392010485615351        1255.0792021270099        3302.3241958028907             1003          35
 ../265_seed.dataconnected         654   7.5223147423236172E-002  0.18084407043834272        49.195938414796458        118.27202206667614        9.0856603890420926E-002   59.420218944335282        1386.8195715683585        3575.4855488459284             1086         190
 ../266_seed.dataconnected         879   9.3497057408374801E-002  0.22279062768760630        82.183913461961453        195.83296173740592       0.12599529389860953        110.74986333687778        1492.4212872445810        4420.9879527921494             1094          51
 ../267_seed.dataconnected         486   7.8369172810364596E-002  0.18346247910494956        38.087417985837192        89.162764845005483       0.11150443817420821        54.191156952665189        1000.0161024124079        2391.1476095438979              916          63
 ../268_seed.dataconnected         472   6.9108716812823281E-002  0.16988332285532631        32.619314335652589        80.184928387714024        8.1899794256663758E-002   38.656702889145294        1007.8783576136229        2399.7752754193366              917         109
 ../269_seed.dataconnected         393  0.10093896758400447       0.23831413601721696        39.669014260513755        93.657455454766264       0.13965322677769845        54.883718123635489        729.94591985343595        1415.2765188149210              976         105
 ../270_seed.dataconnected         524   8.6101920666870835E-002  0.20610936107633795        45.117406429440315        108.00130520400108       0.11119395316498787        58.265631458453640        929.63010408862726        2049.5492835605396              924          42
 ../271_seed.dataconnected         800   9.9308039993761449E-002  0.23125569983153571        79.446431995009164        185.00455986522857       0.14110930844507291        112.88744675605832        1699.9152154458150        5280.0998006625741             1039          28
 ../272_seed.dataconnected         359  0.14936438734824034       0.34651103296977498        53.621815058018285        124.39746083614922       0.19614387605870678        70.415651505075729        516.33693903572203        897.46221103632786              924         101
 ../273_seed.dataconnected         355  0.12720984029418644       0.30149024622688259        45.159493304436189        107.02903741054332       0.17736144587279290        62.963313284841476        668.08157745954372        1257.8418115821721              927         113
 ../274_seed.dataconnected         411   6.6455534317773055E-002  0.16288440118429581        27.313224604604727        66.945488886745579        9.2864526143413534E-002   38.167320244942964        748.00493620485452        1492.4992457204751             1097         410
 ../275_seed.dataconnected         639  0.10847868675650038       0.26013011929341029        69.317880837403749        166.22314622848918       0.15660013762613795        100.06748794310215        1279.4003354937461        3369.1951487063793              999          91
 ../276_seed.dataconnected         464   7.9859010267778321E-002  0.19260920549281768        37.054580764249138        89.370671348667400       0.10992180996889564        51.003719825567579        781.89893622335080        1653.2368341161050             1053          99
 ../277_seed.dataconnected         462  0.12794967157827072       0.30323657162704992        59.112748269161074        140.09529609169707       0.18899935782929575        87.317703317134630        781.20456440860778        1737.3597141899195              873          68
 ../278_seed.dataconnected         549   8.4812372164306538E-002  0.20235562289435272        46.561992318204290        111.09323696899965       0.12467580671944219        68.447017888973761        1053.7862052135117        2556.8661838178941              870          52
 ../279_seed.dataconnected         478   7.0880066840370307E-002  0.17090891277328829        33.880671949697003        81.694460305631807       0.10236515321212790        48.930543235397138        1081.0288626048193        2567.6495396093756              844         128
 ../280_seed.dataconnected         709  0.10987059771532857       0.26253747731523952        77.898253780167963        186.13907141650483       0.15291732213033021        108.41838139040412        1362.1280949189404        3861.9042046704594             1040          68
 ../281_seed.dataconnected         770   9.0955017954258824E-002  0.21853009213644856        70.035363824779296        168.26817094506538       0.12346301253826321        95.066519654462667        1531.6405606707292        4704.5279098663450             1109          49
 ../282_seed.dataconnected         426  0.10134932135722845       0.24375114116704324        43.174810898179317        103.83798613716043       0.12860880606564168        54.787351383963355        750.92214466927851        1531.9947090565956              883          52
 ../283_seed.dataconnected         916   5.3575067905033191E-002  0.12865928337909530        49.074762201010401        117.85190357525128        7.2485041390630625E-002   66.396297913817648        1524.5081704996705        4543.4640482127506             1128          37
 ../284_seed.dataconnected         706   6.7190254258839566E-002  0.16287805257613502        47.436319506740730        114.99190511875133        9.7535979117809521E-002   68.860401257173521        1315.2323281450208        3406.6580146816768             1046          88
 ../285_seed.dataconnected         402  0.14211155672508863       0.34393316741932645        57.128845803485632        138.26113330256922       0.18910600318846579        76.020613281763247        810.89418517167348        1647.6285516633454              847          84
 ../286_seed.dataconnected         419   9.1837416041280720E-002  0.21892472248658457        38.479877321296620        91.729458721878927       0.13201240074135401        55.313195910627329        826.92955503662961        1761.1379989777911              960          91
 ../287_seed.dataconnected         680   8.8069424368820731E-002  0.21161763478208814        59.887208570798094        143.89999165181993       0.11629581977283684        79.081157445529058        1434.7026816766845        4034.2540559305021             1039          50
 ../288_seed.dataconnected         653   6.6592637410718025E-002  0.15971188744519330        43.484992229198873        104.29186250171122        9.8266040681238245E-002   64.167724564848569        1494.3920072521228        4297.0043088960219             1016         125
 ../289_seed.dataconnected         548   8.7824930178352661E-002  0.21191106496799605        48.128061737737255        116.12726360246184       0.11430646631561391        62.639943540956423        1044.0150427994486        2615.6408583258258             1097         329
 ../290_seed.dataconnected         809   7.8984529169551690E-002  0.19073514220123550        63.898484098167316        154.30473004079951        9.5927602528774122E-002   77.605430445778268        1833.8583072165627        6047.0471087805154             1080          33
 ../291_seed.dataconnected         355   9.5860776668892228E-002  0.23023406476438432        34.030575717456742        81.733092991356429       0.13244677756457318        47.018606035423481        663.37095077929564        1220.4971584043849              935         117
 ../292_seed.dataconnected         559  0.10189896124286697       0.24596261782052445        56.961519334762635        137.49310336167318       0.13870736229791603        77.537415524535064        873.86045299062823        2074.9386738165308             1011          48
 ../293_seed.dataconnected         448   9.6430513980521312E-002  0.22815663104282766        43.200870263273551        102.21417070718680       0.13395497352354307        60.011828138547301        996.94421023217831        2304.0630387082533              949         170
 ../294_seed.dataconnected         328   6.7113012062347710E-002  0.15992032799380426        22.013067956450048        52.453867581967799        9.7068703633712297E-002   31.838534791857633        731.37444431047595        1558.2681153979436              978         270
 ../295_seed.dataconnected         829   6.4011014842228917E-002  0.15139612814480594        53.065131304207775        125.50739023204412        8.9645951575804503E-002   74.316493856341935        1443.0173382867815        4035.9740487890717             1036          40
 ../296_seed.dataconnected         330   8.4274727933148913E-002  0.20547799810955417        27.810660217939141        67.807739376152881       0.10292255628463953        33.964443573931042        584.00892652343862        1003.6398404793396             1035         269
 ../297_seed.dataconnected         752   6.4384327899686483E-002  0.15301197977630171        48.417014580564235        115.06500879177888        7.8801721197546831E-002   59.258894340555216        1787.7038435973848        5813.4125641036626             1038          33
 ../298_seed.dataconnected         634   8.4510206068326349E-002  0.20121636071481230        53.579470647318907        127.57117269319100       0.10283379736971758        65.196627532400953        1489.9388718329672        4129.2448950596236             1000          43
 ../299_seed.dataconnected         278  0.13154544548840325       0.31423091232231426        36.569633845776103        87.356193625603368       0.17003881191028353        47.270789711058818        485.02746293922047        828.11423173521632              823         110
 ../300_seed.dataconnected         749   6.5590674423022688E-002  0.15452022449164729        49.127415142843994        115.73564814424383        9.6074652997992005E-002   71.959915095496015        1291.3792261260619        3608.9066608139583             1045          28
 ../301_seed.dataconnected         694   8.1563359530591267E-002  0.19536567270854974        56.604971514230343        135.58377685973352       0.10536655607999378        73.124389919515679        1569.4046791112287        4798.6234163259178             1050          39
 ../302_seed.dataconnected         461  0.11553626843243263       0.28020232697545355        53.262219747351445        129.17327273568409       0.15292424903185564        70.498078803685445        765.45868098652863        1695.9567566572025              964          87
 ../303_seed.dataconnected         353  0.12800689432758713       0.29767394221428745        45.186433697638257        105.07890160164347       0.17715986207129450        62.537431311166955        612.48264448121517        1152.2777554215634              964          82
 ../304_seed.dataconnected         569  0.12596571291891212       0.29865024530278117        71.674490650861003        169.93198957728248       0.17273665876314839        98.287158836231441        853.69343741859996        2032.6178930845990              966          45
 ../305_seed.dataconnected         501   8.7357460669816075E-002  0.21061314395402125        43.766087795577853        105.51718512096465       0.12848560782187685        64.371289518760307        1446.5832775007718        3677.0212548368431              936          72
 ../306_seed.dataconnected         302  0.12199651671496671       0.29321918828191051        36.842948047919947        88.552194861136982       0.15625036490637539        47.187610201725370        435.58050684594940        741.53811211779919              864          61
 ../307_seed.dataconnected         311  0.12460929953720264       0.29886026440376812        38.753492156070017        92.945542229571885       0.16790117121097969        52.217264246614683        638.03239087831378        1117.8135040128220              728          95
 ../308_seed.dataconnected         344  0.14348601135100339       0.33232579924177225        49.359187904745163        114.32007493916966       0.19962413382323604        68.670702035193202        620.32757020453846        1147.6323926972789              889          87
 ../309_seed.dataconnected         283  0.13003718196038982       0.31422813365477104        36.800522494790322        88.926561824300208       0.17390473535217749        49.215040104666230        416.79578562384654        678.50518633886679              774          75
 ../310_seed.dataconnected         696   3.8299507258969939E-002   9.1583001799419639E-002   26.656457052243077        63.741769252396068        4.9332991411952465E-002   34.335762022718917        1189.5188146116334        3211.7164568425283              969          35
 ../311_seed.dataconnected         759   4.6896511952767235E-002  0.10811974216294579        35.594452572150331        82.062884301675851        6.6769396662278810E-002   50.677972066669618        1768.8203099945404        5613.6571525552272             1108          34
 ../312_seed.dataconnected         326  0.10235564509815451       0.25133605367747702        33.367940301998367        81.935553498857516       0.14918966808376641        48.635831795307851        711.98607163984593        1492.8201212359274              949         312
 ../313_seed.dataconnected         625   7.4635167900494001E-002  0.18072601402804092        46.646979937808752        112.95375876752557       0.10210685265382505        63.816782908640654        1401.1357253683198        3652.7813723192148             1133         269
 ../314_seed.dataconnected         863   4.8329814532919478E-002  0.11693756274056553        41.708629941909507        100.91711664510805        5.5947915105242607E-002   48.283050735824368        1411.7545765287480        4304.9123291157975             1131          75
 ../315_seed.dataconnected         556   8.5161361863953386E-002  0.20313634582755874        47.349717196358085        112.94380828012265       0.11266662938709646        62.642645939225631        964.37001000085752        2276.5112185325879              961          48
 ../316_seed.dataconnected         545   7.4291361663883018E-002  0.17883120574380440        40.488792106816248        97.463007130373398       0.10509510325656314        57.276831274826911        1216.6763473992808        2911.8232025767811              960          63
 ../317_seed.dataconnected         701  0.10168117149526851       0.24104578472749050        71.278501218183223        168.97309509397084       0.13074135299658252        91.649688450604344        1519.5529687684696        4239.2800220208128             1117         171
 ../318_seed.dataconnected         571   9.0429349631601361E-002  0.21290122149733626        51.635158639644374        121.56659747497901       0.13075580844776077        74.661566623671405        909.98586162129641        2176.6886767519845              973         100
 ../319_seed.dataconnected         498   9.7711688450826284E-002  0.22841538586761234        48.660420848511492        113.75086216207094       0.12399655026577770        61.750282032357298        951.78241977764571        2341.9279233642410              976          76
 ../320_seed.dataconnected         607   9.5095598744827453E-002  0.22812436088730317        57.723028438110262        138.47148705859303       0.12791886585814141        77.646751575891841        1215.8925975252841        3238.7044271850482              944          56
 ../321_seed.dataconnected         386  0.12868508601627124       0.30686649785778319        49.672443202280697        118.45046817310431       0.18178616573548098        70.169459973895655        658.87040827835176        1257.2292904702740              935         148
 ../322_seed.dataconnected         342   9.6780775470329386E-002  0.23237117563204387        33.099025210852652        79.470942066159012       0.13399450136229993        45.826119465906572        770.98668880344053        1363.0517275705583              827          79
 ../323_seed.dataconnected         836   6.2754266770455494E-002  0.15020159757465876        52.462567020100792        125.56853557241472        7.8577400113876608E-002   65.690706495200843        1699.9380757858280        5029.7875673814633             1101          70
 ../324_seed.dataconnected         554   6.7762268755976060E-002  0.15566840806507448        37.540296890810737        86.240298068051260       0.10558185216279792        58.492346098190048        1018.3406821394145        2589.7585105937974              974         156
 ../325_seed.dataconnected         429   9.7273591682655688E-002  0.23388476856037776        41.730370831859290        100.33656571240206       0.11828742263501181        50.745304310420067        739.26266827999507        1499.5940180917864              858          51
 ../326_seed.dataconnected         652   8.1815473821622284E-002  0.19463760098893004        53.343688931697727        126.90371584478238       0.10539329958927422        68.716431332206795        1120.4058031228724        3063.8990488356030             1099         123
 ../327_seed.dataconnected         544  0.11660234304480575       0.27933114359837724        63.431674616374330        151.95614211751723       0.16222899822141643        88.252575032450537        1229.7455696944023        3209.7844459134776              935          57
 ../328_seed.dataconnected         550  0.12126153932809497       0.29027661031799906        66.693846630452228        159.65213567489948       0.15893291347409719        87.413102410753453        1122.6080805703264        2843.1524859079659             1036          83
 ../329_seed.dataconnected         376  0.16125143764234817       0.36983244531225840        60.630540553522913        139.05699943740916       0.22336353065501324        83.984687526284972        612.54355755148595        1198.5705258893888              957         119
 ../330_seed.dataconnected         462   8.1660326257918012E-002  0.19761531759363574        37.727070731158122        91.298276728259708       0.12006691788282420        55.470916061864777        941.01140078489766        2107.7147705550960              926          47
 ../331_seed.dataconnected         522  0.12170364038927907       0.28204975302113094        63.529300283203675        147.22997107703034       0.17179773676694715        89.678418592346418        941.06561168687938        2275.7435397690870             1052          91
 ../332_seed.dataconnected         335  0.11963634942346518       0.28126379713846372        40.078177056860838        94.223372041385346       0.17479046520624733        58.554805844092854        541.55284303376038        941.39827946264859              880          80
 ../333_seed.dataconnected         736   8.8286051264875709E-002  0.21081422266828179        64.978533730948527        155.15926788385539       0.11642414321684814        85.688169407600228        1566.0669695065114        4639.8557836202344             1133          95
 ../334_seed.dataconnected         538   7.3143294401442183E-002  0.17425838053000628        39.351092387975896        93.751008725143379        9.5037242415308060E-002   51.130036419435733        985.53942796063450        2190.3978803714899              979          80
 ../335_seed.dataconnected         572   8.8347616308471599E-002  0.20675204063057651        50.534836528445751        118.26216724068976       0.12115957002486422        69.303274054222328        919.85015574051977        2166.7911315476554             1006          71
 ../336_seed.dataconnected         597   7.6353911089948323E-002  0.18191838793901730        45.583284920699150        108.60527759959332       0.10846682721864126        64.754695849528829        1238.9851505770630        3251.9024965846666             1045          81
 ../337_seed.dataconnected         518   9.4967137534030938E-002  0.23056883165932618        49.192977242628025        119.43465479953096       0.12575261284068809        65.139853451476426        964.04809987998078        2387.6793191652405              987         118
 ../338_seed.dataconnected         447   8.8830882475233894E-002  0.21076036703695120        39.707404466429551        94.209884065517187       0.11374288918111443        50.843071463958147        836.95900636509111        1881.0846205597986              837          25
 ../339_seed.dataconnected         568   9.2927079260211903E-002  0.22254792097231607        52.782581019800361        126.40721911227553       0.12217123826061342        69.393263332028425        1012.7801557753199        2561.7590677055596             1107         187
 ../340_seed.dataconnected         516   6.4247260117868812E-002  0.15531688073756103        33.151586220820306        80.143510460581496       0.10224550591121838        52.758681050188684        1121.2727753387117        2866.6801045170873              944          79
 ../341_seed.dataconnected         431   7.1693569492241566E-002  0.17230882622048463        30.899928451156114        74.265104101028868        9.8409520444447354E-002   42.414503311556807        792.03247987914131        1673.2594810631854              932          51
 ../342_seed.dataconnected         535   7.1714043702772359E-002  0.17160349188613314        38.367013380983209        91.807868159081224        9.1449653627447627E-002   48.925564690684482        958.56260971159236        2316.2965605461454              911          68
 ../343_seed.dataconnected         809   5.2370705616611328E-002  0.12560355376603796        42.367900843838562        101.61327499672471        6.2382324161247033E-002   50.467300246448850        1612.4534457741925        4975.6654330730535             1080          59
 ../344_seed.dataconnected         440   9.5460521442283702E-002  0.22198654244063293        42.002629434604827        97.674078673878483       0.12924888009073601        56.869507239923848        969.80964215085112        2166.4025859781309             1003         170
 ../345_seed.dataconnected         228  0.16577637983154692       0.38522691989058816        37.797014601592700        87.831737735054105       0.21980766066045176        50.116146630583003        333.04514243859916        419.90862813423217              756          58
 ../346_seed.dataconnected         715   7.4347661610240673E-002  0.17560072720617204        53.158578051322081        125.55451995241300        9.8631188312182996E-002   70.521299643210838        1845.0330843579229        5622.4049997562652             1061          35
 ../347_seed.dataconnected         361  0.11743713121449083       0.28111596563434821        42.394804368431188        101.48286359399971       0.14546787174592229        52.513901700277948        688.22291488227029        1392.9769563629127             1056         305
 ../348_seed.dataconnected         371   8.6640139329802718E-002  0.20753256725392874        32.143491691356807        76.994582451207563       0.11053512911408471        41.008532901325424        1003.2675482874129        1987.2790693296288             1029         326
 ../349_seed.dataconnected         603   9.5829246917657762E-002  0.22351383951893802        57.785035891347633        134.77884522991963       0.13710491692054072        82.674264903086055        1085.2225908165969        2705.8673003924637              979          39
 ../350_seed.dataconnected         453   9.1363718051932316E-002  0.21687184798155534        41.387764277525342        98.242947135644570       0.12776614471077580        57.878063553981434        1095.9991792731953        2595.9679518206362             1071          89
 ../351_seed.dataconnected         646   8.4860881647542241E-002  0.20153030101836844        54.820129544312287        130.18857445786603       0.11720208795042049        75.712548815971630        1229.0569516434334        3247.0342702450544             1055          53
 ../352_seed.dataconnected         296  0.14105224641779321       0.33783045141584989        41.751464939666789        99.997813619091573       0.19571069308136918        57.930365152085280        559.46442903597710        966.33338806991628             1059         179
 ../353_seed.dataconnected         828   7.4292106048811063E-002  0.17703767774041179        61.513863808415557        146.58719716906097        9.2212709539534934E-002   76.352123498734926        1516.9153288639793        4800.9933481626613             1124          32
 ../354_seed.dataconnected         761   8.0702989673818920E-002  0.19280811886535046        61.414975141776196        146.72697845653170       0.11355861704390360        86.418107570410641        1158.4100764468715        3035.4135288831540             1021          40
 ../355_seed.dataconnected         404   9.4142714601253050E-002  0.22021640571998577        38.033656698906235        88.967427910874250       0.14576642717852079        58.889636580122399        755.35958220834118        1603.3448756978416              987         151
 ../356_seed.dataconnected         374  0.12331219728684083       0.28452168461095884        46.118761785278473        106.41111004449860       0.19025945996201368        71.157038025793113        801.57508189781299        1604.5015878290537              894         110
 ../357_seed.dataconnected         470   9.2148558176321310E-002  0.22219943230724268        43.309822342871016        104.43373318440406       0.11701371037139087        54.996443874553705        1150.9393188949909        2848.8712945863335              932          60
 ../358_seed.dataconnected         556   6.7762392180290815E-002  0.16517921678231146        37.675890052241691        91.839644530965174       0.10107452254025728        56.197434532383049        1269.5815488113983        3249.9349098720904              947          75
 ../359_seed.dataconnected         328  0.16459439459498787       0.38702816805113649        53.986961427156018        126.94523912077277       0.22611438196450470        74.165517284357549        600.28883725363630        1071.1425834577810              971         117
 ../360_seed.dataconnected         536   8.6775162106942763E-002  0.20463150362867202        46.511486889321318        109.68248594496821       0.12017606486763396        64.414370769051800        964.33989271544624        2285.7098892154804             1064         109
 ../361_seed.dataconnected         468  0.10382098580152085       0.24756930203054028        48.588221355111763        115.86243335029285       0.14565578318177383        68.166906529070147        783.80014800035735        1675.2351700417212              990         145
 ../362_seed.dataconnected         377   9.0416894272803319E-002  0.21796655096347636        34.087169140846854        82.173389713230591       0.11649828903323267        43.919854965528714        750.33883065398140        1472.7069642051390             1087         293
 ../363_seed.dataconnected         321  0.15486633887601001       0.36005510459832735        49.712094779199212        115.57768857606308       0.19424016652307591        62.351093453907367        513.08320726804016        863.29514235103909              967         123
 ../364_seed.dataconnected         405  0.14323057398077155       0.34201662034551095        58.008382462212474        138.51673123993194       0.19397150593997312        78.558459905689105        801.42437567589297        1575.2166771298516              960         113
 ../365_seed.dataconnected         485  0.10189268570967185       0.24222970575588212        49.417952569190845        117.48140729160284       0.13570684354487203        65.817819119262936        814.11817746581119        1783.3264427100587             1047         215
 ../366_seed.dataconnected         579   6.0143218498831225E-002  0.13870191691869407        34.822923510823280        80.308409895923873        8.6738317319970476E-002   50.221485728262905        1232.0929128887497        3124.6523658403148             1009          77
 ../367_seed.dataconnected         388  0.14827671327646971       0.35343428352383732        57.531364751270246        137.13250200724889       0.19604739850883826        76.066390621429250        630.27554475905220        1187.2393924370206              980         150
 ../368_seed.dataconnected         841   6.6344661299167981E-002  0.16224815295953696        55.795860152600270        136.45069663897058        8.7759759645295921E-002   73.805957861693869        2137.6509351006657        6858.1688607835304             1153          37
 ../369_seed.dataconnected         381  0.13882594641334742       0.33039065301851772        52.892685583485367        125.87883880005525       0.20189821997346849        76.923221809891501        853.72639739220244        1781.2896054705006             1061         214
 ../370_seed.dataconnected         277  0.14281558466808442       0.33751417443338388        39.559916953059385        93.491426318047331       0.18365532247956209        50.872524326838700        397.78725077625097        579.15520249253325              889         232
 ../371_seed.dataconnected         374  0.11093955483157809       0.26511393505546721        41.491393507010208        99.152611710744736       0.14410201831536368        53.894154849946013        735.75333237610391        1391.7265136159942              974         232
 ../372_seed.dataconnected         959   9.8142070931204792E-002  0.23160820682484154        94.118246023025392        222.11227034502303       0.14502244229398098        139.07652215992775        1669.7358573269310        5307.3534564089223             1230          64
 ../373_seed.dataconnected         263  0.15659716429881670       0.37411625794186487        41.185054210588795        98.392575838710457       0.20231243624908413        53.208170733509128        451.93899073500893        757.51965213680251             1014         106
 ../374_seed.dataconnected         621   6.6504573210319384E-002  0.15714864850463509        41.299339963608340        97.589310721378382        9.4146672964699599E-002   58.465083911078452        1327.6846905910872        3504.1130584146936             1075         101
 ../375_seed.dataconnected         278  0.17689103615452148       0.41593392778132487        49.175708050956970        115.62963192320832       0.21894012917781408        60.865355911432317        471.70396564452301        709.00894815971515              922         116
 ../376_seed.dataconnected         394  0.10123588786101895       0.24397739343840788        39.886939817241462        96.127093014732708       0.12393101677766863        48.828820610401436        839.81432740129367        1879.7291486877157              857         102
 ../377_seed.dataconnected         483  0.10610999932223153       0.25209240474953815        51.251129672637830        121.76063149402692       0.15308436223064401        73.939746957401056        1090.2484186536926        2698.0509660978637              965          51
 ../378_seed.dataconnected         706   7.8994030798284307E-002  0.18885566782255167        55.769785743588720        133.33210148272147       0.11782253453204880        83.182709379626459        1255.2248862621743        3419.6418504251983             1033          40
 ../379_seed.dataconnected         564  0.12054438437377410       0.28001069122294131        67.987032786808598        157.92602984973891       0.16401381114375543        92.503789485078059        1054.1116964614728        2334.3183188869698             1016          91
 ../380_seed.dataconnected         480  0.11713535017007590       0.28145590128882547        56.224968081636433        135.09883261863624       0.16025945180571882        76.924536866745029        1034.1993872675928        2282.6518386775060             1018          75
 ../381_seed.dataconnected         498   7.3772247973763527E-002  0.17488454175117588        36.738579490934235        87.092501792085585        9.0829388025487401E-002   45.233035236692729        947.31041033075189        2210.5529767882103              985          88
 ../382_seed.dataconnected         454   8.5097669565808415E-002  0.20070564687394943        38.634341982877018        91.120363680773039       0.11822029021558467        53.672011757875438        911.78344364298289        2029.8902807921722             1077         243
 ../383_seed.dataconnected         476  0.13247318042199105       0.31839500275930360        63.057233880867742        151.55602131342852       0.18566604352980651        88.377036720187903        899.15882660914951        1980.3851453991394             1010          84
 ../384_seed.dataconnected         379  0.11093995925210508       0.26095216893599965        42.046244556547826        98.900872026743869       0.15006258413685433        56.873719387867794        713.48514850038657        1341.4355204893661              977         118
 ../385_seed.dataconnected         434   9.7624246983803467E-002  0.23666267597338780        42.368923190970705        102.71160137245030       0.14156244111181762        61.438099442528845        941.53948979268296        2111.3407806898872              872          40
 ../386_seed.dataconnected         509   8.4517394205861407E-002  0.20075588673751912        43.019353650783458        102.18474634939723       0.11736154933071405        59.737028609333450        1100.3167689406655        2654.0484017052959              937          47
 ../387_seed.dataconnected         598   6.4372428612327073E-002  0.15352220096029603        38.494712310171593        91.806276174257022        7.6173441837102437E-002   45.551718218587254        1214.8329492583098        3288.0949980476721              918          43
 ../388_seed.dataconnected         604   8.4559054905075592E-002  0.20060910249463615        51.073669162665659        121.16789790676023       0.10657251988562602        64.369802010918121        1280.8164671532525        3317.3290831367535              980          96
 ../389_seed.dataconnected         512  0.10484645172748157       0.25010040878802148        53.681383284470563        128.05140929946700       0.14091141209040112        72.146642990285372        959.36854598861146        2154.5800912155996              961          72
 ../390_seed.dataconnected         466  0.10828745529537839       0.25604403169694950        50.461954167646333        119.31651877077847       0.14666533803042250        68.346047522176889        1171.7653057859102        2898.5927346795979              981          74
 ../391_seed.dataconnected         510   8.2190510604391018E-002  0.19790313233660001        41.917160408239418        100.93059749166601       0.11717238504439291        59.757916372640381        1252.1905817517488        3092.7935536200393             1027          49
 ../392_seed.dataconnected         270  0.12408169507972870       0.29677641498029717        33.502057671526750        80.129632044680235       0.15430162236006992        41.661438037218879        449.22073042356357        743.23403970498487              952         106
 ../393_seed.dataconnected         467  0.11354314352311992       0.26913049067721323        53.024648025297004        125.68393914625858       0.12607383137861058        58.876479253811141        841.61976506129645        1782.8301081430845              941          88
 ../394_seed.dataconnected         474   8.5105078418157371E-002  0.20528082907199449        40.339807170206591        97.303112980125391       0.10763972731735366        51.021230748425637        980.30855441445215        2324.3077126733688              889          34
 ../395_seed.dataconnected         456  0.11940748080556385       0.28607455431033019        54.449811247337117        130.44999676551058       0.15252867887192037        69.553077565595686        772.67950963128396        1713.9875304053312              965         107
 ../396_seed.dataconnected         651   9.7073631987609210E-002  0.23097665036839279        63.194934423933596        150.36579938982371       0.12650749501679465        82.356379255933319        1177.3871542739112        3137.7771296548799             1010         119
 ../397_seed.dataconnected         408   7.8807681663026236E-002  0.19298712092002757        32.153534118514706        78.738745335371249       0.10244379284341787        41.797067480114492        805.19570942448161        1813.6234561183201             1036         148
 ../398_seed.dataconnected         510   6.3421523944678329E-002  0.15420712389645971        32.344977211785945        78.645633187194449        8.8135619228648071E-002   44.949165806610516        951.40523673322696        2272.4611713886475             1000         102
 ../399_seed.dataconnected         547   8.3302655077260257E-002  0.20341539265272060        45.566552327261363        111.26821978103817       0.11399447676415797        62.354978789994412        1320.8606745853306        3452.1046683692966              933         109
 ../400_seed.dataconnected         436   9.7641408073352393E-002  0.23567957090209779        42.571653919981642        102.75629291331464       0.12417906082248303        54.142070518602601        864.10876665771514        1943.6029055559643              943          39
 ../401_seed.dataconnected         588   7.7587839428085517E-002  0.18757512342191732        45.621649583714287        110.29417257208738       0.10769300705084708        63.323488145898082        1225.0521549697801        3115.9976814377324             1018          53
 ../402_seed.dataconnected         302  0.12188691481363086       0.29509559419462367        36.809848273716518        89.118869446776344       0.15935141660825886        48.124127815694173        571.01245295427475        1025.2865569100666              901          76
 ../403_seed.dataconnected         268  0.12777372131645265       0.30148685988538371        34.243357312809309        80.798478449282840       0.16868395958972296        45.207301170045753        474.44112296899152        753.59858985015103              846         133
 ../404_seed.dataconnected         507   5.9622070577618272E-002  0.14218621280875479        30.228389782852464        72.088409894038676        8.2283196892593252E-002   41.717580824544775        961.04723141761406        2169.5559228207576              966          53
 ../405_seed.dataconnected         365  0.12922535312606157       0.30546752731348503        47.167253891012471        111.49564746942204       0.15711838482808424        57.348210462250748        630.64028191500574        1248.7701043683023              888         187
 ../406_seed.dataconnected         310  0.13155702012228646       0.31150297742569488        40.782676237908802        96.565923001965416       0.17098865992647244        53.006484577206457        468.09581363882535        719.86964709111089             1005         265
 ../407_seed.dataconnected         306  0.14326526458416350       0.33760949413379543        43.839170962754032        103.30850520494140       0.19389761415786980        59.332669932308157        609.78631245644226        1133.2500735742087              894         142
 ../408_seed.dataconnected         404  0.12442741067963742       0.29045514778710435        50.268673914573519        117.34387970599016       0.16636608288030408        67.211897483642844        721.15622277045020        1368.7430849897307              972         122
 ../409_seed.dataconnected         674   7.5823650743751775E-002  0.17781462017324298        51.105140601288696        119.84705399676577        9.7622692607475844E-002   65.797694817438725        1444.6406767208541        4249.9617653871965             1052          70
 ../410_seed.dataconnected         335  0.13150708323111898       0.31366845495248397        44.054872882424860        105.07893240908213       0.17598271457442319        58.954209382431770        740.71832970025594        1397.1800510356493              991         146
 ../411_seed.dataconnected         573   7.1300166853970143E-002  0.16994815995876247        40.854995607324895        97.380295656370890       0.10334719748290916        59.217944157706945        1295.2170052049262        3509.9600936122429              945          56
 ../412_seed.dataconnected         471   9.8752595835112145E-002  0.23724796668631254        46.512472638337819        111.74379230925321       0.13038197519020758        61.409910314587769        866.79874148696319        1916.8896793743145              986         107
 ../413_seed.dataconnected         517  0.11505224430870806       0.27236760464322080        59.482010307602067        140.81405160054516       0.15336917903791261        79.291865562600819        982.05426449926358        2264.2389955048493              951          64
 ../414_seed.dataconnected         517   6.2653030690199049E-002  0.15204674189822989        32.391616866832905        78.608165561384851        8.9571656110618125E-002   46.308546209189572        1213.7778683329582        3222.3175051199719              893          72
 ../415_seed.dataconnected         591  0.10859475022093860       0.25776605388194107        64.179497380574716        152.33973784422716       0.14660955540690299        86.646247245479671        1099.3952872781072        2759.0708337526298              928          27
 ../416_seed.dataconnected         458   9.1816211462332542E-002  0.22396201956525413        42.051824849748307        102.57460496088639       0.12698726653820364        58.160168074497264        847.87520291408043        1829.0839556929097             1139         236
 ../417_seed.dataconnected         853   8.1294542280009055E-002  0.19302834734315050        69.344244564847727        164.65318028370737       0.10873325126462177        92.749463328722371        1580.1950734721320        4708.8976425525207             1100          61
 ../418_seed.dataconnected         410  0.10713199630501447       0.24858280760481449        43.924118485055928        101.91895111797395       0.14214870270635216        58.280968109604387        704.09395914128925        1454.5735239327155             1050         159
 ../419_seed.dataconnected         622   8.7745912286482153E-002  0.21301549315693455        54.577957442191902        132.49563674361329       0.11377090347459040        70.765501961195227        1728.8380378558047        4599.3054747835477              987          45
 ../420_seed.dataconnected         294  0.13907910987905847       0.33082569666974310        40.889258304443189        97.262754820904476       0.17621697147048343        51.807789612322125        456.17185007255409        727.60987445672129              916          99
 ../421_seed.dataconnected         594   7.7078031814332856E-002  0.18204932484280928        45.784350897713715        108.13729895662871       0.10048214660446109        59.686395083049888        1318.9773334772603        3851.4715434788459              949          92
 ../422_seed.dataconnected         410  0.11471783695439798       0.27717089795873068        47.034313151303174        113.64006816307958       0.15802131144757126        64.788737693504217        958.29147639277267        2261.9676491229848              887          63
 ../423_seed.dataconnected         314  0.10726420933315585       0.25502311892897173        33.680961730610939        80.077259343697122       0.13564899647322043        42.593784892591216        543.40139039435508        1014.0409096257837              876          96
 ../424_seed.dataconnected         687   8.0763967657932215E-002  0.19411397784425991        55.484845780999429        133.35630277900657       0.11494820748666992        78.969418543342243        1428.2718281843506        3716.0415142594497             1121         196
 ../425_seed.dataconnected         610   7.6683912428765835E-002  0.18536690156620253        46.777186581547163        113.07380995538354       0.11251177207687177        68.632180966891781        1158.5591436820473        2954.4956144574167              938          37
 ../426_seed.dataconnected         289  0.14413154369611622       0.34935120085189492        41.654016128177588        100.96249704619763       0.18430677481530633        53.264657921623531        554.77018329476130        992.60807800867667              992         268
 ../427_seed.dataconnected         395  0.13470132614160615       0.31294703163112020        53.207023825934428        123.61407749429247       0.17907480212664176        70.734546840023498        686.13970619690338        1381.8344883499976              836          45
 ../428_seed.dataconnected         403   7.7845995016178518E-002  0.18954157595313714        31.371935991519944        76.385255109114269       0.11180691310588023        45.058185981669730        967.52710720108371        2262.8156186490296              909          88
 ../429_seed.dataconnected         350   9.9154069133447112E-002  0.23218375983739906        34.703924196706488        81.264315943089670       0.14851706668925507        51.980973341239277        739.54877502988779        1274.4885249071986              910          78
 ../430_seed.dataconnected         334  0.14149803938139074       0.32747363414192160        47.260345153384506        109.37619380340182       0.18927944558720949        63.219334826127970        546.70100384202169        977.41768382878615              928          84
 ../431_seed.dataconnected         445   7.8713205663832136E-002  0.18904364380686633        35.027376520405298        84.124421494055525       0.10023429047463467        44.604259261212427        863.67015230009054        1837.8897023862467              986          95
 ../432_seed.dataconnected         673  0.11820580318156411       0.28310315369197969        79.552505541192645        190.52842243470232       0.15886903904969110        106.91886328044211        1327.3905104592598        3676.7305134851767             1126         125
 ../433_seed.dataconnected         387   8.5742118590003691E-002  0.20423256581484528        33.182199894331426        79.038002970345119       0.11775107901002957        45.569667576881443        731.84596296917198        1494.4658870299529              970         189
 ../434_seed.dataconnected         530   7.1380537515325679E-002  0.17342312475827248        37.831684883122612        91.914256121884421        9.6037876093362451E-002   50.900074329482102        1051.6258223802295        2534.0435411196286              972          64
 ../435_seed.dataconnected         466  0.10108389676429143       0.24247962940768786        47.105095892159802        112.99550730398254       0.16382379118846838        76.341886693826268        1027.0632472628245        2505.6856101093249              971          84
 ../436_seed.dataconnected         684   8.4235364929028153E-002  0.20260435567613935        57.616989611455260        138.58137928247930       0.10844168678509464        74.174113761004733        1488.0257812817447        4075.2450944838479             1124         152
 ../437_seed.dataconnected         347  0.16009504882966574       0.38353213823639704        55.552981943894011        133.08565196802977       0.19085386495692716        66.226291140053718        522.08325072333309        871.44345707431125             1159         321
 ../438_seed.dataconnected         701   7.7070661047529340E-002  0.18697460623530354        54.026533394318065        131.06919897094778       0.10091156781457937        70.739009038020143        1415.9622891844579        3803.7690417805334             1097          90
 ../439_seed.dataconnected         659   6.7285164705958994E-002  0.15996549540839206        44.340923541226978        105.41726147413037        8.9243296098777777E-002   58.811332129094552        1135.6223706462181        2784.8283511036452             1043         109
 ../440_seed.dataconnected         560  0.10383272550419126       0.24932289136586450        58.146326282347104        139.62081916488413       0.13547532158230233        75.866180086089301        936.11823265827468        2057.0064186481318             1058         151
 ../441_seed.dataconnected         473  0.12317057054058739       0.29237815994117866        58.259679865697834        138.29486965217751       0.18242961833363197        86.289209471807922        828.47296750761961        1751.3798794114855              985          63
 ../442_seed.dataconnected         489   8.2249584582063537E-002  0.20301939887098941        40.220046860629068        99.276486047913821       0.11584950389502247        56.650407404665984        894.40087760449717        2142.7535853695249             1026         140
 ../443_seed.dataconnected         330  0.13449781036839320       0.32067725483914339        44.384277421569756        105.82349409691732       0.17340670020307966        57.224211067016292        565.08182764201456        984.72869833326638              888         110
 ../444_seed.dataconnected         435   9.7840794316377960E-002  0.23592558734509964        42.560745527624412        102.62763049511834       0.12747692956941226        55.452464362694329        987.51171524152187        2234.3338757922506              865         117
 ../445_seed.dataconnected         439   6.1137793160860758E-002  0.14476631807195958        26.839491197617871        63.552413633590255        8.0298552296438827E-002   35.251064458136646        794.45999443999926        1605.4494258638385             1025         201
 ../446_seed.dataconnected         728   4.6812409018888321E-002  0.11447334484096065        34.079433765750700        83.336595044219351        6.3909456940617504E-002   46.526084652769541        1332.8177871411619        3913.4575898543412             1000          52
 ../447_seed.dataconnected         434   8.5317298330383595E-002  0.20849242491775835        37.027707475386478        90.485712414307130        9.7417231574226507E-002   42.279078503214301        1029.1947202121544        2349.4942570650305              877          79
 ../448_seed.dataconnected         809   5.8190738331643253E-002  0.13915377288671005        47.076307310299391        112.57540226534843        9.3017028269175253E-002   75.250775869762776        1776.5174107093987        5623.4219990981865             1081          21
 ../449_seed.dataconnected         342  0.10562828289848501       0.25508665814835296        36.124872751281877        87.239637086736707       0.13590710003779902        46.480228212927265        706.80724971664665        1333.9552541089663              853          54
 ../450_seed.dataconnected         311  0.12249243259307276       0.29450492704455677        38.095146536445625        91.591032310857159       0.15766956851813918        49.035235809141284        586.49311108674453        1038.7444209231389              955         143
 ../451_seed.dataconnected         488   9.8841474995163714E-002  0.24079218624909479        48.234639797639893        117.50658688955826       0.14033464660955988        68.483307545465223        1147.4628730388706        2921.9026054522346              926          71
 ../452_seed.dataconnected         438  0.11211129976136196       0.26477079104252810        49.104749295476537        115.96960647662731       0.18027420498046570        78.960101781443981        920.08937533083827        2128.7860811843857              895         135
 ../453_seed.dataconnected         375   8.2783682338225931E-002  0.19584572086738136        31.043880876834724        73.442145325268015       0.10640220062776695        39.900825235412604        733.58898746811951        1423.4249396488215              919         152
 ../454_seed.dataconnected         389  0.12604886847053390       0.29545169252542619        49.033009835037689        114.93070839239078       0.18020605834062503        70.100156694503141        720.30084897712550        1428.1221798434760              948         166
 ../455_seed.dataconnected         703   9.1114132733162309E-002  0.21797734449643147        64.053235311413104        153.23807318099134       0.12280678579369897        86.333170412970375        1271.4211669031815        3648.3809744982509             1013          49
 ../456_seed.dataconnected         491   9.4385505689364477E-002  0.22712166018514859        46.343283293477960        111.51673515090796       0.14393137838468892        70.670306786882264        1027.9743587500889        2550.0414670823529             1051         227
 ../457_seed.dataconnected         459   9.9135243934873135E-002  0.23421676683633599        45.503076966106768        107.50549597787823       0.13058788970780297        59.939841375881564        974.82228074040529        2276.5349418072451              985         155
 ../458_seed.dataconnected         548   6.0229101586679136E-002  0.14684229896429263        33.005547669500167        80.469579832432359        7.8477671102307453E-002   43.005763764064483        1139.3653410338477        2930.0910375788976              918          52
 ../459_seed.dataconnected         317  0.11300126018152813       0.26642509767377331        35.821399477544418        84.456755962586143       0.16482392356242448        52.249183769288557        733.50810267572672        1320.2001306648956              913         172
 ../460_seed.dataconnected         521   6.3824379484225341E-002  0.15347133135317065        33.252501711281404        79.958563635001909        8.5096080232087742E-002   44.335057800917717        1103.5118423412823        2764.8379766595476              900          76
 ../461_seed.dataconnected         316  0.11625609660023015       0.27326479984342206        36.736926525672729        86.351676750521364       0.16360160502374424        51.698107187503183        509.32642643441886        856.39689610582923              944         153
 ../462_seed.dataconnected         898   5.4319345409078831E-002  0.13304378578044715        48.778772177352792        119.47331963084154        8.5541590973882586E-002   76.816348694546562        1607.1815708171439        4875.2953144784278             1229          74
 ../463_seed.dataconnected         463   5.6376056543152094E-002  0.13782777704073534        26.102114179479418        63.814260769860468        7.8655142806485112E-002   36.417331119402604        972.43372216571618        2146.0273888584447              898          42
 ../464_seed.dataconnected         687   7.6291338749924803E-002  0.18047127363130247        52.412149721198340        123.98376498470479       0.10717011411493049        73.625868396957244        1439.7220777976627        3985.3024389798657             1070          52
 ../465_seed.dataconnected         501  0.13345653808382474       0.31113938836446126        66.861725579996190        155.88083357059509       0.18392507328935392        92.146461717966318        861.55522601192501        1973.8399402592554             1079         141
 ../466_seed.dataconnected         419  0.13112618635742188       0.30980410385803386        54.941872083759769        129.80791951651619       0.17592553029060989        73.712797191765546        695.94093800880648        1405.4128731308319              950         113
 ../467_seed.dataconnected         774   8.5260815266619563E-002  0.20542090606036834        65.991871016363547        158.99578129072509       0.10765690600279662        83.326445246164582        1214.6942987949703        3290.3972795195532             1105          46
 ../468_seed.dataconnected         721   6.8727819377402175E-002  0.16280703019730516        49.552757771106968        117.38386877225702       0.11653608672223992        84.022518526734984        1416.3631410899882        3744.8638816658381              922          16
 ../469_seed.dataconnected         714   7.4138822295584814E-002  0.17779924691019983        52.935119119047556        126.94866229388268       0.10067073372806602        71.878903881839136        1615.6989519588644        4773.8855868354340              943          36
 ../470_seed.dataconnected         294  0.14106053342431357       0.34059086410100370        41.471796826748189        100.13371404569509       0.19160922732327684        56.333112833043394        498.89154499752317        858.95981634914051              781          42
 ../471_seed.dataconnected         370   9.8729885048474561E-002  0.24151493239136754        36.530057467935585        89.360524984805991       0.14393100967737624        53.254473580629210        780.92097618678713        1614.1308155765660              920         116
 ../472_seed.dataconnected         288  0.12989289002803309       0.30875468543953494        37.409152328073532        88.921349406586060       0.17221878296748205        49.599009494634828        492.57487882456155        750.30964366077501              945         163
 ../473_seed.dataconnected         603   7.2183572868661269E-002  0.17153862552926161        43.526694439802746        103.43779119414475       0.10647263822878565        64.203000851957754        1160.8955454553882        3004.7977840347139              988          49
 ../474_seed.dataconnected         299  0.14287340537984378       0.33628206815466299        42.719148208573287        100.54833837824424       0.19431390359340173        58.099857174427115        460.51280194169323        767.78362334203121              908          96
 ../475_seed.dataconnected         499  0.14333153365057125       0.33825091281959235        71.522435291635048        168.78720549697658       0.18509948664005094        92.364643833385415        901.66182605855261        1952.4495612453768             1022          96
 ../476_seed.dataconnected         599   6.5159870369955908E-002  0.15499969577597006        39.030762351603592        92.844817769806070        9.1920121115537892E-002   55.060152548207199        1229.3421957348792        3387.8514535459135             1006         122
 ../477_seed.dataconnected         964   5.9879641350424381E-002  0.14244555761811578        57.723974261809104        137.31751754386360        8.3544596076781760E-002   80.536990618017612        1816.9645266407954        5787.8350352605967             1190          43
 ../478_seed.dataconnected         404   8.4413869828321733E-002  0.20401224488556094        34.103203410641981        82.420946933766615       0.11284970106356128        45.591279229678754        950.17172445049630        2251.3091960669744              841          44
 ../479_seed.dataconnected         357  0.13645941458243174       0.32759651526042044        48.716011005928131        116.95195594797009       0.19040294577246489        67.973851640769965        662.26774034915445        1318.8060856791124              924          90
 ../480_seed.dataconnected         398   9.9670959353098026E-002  0.23761700753075590        39.669041822533018        94.571568997240846       0.13193433029791299        52.509863458569370        671.05002024753105        1297.3617076171633              947         141
 ../481_seed.dataconnected        1029   6.0825575783774177E-002  0.14436419809303352        62.589517481503627        148.55075983773150        7.6034938514386072E-002   78.239951731303265        2129.1204064196922        7275.2106177684082             1209          19
 ../482_seed.dataconnected         669   5.6537186758900210E-002  0.13614009617567280        37.823377941704237        91.077724341525098        7.7169914943812604E-002   51.626673097410631        1261.9397476271765        3399.8607852066571             1123         114
 ../483_seed.dataconnected         702   5.3129618249346887E-002  0.12336308826953160        37.296992011041517        86.600887965211186        8.1653251297244184E-002   57.320582410665416        1127.9270972856793        3044.5029669260002             1134          91
 ../484_seed.dataconnected         784   8.3399350734804284E-002  0.19767234181811444        65.385090976086559        154.97511598540171       0.13288816126535063        104.18431843203490        1543.9740014562919        4550.0556458858746             1055          32
 ../485_seed.dataconnected         475   8.7982079253940304E-002  0.21081725164866943        41.791487645621643        100.13819453311798       0.13381568972249913        63.562452618187088        1096.0566797723691        2582.6951980864110              933          46
 ../486_seed.dataconnected         628   8.7440990250346282E-002  0.21516377066019204        54.912941877217463        135.12284797460060       0.11445209958234927        71.875918537715336        1065.4871686025804        2704.2927918329410             1110          72
 ../487_seed.dataconnected         428  0.11267627744977514       0.26593146700147108        48.225446748503757        113.81866787662962       0.14859908061260535        63.600406502195092        812.55508957229392        1596.3271263247857              867          58
 ../488_seed.dataconnected         848   7.2937319722544025E-002  0.17352904317753187        61.850847124717333        147.15262861454704       0.10220082311198161        86.666297998960403        1681.2372663129954        5367.3895981124588             1135          24
 ../489_seed.dataconnected         406  0.13731770813935534       0.31959883501850250        55.750989504578271        129.75712701751200       0.19140600824961443        77.710839349343459        706.76875824693263        1332.1346798912109              851          52
 ../490_seed.dataconnected         697   7.1564882667224744E-002  0.17362678342803725        49.880723219055646        121.01786804934197        9.2089799022895311E-002   64.186589918958035        1213.1181410283364        3286.6276051125064             1133          54
 ../491_seed.dataconnected         419   9.3620972796285271E-002  0.22667614828517152        39.227187601643529        94.977306131486870       0.11698891832012430        49.018356776132080        799.85012172709662        1680.6566575185238              972         178
 ../492_seed.dataconnected         632   9.2253924688691452E-002  0.21823913819704355        58.304480403252995        137.92713534053152       0.12420033258649922        78.494610194667501        1105.6844561058426        2844.1969105847966             1089          83
 ../493_seed.dataconnected         505   9.5322446860759996E-002  0.23242527788078923        48.137835664683799        117.37476532979856       0.13048353393420156        65.894184636771783        1030.5297401519329        2453.0088604774587             1051         226
 ../494_seed.dataconnected         339  0.20771820244648673       0.47878688581908196        70.416470629358997        162.30875429266879       0.27569981692477480        93.462237937498656        496.24838947033203        816.85583425249604             1026          99
 ../495_seed.dataconnected         471  0.10000581028473372       0.24127356619722118        47.102736644109584        113.63984967889118       0.13723341724095822        64.636939520491325        999.73482456795648        2100.7744549363106             1007         151
 ../496_seed.dataconnected         422   9.7079643839527927E-002  0.23217165535965884        40.967609700280782        97.976438561776035       0.12214136220301963        51.543654849674283        755.23055064730727        1562.6718782569728             1040         145
 ../497_seed.dataconnected         548   9.9015453524567573E-002  0.23807700513283317        54.260468531463033        130.46619881279258       0.13324074973627376        73.015930855478018        1097.6958683022749        2768.2969837627370             1034         192
 ../498_seed.dataconnected         567   8.8206744551016139E-002  0.20880759608797791        50.013224160426148        118.39390698188348       0.12884433120259262        73.054735791870016        1237.7793113763034        3323.6083019678576              944          40
 ../499_seed.dataconnected         779   6.3038256221859532E-002  0.15128052647165904        49.106801596828575        117.84753012142239        8.5709360504574117E-002   66.767591833063236        1641.0593571059649        4876.7143234419436             1072          51
 ../500_seed.dataconnected         581  0.11026089052232771       0.25742489153101572        64.061577393472405        149.56386197952014       0.14054287895892920        81.655412675137867        989.77197268678185        2157.9971073578454             1051         131
 ../501_seed.dataconnected         450   8.2441569485524141E-002  0.19673294902935640        37.098706268485863        88.529827063210377       0.11912330250739407        53.605486128327335        870.66795616297145        1901.3463091152364              798          23
 ../502_seed.dataconnected         943   6.0918629338234616E-002  0.14370424149772981        57.446267465955245        135.51309973235922        8.0307877161960847E-002   75.730328163729084        1624.5462203484003        5040.8235361739689             1169          24
 ../503_seed.dataconnected         553   7.9744039276189171E-002  0.18813097911360499        44.098453719732611        104.03643144982355       0.10963566239672043        60.628521305386400        1023.1944789228539        2353.2758756972057             1044         121
 ../504_seed.dataconnected         349   8.8884158609387240E-002  0.20880723581944277        31.020571354676147        72.873725300985527       0.12741894190542774        44.469210724994284        648.47552633381440        1230.2222812645139              812          80
 ../505_seed.dataconnected         511  0.10301553419118128       0.24651272578274649        52.640937971693639        125.96800287498345       0.14761898896784506        75.433303362568822        994.89691263987686        2363.7358191520957             1057         197
 ../506_seed.dataconnected         696   6.6799197109460376E-002  0.16105070719672904        46.492241188184423        112.09129220892341        8.8088012619973580E-002   61.309256783501610        1411.7776875691916        3772.0664511274927             1071          60
 ../507_seed.dataconnected         546   7.1401598844149386E-002  0.17305892267272879        38.985272968905562        94.490171779309918       0.10177482571746309        55.569054841734847        1123.5631380064283        3085.8643188188098              964          65
 ../508_seed.dataconnected         497   9.7381271618267137E-002  0.23408761648222212        48.398491994278764        116.34154539166440       0.11735518858169251        58.325528725101179        922.71918228679147        1969.3512442406006              939          81
 ../509_seed.dataconnected         803   7.0882610961839773E-002  0.16703518006436086        56.918736602357335        134.12924959168177        9.3757671472611714E-002   75.287410192507210        1369.4561408871259        3784.5636441416295             1057          39
 ../510_seed.dataconnected         835   6.8496418148710048E-002  0.16624065357117049        57.194509154172891        138.81094573192735        8.6774714427767879E-002   72.456886547186173        1747.4469195728395        5699.0510776649362             1089          83
 ../511_seed.dataconnected         399   9.5899191147678170E-002  0.22404053003134000        38.263777267923587        89.392171482504665       0.13039472218656431        52.027494152439161        797.53467282126644        1648.7976936542473              911         141
 ../512_seed.dataconnected         636   9.1415936712141446E-002  0.21404950947340534        58.140535748921963        136.13548802508581       0.13355933839452125        84.943739218915510        1053.7954110630210        2564.5091548083678              990          60
 ../513_seed.dataconnected         345  0.19640274476275912       0.46020627128766067        67.758946943151898        158.77116359424292       0.24458432525931167        84.381592214462529        514.67424837857288        854.75217739336586              836          51
 ../514_seed.dataconnected         248  0.17385723013227980       0.41652369961451396        43.116593072805394        103.29787750439947       0.23214875599128557        57.572891485838824        379.02593275034775        520.69823244887948              866         131
 ../515_seed.dataconnected         438  0.10472174707876117       0.25170165340864703        45.868125220497390        110.24532419298740       0.14644929275397689        64.144790226241881        735.82858082984444        1496.6590479353761             1085         118
 ../516_seed.dataconnected         664   9.4677269167564873E-002  0.22881709178081819        62.865706727263074        151.93454894246327       0.12507947589353555        83.052771993307601        1196.0131557289337        3184.6697171448523             1098          81
 ../517_seed.dataconnected         464   7.1062583308609539E-002  0.17274677926325493        32.973038655194827        80.154505578150292        9.3684109597732948E-002   43.469426853348089        937.98947241787505        2183.6830360196514              931          63
 ../518_seed.dataconnected         683   6.1903930458089021E-002  0.14774558539528998        42.280384502874803        100.91023482498305        8.7271784183622136E-002   59.606628597413916        1467.8571359203804        3974.0583771905431              965          20
 ../519_seed.dataconnected         399   8.7697919883703720E-002  0.21675911333781259        34.991470033597786        86.486886221787216       0.11755043662868085        46.902624214843662        814.25929195494825        1675.6805805202944              894          67
 ../520_seed.dataconnected         438   8.3601925940922819E-002  0.20052104923378772        36.617643562124194        87.828219564399021       0.11389294582670102        49.885110272095048        819.09495577790813        1665.9826773509706             1046         149
 ../521_seed.dataconnected         938   5.2183043880898158E-002  0.12251397363320611        48.947695160282471        114.91810726794733        7.4706588054306453E-002   70.074779594939457        2186.5248804493895        7816.3998592257976             1087          21
 ../522_seed.dataconnected         420   9.6920137915464721E-002  0.22522630423749718        40.706457924495183        94.595047779748811       0.13965167064098774        58.653701669214854        829.66979948946698        1868.4257209820826              855          47
 ../523_seed.dataconnected         422  0.13748711912414913       0.32535535079419486        58.019564270390930        137.29995803515024       0.19516250636580706        82.358577686370580        761.03124892461676        1619.3999259281097              943         194
 ../524_seed.dataconnected         281  0.10597064258471277       0.25484559209619145        29.777750566304288        71.611611379029796       0.13794353934834536        38.762134556885044        576.29277039035412        977.38603834281525              925         200
 ../525_seed.dataconnected         380  0.16214431108827929       0.36654978545756928        61.614838213546129        139.28891847387632       0.21870313497277208        83.107191289653386        637.74550220227979        1287.8708743217180              955         153
 ../526_seed.dataconnected         658   7.6270613138498741E-002  0.17761957488930813        50.186063445132170        116.87368027716475       0.11198623413710547        73.686942062215394        1077.0311718275566        2821.2072861497941             1086          50
 ../527_seed.dataconnected         760   7.2742497895026154E-002  0.17462531755276070        55.284298400219875        132.71524134009815       0.10237806356675609        77.807328310734633        1410.2829227715963        4207.9455469112700              980          16
 ../528_seed.dataconnected         576   8.7670010213962424E-002  0.20872624463901940        50.497925883242360        120.22631691207518       0.11323164110716341        65.221425277726127        921.43833434415228        2048.1595486959422             1030          90
 ../529_seed.dataconnected         643   8.4728493707268274E-002  0.20208718862478978        54.480421453773502        129.94206228573984       0.13825403063241079        88.897341696640140        1341.0858001345798        3537.6768067576259              930          41
 ../530_seed.dataconnected         643   9.4876439670032453E-002  0.22780690032001003        61.005550707830871        146.47983690576643       0.12700573759284695        81.664689272200590        1442.6271840023696        3898.6100083495139              957          87
 ../531_seed.dataconnected         521  0.10560687037490921       0.25397133020118406        55.021179465327698        132.31906303481691       0.13634964786766013        71.038166539050934        1090.0037639093423        2591.8549742873934              993         121
 ../532_seed.dataconnected         282  0.12514025322302902       0.30462226615833182        35.289551408894184        85.903479056649573       0.16523600359221002        46.596553013003223        449.15360227558153        720.69953677430669             1015         153
 ../533_seed.dataconnected         436  0.11896751302110087       0.28624227249548478        51.869835677199980        124.80163080803136       0.15305749389372317        66.733067337663300        972.26416730801657        2091.7167974553604              910          67
 ../534_seed.dataconnected         474  0.12584609247683848       0.29761662940640482        59.651047834021441        141.07028233863588       0.18173346565403439        86.141662720012306        951.67708596812531        2062.0598899761035             1019         110
 ../535_seed.dataconnected         428   6.9216680009312345E-002  0.16915346779789564        29.624739043985684        72.397684217499332        9.8410185368131897E-002   42.119559337560453        762.41205055024477        1527.7405751915658             1019          96
 ../536_seed.dataconnected         605  0.12224556266716956       0.28944383069619922        73.958565413637587        175.11351757120053       0.16579193275366275        100.30411931596596        1074.5372210604992        2880.8037285537835              957          64
 ../537_seed.dataconnected         887   8.7148702713067475E-002  0.20977583726020083        77.300899306490848        186.07116764979813       0.11856968321633379        105.17130901288807        1533.3147602165832        4585.1730075357482             1073          16
 ../538_seed.dataconnected         610  0.10046942337061254       0.24231496356411045        61.286348256073651        147.81212777410738       0.13234444258305519        80.730109975663666        1467.6979221694016        4209.1743514959153             1005         145
 ../539_seed.dataconnected         436  0.11040143580922578       0.26889856418712044        48.135026012822436        117.23977398558451       0.14861832663017102        64.797590410754566        805.01280415748067        1813.7000377089148              930          48
 ../540_seed.dataconnected         341  0.14489664675751673       0.34952761005357325        49.409756544313204        119.18891502826848       0.18430416504470526        62.847720280244495        655.70513756139974        1120.5838874498772              918         120
 ../541_seed.dataconnected         465   9.3820804650079540E-002  0.22173838984115740        43.626674162286989        103.10835127613819       0.12629673434348532        58.727981469720675        922.65404926306803        2184.6868818679181              877          93
 ../542_seed.dataconnected         398  0.11749530285392235       0.27648222433322217        46.763130535861094        110.03992528462243       0.15170834130702182        60.379919840194688        679.63346868522967        1380.6655427634551             1046         137
 ../543_seed.dataconnected         570   9.1789513760542410E-002  0.22425661341554584        52.320022843509172        127.82626964686114       0.12698112629333538        72.379241987201169        1109.5343180556233        2544.9317394458835              997         103
 ../544_seed.dataconnected         584   9.0068681065485656E-002  0.21733649660911544        52.600109742243625        126.92451401972342       0.12715325064836733        74.257498378646517        1416.2151628482738        3990.9668589192152              927          70
 ../545_seed.dataconnected         425   6.9783981803696896E-002  0.16540885520490389        29.658192266571181        70.298763462084153       0.11292710545081146        47.994019816594871        1077.6582700604649        2539.3584744741083              888          87
 ../546_seed.dataconnected         741   8.6660315268881294E-002  0.20530736137095229        64.215293614241034        152.13275477587564       0.12087825311586474        89.570785558855775        1346.0334022004449        3426.1867020133827             1011          37
 ../547_seed.dataconnected         600   7.5224097997968989E-002  0.18536860398628069        45.134458798781395        111.22116239176842       0.10040842203213410        60.245053219280457        1459.7338759422553        4042.8960721735634             1046          83
 ../548_seed.dataconnected         697   7.0264341781757486E-002  0.16587174942389937        48.974246221884968        115.61260934845787       0.10220674924412598        71.238104223155815        1402.5971865592560        3998.0140273005613             1128          88
 ../549_seed.dataconnected         588   6.9144546718793387E-002  0.16531264127821768        40.656993470650512        97.203833071592001        8.9266842019456019E-002   52.488903107440137        1240.2726269002399        3340.6993195839214              936          36
 ../550_seed.dataconnected         446  0.11711484175664119       0.27549864929613643        52.233219423461975        122.87239758607684       0.14831456652207367        66.148296668844864        948.19447420986978        2151.1335421352933             1059         160
 ../551_seed.dataconnected         314  0.13649123712971767       0.33089525450303720        42.858248458731346        103.90110991395368       0.17333684887406156        54.427770546455328        523.07009951474026        851.75737680202235              918         104
 ../552_seed.dataconnected         390  0.11346493378855073       0.27245630213552374        44.251324177534784        106.25795783285426       0.15209003513045788        59.315113700878570        724.15235288023371        1458.4781776349791              903         173
 ../553_seed.dataconnected         675   6.4874081463220046E-002  0.15361826343525614        43.790004987673534        103.69232781879789        8.7441467840342915E-002   59.022990792231468        1259.1315655337505        3428.1029602601566             1160         228
 ../554_seed.dataconnected         493   8.0866259370290572E-002  0.19227942701240727        39.867065869553251        94.793757517116788       0.11613962865844048        57.256836928611158        1055.6440898805783        2651.2909907152912              936          42
 ../555_seed.dataconnected         561   8.6332092722535184E-002  0.20780846358378724        48.432304017342240        116.58054807050465       0.12816682437298274        71.901588473243322        1160.3076371767083        3046.6185050506433              847          54
 ../556_seed.dataconnected         328  0.12848169250424524       0.31021878933975622        42.141995141392435        101.75176290344004       0.16129872504722087        52.905981815488445        512.85958269950618        792.14168821145404              959          88
 ../557_seed.dataconnected         947   4.1775670440357161E-002  0.10340950752167445        39.561559907018228        97.928803623025701        5.5989479148994117E-002   53.022036754097428        1874.8308199394048        6093.4015462372272             1117          26
 ../558_seed.dataconnected         585   8.9451839082961268E-002  0.21570466396349253        52.329325863532340        126.18722841864313       0.11623054277351516        67.994867522506368        1119.4334896195514        2906.2474111419951             1021         124
 ../559_seed.dataconnected         551   6.5524136821465850E-002  0.15893690041584410        36.103799388627685        87.574232129130095        9.2074228509472097E-002   50.732899908719126        1084.7762365232279        2761.7399263879206              844          22
 ../560_seed.dataconnected         461  0.10759305537401970       0.24693816367774199        49.600398527423081        113.83849345543906       0.15980148198984462        73.668483197318366        874.44462070923555        2020.8959574427402             1048         137
 ../561_seed.dataconnected         336  0.11705056633379574       0.28078059860745963        39.328990288155367        94.342281132106436       0.15068052009334432        50.628654751363690        567.63757289818238        1011.6411165902261              876         120
 ../562_seed.dataconnected         296  0.11939919419101755       0.28618780338307537        35.342161480541193        84.711589801390303       0.15144386846594460        44.827385065919600        509.25811060437354        849.57120571066105              879         192
 ../563_seed.dataconnected         347   9.6020923490054561E-002  0.22674568112597690        33.319260451048933        78.680751350713990       0.15825509261036369        54.914517135796203        749.20764014588428        1382.8004156399174             1003         129
 ../564_seed.dataconnected         709  0.10005849878820143       0.23659588688794678        70.941475640834810        167.74648380355427       0.13374590896770611        94.825849458103633        1225.6495574928890        3252.9781657127828              993          29
 ../565_seed.dataconnected         437   9.0779768714093628E-002  0.21336019623785521        39.670758928058916        93.238405755942722       0.12003176256089973        52.453880239113182        773.35124821229044        1584.3823870919443              979          62
 ../566_seed.dataconnected         756   7.4879937972520044E-002  0.17580434379419663        56.609233107225151        132.90808390841266       0.10390518470955307        78.552319640422112        1239.5515632029208        3598.4519620989158             1100          47
 ../567_seed.dataconnected         649   7.4868649456599698E-002  0.17576788859000275        48.589753497333206        114.07335969491179       0.11015971514521014        71.493655129241375        1093.7631389216151        2943.4337802930513              995          41
 ../568_seed.dataconnected         840   5.2710303841861955E-002  0.12353320456967100        44.276655227164042        103.76789183852364        6.5757877139829543E-002   55.236616797456819        1502.2950109229005        4515.9413763228695             1091          21
 ../569_seed.dataconnected         606   9.8166424616510942E-002  0.23264383601155850        59.488853317605631        140.98216462300445       0.13491476741413361        81.758349052964959        1114.9965559433970        2812.9108813087933              957          66
 ../570_seed.dataconnected         598   8.8379485988527878E-002  0.20376814636929047        52.850932621139670        121.85335152883570       0.14137099804314510        84.539856829800769        1305.5737729626694        3198.0447657321065             1069         101
 ../571_seed.dataconnected         578   7.7806707254122850E-002  0.18604689315976036        44.972276792883008        107.53510424634149       0.10559356449227809        61.033080276536737        946.64623162333987        2301.2596143907645              955          88
 ../572_seed.dataconnected         750   6.2660497927460659E-002  0.15033890887086798        46.995373445595497        112.75418165315099        9.5535622496303457E-002   71.651716872227595        1371.0169201605286        3909.7668953555526             1069          61
 ../573_seed.dataconnected         787   4.3462264168433053E-002  0.10512746804777946        34.204801900556809        82.735317353602440        5.8521663312707722E-002   46.056549027100978        1605.4860878282200        5136.7077579779852             1085          51
 ../574_seed.dataconnected         448   8.4021685296485779E-002  0.20197316875404958        37.641715012825628        90.483979601814212       0.12604325676290373        56.467379029780872        897.29942287189203        1901.6393147168026              839          57
 ../575_seed.dataconnected         359  0.15010381849241680       0.35383024106960675        53.887270838777631        127.02505654398882       0.21144037342903146        75.907094061022292        702.86581223458290        1352.0890975172756              894          92
 ../576_seed.dataconnected         764   6.0866078488478040E-002  0.14670327235262370        46.501683965197223        112.08130007740451        8.6757416355216790E-002   66.282666095385622        1838.4477190775278        5840.0216339928538             1048          28
 ../577_seed.dataconnected         278  0.12779097862491393       0.30485814496616803        35.525892057726068        84.750564300594718       0.16103021362722877        44.766399388369599        499.31313051783218        852.43344011707791              821          60
 ../578_seed.dataconnected         402  0.14313767768261290       0.33877712311878666        57.541346428410385        136.18840349375225       0.19401194521889270        77.992801977994873        799.47637622549325        1684.4767045454018              846          49
 ../579_seed.dataconnected         637   9.2367264372184510E-002  0.21775014513986071        58.837947405081536        138.70684245409129       0.14655058580152111        93.352723155568953        1088.3687092725165        2851.9942042579446             1064         108
 ../580_seed.dataconnected         263  0.11285315873759602       0.27281826559615779        29.680380747987755        71.751203851789498       0.15332392998835737        40.324193586937987        500.43478889906805        813.61146395888295              863          94
 ../581_seed.dataconnected         301  0.14138448679141777       0.33821096733487954        42.556730524216746        101.80150116779875       0.17895698667140009        53.866052988091425        492.21407221708807        834.87436433877770              885         175
 ../582_seed.dataconnected         458   9.0327154053771536E-002  0.21992815389115594        41.369836556627362        100.72709448214943       0.11611135923210480        53.179002528304004        1022.7300219661086        2018.5561861331184             1001         107
 ../583_seed.dataconnected         466  0.10467240497337561       0.24872342252852991        48.777340717593034        115.90511489829494       0.14203379049610884        66.187746371186719        917.91029091891551        2093.5382599667087              976          71
 ../584_seed.dataconnected         339   7.5912764110051295E-002  0.18145022644973560        25.734427033307391        61.511626766460367       0.10261115606705747        34.785181906732483        729.62927719444576        1448.6389293613911              858          75
 ../585_seed.dataconnected         614   7.7654826823255529E-002  0.18294147105089298        47.680063669478898        112.32606322524829       0.10517658136309140        64.578420956938118        1299.7084148154700        3008.0992142800346             1190         278
 ../586_seed.dataconnected         518   6.6074873247070898E-002  0.15613652662454283        34.226784341982722        80.878720791513189       0.10409680082641919        53.922142828085136        982.97742246201904        2256.5675977003584              974          39
 ../587_seed.dataconnected         578   8.4330864065943797E-002  0.20407025048970634        48.743239430115516        117.95260478305026       0.12079897591860006        69.821808080950831        978.81468243087284        2325.9904969785107              966         100
 ../588_seed.dataconnected         423  0.10510251631908137       0.25307472143996484        44.458364402971419        107.05060716910513       0.12845805594161075        54.337757663301346        731.96168894169421        1492.1659419783768              777          32
 ../589_seed.dataconnected         356  0.11570926629136120       0.27503300210265313        41.192498799724589        97.911748748544511       0.14780822362064586        52.619727608949923        539.31276963493497        921.31372877744320             1001         175
 ../590_seed.dataconnected         619   7.2335201875184635E-002  0.17447370313514768        44.775489960739286        107.99922224065641       0.10176564388433972        62.992933564406286        1208.3991140595635        2679.5545979775679              972          63
 ../591_seed.dataconnected         622   7.8615830117320221E-002  0.18804162999090648        48.899046332973178        116.96189385434383       0.10433797684071862        64.898221594926980        1583.4992251118808        4749.1068282443512             1019          89
 ../592_seed.dataconnected         346  0.15814346905334750       0.37254881889201247        54.717640292458235        128.90189133663631       0.20735086826487792        71.743400419647756        555.65060586855543        945.08431542522317              915         176
 ../593_seed.dataconnected         528  0.11812969724338680       0.28154194211903327        62.372480144508231        148.65414543884958       0.16167939427334305        85.366720176325131        923.71817312377209        2203.2876752066172              917          68
 ../594_seed.dataconnected         329  0.10191562835264613       0.24061003893213789        33.530241728020577        79.160702808673364       0.14288712048933561        47.009862640991415        711.01513927908309        1317.9236903049155              857          79
 ../595_seed.dataconnected         354  0.12605520967879694       0.29501713791264544        44.623544226294115        104.43606682107649       0.17101411573629127        60.538996970647112        738.90708333085581        1399.9197667656783              958         200
 ../596_seed.dataconnected         705   9.0076446450743336E-002  0.21249665488305766        63.503894747774055        149.81014169255565       0.12168618304854183        85.788759049221994        1242.2311160142183        3351.8329039488158             1060          49
 ../597_seed.dataconnected         724   8.6307399400195092E-002  0.20793294578011937        62.486557165741246        150.54345274480642       0.10915882954942076        79.030992593780624        1377.5152429659865        4046.4642325311456             1035          21
 ../598_seed.dataconnected         467  0.12159859581793377       0.28952534286779924        56.786544246975069        135.20833511926224       0.16788115516968677        78.400499464243723        1079.0089053493991        2398.3341830967411              920          55
 ../599_seed.dataconnected         713   7.8831161193780808E-002  0.18823649362018499        56.206617931165717        134.21261995119190       0.12327576409149764        87.895619797237813        1213.3341707603877        3477.2518226010870             1055          90
 ../600_seed.dataconnected         322  0.15625629917472256       0.36870344461532401        50.314528334260665        118.72250916613433       0.22478221095251069        72.379871926708446        620.95643745728876        1123.6575633297846              921         213
 ../601_seed.dataconnected         512   9.0784746338312364E-002  0.21779233792026656        46.481790125215930        111.50967701517648       0.11874617216245871        60.798040147178860        786.06872579286494        1745.2285464385382             1084         235
 ../602_seed.dataconnected         472   8.9832720630153046E-002  0.21803809682543607        42.401044137432237        102.91398170160582       0.12123393507462243        57.222417355221786        791.10638835721375        1618.5962746790990             1039         100
 ../603_seed.dataconnected         607   7.4784184826881969E-002  0.17737281511289135        45.394000189917357        107.66529877352505        9.9721910057877020E-002   60.531199405131353        1302.4964451896251        3509.0319776976830              960          42
 ../604_seed.dataconnected         768   7.9260329916764113E-002  0.18785766020470088        60.871933376074836        144.27468303721028       0.10150358228895390        77.954751197916593        1408.4194094066447        4127.5823047117847             1012          39
 ../605_seed.dataconnected         914   8.0269634639794779E-002  0.19337342013324688        73.366446060772432        176.74330600178766       0.11004062811786532        100.57713409972889        1705.3847814407661        5486.6144870368889             1104          18
 ../606_seed.dataconnected         284  0.12172744554387095       0.29031704384230494        34.570594534459353        82.450040451214605       0.16781309490299418        47.658918952450342        488.12195152878508        833.28145838825765              802          63
 ../607_seed.dataconnected         401  0.10242979991456447       0.24520387004656702        41.074349765740351        98.326751888673371       0.12967256305046268        51.998697783235535        628.83766675945424        1217.8797493903558              861          72
 ../608_seed.dataconnected         636   7.1748141863338014E-002  0.17181284441970957        45.631818225082974        109.27296905093529       0.10219715917522272        64.997393235441649        1195.2933073107392        3161.6263712186151             1022          94
 ../609_seed.dataconnected         271  0.17526619263017709       0.40817714258329635        47.497138202777990        110.61600564007331       0.23345881318318593        63.267338372643387        454.52743016462028        697.69292689916654              861          97
 ../610_seed.dataconnected         416   8.5376869444254933E-002  0.20389270050139707        35.516777688810052        84.819363408581182       0.12765240827343360        53.103401841748379        818.95362768023665        1699.8491889661057              999         276
 ../611_seed.dataconnected         535  0.11080329450523788       0.25589729209932705        59.279762560302267        136.90505127313997       0.15209142159205596        81.368910551749934        777.13410298966642        1708.5709156936930             1041         226
 ../612_seed.dataconnected         485  0.12752322997635504       0.30379325299242554        61.848766538532196        147.33972770132638       0.16757264817043044        81.272734362658767        729.24612562120683        1565.5358042570381              954          65
 ../613_seed.dataconnected         607   9.2718845417149504E-002  0.22073084738880741        56.280339168209750        133.98362436500611       0.12725388794181589        77.243109980682249        1113.7703198236050        3025.8176947519446             1002          68
 ../614_seed.dataconnected         314   9.8803442831320143E-002  0.23122497036119949        31.024281049034524        72.604640693416641       0.13239976157990979        41.573525136091675        862.29070047197831        1698.5422886720721              945         311
 ../615_seed.dataconnected         358  0.10608173839175415       0.25169621908101614        37.977262344247990        90.107246431003773       0.14941189997870000        53.489460192374601        683.88668928271682        1382.4402006049772              941          66
 ../616_seed.dataconnected         685   6.3923870540409489E-002  0.15811566102956512        43.787851320180501        108.30922780525211        8.9087247270358189E-002   61.024764380195357        1704.3710813143634        5063.4781452000161              973          29
 ../617_seed.dataconnected         597   8.5802721884804686E-002  0.20453490630092980        51.224224965228395        122.10733906165508       0.11190194084358174        66.805458683618298        1002.0297652195411        2572.8706819964009              965          48
 ../618_seed.dataconnected         574  0.12460519388596294       0.29848810294403311        71.523381290542730        171.33217108987500       0.17171829237134925        98.566299821154473        919.67358627553961        2114.7610409292438             1063          44
 ../619_seed.dataconnected         757   8.0502758457512757E-002  0.19122248151035695        60.940588152337156        144.75541850334022       0.11199966136201533        84.783743651045612        1602.5118910484532        4831.7715533197415             1104          72
 ../620_seed.dataconnected         269  0.12072884992226549       0.29178115280178624        32.476060629089417        78.489130103680495       0.16301768421789917        43.851757054614879        548.29283515656573        888.00141206549756              912          99
 ../621_seed.dataconnected         292   7.1495451330579024E-002  0.16843911647538884        20.876671788529077        49.184222010813542       0.11878205213332059        34.684359222929615        779.58674076883983        1555.8808126276178             1015         196
 ../622_seed.dataconnected         565   9.0330347079464954E-002  0.21777985627578408        51.036646099897702        123.04561879581800       0.11690519359631220        66.051434381916394        1589.3798123554195        4267.9497764474891             1020          76
 ../623_seed.dataconnected         450   8.2252641696155593E-002  0.19783857294985044        37.013688763270018        89.027357827432695       0.11350517690903533        51.077329609065899        791.59124916991482        1605.9428421645853              975         140
 ../624_seed.dataconnected         490  0.12016841485927529       0.28421639419397354        58.882523281044890        139.26603315504704       0.16962877768512019        83.118101065708899        845.64590616269913        1905.0785394958618             1015          67
 ../625_seed.dataconnected         539   8.6500478287097171E-002  0.20270306098997046        46.623757796745373        109.25694987359408       0.10788769735673552        58.151468875280443        920.12163293226240        2219.2415959209775             1140         207
 ../626_seed.dataconnected         950   5.1892077863415723E-002  0.12471898689095422        49.297473970244937        118.48303754640651        7.5148345625607349E-002   71.390928344326980        1597.4179847592104        4954.3983010387519             1262          69
 ../627_seed.dataconnected         448  0.11836390147296219       0.28399199176119372        53.027027859887063        127.22841230901479       0.16355018978293784        73.270485022756148        1005.8585875546564        2269.6714914470440              999         158
 ../628_seed.dataconnected         655  0.10944096719740193       0.26175320103514033        71.683833514298257        171.44834667801692       0.14704511403382831        96.314549692157541        1323.5431464725743        3644.6459517162375             1003          68
 ../629_seed.dataconnected         316  0.10825148758663378       0.25379237992853954        34.207470077376271        80.198392057418488       0.15197517902671601        48.024156572442259        571.37700094203774        1055.0878290424732              894          92
 ../630_seed.dataconnected         403  0.12110896933264512       0.28680634478541145        48.806914641055982        115.58295694852082       0.16656043642614721        67.123855879737320        653.98946898997735        1271.9073221092769              958         119
 ../631_seed.dataconnected         585   4.5785840288518537E-002  0.11469940576412761        26.784716568783345        67.099152372014657        6.7368971140917125E-002   39.410848117436515        1231.5524475625521        3154.5706609147560             1007          38
 ../632_seed.dataconnected         354   9.1156268940447968E-002  0.21691606405549624        32.269319204918581        76.788286675645665       0.13147137114142926        46.540865384065960        602.26462760289178        1043.5964989314907             1022         108
 ../633_seed.dataconnected         687   6.9368772769353576E-002  0.16553203965525662        47.656346892545905        113.72051124316130       0.10233959906746022        70.307304559345170        1326.2163558956979        3900.4550170472280             1083          72
 ../634_seed.dataconnected         455  0.12822554929868885       0.30200207673356477        58.342624930903426        137.41094491377197       0.18052404142285924        82.138438847400963        839.57650107205234        2006.2856015973439              997         252
 ../635_seed.dataconnected         613   6.8153266837575860E-002  0.16019813494881349        41.777952571434000        98.201456723622670        9.8885781509507886E-002   60.616984065328332        1308.0847723467748        3442.1046760334634              964          35
 ../636_seed.dataconnected         321  0.16893348846706902       0.38336687566852973        54.227649797929153        123.06076708959804       0.24324207213726096        78.080705156060773        483.52131653714503        814.05569461845926             1050         299
 ../637_seed.dataconnected         729   7.0201019226323588E-002  0.16903329810557968        51.176543015989893        123.22527431896759        9.4792884527622467E-002   69.104012820636783        1418.8363812503844        4150.3551899201084             1042          41
 ../638_seed.dataconnected         620   5.2670406014284653E-002  0.12845618148133234        32.655651728856483        79.642832518426047        7.7336375917374398E-002   47.948553068772128        1158.8268167021588        3053.3118517934895             1041         104
 ../639_seed.dataconnected         648   6.2294276029864051E-002  0.15157001359259312        40.366690867351906        98.217368808000344        8.4717958480330424E-002   54.897237095254113        1354.8303577695194        3843.3467252488840              943          44
 ../640_seed.dataconnected         477  0.10669389835838348       0.25905191202979710        50.892989516948923        123.56776203821322       0.15144752434923628        72.240469114585707        1123.2388304594353        2872.7983169909107              913          62
 ../641_seed.dataconnected         471   8.8332229274573015E-002  0.21261961746567518        41.604479988323888        100.14383982633301       0.11346370856665554        53.441406734894755        797.10872389066958        1727.3783407250799              930          76
 ../642_seed.dataconnected         743   6.0805203809684703E-002  0.14641363821645725        45.178266430595734        108.78533319482774        8.0511999178419807E-002   59.820415389565916        1411.0081542017299        3649.1160837766411             1046          53
 ../643_seed.dataconnected         600  0.12005130922923495       0.28366282263056897        72.030785537540964        170.19769357834139       0.15416216028269311        92.497296169615865        1011.6004910489451        2686.5115131059938              961          38
 ../644_seed.dataconnected         751   7.5311609301090501E-002  0.17966835684201396        56.559018585118963        134.93093598835247       0.10868375093533436        81.621496952436104        1447.6246136937170        4312.1944664345247             1012          55
 ../645_seed.dataconnected         506  0.10757454144415381       0.26092515041281522        54.432717970741827        132.02812610888449       0.15163753758502352        76.728594018021894        1105.5080721038853        2775.0545425665669              951         111
 ../646_seed.dataconnected         595   9.5231315460417867E-002  0.22885137258491378        56.662632698948634        136.16656668802369       0.13778347623184758        81.981168357949315        1317.6048688309095        3452.2936547372806              922          33
 ../647_seed.dataconnected         619  0.10617445821013943       0.24785532135428059        65.721989632076316        153.42244391829968       0.15173425537427956        93.923504076679052        1005.5398255460434        2369.1906151926823             1001         108
 ../648_seed.dataconnected         409   8.8050877031501024E-002  0.21389359637915031        36.012808705883920        87.482480919072472       0.11510551449455496        47.078155428272979        701.62243558917248        1432.9262365889913              990          93
 ../649_seed.dataconnected         470  0.12175932002097718       0.28769748039704424        57.226880409859277        135.21781578661080       0.16796800816027102        78.944963835327385        709.10742837853820        1481.8172337038700             1078         254
 ../650_seed.dataconnected         675   6.5633609564977838E-002  0.15830673987448182        44.302686456360043        106.85704941527523        9.0118964789298359E-002   60.830301232776392        1480.9510499171101        4365.3718096635685              962          51
 ../651_seed.dataconnected         776   7.0678656757351493E-002  0.16943870591891458        54.846637643704760        131.48443579307772       0.10066401788018438        78.115277875023082        1515.2987626465037        4552.7800258093339             1098          73
 ../652_seed.dataconnected         468   5.5143999875253841E-002  0.12896120156902607        25.807391941618796        60.353842334304204        7.4733953642412310E-002   34.975490304648957        917.89373009506767        2192.8218623971852              893          37
 ../653_seed.dataconnected         317  0.12130170040903342       0.29163925017720149        38.452639029663594        92.449642306172876       0.14907940785511140        47.258172290070313        593.96631284505963        972.09416646335728              973         111
 ../654_seed.dataconnected         460   9.4791126178839322E-002  0.22239026816118987        43.603918042266088        102.29952335414734       0.13126649228945425        60.382586453148953        956.03947059155280        2338.7200924096119              989          40
 ../655_seed.dataconnected         395   9.6156164156928819E-002  0.22703271432164945        37.981684841986883        89.677922157051540       0.14103974360571431        55.710698724257149        812.01393096281072        1667.6459157072356              909         242
 ../656_seed.dataconnected         465  0.11815313830121098       0.27916989519189378        54.941209310063101        129.81400126423060       0.15537884618057884        72.251163473969157        797.51950096543146        1722.1043195587554              934          61
 ../657_seed.dataconnected         655   9.7094759457454563E-002  0.23225684555807674        63.597067444632742        152.12823384054028       0.13708626797981635        89.791505526779716        1197.5563910543874        3241.0890018596047              957          46
 ../658_seed.dataconnected         345   9.0061981024054924E-002  0.21201878716561551        31.071383453298949        73.146481572137347       0.11290481773138958        38.952162117329408        602.32933279489362        1133.3539510021228             1009          78
 ../659_seed.dataconnected         365  0.10183087292604405       0.24671148896567477        37.168268618006081        90.049693472471290       0.13538170826176377        49.414323515543778        573.20171355163586        1084.1925960325320              903          47
 ../660_seed.dataconnected         446   9.7400697636619890E-002  0.23528454255519876        43.440711145932468        104.93690597961864       0.13488707134097810        60.159633818076237        900.29492371309925        1954.9932869741640              901          95
 ../661_seed.dataconnected         604   7.7903916727782546E-002  0.18342166744707780        47.053965703580658        110.78668713803499       0.10613602145278908        64.106156957484600        1069.6743718684259        2695.3432446900410              969         117
 ../662_seed.dataconnected         624  0.11038919304088393       0.25816438607917880        68.882856457511579        161.09457691340756       0.15080899497305955        94.104812863189153        1225.3023280776770        3186.6991364546707             1018          78
 ../663_seed.dataconnected         535  0.12857096241502944       0.30615455559069149        68.785464892040750        163.79268724101993       0.17991334821544580        96.253641295263506        935.28301939506628        2113.3219517605121             1026         118
 ../664_seed.dataconnected         689   7.8079794834204699E-002  0.18562947316488621        53.796978640767037        127.89870701060660       0.10182730787002678        70.159015122448452        1709.2248035345970        5135.9125729632806             1075          71
 ../665_seed.dataconnected         479  0.10973215328889051       0.26120701463642337        52.561701425378551        125.11816001084679       0.14499536628663204        69.452780451296746        815.15734694883770        1833.4377711774414              956          79
 ../666_seed.dataconnected         344   8.8369369121810759E-002  0.21287047975731679        30.399062977902901        73.227445036516983       0.12285953567874983        42.263680273489939        662.70797825159639        1256.6952848852725             1012          96
 ../667_seed.dataconnected         557   9.2715315703073550E-002  0.22202312521778084        51.642430846611965        123.66688074630393       0.11494831174970019        64.026209644583005        1404.5126542302851        3951.0686409800542             1013         135
 ../668_seed.dataconnected         291  0.11766857490081735       0.27775786157300142        34.241555296137847        80.827537717743411       0.17359830061050929        50.517105477658205        552.79535288861416        950.68888901658420              826          52
 ../669_seed.dataconnected         441   9.4987772697180659E-002  0.22436334128130053        41.889607759456673        98.944233505053532       0.13082211492146625        57.692552680366617        777.74560087597183        1681.6448512230795              913         126
 ../670_seed.dataconnected         397   8.7806381320975971E-002  0.21196726417936465        34.859133384427459        84.151003879207764       0.11089359549600675        44.024757411914678        709.43718901926422        1481.4270943523072              904         106
 ../671_seed.dataconnected         860   7.7093267821604750E-002  0.18423208822563369        66.300210326580086        158.43959587404498       0.10488595698775578        90.201923009469979        1549.0499718000863        4665.0265255000650             1113          20
 ../672_seed.dataconnected         799   6.9892079547638999E-002  0.16395606036765131        55.843771558563560        131.00089223375340        9.7124573614341278E-002   77.602534317858684        1652.9977386477767        4577.8201835309183             1065          35
 ../673_seed.dataconnected         429  0.11310376343332010       0.26885379707305562        48.521514512894321        115.33827894434086       0.15583869076171264        66.854798336774721        692.08924358582465        1486.2346451187175              971         126
 ../674_seed.dataconnected         525   8.3427400780382327E-002  0.20142871372140533        43.799385409700719        105.75007470373779       0.11282743073423283        59.234401135472240        1116.9387660772895        2678.7419953804615              824          40
 ../675_seed.dataconnected         455   9.9671828125603337E-002  0.23936205126664467        45.350681797149520        108.90973332632332       0.12535008981475534        57.034290865713679        984.00805291553877        2156.8148337832076              942          64
 ../676_seed.dataconnected         336   6.9981149072238402E-002  0.16894605183822578        23.513666088272103        56.765873417643860        9.9803433243136119E-002   33.533953569693736        879.10490582717603        1800.6239410055491              763          66
 ../677_seed.dataconnected         343  0.12979015908711911       0.30725082036657819        44.518024566881856        105.38703138573632       0.17063722931452233        58.528569654881160        563.93390876477190        1011.5182145955163             1010         127
 ../678_seed.dataconnected         772   6.8756904172272287E-002  0.16802940894100032        53.080330020994204        129.71870370245225        9.9748979809923075E-002   77.006212413260613        1738.4075869862695        5010.8524710283882             1099          39
 ../679_seed.dataconnected         261   9.1359513226328654E-002  0.22077697277134484        23.844832952071780        57.622789893321006       0.12812535825538995        33.440718504656779        433.44320042813825        682.67715239531037             1122         225
 ../680_seed.dataconnected         690   7.9257074568071406E-002  0.19104275147777680        54.687381451969273        131.81949851966598       0.10523535688682037        72.612396251906048        1406.6778911170097        3837.4196286209044             1060         118
 ../681_seed.dataconnected         722   7.2321195920221223E-002  0.17585200018702551        52.215903454399722        126.96514413503242       0.10193051786724686        73.593833900152234        1526.4565785556035        4855.1111504491882              951          36
 ../682_seed.dataconnected         706   8.5318267236690865E-002  0.20276777006464392        60.234696669103748        143.15404566563859       0.10799991854005497        76.247942489278813        1298.2539391359096        3561.8057626112040             1111          51
 ../683_seed.dataconnected         262  0.15264408489161663       0.36783663695638313        39.992750241603559        96.373198882572382       0.19946518295709353        52.259877934758507        410.18787726198605        639.79368906551315              946         175
 ../684_seed.dataconnected         655   5.6061375951837751E-002  0.13743261845435079        36.720201248453726        90.018365087599761        6.8979945933967696E-002   45.181864586748844        1375.5780905391950        3422.8783736474079              990          95
 ../685_seed.dataconnected         439  0.10030327152385682       0.24358962354451408        44.033136198973146        106.93584473604167       0.14017693084669222        61.537672641697888        906.79888128338564        2052.3364246404490             1061         172
 ../686_seed.dataconnected         428   8.7581077219272260E-002  0.20906563824398267        37.484701049848525        89.480093168424574       0.12983373496752043        55.568838566098748        782.22308469306222        1600.2087411959205             1069         228
 ../687_seed.dataconnected         507  0.10500875130479317       0.24718574681057001        53.239436911530142        125.32317363295900       0.14375386915719771        72.883211662699239        908.38587327119467        1854.8765372982396             1033          84
 ../688_seed.dataconnected         305  0.11993779494706365       0.28347904475909624        36.581027458854415        86.461108651524356       0.15476887398315153        47.204506564861219        761.66345213232592        1464.6543376090588              747          33
 ../689_seed.dataconnected         582   7.8638248677437073E-002  0.18913282914247076        45.767460730268375        110.07530656091798       0.11142903619907821        64.851699067863521        1195.3729894632506        3041.3290870566448              957          52
 ../690_seed.dataconnected         526  0.13587065568617857       0.32197321072872825        71.467964890929920        169.35790884331107       0.18454036058814080        97.068229669362054        1045.6726921595241        2299.6480562811953              861          81
 ../691_seed.dataconnected         713   8.8587992764256662E-002  0.21145944364692698        63.163238840915000        150.77058332025894       0.11604562830811585        82.740532983686606        1577.4267705355162        4797.0996290593430             1088          70
 ../692_seed.dataconnected         440   7.6346354845273981E-002  0.18473190670110343        33.592396131920552        81.282038948485507        8.9909429640283839E-002   39.560149041724891        777.52088693233259        1524.2759795251964              946         107
 ../693_seed.dataconnected         420   8.4085128955906960E-002  0.20245127482637218        35.315754161480925        85.029535427076311       0.11438543782297125        48.041883885647927        1166.1499134648818        2931.8053506193291             1028         266
 ../694_seed.dataconnected         443   9.7406236436803004E-002  0.23212884669857639        43.150962741503733        102.83307908746934       0.12592313501837443        55.783948813139872        804.26137534427642        1696.7881108929203              882          62
 ../695_seed.dataconnected         284  0.15061482462203507       0.34953734923009916        42.774610192657960        99.268607181348159       0.20047169399234624        56.933961093826333        515.79845332343314        927.30984696086568              866          52
 ../696_seed.dataconnected         518  0.12848893212984394       0.31362164804936088        66.557266843259157        162.45601368956895       0.15933506846741916        82.535565466123117        920.42461858774334        2178.4270195340205              951          48
 ../697_seed.dataconnected         559   8.4456254731563055E-002  0.19874062510889101        47.211046394943750        111.09600943587007       0.11407364148401272        63.767165589563113        1195.9298589616685        3195.4116534085861              978         134
 ../698_seed.dataconnected         566  0.12035167080828443       0.28118749934858006        68.119045677488984        159.15212463129632       0.17127564163242154        96.942013163950591        1009.8740994982905        2348.1533356705163             1087          72
 ../699_seed.dataconnected         647   7.6813916322382603E-002  0.18053902662756718        49.698603860581542        116.80875022803596       0.10588602374750897        68.508257364638297        1390.1634191450844        3773.4450694716725              937          36
 ../700_seed.dataconnected         553  0.10079103912457604       0.24359321345748847        55.737444635890554        134.70704704199113       0.13173773131634658        72.850965417939662        1001.0073478295029        2449.3971445760767             1021         137
 ../701_seed.dataconnected         728   3.8201107977735849E-002   9.4978651846286205E-002   27.810406607791698        69.144458544096352        4.9002098690187443E-002   35.673527846456459        1597.3664925004036        4226.3186029456519             1052          54
 ../702_seed.dataconnected         409   9.3802504255545788E-002  0.22481694577984668        38.365224240518231        91.950130823957295       0.12808007694105780        52.384751468892638        1036.5432368791712        2495.9534446566649              937         207
 ../703_seed.dataconnected         368  0.10245245139741260       0.24435972191310373        37.702502114247835        89.924377664022174       0.15216595867608287        55.997072792798498        752.66262234889462        1440.7792223205081              831          45
 ../704_seed.dataconnected         491  0.10142046456570708       0.23967045720727131        49.797448101762178        117.67819448877022       0.13453822294075751        66.058267463911932        1165.2014895219163        2777.6731483785120              920          75
 ../705_seed.dataconnected         824   8.3319809521387178E-002  0.20060371428126672        68.655523045623028        165.29746056776378       0.11736125822180776        96.705676774769600        1679.7479220940179        5398.5798158216676             1131          48
 ../706_seed.dataconnected         508   6.4160827896369774E-002  0.15063933939993385        32.593700571355846        76.524784415166394        7.6722367236949710E-002   38.974962556370450        1164.7915701229219        2957.6599664939781              889          63
 ../707_seed.dataconnected         748   5.5003672752211824E-002  0.12874955319290032        41.142747218654442        96.304665788289441        8.5098555883336688E-002   63.653719800735843        1597.4069318053357        4756.8656465877093             1027          28
 ../708_seed.dataconnected         256  0.16616079744783688       0.38973126069283648        42.537164146646241        99.771202737366139       0.22033193035497028        56.404974170872393        439.37817966056650        656.35965790141199              810         151
 ../709_seed.dataconnected         778   6.7419670203563917E-002  0.16146728381513911        52.452503418372729        125.62154680817822        9.0647276767358759E-002   70.523581325005111        1535.9269716825947        4779.9099890434190             1075          49
 ../710_seed.dataconnected         562  0.11215954252153634       0.26240247724926646        63.033662897103426        147.47019221408775       0.16275878265095647        91.470435849837543        1065.3839885692328        2356.6769378793979              962          42
 ../711_seed.dataconnected         626   8.5515326659648686E-002  0.20136360687293006        53.532594488940077        126.05361790245422       0.12135921362177043        75.970867727228296        1067.8467679148553        2711.2743867262475             1061          57
 ../712_seed.dataconnected         345  0.12743587389851305       0.29276375453421838        43.965376494986998        101.00349531430534       0.17561641185694818        60.587662090647122        565.81923482975367        1074.6469554661955              882          55
 ../713_seed.dataconnected         870   4.3415002193284417E-002  0.10594225837457033        37.771051908157446        92.169764785876183        6.5027880148046918E-002   56.574255728800821        1631.4438725664238        4851.9022989731639             1088          46
 ../714_seed.dataconnected         385  0.10278260327294067       0.24869494829064695        39.571302260082156        95.747555091899073       0.14023683134146597        53.991180066464402        783.72502528813322        1654.2723608340168              866          56
 ../715_seed.dataconnected         368  0.13773996475475836       0.33337142237637435        50.688307029751073        122.68068343450577       0.17480969051801673        64.329966110630153        529.52178899966191        950.26483042031055              970          65
 ../716_seed.dataconnected         489  0.11027498739471779       0.26619542835331822        53.924468836016999        130.16956446477261       0.15356947707424765        75.095474289307106        819.31974039604245        1903.4160501430883              931         172
 ../717_seed.dataconnected         392  0.10881963481089417       0.25855947093664688        42.657296845870512        101.35531260716557       0.14230721728601431        55.784429176117612        775.03800249919925        1579.7012052273337              904          66
 ../718_seed.dataconnected         377  0.11539490910906185       0.27760452995750345        43.503880734116315        104.65690779397880       0.15102810983184198        56.937597406604425        652.41238685287158        1308.2174659921832             1006         294
 ../719_seed.dataconnected         883   5.4517902721576791E-002  0.12647501767261266        48.139308103152310        111.67744060491698        8.0294040694392235E-002   70.899637933148341        1804.3366599218818        5718.6724214306732             1135          64
 ../720_seed.dataconnected         540  0.11823574025463032       0.27830451240412196        63.847299737500371        150.28443669822585       0.17148273539040970        92.600677110821238        916.78262955537332        2006.7185189563377              991         141
 ../721_seed.dataconnected         748   5.7493783014649857E-002  0.13975981833265280        43.005349694958092        104.54034411282430        7.7963366247351451E-002   58.316597953018885        1450.7589755833485        4105.3594166371977             1130          89
 ../722_seed.dataconnected         511   9.5849305487431716E-002  0.23149930071082514        48.978995104077605        118.29614266323165       0.12477939044584915        63.762268517828915        1189.4629869169864        2801.0430968284109             1007          60
 ../723_seed.dataconnected         443  0.10860178662569779       0.26344000541993962        48.110591475184123        116.70392240103325       0.14229069021459470        63.034775765065454        794.27155754662203        1766.0942795163528             1018         141
 ../724_seed.dataconnected         593   8.5912908570829158E-002  0.20218017925767770        50.946354782501693        119.89284629980287       0.12132777625835173        71.947371321202567        897.39079250584859        2137.5006813008408              936          62
 ../725_seed.dataconnected         509   6.7733453874454508E-002  0.16029230173118186        34.476328022097341        81.588781581171574       0.10950480392315788        55.737945196887360        1033.0082771168593        2528.6192485105421              958          78
 ../726_seed.dataconnected         472  0.10509444454365545       0.25239310009240579        49.604577824605371        119.12954324361553       0.14142549397661586        66.752833156962680        1052.6547325554393        2411.2086678267733              881          49
 ../727_seed.dataconnected         554   7.7839806982775137E-002  0.18439676027548069        43.123253068457423        102.15580519261630       0.11075876744574323        61.360357164941746        1190.9994781332605        2744.9370258572690              972          37
 ../728_seed.dataconnected         416  0.10516169837604465       0.25048362681988290        43.747266524434572        104.20118875707129       0.14329484956433675        59.610657418764085        714.20745394886796        1482.3016040129276              939         162
 ../729_seed.dataconnected         560   5.1912563107246110E-002  0.12392319438301150        29.071035340057822        69.396988854486438        7.7631294448511481E-002   43.473524891166427        1183.8291190941857        3232.8145931365366              954          75
 ../730_seed.dataconnected         256  0.14786767281901719       0.34292525482509356        37.854124241668401        87.788865235223952       0.20067580654999001        51.373006476797443        477.87260322006659        719.86974402938108              804          95
 ../731_seed.dataconnected         286  0.15888551801492745       0.37109416672087342        45.441258152269249        106.13293168216980       0.20391266267586444        58.319021525297231        449.14761606320485        730.43167866497481              847         121
 ../732_seed.dataconnected         481   9.8383078743186220E-002  0.23407711057112324        47.322260875472573        112.59109018471028       0.13645813594164180        65.636363387929705        799.17863663851335        1680.8332146715043              917          50
 ../733_seed.dataconnected         612   6.9753873756465204E-002  0.16788227148443183        42.689370738956704        102.74395014847228        8.5798402866200052E-002   52.508622554114432        1317.2179549049654        3691.6730886856858              931          42
 ../734_seed.dataconnected         446  0.12547479919670368       0.29697921199538307        55.961760441729844        132.45272854994084       0.17354045356696790        77.399042290867683        898.58327668370589        1978.7634509013646             1024         149
 ../735_seed.dataconnected         344   9.7774118729391568E-002  0.23123368879156386        33.634296842910700        79.544388944297964       0.12586990785017477        43.299248300460121        564.57982899899184        1047.7505297234075              999         164
 ../736_seed.dataconnected         787   6.5341610422899196E-002  0.15983912882956461        51.423847402821664        125.79339438886734        7.9635195583137211E-002   62.672898923928983        1444.7523179925586        4177.5963532221213             1235         161
 ../737_seed.dataconnected         263  0.14776207629762689       0.35398634902252013        38.861426066275868        93.098409792922794       0.20282579486203481        53.343184048715152        393.15112469271406        574.65674319813718             1012         140
 ../738_seed.dataconnected         433  0.14549010668353171       0.34536475285885482        62.997216193969230        149.54293798788413       0.18688286194484163        80.920279222116420        740.77695553796298        1496.3136602878574             1129         378
 ../739_seed.dataconnected         319  0.11856901453353831       0.29090942278933596        37.823515636198721        92.800105869798173       0.14912106491575219        47.569619708124947        623.41007661801780        1175.3405232017330              835          59
 ../740_seed.dataconnected         664   8.9767796746944045E-002  0.21134534233227270        59.605817039970844        140.33330730862906       0.11319445716039568        75.161119554502733        1219.9872956717277        3113.5755318609877             1026          42
 ../741_seed.dataconnected         631   7.4350168160149985E-002  0.17586928675069136        46.914956109054643        110.97351993968624       0.11232163749618317        70.874953260091573        1306.5128420639574        3763.0304971609480             1077         105
 ../742_seed.dataconnected         522  0.10285171163221220       0.24722709433944795        53.688593472014766        129.05254324519183       0.13311132546408458        69.484111892252145        775.85645247478465        1663.9595427861732             1012         182
 ../743_seed.dataconnected         592  0.11216930950940621       0.26715458545953547        66.404231229568481        158.15551459204499       0.14739010439852346        87.254941803925888        1296.3890438486387        3497.0544880723087              998          47
 ../744_seed.dataconnected         569  0.11216505801413434       0.26535210520282565        63.821918010042445        150.98534786040778       0.15071826893041429        85.758695021405728        999.76669554979128        2491.5612462326640              946          34
 ../745_seed.dataconnected         314  0.12207108850227054       0.29318557806152845        38.330321789712947        92.060271511319939       0.16900459143661700        53.067441711097736        598.02967751653409        1029.5737316453867             1067         127
 ../746_seed.dataconnected         432   9.5887852704233500E-002  0.23083235227183152        41.423552368228869        99.719576181431222       0.14020568824625423        60.568857322381831        915.42638421809067        2083.5924370293174             1041         166
 ../747_seed.dataconnected         458   9.6611538942448741E-002  0.22646291316258885        44.248084835641521        103.72001422846569       0.14258300055569198        65.303014254506934        896.07340371354883        2009.3260025246832              916         143
 ../748_seed.dataconnected         413  0.13233553851002910       0.32060788877254981        54.654577404642019        132.41105806306308       0.18202157898639601        75.174912121381553        788.01070322982787        1753.1386254891643              907          57
 ../749_seed.dataconnected         606   7.9659426253286106E-002  0.18624349320208222        48.273612309491384        112.86355688046183       0.10845417975926103        65.723232934112175        1192.7734714260030        3080.6514379146847             1104         155
 ../750_seed.dataconnected         453  0.10788797182911176       0.25379819670926695        48.873251238587628        114.97058310929793       0.14355178750178738        65.028959738309680        714.93558001310976        1423.7744539153834             1023         110
 ../751_seed.dataconnected         879   4.4769433644419411E-002  0.10777898571141005        39.352332173444665        94.737728440329434        5.9839215351756035E-002   52.598670294193553        2174.4095617575204        7511.2657392994342             1169          67
 ../752_seed.dataconnected         555   7.7373533749505341E-002  0.18720304787047459        42.942311230975463        103.89769156811340       0.10619767970154927        58.939712234359845        1157.7509232392119        2990.1830719391646              993         114
 ../753_seed.dataconnected         681   5.8113428007352030E-002  0.13922251747120723        39.575244473006734        94.810534397892127        9.0814181681137210E-002   61.844457724854443        1289.3485302907950        3412.1269656694944             1028          67
 ../754_seed.dataconnected         431  0.14560907941312790       0.34700477640366068        62.757513227058126        149.55905862997776       0.18162561328508336        78.280639325870936        774.25264829842524        1678.3546995318857             1035         244
 ../755_seed.dataconnected         639   8.6331041728910665E-002  0.20632893948054265        55.165535664773913        131.84419232806675       0.12020747958325317        76.812579453698774        1486.9587490550639        4179.4304311442720             1047          54
 ../756_seed.dataconnected         364   8.9877684696032273E-002  0.21733803294794599        32.715477229355749        79.111043993052334       0.11181702423393043        40.701396821150674        753.36374322683776        1471.8128383726989             1037         316
 ../757_seed.dataconnected         691   7.1609240167687105E-002  0.17309606744058331        49.481984955871788        119.60938260144307        8.5805767440188516E-002   59.291785301170265        1501.5100241099985        3920.7697879895823              933          54
 ../758_seed.dataconnected         287  0.14682035196226836       0.34519237643036360        42.137441013171021        99.070212035514359       0.19219764434488593        55.160723926982264        376.52808027552516        525.44270738485511              900         166
 ../759_seed.dataconnected         308  0.15276668987548594       0.35993271845111796        47.052140481649673        110.85927728294433       0.20493380248231902        63.119611164554257        396.72123446696702        638.33490456911261              972         115
 ../760_seed.dataconnected         523   9.2346715131861171E-002  0.21740292782429319        48.297332013963391        113.70173125210533       0.12688673016377461        66.361759875654116        813.40762570885227        1805.8223026229691             1100          85
 ../761_seed.dataconnected         451  0.10256618541705967       0.24717377737421675        46.257349623093909        111.47537359577176       0.14575280850056241        65.734516633753643        1142.1215949045279        2791.4287546560322              865          85
 ../762_seed.dataconnected         767   7.9801350784864764E-002  0.19246294836225752        61.207636051991273        147.61908139385153       0.11071795260200662        84.920669645739082        1536.9438521505392        4260.9196053624746             1073          23
 ../763_seed.dataconnected         729   8.2723894175631876E-002  0.19778964977083763        60.305718854035639        144.18865468294064       0.11792547864299464        85.967673930743089        1502.3945430499898        4201.3339517292770             1111          51
 ../764_seed.dataconnected         913   5.0272354330753985E-002  0.11923555525405381        45.898659503978386        108.86206194695113        6.7364776166578294E-002   61.504040640085982        1614.9624397071614        4995.0166360768799             1085          20
 ../765_seed.dataconnected         339  0.13239924623027474       0.31212859236668344        44.883344472063136        105.81159281230569       0.19326420030254579        65.516563902563021        723.90194355569088        1422.5195953778050              927          67
 ../766_seed.dataconnected         477  0.13206722604451454       0.31960772972699114        62.996066823233434        152.45288707977477       0.17139466892120817        81.755257075416296        893.03470595937972        2045.9993925452934              991          99
 ../767_seed.dataconnected         604  0.10670945255375948       0.25747520974857319        64.452509342470719        155.51502668813819       0.13810486714498371        83.415339755570159        1235.0645728863099        2779.0365140140912             1007          52
 ../768_seed.dataconnected         616   7.0213209376386476E-002  0.16775122984535307        43.251336975854066        103.33475758473749        9.4212818081335470E-002   58.035095938102650        1524.4245838559696        4459.5486133950235              938          34
 ../769_seed.dataconnected         345  0.11550323984636428       0.27817638204078488        39.848617746995679        95.970851804070776       0.13960755062420024        48.164604965349085        558.00374475791170        922.36202084930892             1087         221
 ../770_seed.dataconnected         414  0.13104143462386472       0.31407977930938824        54.251153934279998        130.02902863408673       0.17588075592385269        72.814632952475009        724.28472381039956        1353.6242612521544              925          53
 ../771_seed.dataconnected         294  0.11982816197209584       0.28798570111094646        35.229479619796173        84.667796126618256       0.17361722055058820        51.043462841872930        643.99729337141252        1200.3152228578342              926         185
 ../772_seed.dataconnected        1030   7.6427065188901799E-002  0.18295799563774628        78.719877144568855        188.44673550687867        9.6231056331270839E-002   99.117988021208959        2045.4037985950968        7141.6705505228028             1269          89
 ../773_seed.dataconnected         364   9.9498762387693465E-002  0.23335560550538575        36.217549509120424        84.941440403960414       0.14648979497838424        53.322285372131866        602.00938835917850        1088.5710023251188             1066         296
 ../774_seed.dataconnected         552   9.2415906844628415E-002  0.21876810400247632        51.013580578234887        120.75999340936693       0.12513865798406590        69.076539207204377        988.69563220026623        2377.5212647952430             1019          84
 ../775_seed.dataconnected         328  0.11341654927648413       0.26760338025195657        37.200628162686797        87.773908722641750       0.14744031074961755        48.360421925874554        619.68897536416125        1041.6704790169106              810          45
 ../776_seed.dataconnected         451  0.15878012522363372       0.37554291122962341        71.609836475858813        169.36985296456015       0.20639660442857974        93.084868597289457        832.79937774490645        1857.2528648664349             1001          77
 ../777_seed.dataconnected         406  0.10717360577876869       0.25503940245651058        43.512483946180090        103.54599739734330       0.14752630953518908        59.895681671286766        819.99187097389927        1776.1352520160117              944         129
 ../778_seed.dataconnected         289  0.17495978782358482       0.41454159396202117        50.563378681016012        119.80252065502413       0.22675833342014107        65.533158358420764        738.20412791423325        1504.8570033066549              825          63
 ../779_seed.dataconnected         581   6.0443671445379363E-002  0.14049328419842880        35.117773109765409        81.626598119287138        8.5932275187115825E-002   49.926651883714293        1173.5196459585188        3042.8386278875341             1054          65
 ../780_seed.dataconnected         211  0.19354215841736552       0.46135150066331820        40.837395426064127        97.345166639960141       0.24203738811847078        51.069888892997334        309.88882244266927        387.61596819930429              890         163
 ../781_seed.dataconnected         597   5.4018307937636123E-002  0.12481553698057057        32.248929838768767        74.514875577400630        9.1281788441415213E-002   54.495227699524882        1339.7115699209871        3867.9705204132906             1004          33
 ../782_seed.dataconnected         658   6.7464398159123862E-002  0.16012477979273648        44.391573988703499        105.36210510362061        9.8326765589153015E-002   64.699011757662689        1705.4957252019831        5051.6770798793968             1031          61
 ../783_seed.dataconnected         348  0.10815629270562535       0.25607633905073712        37.638389861557620        89.114565989656512       0.13805923554671642        48.044613970257316        577.31070467553025        942.97765339900684              885          77
 ../784_seed.dataconnected         399   9.9438497697781181E-002  0.23794426234552218        39.675960581414692        94.939760675863354       0.13971067388518255        55.744558880187839        594.77192393467328        1152.2242621326986              880          52
 ../785_seed.dataconnected         442   8.8040327454051187E-002  0.21170948699749176        38.913824734690621        93.575593252891352       0.12195003079507996        53.901913611425343        953.18340964559945        2273.7924301086759              890          60
 ../786_seed.dataconnected         423  0.11328213734467506       0.27278791696757221        47.918344096797547        115.38928887728305       0.15955583841498749        67.492119649539717        871.14250429018659        1880.9199536780009              866          57
 ../787_seed.dataconnected         357   7.7247040588054011E-002  0.18415340898479490        27.577193489935283        65.742767007571786        9.8130201561959854E-002   35.032481957619666        740.65604490031967        1439.9172932600959              865         110
 ../788_seed.dataconnected         344  0.18718198281510404       0.43599114634291058        64.390602088395795        149.98095434196125       0.24232415053002265        83.359507782327796        455.93285506164551        771.35929831758074              878          60
 ../789_seed.dataconnected         446  0.10530557502340460       0.24662389017374128        46.966286460438447        109.99425501748861       0.13506849747935112        60.240549875790599        955.26717260251519        2062.5941511559058              940          77
 ../790_seed.dataconnected         441  0.12769622562041344       0.30259759225667082        56.314035498602330        133.44553818519182       0.18071427319746383        79.694994480081547        755.75241165104376        1615.1449283544284              965          77
 ../791_seed.dataconnected         330  0.10476979119897341       0.25164767383957787        34.574031095661226        83.043732367060699       0.13512088677241152        44.589892634895804        836.11192563254963        1613.4950562231936              827          50
 ../792_seed.dataconnected         402  0.10292294905412866       0.24974120715452289        41.375025519759724        100.39596527611820       0.13631241623384233        54.797591326004614        876.66590637016975        1747.4226294371870              885          93
 ../793_seed.dataconnected         358  0.11170111928000821       0.26697555085134056        39.989000702242940        95.577247204779923       0.14604957145293748        52.285746580151617        663.18940016285717        1291.1735869364145              864          60
 ../794_seed.dataconnected         294  0.11351955529218034       0.27534675618407428        33.374749255901023        80.951946318117834       0.15577321449326756        45.797325061020665        478.21235237075723        810.52243440692712              798         129
 ../795_seed.dataconnected         389  0.12289628723639515       0.29193225447216897        47.806655734957715        113.56164698967373       0.15829397748238977        61.576357240649621        903.34464435951884        1937.5212788459371             1066         149
 ../796_seed.dataconnected         441   5.9516042652311731E-002  0.13978685576121627        26.246574809669472        61.646003390696379        8.6658138980302113E-002   38.216239290313233        759.28279231405929        1610.7893156056248             1032         102
 ../797_seed.dataconnected         344  0.13709731607039835       0.32709283154582908        47.161476728217032        112.51993405176520       0.18307890233461949        62.979142403109101        634.54702468391690        1235.6250288219519              922         113
 ../798_seed.dataconnected         404  0.11773776676623107       0.27506854022586474        47.566057773557354        111.12769025124936       0.16982688638841045        68.610062100917830        697.14428606096817        1414.8839448841791              890          62
 ../799_seed.dataconnected         984   9.8580501796280598E-002  0.23431948566542249        97.003213767540103        230.57037389477574       0.13605279113528351        133.87594647711899        2246.7058525103184        8223.6919664849538             1172          52
 ../800_seed.dataconnected         726   5.6840711343575136E-002  0.13800385579064917        41.266356435435547        100.19079930401129        8.0966823526846879E-002   58.781913880490833        1873.0439975254840        6002.7123579189547             1042          84
 ../801_seed.dataconnected         407  0.11578903279939014       0.27111694774484690        47.126136349351789        110.34459773215269       0.14856077415909716        60.464235082752545        683.81398927282305        1428.3558717834392              952          66
 ../802_seed.dataconnected         537  0.10933672738993946       0.25800035751804623        58.713822608397493        138.54619198719084       0.14166648484663646        76.074902362643783        1143.1456734920059        2732.6559972535688             1045         113
 ../803_seed.dataconnected         683   6.2233776712932558E-002  0.14815966694112012        42.505669494932938        101.19305252078505        9.5021220260226510E-002   64.899493437734705        1551.8631031325904        4420.0203225568284             1026         124
 ../804_seed.dataconnected         774   7.1902216600904664E-002  0.17106945562760964        55.652315649100210        132.40775865576987        9.6514726473393292E-002   74.702398290406407        1344.2758076254509        3696.4251883512511             1098          90
 ../805_seed.dataconnected         860   6.2421789859185561E-002  0.15400852176080851        53.682739278899582        132.44732871429531        8.5533747243174404E-002   73.559022629129984        1881.3118436337686        6072.5137237494664             1121          60
 ../806_seed.dataconnected         521   9.3261986942690805E-002  0.22344837327017059        48.589495197141908        116.41660247375887       0.13407797906124394        69.854627090908096        1204.8568945347729        3110.7112486310530              981         169
 ../807_seed.dataconnected         826   5.1105465208104002E-002  0.12032256340602533        42.213114261893907        99.386437373376921        6.9838081147032036E-002   57.686255027448460        1525.6028682873000        4444.9512257709766             1140          40
 ../808_seed.dataconnected         600   7.2748250692684577E-002  0.17366785117560329        43.648950415610749        104.20071070536197        9.7857221980131276E-002   58.714333188078768        1233.6069352788891        2913.7183708211483              942          47
 ../809_seed.dataconnected         563   8.0113686935995562E-002  0.19290559265010945        45.104005744965498        108.60584866201162       0.10491102958008197        59.064909653586149        1404.9708639023142        3626.3593246923724              944          44
 ../810_seed.dataconnected         313   9.3892149516431031E-002  0.22245424075628006        29.388242798642914        69.628177356715653       0.12486877631656911        39.083926987086130        497.51294715552257        872.38447649590103             1039         150
 ../811_seed.dataconnected         446  0.11819794047960019       0.28043894079557519        52.716281453901686        125.07576759482653       0.15432062025028767        68.826996631628305        631.87090697510587        1216.0682801682572              867          61
 ../812_seed.dataconnected         883   6.9208793028713564E-002  0.16530099605592471        61.111364244354078        145.96077951738152        9.9414875971473110E-002   87.783335482810756        1598.2655985185704        4948.8279120143288             1167          66
 ../813_seed.dataconnected         371   8.4710482248399013E-002  0.20798192840105517        31.427588914156033        77.161295436791463       0.11834418006816765        43.905690805290199        929.52735087376720        2107.3509201052311              863          77
 ../814_seed.dataconnected         830   9.3172960890368722E-002  0.22384519429298244        77.333557539006037        185.79151126317544       0.12462174616727577        103.43604931883888        1718.6136579260587        5478.3647496888407             1087          20
 ../815_seed.dataconnected         616  0.10546117956978375       0.24941058157666116        64.964086614986783        153.63691825122328       0.14843382776467820        91.435237903041767        1278.1919497972794        3389.4379856223636             1020          60
 ../816_seed.dataconnected         384  0.12126641158451798       0.29040091804693097        46.566302048454901        111.51395253002150       0.15020826378078606        57.679973291821845        614.16049628029384        1184.4957126778859             1024         299
 ../817_seed.dataconnected         587   7.4827669584982492E-002  0.18178039337306418        43.923842046384721        106.70509090998867       0.10132202285508167        59.476027415932940        1403.1202342066870        3963.4933731016354              918          30
 ../818_seed.dataconnected         615   8.3938032656830933E-002  0.19788929857528256        51.621890083951023        121.70191862379878       0.11023559343052394        67.794889959772220        1073.9943007602626        2584.7281827172410             1035         154
 ../819_seed.dataconnected         409  0.13487565826867395       0.31931245888868687        55.164144231887647        130.59879568547294       0.17668487055583434        72.264112057336249        838.56212709450188        1777.8416602780449              906          48
 ../820_seed.dataconnected         277  0.13465257696145602       0.31995616391473880        37.298763818323316        88.627857404382652       0.18792403471645605        52.054957616458324        506.89536983690300        860.78479131181314              938         123
 ../821_seed.dataconnected         344   8.5201719641670920E-002  0.19946706036493933        29.309391556734795        68.616668765539131       0.12369363070409083        42.550608962207242        617.47337543952119        1118.3571497059920              908         192
 ../822_seed.dataconnected         437   8.5615811457674870E-002  0.20637306627553570        37.414109607003915        90.185029962409104       0.13067363753352457        57.104379602150239        849.77508150050608        1915.1475967630161             1029         120
 ../823_seed.dataconnected         745  0.11584227782246750       0.27776900865682885        86.302496977738286        206.93791144933749       0.16091849040555528        119.88427535213869        1306.6994370448374        3876.1020762085918             1108          89
 ../824_seed.dataconnected         644   8.7077629645720550E-002  0.20603865970966273        56.077993491844033        132.68889685302281       0.11511273009144797        74.132598178892493        1426.9418962059788        3804.6014789348728             1038          87
 ../825_seed.dataconnected         652   6.2956917609685636E-002  0.14861973586537311        41.047910281515037        96.900067784223268        8.3654579421839168E-002   54.542785783039136        1454.5291848839595        4362.5337308308181             1013          63
 ../826_seed.dataconnected         349  0.11314125244852163       0.26782282159547927        39.486297104534053        93.470164736822269       0.16327698086881223        56.983666323215466        650.70185550154645        1193.6940484389947              945         212
 ../827_seed.dataconnected         521   8.3600487869328222E-002  0.20145403860150371        43.555854179920004        104.95755411138343       0.10976532865127041        57.187736227311881        960.68489592927256        2178.1714107317621             1023          69
 ../828_seed.dataconnected         576   9.4333507246623705E-002  0.22141874219422730        54.336100174055254        127.53719550387493       0.14284503251750830        82.278738730084783        1183.1838425854130        2947.1213146690702              936          40
 ../829_seed.dataconnected         364   8.4618372285151858E-002  0.20793380806697612        30.801087511795277        75.687906136379311       0.11744869799788883        42.751326071231532        663.05091844605101        1362.5898539673658              921         168
 ../830_seed.dataconnected         433   8.8042009533848817E-002  0.21299606495972814        38.122190128156539        92.227296127562283       0.12326305227802016        53.372901636382728        984.44699779601751        2303.4629140230172             1076         385
 ../831_seed.dataconnected         556   7.8788066044353039E-002  0.18696151532667504        43.806164720660291        103.95060252163132       0.10625654459769973        59.078638796321052        1223.5591474041807        3166.3409996201872              941          55
 ../832_seed.dataconnected         369  0.10298068375649508       0.24287696890308361        37.999872306146685        89.621601525237850       0.13619245484865308        50.255015839152989        604.17522194069124        1084.2445206429293             1024         329
 ../833_seed.dataconnected         402   9.1996042862350150E-002  0.22247322409810733        36.982409230664757        89.434236087439146       0.13735691084075632        55.217478157984040        809.50629545080892        1780.5554898246785              926         106
 ../834_seed.dataconnected         370  0.15505011493721019       0.36301192712856506        57.368542526767769        134.31441303756907       0.20258571640019235        74.956715068071176        513.56392355692094        899.47249284085524             1010         170
 ../835_seed.dataconnected         558  0.11522043464643848       0.26895676718013495        64.293002532712677        150.07787608651529       0.15161668242225401        84.602108791617738        1231.7618669130286        2754.4148129707673             1087          64
 ../836_seed.dataconnected         548  0.12773207735152342       0.30631732840586900        69.997178388634836        167.86189596641623       0.17727231458675904        97.145228393543960        809.95117931916855        1783.7730176315029             1100         127
 ../837_seed.dataconnected         577   5.4290376221031930E-002  0.13212997792187536        31.325547079535422        76.238997260922091        7.3130782594594462E-002   42.196461557081008        1089.2701252326840        2837.7157421873094              959          90
 ../838_seed.dataconnected         580  0.10149210080036807       0.24131933041197010        58.865418464213477        139.96521163894266       0.13815795541466921        80.131614140508148        1089.8617253521813        2823.7776279719801             1042         175
 ../839_seed.dataconnected         366  0.15869540795528062       0.37718270964856626        58.082519311632709        138.04887173137524       0.20778671236530366        76.049936725701144        558.21279661325480        994.34252514299681              981         199
 ../840_seed.dataconnected         477   9.3569333716070749E-002  0.22377866487454473        44.632572182565745        106.74242314515783       0.13441122910847592        64.114156284743018        931.85478276312858        2178.6006242874651              968          97
 ../841_seed.dataconnected         399  0.12424510774447316       0.28815977619532507        49.573797990044788        114.97575070193470       0.16376001603194282        65.340246396745187        597.18164128014166        1080.4501230777598             1065         134
 ../842_seed.dataconnected         435  0.11220802157142964       0.27085387691242824        48.810489383571898        117.82143645690628       0.14412680732839578        62.695161187852165        779.79984988390925        1632.8002982952269              904         127
 ../843_seed.dataconnected         364  0.14049304497164272       0.32627868723526116        51.139468369677950        118.76544215363506       0.19388991592485294        70.575929396646472        551.59561862414489        874.63252890850356             1017         151
 ../844_seed.dataconnected         311  0.10693959136650452       0.25578401357370517        33.258212914982906        79.548828221422312       0.13436188803728083        41.786547179594336        706.34029342689576        1218.5490155213683              923         254
 ../845_seed.dataconnected         457   8.1428356601740456E-002  0.19496971110149311        37.212758966995388        89.101157973382357       0.11436089405113635        52.262928581369309        834.28400567546282        1951.2576962303494              920          70
 ../846_seed.dataconnected         690   6.2566709839820184E-002  0.14699573313757097        43.171029789475924        101.42705586492397        8.4989127787140947E-002   58.642498173127251        1422.6552679017177        4110.1666142195945             1060          61
 ../847_seed.dataconnected         287  0.17359233187070497       0.41404391926052875        49.820999246892328        118.83060482777175       0.23157204431559045        66.461176718574464        476.76813628105754        714.75686924844695              995         170
 ../848_seed.dataconnected         609   9.4676168142090802E-002  0.22503103678529501        57.657786398533297        137.04390140224467       0.13031996014578259        79.364855728781606        1162.4677968793221        3139.5156895541504              954          39
 ../849_seed.dataconnected         484  0.10431114844913120       0.24949939239751817        50.486595849379498        120.75770592039879       0.13240858603381811        64.085755640367964        972.86991438647544        2269.7019952508472              939          74
 ../850_seed.dataconnected         917   2.9466678387518090E-002   7.5175122701585537E-002   27.020944081354088        68.935587517353937        3.9116667277096479E-002   35.869983893097469        1801.3588368579753        6173.3940719770135             1165          40
 ../851_seed.dataconnected         714   6.0862641003448605E-002  0.14680224400989744        43.455925676462307        104.81680222306677        7.7064617924551063E-002   55.024137198129459        1567.8102289102949        4391.7826334287920             1072          70
 ../852_seed.dataconnected         678   7.8052065540152010E-002  0.18867727401894005        52.919300436223061        127.92319178484135       0.10616524402629893        71.980035449830666        1232.0783801942653        3260.0921724490768             1073          72
 ../853_seed.dataconnected         613   6.1618632147203131E-002  0.14828853675937506        37.772221506235518        90.900873033496907        8.1965232161572449E-002   50.244687315043912        1215.3804534248188        3073.4172985687983             1005          65
 ../854_seed.dataconnected         589   8.2746269284750373E-002  0.19693878205138324        48.737552608717969        115.99694262826473       0.10990585209145186        64.734546881865143        997.32158951972974        2409.9571931558071             1004          56
 ../855_seed.dataconnected         333   8.2235594805007320E-002  0.19581474859464804        27.384453070067437        65.206311282017793       0.11057250437771485        36.820643957779048        558.59184128230811        1033.6119044276040              990         135
 ../856_seed.dataconnected         734   6.3849544275849032E-002  0.15381351009061697        46.865565498473188        112.89911640651286        8.2426032955429038E-002   60.500708189284914        1626.5574049248785        4852.0551424788373             1038          52
 ../857_seed.dataconnected         497  0.10187551829069136       0.24421378410422370        50.632132590473603        121.37425069979918       0.14991983787985519        74.510159426288027        1000.2635630653675        2443.1726569577099              932          69
 ../858_seed.dataconnected         474  0.11419729812046059       0.27431947949344754        54.129519309098320        130.02743327989413       0.15467654016897980        73.316680040096429        1015.9995267516770        2382.7560699459405              948          82
 ../859_seed.dataconnected         805   5.8365442397346395E-002  0.14037706763271246        46.984181129863849        113.00353944433353        7.7828689526442257E-002   62.652095068786018        1934.8735417791038        6190.6193679901608             1092          25
 ../860_seed.dataconnected         429   8.7848996631503334E-002  0.20808292285103555        37.687219554914932        89.267573903094245       0.11588916495830869        49.716451767114428        860.78812867994623        1954.0727342697689              926          37
 ../861_seed.dataconnected         538  0.11368363032520784       0.26889124407816667        61.161793114961817        144.66348931405366       0.15435525463119587        83.043126991583378        984.43088165023460        2185.6238650159430             1001          97
 ../862_seed.dataconnected         588   8.4811848982759605E-002  0.20245290714521341        49.869367201862644        119.04230940138548       0.12676404421276288        74.537257997104575        1111.1985665097077        2709.7740490537612              986          51
 ../863_seed.dataconnected         344   9.7450403179115269E-002  0.23498930507542604        33.522938693615650        80.836320945946554       0.12499558154329281        42.998480050892724        821.62531927657460        1780.9543624308922              850          78
 ../864_seed.dataconnected         365   8.2684608857866340E-002  0.19780075645398540        30.179882233121216        72.197276105704674       0.10912823092346717        39.831804287065516        853.03077430747885        1863.8430613647527              957         262
 ../865_seed.dataconnected         679   5.1249666074220580E-002  0.12221155331731332        34.798523264395776        82.981644702455739        7.0221209921972186E-002   47.680201537019116        1427.7861807526037        4152.7789673907673             1018          37
 ../866_seed.dataconnected         736   6.6508622036021162E-002  0.15795942205250621        48.950345818511572        116.25813463064458        9.9663667808923731E-002   73.352459507367868        1673.3460158712671        5076.5225657628407             1113          33
 ../867_seed.dataconnected         315  0.16444310989780814       0.38599990424180547        51.799579617809563        121.58996983616872       0.19741833402030382        62.186775216395702        339.18255579508411        505.00100515953960             1031         209
 ../868_seed.dataconnected         519   8.5869391752347160E-002  0.20551019964354894        44.566214319468173        106.65979361500190       0.11274269549260965        58.513458960664408        920.35748000330125        2307.5441968093924              909          39
 ../869_seed.dataconnected         761   5.4193650205303250E-002  0.13029136775703073        41.241367806235772        99.151730863100383        7.1259520218158970E-002   54.228494886018979        1476.9808547932523        4496.0452668256848             1061          58
 ../870_seed.dataconnected         306  0.22385990575615075       0.53045494484094391        68.501131161382133        162.31921312132883       0.27315280352820798        83.584757879631638        398.28077313956965        618.05142655322868              974         116
 ../871_seed.dataconnected         300  0.15343581536802464       0.36627353734642426        46.030744610407396        109.88206120392728       0.19902133850371448        59.706401551114347        532.60654631259945        878.86761363748872              969         127
 ../872_seed.dataconnected         453  0.12706130067710200       0.30244355748297641        57.558769206727206        137.00693153978833       0.16150661598872296        73.162497042891502        729.68798769956561        1437.8024431685189             1082         145
 ../873_seed.dataconnected         356  0.15006224509667140       0.35530400024946635        53.422159254415021        126.48822408881001       0.20207015476218027        71.936975095336180        645.13418287086927        1198.2418181951855              960          85
 ../874_seed.dataconnected         499   6.2897617066255518E-002  0.15083256376643361        31.385910916061505        75.265449319450369        7.6977107267474601E-002   38.411576526469823        1028.4462545253816        2607.6694448463213              921          69
 ../875_seed.dataconnected         619   7.6367066958009239E-002  0.18475922025851738        47.271214447007722        114.36595734002226       0.11188356998480282        69.255929820592954        1397.8799391318648        3995.0562381311179              951          20
 ../876_seed.dataconnected         537  0.12052837473072807       0.29076129154666647        64.723737230400971        156.13881356055990       0.15761057767808564        84.636880213131988        940.19431903221732        2368.6111587603968             1044         104
 ../877_seed.dataconnected         695   6.5517078639694679E-002  0.15624242329050000        45.534369654587799        108.58848418689750        8.5881570315228528E-002   59.687691369083829        1548.2475936072103        4111.2902728491572             1099          62
 ../878_seed.dataconnected         328  0.12907884834073310       0.31137780346254446        42.337862255760456        102.13191953571459       0.16734951948480017        54.890642391014460        583.45464888736740        1034.2143732825612              864         138
 ../879_seed.dataconnected         343  0.12684989661177751       0.30351847901082302        43.509514537839685        104.10683830071230       0.17266210241324448        59.223101127742858        641.55096612128648        1115.2084929155562              909         140
 ../880_seed.dataconnected         930   7.8639923219218519E-002  0.19100195614802656        73.135128593873219        177.63181921766471       0.10318151376210200        95.958807798754862        1998.5558251311138        6661.1210284596054             1124          33
 ../881_seed.dataconnected         574   8.5645817291276710E-002  0.20603343413591854        49.160699125192835        118.26319119401724       0.10490628697203883        60.216208721950288        1042.4149169015504        2507.7225730286850              935          29
 ../882_seed.dataconnected         466   6.2759784037023592E-002  0.14851323979334513        29.246059361252993        69.207169743698827        9.2279288736003579E-002   43.002148550977665        1011.0500877942443        2399.8398002845329              936          98
 ../883_seed.dataconnected         459   8.3274378232991567E-002  0.19547809146194348        38.222939608943129        89.724443981032053       0.11752167120489829        53.942447083048314        907.80044968635559        2034.8970845184476              861          30
 ../884_seed.dataconnected         428   6.8894370979841371E-002  0.16464988032630734        29.486790779372107        70.470148779659539        9.5948496525343291E-002   41.065956512846931        792.99475994162549        1643.3225442228672             1078         162
 ../885_seed.dataconnected         777   5.9308159420090129E-002  0.14315488333760931        46.082439869410031        111.23134435332244        7.6304751999061241E-002   59.288792303270583        1905.9802454134949        5805.4194436602293             1063          35
 ../886_seed.dataconnected         388  0.10797106872893321       0.26355666160704677        41.892774666826085        102.25998470353414       0.14934385821803978        57.945416988599433        706.80105026000274        1422.4539475650074              871          48
 ../887_seed.dataconnected         327  0.10136931561669509       0.24360962162301097        33.147766206659291        79.660346270724588       0.13935599171383634        45.569409290424481        646.52358022718624        1189.4358073328667              965         100
 ../888_seed.dataconnected         669   3.6755901676156957E-002   8.5865059607193400E-002   24.589698221349003        57.443724877212382        5.1684901423999965E-002   34.577199052655978        1401.8006592940897        4287.5756497840794             1013          80
 ../889_seed.dataconnected         330   9.5977079696572362E-002  0.22157080578032784        31.672436299868881        73.118365907508192       0.13360012940286278        44.088042702944719        549.69576638166416        1011.6463054900579              883         122
 ../890_seed.dataconnected         565  0.11278402089628500       0.26805659309704127        63.722971806401027        151.45197509982833       0.14429700841447085        81.527809754176033        969.05750125671898        2322.3990210927154             1037          55
 ../891_seed.dataconnected         452  0.14709951677526456       0.35371273500231337        66.488981582419584        159.87815622104566       0.19474812878181635        88.026154209380991        838.78874058645556        1890.3585193290107              870          43
 ../892_seed.dataconnected         406   8.3357093556527997E-002  0.19777802169040740        33.842979983950364        80.297876806305396       0.11357447599726335        46.111237254888920        794.95582565116842        1733.0957623227355              950         221
 ../893_seed.dataconnected         488   8.2198688020744759E-002  0.19453061011389555        40.112959754123445        94.930937735581026       0.11649336566452248        56.848762444286969        797.91365483562038        1746.3176910614532             1023         245
 ../894_seed.dataconnected         529   7.9552032779673126E-002  0.18587082734529645        42.083025340447087        98.325667665661825       0.10710438066149319        56.658217369929901        1290.8478138625799        3536.6820279470944             1028         183
 ../895_seed.dataconnected         778   6.5494445016940600E-002  0.16051577248086701        50.954678223179783        124.88127099011453        8.9614358686408102E-002   69.719971058025507        1545.1024506366452        4536.5548577279742             1104          73
 ../896_seed.dataconnected         508   9.9151948222358829E-002  0.23999010003884472        50.369189696958287        121.91497081973311       0.13763726090036554        69.919728537385694        1057.2219617783603        2460.2000882455663              935         126
 ../897_seed.dataconnected        1040   7.0941339571297307E-002  0.16478229280146575        73.778993154149205        171.37358451352438       0.10744799219768439        111.74591188559177        1713.1870400449013        5403.7878158919166             1277          59
 ../898_seed.dataconnected         791   7.8032169427654091E-002  0.19007229810318241        61.723446017274384        150.34718779961727        9.9356707391957635E-002   78.591155547038483        1472.0424067659012        4296.1360834081324             1111          51
 ../899_seed.dataconnected         223  0.19234834692383437       0.45576867346951655        42.893681364015066        101.63641418370219       0.23591994559269730        52.610147867171499        291.22698751771395        363.55574898363369              964         222
 ../900_seed.dataconnected         710   8.0988523809141580E-002  0.19159802842526474        57.501851904490522        136.03460018193798       0.10594644961922395        75.221979229649008        1518.9873713809741        4438.4672250014710             1038          53
 ../901_seed.dataconnected         721   6.0324153418472796E-002  0.14444822470957944        43.493714614718890        104.14717001560678        8.2044241314007227E-002   59.153897987399212        1378.0562771924240        4067.4720324138093             1011          40
 ../902_seed.dataconnected         393   9.0518452846238870E-002  0.21770272091111381        35.573751968571877        85.557169318067722       0.12069386742211512        47.432689896891240        718.52031634179571        1524.0928998047889              875          67
 ../903_seed.dataconnected         429  0.12900064484844256       0.31017966148453119        55.341276639981857        133.06707477686388       0.17719518696570113        76.016735208285780        862.09348231022000        1925.2925487529935             1019         291
 ../904_seed.dataconnected         362   9.9009022258178328E-002  0.23381960720190145        35.841266057460558        84.642697807088325       0.13716807465849995        49.654843026376980        593.43455901155710        1050.0498272032398             1102         194
 ../905_seed.dataconnected         406  0.17482941712399244       0.41745549978947799        70.980743352340937        169.48693291452807       0.23730592433834882        96.346205281369620        748.10106191059685        1346.5614035151759              838          50
 ../906_seed.dataconnected         448   8.8052411721455670E-002  0.21106427113370882        39.447480451212144        94.556793467901556       0.11324673843098630        50.734538817081862        961.76900072079161        2063.1840501694478             1087         293
 ../907_seed.dataconnected         350  0.10271518766324057       0.24190587975972713        35.950315682134203        84.667057915904493       0.15075500469617617        52.764251643661659        647.60584669558625        1316.8685226066059              804          59
 ../908_seed.dataconnected         490  0.10819494745402292       0.25803585528160450        53.015524252471231        126.43756908798620       0.15391573217652452        75.418708766497019        905.11566533692258        2091.2982935026525              938          48
 ../909_seed.dataconnected         272  0.10668723233237376       0.25489643916889232        29.018927194405663        69.331831453938705       0.14824571580730184        40.322834699586096        453.55217425716387        660.20656824854461              954         136
 ../910_seed.dataconnected         553   9.8046993514429193E-002  0.23710698761233209        54.219987413479345        131.12016414961965       0.12185122975315181        67.383730053492954        948.49771491206366        2291.2551447593100              933          61
 ../911_seed.dataconnected         567   7.0086446003574110E-002  0.17113148937988423        39.739014884026517        97.031554478394355        9.4136574872154405E-002   53.375437952511547        1328.7920153700375        3634.6245566915268              876          88
 ../912_seed.dataconnected         653   8.8402864895134547E-002  0.21141126455503337        57.727070776522858        138.05155575443678       0.12374160385292271        80.803267315958536        1280.3789585657953        3499.8543161660318             1036          54
 ../913_seed.dataconnected         546  0.12761906900970407       0.30030859870308296        69.680011679298417        163.96849489188330       0.17228283185896295        94.066426194993767        927.65542158199651        2150.5516950022052             1069         159
 ../914_seed.dataconnected         464  0.11381242966358150       0.27728700320168798        52.808967363901814        128.66116948558323       0.15011259602129379        69.652244553880323        815.21123018400135        1722.6618696355174              991         221
 ../915_seed.dataconnected         851   6.0943691618247767E-002  0.14761291121468773        51.863081567128852        125.61858744369925        7.3227197515002812E-002   62.316345085267393        1894.6543191653311        6376.4193090607741             1123          61
 ../916_seed.dataconnected         463   9.3543107703549067E-002  0.21863679686477361        43.310458866743218        101.22883694839018       0.13094073016970850        60.625558068575039        1102.2849246220871        2662.3092296280120              896          69
 ../917_seed.dataconnected         369   6.0087597302119419E-002  0.14410956499982738        22.172323404482064        53.176429484936307        8.3607043654513977E-002   30.850999108515659        1122.9070955680181        2643.6632241014049              926         272
 ../918_seed.dataconnected         817   5.9648649628569354E-002  0.14383544286236863        48.732946746541160        117.51355681855517        8.6662830579871050E-002   70.803532583754645        1847.9776368009004        6016.5663994935894             1039          35
 ../919_seed.dataconnected         463   8.7031617723179661E-002  0.20686174784495318        40.295639005832186        95.776989252213326       0.12564700035346169        58.174561163652761        799.38902088064242        1731.3392495210451              843          58
 ../920_seed.dataconnected         451  0.11522490973003069       0.27696331399790353        51.966434288243839        124.91045461305450       0.14689625206415499        66.250209680933906        702.50924604577142        1434.7410625415055              927          74
 ../921_seed.dataconnected         290  0.11548158259957270       0.27639444441212424        33.489658953876081        80.154388879516034       0.14762927352540864        42.812489322368506        487.83575412970845        793.74871824097943              894         146
 ../922_seed.dataconnected         621  0.10343112237296838       0.24506861289211743        64.230726993613359        152.18760860600491       0.13724057414169252        85.226396541991051        1252.3555217290930        3466.1721772083310              977          41
 ../923_seed.dataconnected         752   8.6227224502733762E-002  0.20870825841222168        64.842872826055796        156.94861032599070       0.10900656121237244        81.972934031704071        1244.0295791698920        3501.3853476558929             1075          51
 ../924_seed.dataconnected         343  0.11818340920447926       0.28397785253754698        40.536909357136388        97.404403420378614       0.14223801353632121        48.787638642958171        536.93797611512286        963.72232916235703              993         271
 ../925_seed.dataconnected         431   8.0043205176337520E-002  0.19512760473979410        34.498621431001474        84.099997642851250       0.11042081231815493        47.591370109124775        813.27487784367463        1782.4915110450352              900          84
 ../926_seed.dataconnected         479   9.0109763338307669E-002  0.21353028779022357        43.162576639049377        102.28100785151709       0.13497665121665656        64.653815932778485        1092.9675229467223        2682.2118769537483              889          53
 ../927_seed.dataconnected         818   6.4534353190029661E-002  0.15206943336040168        52.789100909444265        124.39279648880857        8.4778781482445303E-002   69.349043252640257        1813.8264475594208        5701.8670622461268             1120          36
 ../928_seed.dataconnected         651   6.5099723066732437E-002  0.15281285369612480        42.379919716442814        99.481167756177243        9.4477373313918853E-002   61.504770027361175        1526.0636360536998        4470.6959185239784             1069         104
 ../929_seed.dataconnected         743   7.8348880706742674E-002  0.18877161066625153        58.213218365109810        140.25730672502488       0.10239349626707726        76.078367726438401        1430.7828684337055        4124.6097330541861             1021          28
 ../930_seed.dataconnected         662   8.5133086052597465E-002  0.20044505979366875        56.358102966819523        132.69462958340873       0.13193709276910345        87.342355413146493        1681.7122165183391        5093.8010179543153              932          57
 ../931_seed.dataconnected         439  0.12822536987498295       0.29800178761425317        56.290937375117515        130.82278476265714       0.17705512981436605        77.727201988506692        724.44501810922304        1450.9023431392477             1050         179
 ../932_seed.dataconnected         354  0.10317626413306430       0.24716919002235385        36.524397503104765        87.497893267913270       0.14277732759523595        50.543173968713525        725.14189780614129        1452.1478467890970              923         108
 ../933_seed.dataconnected         628   9.3987225468332256E-002  0.22595027745930857        59.023977594112658        141.89677424444579       0.11722850782791769        73.619502915932301        1150.5737862429464        2991.6671263207172             1022          79
 ../934_seed.dataconnected         681   6.3055185500422717E-002  0.14990132724509203        42.940581325787868        102.08280385390768        8.6114007161715217E-002   58.643638877128062        1157.9340308633771        3083.9816400012301             1099         127
 ../935_seed.dataconnected         614   5.7372497666584858E-002  0.13929767643181096        35.226713567283106        85.528773329131923        7.7508538107940103E-002   47.590242398275223        1064.8016657427779        2707.6858839219844              950          42
 ../936_seed.dataconnected         281   7.9541397585434076E-002  0.19594542204773088        22.351132721506975        55.060663595412379       0.10660109831728225        29.954908627156311        519.36567035763574        862.34575405750070              908         159
 ../937_seed.dataconnected         661   8.8530393511667194E-002  0.21109173076860649        58.518590111212013        139.53163403804888       0.13401990452736587        88.587156892588837        1327.6533122100350        3954.7576474637513              919          24
 ../938_seed.dataconnected         491  0.10483301881561947       0.25155789179292781        51.473012238469160        123.51492487032756       0.13298652863594720        65.296385560250073        954.87232527345520        2144.7288965691741             1108         361
 ../939_seed.dataconnected         360  0.12574143576013180       0.30170088093349062        45.266916873647446        108.61231713605662       0.16856181657419250        60.682253966709304        656.06121330038616        1306.0405739528480              931         166
 ../940_seed.dataconnected         311  0.12068524058735647       0.28176194680736399        37.533109822667861        87.627965457090198       0.15872499966519713        49.363474895876308        535.73290847834471        927.01386154812508              901         116
 ../941_seed.dataconnected         542  0.11702244211284434       0.28212672092421315        63.426163625161628        152.91268274092351       0.16644082126571530        90.210925126017699        1088.5613035474610        2792.0363807476160              906          32
 ../942_seed.dataconnected         416  0.10325098327843088       0.25338054562093965        42.952409043827245        105.40630697831089       0.13683229003831565        56.922232655939311        737.47505959761236        1605.8086502416395              913          53
 ../943_seed.dataconnected         408   8.6349035295425786E-002  0.20561808032572862        35.230406400533724        83.892176772897272       0.11839942874156237        48.306966926557443        843.24543259562427        1815.5675597420777              941          97
 ../944_seed.dataconnected         560   8.6025275594045436E-002  0.20134648794024670        48.174154332665445        112.75403324653816       0.12823863406308969        71.813635075330225        1070.8047739034914        2607.1131078369935             1071          87
 ../945_seed.dataconnected         388  0.12216551251257010       0.28658973545983396        47.400218854877203        111.19681735841557       0.17497438898417036        67.890062925858103        833.11502300016673        1719.9891332441971              998         139
 ../946_seed.dataconnected         469   9.6042180568229829E-002  0.22614229871157904        45.043782686499789        106.06073809573057       0.14046959129383951        65.880238316810733        1045.4557729169564        2348.5994676845803              945          46
 ../947_seed.dataconnected         447   7.1890262842422795E-002  0.16760791564661207        32.134947490562986        74.920738294035587       0.10062428574171313        44.979055726545766        1013.1250447457276        2442.9450498330793              871          62
 ../948_seed.dataconnected         657   8.0168760086409385E-002  0.19661159318079474        52.670875376770965        129.17381671978214       0.10861863973089747        71.362446303199633        1407.2438073788246        3440.2877807058135             1004         114
 ../949_seed.dataconnected         848   8.6601550124849491E-002  0.20815759764349520        73.438114505872363        176.51764280168393       0.11428414110335190        96.912951655642416        1534.8410755543871        4555.2648221314494             1160          37
 ../950_seed.dataconnected         427   8.5348585449367298E-002  0.20237915201684595        36.443845986879836        86.415897911193227       0.11426552302880728        48.791378333300713        931.25356213462544        2146.4852844903889              869          44
 ../951_seed.dataconnected         442   9.7537693292501060E-002  0.23337453098491076        43.111660435285465        103.15154269533056       0.13201837464548585        58.352121593304744        820.67744906881808        1754.0290237233378              938          91
 ../952_seed.dataconnected         772   4.2070570866855547E-002  0.10214885503267086        32.478480709212484        78.858916085221907        6.0319130234251755E-002   46.566368540842355        1366.4366962362694        3823.3632684956124             1114          72
 ../953_seed.dataconnected         233  0.18707587387015101       0.45093506322849991        43.588678611745188        105.06786973224048       0.23245785179676789        54.162679468646921        326.18835673736891        454.37094491843874              738          32
 ../954_seed.dataconnected         588   7.8392884939208055E-002  0.18341805368240316        46.095016344254333        107.84981556525305       0.11011137272195540        64.745487160509768        1126.2430585405421        2809.5255372465522             1064         129
 ../955_seed.dataconnected         321  0.17369933802960544       0.40517510754867120        55.757487507503349        130.06120952312347       0.22247694607139953        71.415099688919256        507.07316198408495        850.71737005990428              866          69
 ../956_seed.dataconnected         625   9.5864665664850718E-002  0.23436616948335395        59.915416040531696        146.47885592709622       0.12903972511053757        80.649828194085984        1141.4375017972725        3005.5095132199112             1003          76
 ../957_seed.dataconnected         796   8.2640202030155790E-002  0.19738918517455684        65.781600816004016        157.12179139894724       0.11977937869469657        95.344385440978471        1420.4040962991537        4198.9174465469841             1112          34
 ../958_seed.dataconnected         431   8.5342071382735307E-002  0.20359732897114655        36.782432765958916        87.750448786564164       0.12206496119760492        52.609998276167723        868.90313867762040        1879.9256285259505              962         145
 ../959_seed.dataconnected         509   6.7451888706442559E-002  0.16145726495901319        34.333011351579259        82.181747864137719        9.8154132887783171E-002   49.960453639881635        1103.4674940463428        2546.6334877671484              993         134
 ../960_seed.dataconnected         692   8.3418206270406345E-002  0.20501625060497247        57.725398739121189        141.87124541864094       0.11134569373910475        77.051220067460477        1273.8440437539207        3706.6209502619904              976          61
 ../961_seed.dataconnected         571   7.5782284077464901E-002  0.17874543157223327        43.271684208232458        102.06364142774520        9.5945202069184291E-002   54.784710381504233        1374.7553721735305        3844.0170185309603              936          29
 ../962_seed.dataconnected         464  0.10945395994878637       0.25624815202786949        50.786637416236879        118.89914254093145       0.15806429115886575        73.341831097713708        995.74437610330233        2332.7236937743287              931          85
 ../963_seed.dataconnected         435  0.13323932889114343       0.30690960897107517        57.959108067647392        133.50567990241771       0.17170255062370512        74.690609521311728        961.86335370481675        2051.0070803168637             1070         260
 ../964_seed.dataconnected         277  0.13559645855864291       0.32112452200917468        37.560219020744086        88.951492596541385       0.17428419939467202        48.276723232324152        417.00729553746481        631.71547540144365              875         146
 ../965_seed.dataconnected         436  0.11210579999488125       0.26792907625258033        48.878128797768227        116.81707724612502       0.15821599651012416        68.982174478414137        719.26099669574728        1517.9738984782446              913          95
 ../966_seed.dataconnected         250  0.13261772268590380       0.31364566223070400        33.154430671475950        78.411415557675994       0.16442132591670658        41.105331479176648        385.03099994463764        542.29175676445402              790          98
 ../967_seed.dataconnected         427   8.1536222468446065E-002  0.19388146988144947        34.815966994026468        82.787387639378920       0.10691318218663731        45.651928793694132        765.43548075454396        1733.0566566814491              953         120
 ../968_seed.dataconnected         505  0.10026198515194994       0.23783230461897606        50.632302501734721        120.10531383258291       0.14975990174818254        75.628750382832180        1020.2995890272578        2460.3641326689376              974         104
 ../969_seed.dataconnected         850   5.2575609990112092E-002  0.12354984872853267        44.689268491595278        105.01737141925277        7.9350672052755894E-002   67.448071244842509        1621.5288369767550        4701.6756140444477             1131          57
 ../970_seed.dataconnected         306  0.13481522177945801       0.31177243795597387        41.253457864514154        95.402366014527999       0.19457970223872978        59.541388885051312        587.77240491581449        995.01768927313015              904         104
 ../971_seed.dataconnected         643   9.2732954668547959E-002  0.22193123351138505        59.627289851876341        142.70178314782058       0.11691514874689299        75.176440644252196        1216.4679002971020        2905.7010946014689             1069          84
 ../972_seed.dataconnected         375  0.11892838093232526       0.28270988048555867        44.598142849621972        106.01620518208451       0.16208504283403927        60.781891062764728        668.31688347674117        1254.1154829104426             1063         288
 ../973_seed.dataconnected         508   8.0563538259893472E-002  0.19219821220658934        40.926277436025885        97.636691800947389       0.10753474995745131        54.627652978385264        1001.0372637322608        2316.6307640708969              898          47
 ../974_seed.dataconnected         860   5.6348463275475491E-002  0.13697218622976379        48.459678416908922        117.79608015759686        7.8009500233935464E-002   67.088170201184496        1665.6791852868098        5241.5967127657523             1077          30
 ../975_seed.dataconnected         360   9.7962745634246770E-002  0.23463233454157498        35.266588428328838        84.467640434966995       0.11793999199143973        42.458397116918306        708.37064323248183        1422.1480508039285              844         123
 ../976_seed.dataconnected         518   8.1950547072776242E-002  0.20003707095591000        42.450383383698096        103.61920275516138       0.11675371462459039        60.478424175537818        830.45778235202226        1788.3632995419900             1062          92
 ../977_seed.dataconnected         414   9.3472153707708505E-002  0.22639401691525585        38.697471634991324        93.727123002915917       0.12631479146287417        52.294323665629904        905.94070623388461        1999.0906270783692              928          93
 ../978_seed.dataconnected         562   9.2469620095810612E-002  0.22140088956287690        51.967926493845567        124.42729993433682       0.11828864497549234        66.478218476226701        1179.7690145202630        3020.6031952647490              916          55
 ../979_seed.dataconnected         467   6.7083566790468160E-002  0.15840367505566622        31.328025691148632        73.974516250996118        8.1711667434999399E-002   38.159348692144718        830.59586540581608        1807.1816260443256              956          59
 ../980_seed.dataconnected         505   7.2961495383126101E-002  0.17470126183366796        36.845555168478683        88.224137226002327        9.1499618350394510E-002   46.207307266949229        1193.1959790689357        2801.5814152718576             1075         229
 ../981_seed.dataconnected         538  0.13960483089375250       0.32846758629313755        75.107399020838841        176.71556142570799       0.18799063208065431        101.13896005939202        827.63251446960942        1874.2255009221117              933          80
 ../982_seed.dataconnected         554  0.10172105730857429       0.24377312514705640        56.353465748950157        135.05031133146926       0.13617913134470960        75.443238764969124        1087.0650578470518        2578.4267942021243              975         147
 ../983_seed.dataconnected         560   8.8057493510729265E-002  0.21099065674579928        49.312196366008386        118.15476777764759       0.12035979477252490        67.401485072613937        1227.5053867019228        3346.2968616921871              932          39
 ../984_seed.dataconnected         467   9.4852021323409766E-002  0.22586824823294022        44.295893958032359        105.48047192478307       0.13064479242895308        61.011118064321089        952.62453955561148        2184.4875493408585             1100         118
 ../985_seed.dataconnected         746   7.0341117145840695E-002  0.17065418832939414        52.474473390797158        127.30802449372803        8.6849020804802154E-002   64.789369520382408        1247.4672624968014        3519.4477198084378             1088         131
 ../986_seed.dataconnected         733   6.3302792000592120E-002  0.14897478802255681        46.400946536434027        109.19851962053414        8.4451878014263446E-002   61.903226584455105        2036.8455578351020        6763.0364492775379             1063          46
 ../987_seed.dataconnected         857   6.6208751313893685E-002  0.15933360419035039        56.740899876006885        136.54889879113028        8.9983260131608095E-002   77.115653932788135        1561.4067707670276        4954.3011190170191             1118          22
 ../988_seed.dataconnected         272  0.13463487106418826       0.31940673261072333        36.620684929459202        86.878631270116742       0.17375368500974192        47.261002322649801        440.01469605345437        699.48005419719061              984          99
 ../989_seed.dataconnected         433   8.4912868892943263E-002  0.20379535605147978        36.767272230644430        88.243389170290740       0.10649809167322806        46.113673694507753        916.40785264615818        2155.8642347255127              901          81
 ../990_seed.dataconnected         509   5.6322578145271050E-002  0.13643617206774736        28.668192275942964        69.446011582483408        7.2180734648018108E-002   36.739993935841220        1012.1204083623709        2529.0838498020880              933          59
 ../991_seed.dataconnected         738   7.1830564795436744E-002  0.17461282811753762        53.010956819032316        128.86426715074276        9.3881183840452090E-002   69.284313674253639        1237.0356433778870        3231.0959698216448             1083          58
 ../992_seed.dataconnected         316  0.12208720310717193       0.29183345239973063        38.579556181866330        92.219370958314883       0.15706713924692656        49.633216002028789        622.73978188127217        1093.9403364218060              874          63
 ../993_seed.dataconnected         635   8.3992120302821507E-002  0.20054859421698087        53.334996392291657        127.34835732778285       0.11634192551360695        73.877122701140408        1382.3768084858641        3700.1660527088511             1134         167
 ../994_seed.dataconnected         525   5.2674533942849731E-002  0.12409218994135277        27.654130319996110        65.148399719210204        7.8829897808364593E-002   41.385696349391409        898.95817794057120        2183.4349919187266             1003          64
 ../995_seed.dataconnected         827   6.6155505112554525E-002  0.15778635763356483        54.710602728082591        130.48931776295811        8.8684138692702863E-002   73.341782698865273        1639.1702351919614        5097.4928191154249             1082          26
 ../996_seed.dataconnected         428   9.4445959871871099E-002  0.22864709675448194        40.422870825160828        97.860957410918274       0.13636434273290582        58.363938689683692        894.01344989287884        1854.1226152892082              991         291
 ../997_seed.dataconnected         380  0.16140588714061357       0.38020783515680667        61.334237113433161        144.47897735958654       0.21325887648973463        81.038373066099155        975.71605845497675        2193.0646035416212              955         192
 ../998_seed.dataconnected         583   8.7068647774584104E-002  0.21124246241372407        50.761021652582535        123.15435558720114       0.11887246947945611        69.302649706522914        1258.2660579206142        3152.5414092738224              957          42
 ../999_seed.dataconnected         437  0.10148278621000056       0.24258097893490099        44.347977573770244        106.00788779455173       0.13409004725542276        58.597350650619745        1017.3235309818973        2386.6738120392047              881          62
 ../1000_seed.dataconnected         605  0.12307136622722070       0.28329835103681628        74.458176567468527        171.39550237727386       0.15823828245455068        95.734160885003163        813.54447253942067        1763.5475451196953             1025          34
 ../1001_seed.dataconnected         944   8.0711026281990922E-002  0.19375894086019713        76.191208810199427        182.90844017202608       0.11005831520728207        103.89504955567428        1805.5844255686325        5704.7540030559248             1180          59
 ../1002_seed.dataconnected         336  0.14464659541106209       0.34532346924693380        48.601256058116860        116.02868566696975       0.19452494616866495        65.360381912671428        637.16762195547847        1181.7853647474240              907          86
 ../1003_seed.dataconnected         389   7.9253764648508584E-002  0.18915371309569418        30.829714448269840        73.580794394225038       0.10943768840135006        42.571260788125173        957.49414270518025        2052.6908103373057              942         101
 ../1004_seed.dataconnected         404  0.11845566616095102       0.28164406483558113        47.856089129024213        113.78420219357477       0.16319337017814844        65.930121551971965        659.66354297907242        1303.0064488877736              941         102
 ../1005_seed.dataconnected         424  0.16392274253737357       0.39881770418371748        69.503242835846393        169.09870657389621       0.20532893600526866        87.059468866233914        768.70262102253048        1527.5738024788038             1092         303
 ../1006_seed.dataconnected         327  0.12654125423208265       0.29561683609289985        41.378990133891030        96.666705402378255       0.17750248969486127        58.043314130219635        556.17055359435938        1037.7130637131904              833         123
 ../1007_seed.dataconnected         225  0.12650918904428038       0.30045048870779284        28.464567534963084        67.601359959253386       0.16491292387574238        37.105407872042036        350.54161131945671        485.30744429943132             1008         212
 ../1008_seed.dataconnected         529   8.2079901999057223E-002  0.19167232197723777        43.420268157501269        101.39465832595879       0.11820881735009318        62.532464378199293        1206.6629561169495        3251.1394598069537              882          45
 ../1009_seed.dataconnected         465   6.4905515174333489E-002  0.15202485097258239        30.181064556065074        70.691555702250810        9.7371439410799371E-002   45.277719326021710        1058.6003573444168        2661.3806058926975             1032         177
 ../1010_seed.dataconnected         724   7.0655805049231399E-002  0.16848526843662257        51.154802855643531        121.98333434811474        9.4355341352081346E-002   68.313267138906895        1376.4591626259596        4132.6980091403675              975          32
 ../1011_seed.dataconnected         548   9.9484052986647434E-002  0.23369194120641651        54.517261036682797        128.06318378111624       0.14061051259050819        77.054560899598485        1228.6108581991080        3311.8799918030286              946          55
 ../1012_seed.dataconnected         427  0.11383725522115920       0.27629431376505559        48.608507979434975        117.97767197767874       0.14348642209927268        61.268702236389430        731.11893702455200        1483.9532396684231              977         199
 ../1013_seed.dataconnected         514   8.6118706162249689E-002  0.20577580050891156        44.265014967396340        105.76876146158054       0.11282661062904989        57.992877863331643        881.77398908238274        1914.1510510691151              955         136
 ../1014_seed.dataconnected         723   6.2713358181262821E-002  0.15221316498214921        45.341757965053020        110.05011828209388        8.2603592455689531E-002   59.722397345463534        1224.2221440012511        3373.9210089714925             1001          42
 ../1015_seed.dataconnected         529   7.5376939239230875E-002  0.18115646413006314        39.874400857553134        95.831769524803406       0.10648132517514765        56.328621017653106        1335.8672222645314        3718.3795974754876              997         206
 ../1016_seed.dataconnected         258  0.13058784626357703       0.30899690783680583        33.691664336002873        79.721202221895908       0.16584310058128118        42.787519949970545        392.96011733580974        572.79303520498411              879         120
 ../1017_seed.dataconnected         595   4.3984048319317813E-002  0.10696654903752167        26.170508749994099        63.645096677325398        6.1530744899848784E-002   36.610793215410027        1290.0113188108737        3394.6234300619535              948          56
 ../1018_seed.dataconnected         860   7.8924132662684429E-002  0.19012478928597679        67.874754089908606        163.50731878594004       0.10597400843506451        91.137647254155482        1727.7114039011135        5421.0620352245596             1122          46
 ../1019_seed.dataconnected         586  0.10228209316165371       0.24792286834999455        59.937306592729072        145.28280085309680       0.14067097618060151        82.433192041832484        975.43015305924030        2112.2564681307026             1024          98
 ../1020_seed.dataconnected         480  0.10517406469203315       0.25298877865928110        50.483551052175912        121.43461375645492       0.12632863058032837        60.637742678557615        859.04039953319284        1973.8677021896203             1095         195
 ../1021_seed.dataconnected         339  0.10584283786789227       0.25503179116001212        35.880722037215477        86.455777203244111       0.15005658294036237        50.869181616782839        764.86173137062656        1402.0075512813044              825          66
 ../1022_seed.dataconnected         461   9.0266009530523550E-002  0.21304655957201488        41.612630393571358        98.214463962698858       0.13293889105563805        61.284828776649142        897.66543112870306        2034.7107069052624              949          52
 ../1023_seed.dataconnected         719   7.4016120922132778E-002  0.17698481059957191        53.217590943013469        127.25207882109221       0.10640229469206211        76.503249883592659        2053.4673309624341        6819.7153085515356             1004          31
 ../1024_seed.dataconnected         445  0.10321305254991858       0.24823143648096710        45.929808384713766        110.46298923403036       0.13092621970224788        58.262167767500308        1073.9306388616099        2407.5172115297173              866          38
 ../1025_seed.dataconnected         483   8.4237059236825743E-002  0.20197176236641509        40.686499611386836        97.552361222978490       0.11311125055779982        54.632734019417313        824.50120495276360        1741.6231674911330              954          90
 ../1026_seed.dataconnected         531   6.5077431823686097E-002  0.15574441279037732        34.556116298377319        82.700283191690360        8.9043450326651244E-002   47.282072123451812        1310.7041404072688        3354.9366910335734             1093         103
 ../1027_seed.dataconnected         442  0.10995652940956885       0.26756812200958269        48.600785999029434        118.26510992823555       0.14707278681198208        65.006171770896074        824.07616489997849        1799.9263044456836              858          72
 ../1028_seed.dataconnected         350  0.12469858418982559       0.29656767057169958        43.644504466438953        103.79868470009485       0.16700634889382562        58.452222112838967        591.86784919866125        1087.3802984735705              993         165
 ../1029_seed.dataconnected         306  0.11437199230765563       0.27507629714369314        34.997829646142620        84.173346925970094       0.14996623801453099        45.889668832446482        496.95415053663288        855.38528717471627              879         179
 ../1030_seed.dataconnected         550  0.12029340719915466       0.28169748591162064        66.161373959535055        154.93361725139135       0.16099335947937590        88.546347713656743        1091.5371528015569        2723.8701416863451             1003          43
 ../1031_seed.dataconnected         517   9.6839253733399869E-002  0.23147612480079904        50.065894180167732        119.67315652201310       0.13535604515634342        69.979075345829543        901.71296324154480        2075.4118407697847              955          45
 ../1032_seed.dataconnected         607   8.2464968797905921E-002  0.19267582627339461        50.056236060328892        116.95422654795053       0.11706423726070310        71.057992017246775        944.68768749364926        2285.5677872947699             1068          99
 ../1033_seed.dataconnected         242  0.12244048629728931       0.29867537207886974        29.630597683944011        72.279440043086481       0.15875172412577451        38.417917238437433        327.64208478824980        436.31738013844296              867          67
 ../1034_seed.dataconnected         303  0.11146445869136050       0.26064246099528560        33.773730983482231        78.974665681571537       0.16128235911934002        48.868554813160024        551.72750351516891        944.77866415784115              981         208
 ../1035_seed.dataconnected         280  0.15914650734193728       0.37258578879452620        44.561022055742434        104.32402086246734       0.20503551735005970        57.409944858016715        438.44499041433210        690.20668772377962              898          71
 ../1036_seed.dataconnected         419  0.11829521353463614       0.28315462161683075        49.565694471012542        118.64178645745208       0.15749538175264691        65.990564954359058        662.06154531732864        1352.5529939618493              861          32
 ../1037_seed.dataconnected         969   5.7803512660711369E-002  0.13824372116523187        56.011603768229314        133.95816580910969        7.9949024566737401E-002   77.470604805168534        1765.2557368554606        5859.7129982771357             1150          18
 ../1038_seed.dataconnected         745   5.8950801313082175E-002  0.13629136210009712        43.918346978246220        101.53706476457236        8.1532844330475251E-002   60.741969026204060        1466.3771629933849        4224.3067840883168             1079          55
 ../1039_seed.dataconnected         389  0.13597990098230578       0.31848774798682999        52.896181482116951        123.89173396687687       0.18281351153539677        71.114455987269338        779.25647589476137        1480.0199681138579              876          66
 ../1040_seed.dataconnected         471  0.14223233750344758       0.33594781149792602        66.991430964123808        158.23141921552315       0.18901694839920749        89.026982696026721        836.81061914713905        1761.0360265622555              984         144
 ../1041_seed.dataconnected         291  0.11385241767081504       0.26831494337301898        33.131053542207177        78.079648521548521       0.14997033357156514        43.641367069325455        509.52081106075639        862.94443032775575              925         132
 ../1042_seed.dataconnected         721   7.3302415098402116E-002  0.16992443875856975        52.851041285947929        122.51552034492879       0.10570919447744254        76.216329218236069        1387.9221140294758        3956.0467392839628             1064          43
 ../1043_seed.dataconnected         586  0.11044870975873196       0.26735541787363581        64.722943918616934        156.67027487395058       0.14243057948980817        83.464319581027581        996.20391611395132        2376.5888321715261             1003          81
 ../1044_seed.dataconnected         643   8.1479566280213647E-002  0.19307483035709441        52.391361118177372        124.14711591961171       0.10941080531442537        70.351147817175516        1096.9683117075808        2966.3707967205914              929          40
 ../1045_seed.dataconnected         492  0.10189901904557910       0.23794228372727805        50.134317370424917        117.06760359382081       0.14729755236513917        72.470395763648469        969.59190292717494        2362.2504753397884              921          37
 ../1046_seed.dataconnected         823   5.8332896517383478E-002  0.14023191774021027        48.007973833806602        115.41086830019304        7.8344604046921451E-002   64.477609130616358        1514.5276236359107        4456.2293461330855             1135          54
 ../1047_seed.dataconnected         635  0.11716082875099292       0.27496626281737235        74.397126256880497        174.60357688903144       0.15391305558850016        97.734790298697604        1101.5811466971227        2925.3635156930263             1061          82
 ../1048_seed.dataconnected         488   9.9782722654854994E-002  0.24307741818872131        48.693968655569236        118.62178007609600       0.14133846781423301        68.973172293345712        1073.2865571117186        2567.5160278408007             1004         109
 ../1049_seed.dataconnected         659   5.8321925512750970E-002  0.13669155087405310        38.434148912902891        90.079732026000997        7.7266324607280001E-002   50.918507916197520        1637.2023346206313        4424.8913520019751              983          69
 ../1050_seed.dataconnected         446  0.10211330017197708       0.24579253963869896        45.542531876701773        109.62347267885974       0.14311758747344344        63.830444013155777        896.84969208748612        1991.7310998213868              883          98
 ../1051_seed.dataconnected         590   7.2859666064054099E-002  0.17681558876640802        42.987202977791917        104.32119737218073        9.7042379820373031E-002   57.255004094020087        1103.7763129292593        2945.2017972774524              963          37
 ../1052_seed.dataconnected         527  0.11247222216978205       0.26426049810916857        59.272861083475135        139.26528250353184       0.16303358390185838        85.918698716279366        954.00415209734444        2341.3148581975661              988         119
 ../1053_seed.dataconnected         542   8.7058853878757836E-002  0.21079908489403171        47.185898802286744        114.25310401256519       0.12226996551134814        66.270321307150695        1186.6027394768382        3107.3926212022056              998          95
 ../1054_seed.dataconnected         353  0.12831220952552494       0.30569212623371850        45.294209962510301        107.90932056050264       0.18049369949727562        63.714275922538292        689.89411087680492        1344.1503106355915              879         101
 ../1055_seed.dataconnected         415  0.12065036362904843       0.28840490249970563        50.069900906055103        119.68803453737783       0.15238628643923513        63.240308872282576        703.91546278854764        1424.2568156919372              983          70
 ../1056_seed.dataconnected         626   6.4852416708251467E-002  0.15307318527726166        40.597612859365420        95.823813983565799        9.0578088780376056E-002   56.701883576515414        970.58804500625217        2450.0540436632027             1044          66
 ../1057_seed.dataconnected         244  0.16133054706590572       0.37437578094927182        39.364653484080996        91.347690551622321       0.21150791947930550        51.607932352950542        343.40550250619799        486.66784891736489              918         115
 ../1058_seed.dataconnected         847   4.5140785866615719E-002  0.10609289381637962        38.234245629023512        89.860681062473546        6.3523286352536387E-002   53.804223540598322        1579.4076207259018        5181.3050428650304             1121          46
 ../1059_seed.dataconnected         270   9.4577417905578956E-002  0.21919034045903310        25.535902834506317        59.181391923938939       0.13649930881141961        36.854813379083296        638.03412430508206        1160.8159821056126              841         138
 ../1060_seed.dataconnected         334  0.10932308502090436       0.26425100747491925        36.513910396982055        88.259836496623024       0.14177450003146291        47.352683010508613        576.88556198388642        1009.2075452312032             1102         278
 ../1061_seed.dataconnected         474  0.11872388500614704       0.28049895049566331        56.275121492913698        132.95650253494441       0.16227303312843469        76.917417702878041        912.34958712962350        2034.0544313109126              849          91
 ../1062_seed.dataconnected         422   8.2567092285819946E-002  0.19817108998999627        34.843312944616017        83.628199975778429       0.11492204741627755        48.497104009669130        714.11357399137364        1426.0512503930277              903          60
 ../1063_seed.dataconnected         528   6.2282128946310786E-002  0.15117490993717311        32.884964083652093        79.820352446827400        8.3211384266220170E-002   43.935610892564249        1116.1653648256138        2876.8840133983240              992          56
 ../1064_seed.dataconnected         472   8.1737318292978825E-002  0.20037104747974629        38.580014234286004        94.575134410440256       0.10736853361325696        50.677947865457284        1126.3818998633212        2631.5249857573185             1011         211
 ../1065_seed.dataconnected         377  0.10252897361847296       0.24075656421188429        38.653423054164307        90.765224707880378       0.14061415986189904        53.011538267935940        551.75243916595946        1031.8795327903886              984         101
 ../1066_seed.dataconnected         808   6.5758444464893998E-002  0.15360131354824380        53.132823127634353        124.10986134698099        9.2620549793098472E-002   74.837404232823559        1622.6264945775165        4781.9351504860169             1097          47
 ../1067_seed.dataconnected         720   9.7881989141930123E-002  0.23853990688601096        70.475032182189693        171.74873295792790       0.12503171481651004        90.022834667887224        1278.1987589080420        3623.7944674264950             1000          44
 ../1068_seed.dataconnected         870   6.0076928839570817E-002  0.14469521188988474        52.266928090426610        125.88483434419972        7.9720331359545718E-002   69.356688282804768        1628.4653335811302        5218.6024394919095             1088          18
 ../1069_seed.dataconnected         393  0.13571611909616643       0.32108824903480443        53.336434804793406        126.18768187067815       0.17614234307810381        69.223940829694797        597.35961548802379        1085.7659438723631             1002         161
 ../1070_seed.dataconnected         473  0.10554082271544048       0.25605255330632565        49.920809144403343        121.11285771389203       0.13657995619687469        64.602319281121723        1102.1713366739980        2687.6735704630082              953          62
 ../1071_seed.dataconnected         533  0.10151307573078822       0.24439795632072758        54.106469364510119        130.26411071894779       0.14022027504539714        74.737406599196675        966.16514432922440        2340.8552770328665             1058         208
 ../1072_seed.dataconnected         528   7.6699378482667710E-002  0.18476129796990390        40.497271838848548        97.553965328109257       0.10094016544823305        53.296407356667046        1048.6618971542255        2609.4170702466486             1101         249
 ../1073_seed.dataconnected         676   8.0181934033210153E-002  0.19145423017095409        54.202987406450063        129.42305959556495       0.10512354362399730        71.063515489822180        1519.9747006451641        4346.3099461284719              991          95
 ../1074_seed.dataconnected         550   9.3872884651722957E-002  0.22392477332610711        51.630086558447630        123.15862532935891       0.13194085799995908        72.567471899977491        961.01840409898159        2315.9839316691246             1002         269
 ../1075_seed.dataconnected         642   5.9521962993265169E-002  0.14258361460038346        38.213100241676237        91.538680573446186        7.0248579548963089E-002   45.099588070434301        1330.3466129267306        3420.3844170903340              981          59
 ../1076_seed.dataconnected         412   9.3769400658562402E-002  0.22448848951447925        38.632993071327711        92.489257679965448       0.13347196816518911        54.990450884057914        787.19679075971101        1777.4109706033325              899          84
 ../1077_seed.dataconnected         469   7.8122790476503640E-002  0.18894877693800033        36.639588733480210        88.616976383922150       0.11460404650527103        53.749297810972116        959.27798692182716        2335.1607241926572              929          76
 ../1078_seed.dataconnected         254  0.23512083516795437       0.54495138070573601        59.720692132660410        138.41765069925694       0.29324769151819197        74.484913645620765        367.42278528021745        534.83503857836979              875         200
 ../1079_seed.dataconnected         729   6.0814026148800181E-002  0.14465874494405517        44.333425062475335        105.45622506421623        8.7250124353530786E-002   63.605340653723943        1475.0564217091137        4405.4614906662191             1101          67
 ../1080_seed.dataconnected         577   8.9556372684897884E-002  0.21245116774334269        51.674027039186079        122.58432378790873       0.12723150665997418        73.412579342805103        1205.6062153586088        3059.8567615517532              951          44
 ../1081_seed.dataconnected         755   7.1373891658455826E-002  0.17193140175069596        53.887288202134151        129.80820832177545       0.10958267070760154        82.734916384239156        1371.1271872275936        3603.1459360288309             1012          55
 ../1082_seed.dataconnected         682   4.1688151653723603E-002   9.9207504648177264E-002   28.431319427839497        67.659518170056899        5.4582735028650180E-002   37.225425289539423        1530.9070807013532        4429.8440735829854             1027          70
 ../1083_seed.dataconnected         578   9.8022669565511450E-002  0.23262955828443288        56.657103008865619        134.45988468840221       0.11999317500130352        69.356055150753434        1200.0924905674058        3078.5891408327329             1058         130
 ../1084_seed.dataconnected         385   9.0501287240586606E-002  0.22117158492330247        34.842995587625843        85.151060195471445       0.12129636933367773        46.699102193465926        863.18772395299277        1810.2665789130585              777          29
 ../1085_seed.dataconnected         260  0.14077241358585846       0.34349984696179064        36.600827532323201        89.309960210065569       0.18202905430509239        47.327554119324020        444.34008174249527        712.75653840089592              949         185
 ../1086_seed.dataconnected         528   8.5834577889018729E-002  0.20207424494089588        45.320657125401887        106.69520132879302       0.12498170391566678        65.990339667472057        1022.7117600315568        2621.7928412466613              961          44
 ../1087_seed.dataconnected         358  0.12027257927793544       0.29137593207070467        43.057583381500891        104.31258368131228       0.15685758748282211        56.155016318850315        721.85678981136061        1498.2493652587032              968         279
 ../1088_seed.dataconnected         488  0.11272535237448800       0.26957778887533790        55.009971958750143        131.55396097116488       0.14925721666792038        72.837521733945152        881.90783452998778        2007.1958123970078             1032         103
 ../1089_seed.dataconnected         417   7.9053764119837347E-002  0.18862270233452105        32.965419637972175        78.655666873495278       0.10643716929435289        44.384299595745155        838.18663706746474        1824.1245662663225              982         224
 ../1090_seed.dataconnected         486   9.6296450557545626E-002  0.22392151800335355        46.800074970967174        108.82585774962983       0.14824342905463972        72.046306520554907        1032.8756859007924        2428.3089001780236              917          67
 ../1091_seed.dataconnected         446   6.7275189816620631E-002  0.16063592930660403        30.004734658212801        71.643624470745394        8.4168953074653177E-002   37.539353071295317        891.94415201285540        2102.4436698666746              948         106
 ../1092_seed.dataconnected         423  0.10684999397232885       0.25320615572389066        45.197547450295104        107.10620387120575       0.13617644220355277        57.602635052102819        861.45875995421227        1771.3264032569880              919         118
 ../1093_seed.dataconnected         211  0.12883730315995881       0.31598493205286099        27.184670966751309        66.672820663153672       0.15696374920746708        33.119351082775552        343.04614083202500        461.69421667958972              889         155
 ../1094_seed.dataconnected         494  0.10197769990853216       0.24531113223829085        50.376983754814887        121.18369932571568       0.14813620378702863        73.179284670792143        927.05857395004887        2069.7969386963405             1093         107
 ../1095_seed.dataconnected         490   9.2600458106474659E-002  0.21715595447599395        45.374224472172585        106.40641769323703       0.12754096712035815        62.495073888975490        989.47768560510315        2443.3439410045457              944          78
 ../1096_seed.dataconnected         512   8.1987514858217370E-002  0.19560387352813846        41.977607607407293        100.14918324640689       0.13011159988922874        66.617139143285115        1226.0212869007958        2888.2778369893331              992          77
 ../1097_seed.dataconnected        1069   5.5621934058836787E-002  0.13061828463446967        59.459847508896523        139.63094627424809        7.9470260713503021E-002   84.953708702734730        1722.4237274994553        5784.2808518715519             1196          22
 ../1098_seed.dataconnected         309  0.11757903123533474       0.27597875361841911        36.331920651718434        85.277434868091504       0.16341162848572674        50.494193202089562        522.40000454043638        826.96620686586039              986         235
 ../1099_seed.dataconnected         467  0.11290768490510417       0.26800867537759682        52.727888850683648        125.16005140133771       0.16203214590033480        75.669012135456356        933.49679788960668        2245.7377337630892              816          32
 ../1100_seed.dataconnected         410   6.6170629419048221E-002  0.15882972348544386        27.129958061809770        65.120186629031977        9.5826446673241597E-002   39.288843136029058        960.11914534909215        2170.4460636043304              865         102
 ../1101_seed.dataconnected         579   7.2060165990389599E-002  0.17253244621193678        41.722836108435580        99.896286356711400       0.11474019908531199        66.434575270395641        1234.0397311296003        3156.6250478742099              980          30
 ../1102_seed.dataconnected         528   9.4672995258675063E-002  0.22766512028704039        49.987341496580434        120.20718351155733       0.11962551343745194        63.162271094974621        947.38273065973885        2171.3273296776238             1016          72
 ../1103_seed.dataconnected         260  0.15487393153143869       0.36519468443049619        40.267222198174061        94.950617951929004       0.20364952707619868        52.948877039811656        514.88041204279705        841.69473421679459              977         168
 ../1104_seed.dataconnected         827   6.7174513484176648E-002  0.15824445219315256        55.553322651414085        130.86816196373715       0.10499305121299529        86.829253353147109        1581.1601583767560        4310.6325328347020             1109          34
 ../1105_seed.dataconnected         500   7.3772608440822535E-002  0.17370308922122429        36.886304220411269        86.851544610612152       0.10453146426765982        52.265732133829907        953.03197696107190        2189.9632840791928              901          51
 ../1106_seed.dataconnected         772   6.0803232148033605E-002  0.14132253930497507        46.940095218281940        109.10100034344076        8.2192624769089978E-002   63.452706321737466        1534.0096098789268        4637.6020037422832             1053          27
 ../1107_seed.dataconnected         251  0.17132335694047543       0.40769898184359787        43.002162592059335        102.33244444274307       0.23295781832301110        58.472412399075786        385.06223415378184        539.84113001584785              881         102
 ../1108_seed.dataconnected         656   9.9361885905036654E-002  0.24041319586432497        65.181397153704040        157.71105648699717       0.14311538998817563        93.883695832243220        1422.9670946952617        3874.3383420922833              904          17
 ../1109_seed.dataconnected         311  0.11941577434193809       0.28356964174148824        37.138305820342744        88.190158581602844       0.16492402919813445        51.291373080619813        662.62905187487422        1237.8545514937598              920          50
 ../1110_seed.dataconnected         661   7.9278489618106213E-002  0.19018448478181477        52.403081637568206        125.71194444077956       0.10967392674495509        72.494465578415316        1212.6873923548144        3093.5425912384344             1111         104
 ../1111_seed.dataconnected         347  0.11793353182296591       0.28295584587351991        40.922935542569171        98.185678518111402       0.16576719509094751        57.521216696558781        652.79014654068783        1294.3125180299476              968          87
 ../1112_seed.dataconnected         648   6.7555676712317339E-002  0.16243359173190761        43.776078509581637        105.25696744227614        8.8485186082389547E-002   57.338400581388427        1701.7979051233699        4588.0858746592539              991         134
 ../1113_seed.dataconnected         576   8.0362698852841738E-002  0.19150755606495534        46.288914539236842        110.30835229341427       0.11737443975775630        67.607677300467628        1098.0674734163158        2628.4413360329222             1090         201
 ../1114_seed.dataconnected         574   9.6530975048867568E-002  0.23158127042264881        55.408779678049981        132.92764922260042       0.14794222154708381        84.918835168026106        1128.0820222033990        2786.9662842512566              939          39
 ../1115_seed.dataconnected         576  0.11250164865688467       0.26183902068265891        64.800949626365565        150.81927591321153       0.15119098632723940        87.086008124489894        996.79163340231196        2389.3784842164105             1042          81
 ../1116_seed.dataconnected         558   8.1859780133903201E-002  0.19787361442335646        45.677757314717987        110.41347684823290       0.10835261640342921        60.460759953113495        972.20186807601601        2101.9265229714729             1045         240
 ../1117_seed.dataconnected         601   7.5460078130760763E-002  0.18139838276826026        45.351506956587215        109.02042804372441        9.9490559625820610E-002   59.793826335118183        1587.5032902033879        4817.8848161567548              880          21
 ../1118_seed.dataconnected         483   6.3571652069783186E-002  0.15390494078440276        30.705107949705280        74.336086398866527        9.1955494679335573E-002   44.414503930119082        864.18476224933147        1890.5976113384872              983         151
 ../1119_seed.dataconnected         953   5.0758863748651434E-002  0.12025535559047212        48.373197152464819        114.60335387771994        7.6213603751352638E-002   72.631564375039062        1695.7683388998403        5583.5288009826654             1170          27
 ../1120_seed.dataconnected         744   4.9884792661438214E-002  0.11821181754531054        37.114285740110034        87.949592253711046        7.3131686840917781E-002   54.409975009642828        1313.0459853011112        3558.7201825506340             1141          70
 ../1121_seed.dataconnected         432   8.4782952740510911E-002  0.19717752231569841        36.626235583900716        85.180689640381715       0.11906355441619754        51.435455507797336        1091.7806712819956        2547.4046086266248              931         101
 ../1122_seed.dataconnected         453  0.11151540255278353       0.26388806268404907        50.516477356410938        119.54129239587424       0.14960366317252741        67.770459417154910        990.06553928002506        2331.2787965573752              984          97
 ../1123_seed.dataconnected         607   6.4521560945292003E-002  0.15216732930536089        39.164587493792247        92.365568888354062        9.0994009548146182E-002   55.233363795724735        1080.6623651019308        2830.8918913393604             1024         155
 ../1124_seed.dataconnected         802   6.7483176898401206E-002  0.16101609833631675        54.121507872517768        129.13491086572603        9.1827960928104441E-002   73.646024664339762        1505.0177991805103        4345.6661251935739             1112          55
 ../1125_seed.dataconnected         329  0.15199985869105742       0.36248881098774571        50.007953509357890        119.25881881496834       0.20869178324684609        68.659596688212361        588.92955221114050        987.68766242939523              982         290
 ../1126_seed.dataconnected         552   9.4090128611690527E-002  0.22576683548166446        51.937750993653168        124.62329318587878       0.13618738055795521        75.175434067991276        1213.0709761041310        3051.8425434228593              907          35
 ../1127_seed.dataconnected         473  0.10144155229978695       0.24222035837225650        47.981854237799226        114.57022951007733       0.13959297687027583        66.027478059640472        944.13726272334998        2208.7221387891345              988         133
 ../1128_seed.dataconnected         692   5.7527335597856957E-002  0.13927374868437484        39.808916233717014        96.377434089587382        8.4990726136377828E-002   58.813582486373456        1438.7118685832129        3862.3119040077695             1084         111
 ../1129_seed.dataconnected         781   8.4862551251787752E-002  0.20278122783784430        66.277652527646239        158.37213894135641       0.11459655832990505        89.499912055655841        1212.6446360010762        3199.5203643630189             1167         152
 ../1130_seed.dataconnected         804   7.1580662634951817E-002  0.16807776164872323        57.550852758501257        135.13452036557348       0.11470776200553319        92.225040652448683        1387.1887469948681        4000.5793989740564             1094          68
 ../1131_seed.dataconnected         639   5.9402966616840261E-002  0.14576523193071178        37.958495668160928        93.143983203724829        8.4168283096003382E-002   53.783532898346159        1630.3902025320181        4661.1901608023654              991          51
 ../1132_seed.dataconnected         370  0.11215545827218006       0.26406682063869719        41.497519560706621        97.704723636317965       0.13962571780745042        51.661515588756657        602.08789434700157        1131.6320891866419              966          96
 ../1133_seed.dataconnected         446  0.11927940885817560       0.28136311472493669        53.198616350746320        125.48794916732176       0.15680452426449604        69.934817821965225        951.15227074858797        2178.5584555471555             1012         189
 ../1134_seed.dataconnected         585   8.4023667619808631E-002  0.19606385886825042        49.153845557588049        114.69735743792650       0.12140820027799458        71.023797162626835        1033.5038816182487        2335.3766990059607             1049          80
 ../1135_seed.dataconnected         468  0.12075775691972081       0.28857982875070542        56.514630238429341        135.05535985533015       0.16670877156925570        78.019705094411663        921.21254856629275        1980.2718037531863              953         167
 ../1136_seed.dataconnected         579   6.4876074541577525E-002  0.15730306144560913        37.563247159573386        91.078472577007688        9.9870512169325631E-002   57.825026546039538        1369.3270292011073        4041.8102605424579              930          69
 ../1137_seed.dataconnected         483   9.1657048828113805E-002  0.21731342262230877        44.270354583978971        104.96238312657513       0.12682771834524678        61.257787960754193        963.17869586896131        2177.6056324648030              918          48
 ../1138_seed.dataconnected         389   9.9809438581760529E-002  0.23824196773733536        38.825871608304844        92.676125449823459       0.13221804831878475        51.432820796007270        739.60025486324150        1562.1874258248261              940         151
 ../1139_seed.dataconnected         545   9.5106165365682505E-002  0.22661387492761945        51.832860124296964        123.50456183555259       0.14848874497884249        80.926366013469149        1494.5833118567780        4205.2261958822901              953          76
 ../1140_seed.dataconnected         332  0.16690340380913513       0.39742643366603336        55.411930064632863        131.94557597712307       0.20752799287294818        68.899293633818800        539.60230538973724        973.98416280397669              908         108
 ../1141_seed.dataconnected         491  0.12965327488293610       0.31150090000439840        63.659757967521621        152.94694190215961       0.16910646796785492        83.031275772216759        1021.2156620982842        2534.7635705283519              926          83
 ../1142_seed.dataconnected         571   6.4478416394721683E-002  0.15724167551320559        36.817175761386082        89.784996718040389        8.7102377822975599E-002   49.735457736919066        1214.2612863507320        3269.4413915708974              886          38
 ../1143_seed.dataconnected         429  0.14023061441494986       0.32480811525759817        60.158933584013489        139.34268144550961       0.19364287843977512        83.072794850663527        724.62120222534566        1407.2258852756440              973          66
 ../1144_seed.dataconnected         616   9.8132329056889275E-002  0.23082522485520998        60.449514699043796        142.18833851080936       0.13294498830014184        81.894112792887370        1406.8921335576213        3526.8226639262389             1042          50
 ../1145_seed.dataconnected         566   5.7060856688622472E-002  0.13388806218418139        32.296444885760316        75.780643196246672        8.0995238166227126E-002   45.843304802084553        1228.1193828138428        3304.9609739774410              971          62
 ../1146_seed.dataconnected         541  0.12426639460942381       0.29636538623718284        67.228119483698279        160.33367395431591       0.17217548922548251        93.146939670986043        1117.3470751434124        2779.4888612697978             1060          90
 ../1147_seed.dataconnected         574   9.3454636206235953E-002  0.22107105906044150        53.642961182379437        126.89478790069342       0.11985365781982439        68.795999588579207        972.24939425782122        2320.1042927080389             1054         137
 ../1148_seed.dataconnected         860   6.7906493826575903E-002  0.16233945740804237        58.399584690855278        139.61193337091643       0.10056128044379867        86.482701181666854        1608.5625310829098        5280.0692009002323             1140          50
 ../1149_seed.dataconnected         577   8.9271291010820944E-002  0.21590522721688588        51.509534913243684        124.57731610414315       0.12010676176505240        69.301601538435236        1287.0830990375994        3228.4348884749861              964          51
 ../1150_seed.dataconnected         367  0.15045615870911830       0.35701964708689227        55.217410246246416        131.02621048088946       0.19364292699998223        71.066954208993479        550.49187580045248        989.99325969976712              932         121
 ../1151_seed.dataconnected         578   8.3093150307289143E-002  0.20125932114696016        48.027840877613123        116.32788762294297       0.11587965476175954        66.978440452297022        1159.9405945682622        3016.2798076822614              960          52
 ../1152_seed.dataconnected         446  0.13386084912424656       0.31719154175812947        59.701938709413966        141.46742762412575       0.18958055051392902        84.552925529212345        874.57720935732937        1777.9804034761073              970          79
 ../1153_seed.dataconnected         335   9.7573176892544841E-002  0.23021945652957251        32.687014259002524        77.123517937406788       0.12728306790681077        42.639827748781606        649.62478383229779        1184.4668724712690              926          87
 ../1154_seed.dataconnected         507  0.12643510642654557       0.29332905123123665        64.102598958258596        148.71782897423699       0.18029224994939622        91.408170724343876        988.18349741685677        2366.7887864419808              933          61
 ../1155_seed.dataconnected         653   6.8442985532669628E-002  0.16092570152981275        44.693269552833264        105.08448309896772        9.0740878067145647E-002   59.253793377846108        1113.4468615439368        2942.7005665997513             1006          46
 ../1156_seed.dataconnected         282  0.15394589512268034       0.35342339219708602        43.412742424595855        99.665396599578258       0.21545028838860367        60.756981325586231        435.12032754620100        712.27088942454816              905         159
 ../1157_seed.dataconnected         431  0.14035816757693995       0.33855685377622413        60.494370225661115        145.91800397755259       0.18504752631529237        79.755483841891007        727.92036871217556        1491.0112069369391              907         180
 ../1158_seed.dataconnected         309  0.10395758042893341       0.24553216752069468        32.122892352540426        75.869439763894661       0.13253331529419363        40.952794425905829        535.84533445056991        893.61431959955291              882         143
 ../1159_seed.dataconnected         302  0.13145580800649218       0.30886410695198774        39.699654017960640        93.276960299500303       0.16670416075619482        50.344656548370835        545.24262561673788        989.52260191250491              883          72
 ../1160_seed.dataconnected         546   9.4790461432646037E-002  0.22588391913509631        51.755591942224733        123.33261984776259       0.12606449898543312        68.831216446046483        1215.9352803531528        2842.6793064854546              943          66
 ../1161_seed.dataconnected         871   7.4655466907886756E-002  0.17586913309113175        65.024911676769364        153.18201492237574       0.10986655208575224        95.693766866690211        1380.3985893446295        3855.2349396916220             1100          36
 ../1162_seed.dataconnected         637   8.5527752345974928E-002  0.20753231377596679        54.481178244386030        132.19808387529085       0.11180761911091977        71.221453373655891        1461.9799836858476        3866.9944113376150             1133         112
 ../1163_seed.dataconnected         496  0.12285840847679368       0.29766118057224744        60.937770604489664        147.63994556383474       0.15358255855415734        76.176949042862034        1085.3150373585313        2374.8521146730754             1047         113
 ../1164_seed.dataconnected         409  0.11334420472863525       0.27068297207361947        46.357779734011821        110.70933557811036       0.15520100313458024        63.477210282043316        894.90405598293012        1806.6457282810409              897         130
 ../1165_seed.dataconnected         324  0.13876482029675391       0.33475244808673593        44.959801776148268        108.45979318010244       0.18334700829408332        59.404430687282996        624.58411010312523        1133.8927096022385              856          38
 ../1166_seed.dataconnected         471   9.1625867400385724E-002  0.21513254971722279        43.155783545581677        101.32743091681193       0.12404865648765163        58.426917205683921        1194.9628545582166        3025.9218062498107              897          36
 ../1167_seed.dataconnected         276  0.14444417667530848       0.34425395134506181        39.866592762385139        95.014090571237062       0.18036145661868061        49.779762026755847        487.32203393089054        778.12151900769175              870         186
 ../1168_seed.dataconnected         629   7.8497919964988172E-002  0.18876435166282457        49.375191657977560        118.73277719591665       0.11552879644943916        72.667612966697234        1335.7420346873596        3664.9654796893901             1011         102
 ../1169_seed.dataconnected         382  0.12020453002223871       0.28696820222515490        45.918130468495193        109.62185325000917       0.15802109174770626        60.364057047623788        739.59652102253222        1563.5044350808498              936          75
 ../1170_seed.dataconnected         552   8.5810634116704837E-002  0.20569450814109763        47.367470032421068        113.54336849388589       0.11868007857639318        65.511403374169035        1015.7691041997018        2502.5466243720912             1050          75
 ../1171_seed.dataconnected         741   7.2049523297767135E-002  0.17705763286369283        53.388696763645449        131.19970595199638        9.0435789122435356E-002   67.012919739724595        1198.0781458373078        3347.4385287857494             1110          89
 ../1172_seed.dataconnected         299  0.13766277296136437       0.33654897678588691        41.161169115447947        100.62814405898018       0.17334801396504193        51.831056175547538        456.23455572911234        750.27004735255468              988         296
 ../1173_seed.dataconnected         380  0.13379113881516561       0.32303024317537399        50.840632749762932        122.75149240664211       0.18247133334917368        69.339106672686000        717.38381936436713        1241.7397233079282              975         138
 ../1174_seed.dataconnected         522   9.0676606131482637E-002  0.21270168249016233        47.333188400633937        111.03027825986473       0.11882879429717411        62.028630623124883        932.40645724407204        2224.4212037923985              968          66
 ../1175_seed.dataconnected         743   9.2954288618138828E-002  0.22145055869907310        69.065036443277151        164.53776511341133       0.12455163444640500        92.541864393678921        1373.5321901817729        3810.1250489918384             1125          65
 ../1176_seed.dataconnected         238  0.11521857143743947       0.27952015293201360        27.422020002110592        66.525796397819235       0.15169735069983664        36.103969466561118        383.19183175146730        578.68233199640235              913          84
 ../1177_seed.dataconnected         404   5.8900079567673645E-002  0.14195501434717728        23.795632145340154        57.349825796259623        8.5720611005358910E-002   34.631126846165003        817.96017373063682        1673.3924101160285              926          79
 ../1178_seed.dataconnected         618   6.3738390350174756E-002  0.15012857488001233        39.390325236407996        92.779459275847614        8.4472768132363402E-002   52.204170705800585        1365.0630873341083        3928.7608466010629             1027         104
 ../1179_seed.dataconnected         267  0.17206250938805173       0.39252995127562412        45.940690006609813        104.80549699059164       0.22558130024444387        60.230207165266513        434.94387214558418        707.66221359588883              886         209
 ../1180_seed.dataconnected         926   5.2847584066164452E-002  0.12760978540226264        48.936862845268280        118.16666128249521        7.3242033397111980E-002   67.822122925725694        1606.6054378530710        5155.5481878489381             1226          51
 ../1181_seed.dataconnected         439  0.11970798195163360       0.27761360698754467        52.551804076767148        121.87237346753211       0.17336282486820148        76.106280117140457        773.92349047709456        1611.8594499168948              902          71
 ../1182_seed.dataconnected         383   7.2933904108122685E-002  0.17578792570895455        27.933685273410987        67.326775546529589       0.10562047845857450        40.452643249634036        800.35785528450992        1719.5853814817156              997         176
 ../1183_seed.dataconnected         291  0.12133957820569267       0.29480357880419833        35.309817257856565        85.787841432021708       0.17143671023400170        49.888082678094491        492.22903969155288        870.47300368654635              959         201
 ../1184_seed.dataconnected         601   8.4507801445280195E-002  0.20432852857587067        50.789188668613399        122.80144567409828       0.12675141513658819        76.177600497089500        1293.3136168951899        3412.4513606390287             1045          50
 ../1185_seed.dataconnected         275  0.12882320390286808       0.30431593119034039        35.426381073288724        83.686881077343614       0.16788338127809430        46.167929851475932        560.54352474455652        962.38893113849349              878         171
 ../1186_seed.dataconnected         516  0.10013454050217159       0.24425724120075903        51.669422899120541        126.03673645959167       0.13605930995420587        70.206603936370229        1192.6734159444206        3033.8906468571208              895          29
 ../1187_seed.dataconnected         446   9.6750868818019739E-002  0.22870924187049335        43.150887492836802        102.00432187424003       0.12103050524656891        53.979605339969737        758.90327599777595        1530.2203450161894              886          61
 ../1188_seed.dataconnected         410  0.10653457769986292       0.25121678623156751        43.679176856943798        102.99888235494268       0.14995950166968303        61.483395684570041        689.13863978673817        1274.0796641854652             1062         349
 ../1189_seed.dataconnected         531   9.8760676681723295E-002  0.23789252805447422        52.441919317995072        126.32093239692581       0.13485888901541879        71.610070067187380        941.23961007087485        2000.3651033984513             1130         338
 ../1190_seed.dataconnected         565   7.7983886124075946E-002  0.18910660701363122        44.060895660102908        106.84523296270164       0.11779766975544681        66.555683411827445        1385.8924919432736        3667.0131753177507              884          32
 ../1191_seed.dataconnected         806   7.2740839764725784E-002  0.17270046595289903        58.629116850368980        139.19657555803661        9.3877129761063757E-002   75.664966587417382        1503.7373952567809        4606.7307666676761             1117          51
 ../1192_seed.dataconnected         429   9.5871083593070103E-002  0.22936773328470614        41.128694861427071        98.398757579138930       0.12893729697857409        55.314100403808283        853.86443252624213        1900.4927144590440              948         195
 ../1193_seed.dataconnected         574   9.2175200304882271E-002  0.21516249559733855        52.908564975002420        123.50327247287233       0.13373564230642318        76.764258683886908        844.66922795163646        1891.1684728289167             1002          73
 ../1194_seed.dataconnected         458  0.11363793057322732       0.27140563332539386        52.046172202538116        124.30378006303039       0.15508913257690951        71.030822720224549        787.95823140854588        1694.2343569142872              902          62
 ../1195_seed.dataconnected         377  0.11168687632952627       0.26922726042216294        42.105952376231407        101.49867717915542       0.14874571491432154        56.077134522699218        600.59054247834320        1128.8343115995679             1012         123
 ../1196_seed.dataconnected         661   8.4064752063409826E-002  0.20383237555144423        55.566801113913897        134.73320023950464       0.10910189594361897        72.116353218732129        1365.3616249991126        3589.8546925959031             1054          40
 ../1197_seed.dataconnected         472   7.9201750441278751E-002  0.18742287436494151        37.383226208283574        88.463596700252396       0.11032880019326569        52.075193691221401        1033.7298596632581        2473.1875138825176              913          60
 ../1198_seed.dataconnected         378  0.13985037467860167       0.33468211696661115        52.863441628511431        126.50984021337902       0.18621152383929315        70.387956011252811        670.27573091401894        1288.7614854058606             1012         123
 ../1199_seed.dataconnected         386  0.11978470289653062       0.28679543777564587        46.236895318060817        110.70303898139930       0.16884303859276792        65.173412896808415        838.89261592361640        1789.2615806044910              848         128
 ../1200_seed.dataconnected         370   8.1186231529656844E-002  0.19479712025636758        30.038905665973033        72.074934494856009       0.11668973223460062        43.175200926802226        617.09862570219650        1229.5957771504332              916         111
 ../1201_seed.dataconnected         313   7.1238041596420679E-002  0.17200136319234441        22.297507019679671        53.836426679203797       0.11118902171723634        34.802163797494977        704.15769630085140        1261.4593449497513              970         173
 ../1202_seed.dataconnected         762   6.8132180848240978E-002  0.16375612703297576        51.916721806359625        124.78216879912753        9.3795041019969730E-002   71.471821257216931        1208.2472043105215        3331.0592170859200             1157         125
 ../1203_seed.dataconnected         295   8.2770451777217771E-002  0.19842768833672905        24.417283274279242        58.536168059335068       0.11572668326628359        34.139371563553659        572.66943409815485        998.45988281370899              955         246
 ../1204_seed.dataconnected         491   7.7805079152487272E-002  0.18953167055774603        38.202293863871247        93.060050243853297        9.7396157071774569E-002   47.821513122241313        982.66387489016722        2384.0664240711189             1013          89
 ../1205_seed.dataconnected         513  0.11980484205138668       0.29127494048331731        61.459883972361368        149.42404446794177       0.15892478337457924        81.528413871159145        1075.6035097988324        2312.0770509489248              989          95
 ../1206_seed.dataconnected         657   6.0141304438482826E-002  0.14466293592011353        39.512837016083218        95.043548899514590        8.6056703137838336E-002   56.539253961559787        1099.9746583019942        2902.5436948309143              997          42
 ../1207_seed.dataconnected         309  0.12489086912253662       0.29498689683845392        38.591278558863813        91.150951123082265       0.17018021577572354        52.585686674698572        385.49872595899205        574.68241019915911              911         112
 ../1208_seed.dataconnected         516   7.5804420629431046E-002  0.18082602501253700        39.115081044786422        93.306228906469087       0.10893375613434217        56.209818165320556        1041.2463331901749        2528.1705544962383              895          91
 ../1209_seed.dataconnected         374   8.4279954169941843E-002  0.20549238798215799        31.520702859558249        76.854153105327086       0.13394362990266906        50.094917583598232        984.58703298049375        1993.3730771717917              872          69
 ../1210_seed.dataconnected         287  0.11373784249731904       0.27315312232907107        32.642760796730563        78.394946108443392       0.15572960530599905        44.694396722821729        520.95201672402186        865.64631867073456              899          59
 ../1211_seed.dataconnected         353  0.10497386293670366       0.24651116938527143        37.055773616656396        87.018442793000816       0.13293614223877773        46.926458210288537        806.97925270608857        1703.3744449827675              859          65
 ../1212_seed.dataconnected         405   9.2269359661634812E-002  0.22223088420647888        37.369090662962101        90.003508103623943       0.12310606250792462        49.857955315709475        849.09145013351201        1849.5244551393712              863          97
 ../1213_seed.dataconnected         636   9.4755542248155716E-002  0.22580124310868957        60.264524869827035        143.60959061712657       0.14186837893820908        90.228289004700983        1094.9192775215952        2795.8775588524536              951          39
 ../1214_seed.dataconnected         296  0.10795225268005107       0.26267781673117996        31.953866793295116        77.752633752429261       0.15313356762937672        45.327536018295511        562.32672254817442        972.16033639562704              946         157
 ../1215_seed.dataconnected         614   7.0767414005791021E-002  0.16653941555186025        43.451192199555685        102.25520114884219        9.0443062138046121E-002   55.532040152760317        1237.4486862050676        3248.6690267940344             1021          71
 ../1216_seed.dataconnected         454   7.9245071916204099E-002  0.18729830681158430        35.977262649956664        85.033431292459269       0.10596621331406401        48.108660844585060        921.80358286209832        2144.7059863755476              952         204
 ../1217_seed.dataconnected         719   6.0664188592955630E-002  0.14629626182631797        43.617551598335098        105.18701225312262        8.4028713502296473E-002   60.416645008151164        1873.1237833120090        5716.5066308717460             1077          53
 ../1218_seed.dataconnected         611   8.0815755688582264E-002  0.19198187615083087        49.378426725723763        117.30092632815766       0.10610276629590916        64.828790206800491        1049.5830935817837        2643.1192125682837             1034          75
 ../1219_seed.dataconnected         665   7.7251632179629187E-002  0.18140336975994081        51.372335399453412        120.63324089036064       0.11798497627172537        78.460009220697373        1070.9680942277328        2775.5795924793379             1054         110
 ../1220_seed.dataconnected         389  0.12618644350442579       0.30317728694168344        49.086526523221629        117.93596462031486       0.17223774369678593        67.000482298049732        940.91833024497612        2215.2408377021352              903          80
 ../1221_seed.dataconnected         669   4.7801747532733717E-002  0.11088559949815675        31.979369099398856        74.182466064266862        7.2859062435061503E-002   48.742712769056148        1582.8948706746235        4389.1435519233255              985          88
 ../1222_seed.dataconnected         538   5.6056789529691481E-002  0.13469049988890144        30.158552766974015        72.463488940228970        8.0268661655559306E-002   43.184539970690906        1173.1036487697759        3010.3471616234883              999         135
 ../1223_seed.dataconnected         401  0.11228563618191212       0.26794650139776588        45.026540108946762        107.44654706050412       0.14705002234956746        58.967058962176552        895.84107922074850        1882.7241338547492              871          59
 ../1224_seed.dataconnected         354  0.15658126661236343       0.37575048302908509        55.429768380776657        133.01567099229612       0.20354725778872582        72.055729257208938        567.55323731861824        998.27667113334485             1073         319
 ../1225_seed.dataconnected         687   6.9632528220340897E-002  0.16885090171745784        47.837546887374195        116.00056947989354        9.2977091635587081E-002   63.875261953648327        1722.7291247928536        5425.4092240192767             1038          30
 ../1226_seed.dataconnected         621   7.3255403422593471E-002  0.17373275873569544        45.491605525430543        107.88804317486687        9.8673253155929883E-002   61.276090209832454        964.83545379372049        2322.0941052789572             1016         100
 ../1227_seed.dataconnected         458  0.10337616401636861       0.25102063524940815        47.346283119496825        114.96745094422893       0.14548080660251547        66.630209423952081        1037.7731906775743        2480.7684149367042              991          96
 ../1228_seed.dataconnected         528  0.13097944306888590       0.31092724730517263        69.157145940371748        164.16958657713116       0.17178412376936622        90.702017350225361        996.70198959203185        2158.9145300006207             1088         207
 ../1229_seed.dataconnected         475  0.15342907082024287       0.36372216565583571        72.878808639615372        172.76802868652197       0.19609700379861503        93.146076804342144        740.25132996883781        1523.6503369192344              987         292
 ../1230_seed.dataconnected         344  0.10082157375086348       0.23936177015369825        34.682621370297035        82.340448932872192       0.13639588247912932        46.920183572820484        737.26101095206127        1521.9091448062193              930         143
 ../1231_seed.dataconnected         686   7.6631132131889795E-002  0.18298924368584135        52.568956642476401        125.53062116848717       0.10235591117360918        70.216155065095890        1532.7604961056629        4718.1476427338375             1071         155
 ../1232_seed.dataconnected         763   6.1649319244497777E-002  0.15034336929624739        47.038430583551801        114.71199077303676        9.1027143593056095E-002   69.453710561501794        1469.6063235963893        4412.6704553419750             1053          28
 ../1233_seed.dataconnected         489   9.0051461479140296E-002  0.21798927785657507        44.035164663299604        106.59675687186521       0.11962963235473138        58.498890221463647        906.27231958781920        2005.3828423052846              972         121
 ../1234_seed.dataconnected         673   8.6551605266426399E-002  0.20972781560797391        58.249230344304969        141.14681990416645       0.11443575922875504        77.015265960952149        1531.9979943928745        4180.8098854274376             1056          65
 ../1235_seed.dataconnected         588   9.4156839403007966E-002  0.22040402897774805        55.364221568968681        129.59756903891585       0.12842671138459819        75.514906294143728        1180.6686471294640        3173.7233772780387             1036          60
 ../1236_seed.dataconnected         922   5.8800389255091824E-002  0.13925421376056726        54.213958893194665        128.39238508724301        8.6270859737486619E-002   79.541732677962656        1813.1636308313180        5893.7757188709566             1167          39
 ../1237_seed.dataconnected         423  0.12133323426019207       0.28700997087314989        51.323958092061247        121.40521767934240       0.16264086372419581        68.797085355334829        654.06721824721797        1358.5956014518481             1070         274
 ../1238_seed.dataconnected         562  0.10550947092482786       0.25221779465188082        59.296322659753258        141.74640059435703       0.13313926940590101        74.824269406116372        969.59958569755793        2365.9414435966323              998          45
 ../1239_seed.dataconnected         712   8.1722665770674746E-002  0.19484813062962075        58.186538028720420        138.73186900828998       0.12520034580956191        89.142646216408082        1633.2502563301362        4727.4803262579626              956          50
 ../1240_seed.dataconnected         519   9.7104215532428984E-002  0.23143533742000508        50.397087861330640        120.11494012098264       0.13566684304649218        70.411091541129437        992.56846085842108        2299.1709698402633              995         101
 ../1241_seed.dataconnected         533   9.1510460539014488E-002  0.22230768883565505        48.775075467294720        118.48999814940414       0.11888691599067087        63.366726223027577        1165.7712830454338        2968.4164116286620             1015          98
 ../1242_seed.dataconnected         540   8.5146189348704340E-002  0.20252057907859161        45.978942248300342        109.36111270243947       0.11717574214512698        63.274900758368567        941.58085968313901        2251.2340913300582             1138         165
 ../1243_seed.dataconnected         722   8.4202745317804292E-002  0.19803854293665410        60.794382119454696        142.98382800026425       0.12646659246578615        91.308879760297600        1192.8452152252519        3252.2435301076862             1065          77
 ../1244_seed.dataconnected        1013   5.6713180350264604E-002  0.13776654173481112        57.450451694818042        139.55750677736367        6.7695104224538144E-002   68.575140579457141        1820.9668167103177        6203.4486869701459             1182          19
 ../1245_seed.dataconnected         676   7.2942315479041578E-002  0.17251382804768547        49.309005263832105        116.61934776023539        9.6343894937514274E-002   65.128472977759643        1327.9046394439877        3609.4468630998949             1091         144
 ../1246_seed.dataconnected         420  0.12512141716666286       0.29310577974605689        52.550995209998405        123.10442749334389       0.17203817481204078        72.256033421057126        825.61993361540817        1733.7935788814248              856          27
 ../1247_seed.dataconnected         232  0.18162983169021574       0.44390512879282806        42.138120952130052        102.98598987993611       0.24216006870043244        56.181135938500326        353.50814251860771        512.88523233911485              799         133
 ../1248_seed.dataconnected         781   7.9459692410877483E-002  0.18872356802804832        62.058019772895314        147.39310662990573       0.10728472595613034        83.789370971737796        1711.1717037637782        5021.3292764137668             1020          15
 ../1249_seed.dataconnected         639   7.4517027010067599E-002  0.17972424125657716        47.616380259433193        114.84379016295280       0.11275559307084577        72.050823972270450        1106.3563303020833        2590.8118011476276             1015          98
 ../1250_seed.dataconnected         597   8.2972302701053435E-002  0.19792979353391885        49.534464712528901        118.16408673974955       0.11464399301116937        68.442463827668121        1204.6842491950238        3289.1456595774703              980          46
 ../1251_seed.dataconnected         352  0.10385599317092685       0.25049499403769904        36.557309596166249        88.174237901270061       0.14222154519611263        50.061983909031646        676.46504070298624        1337.5423615050472              892          62
 ../1252_seed.dataconnected         609   6.3271399779168749E-002  0.15479647772474292        38.532282465513767        94.271054934368436        9.5702986849701785E-002   58.283118991468385        1252.3049516128403        3262.1841506010569             1003          47
 ../1253_seed.dataconnected         261  0.13286276205828906       0.32367519324664895        34.677180897213447        84.479225437375376       0.16504736856203192        43.077363194690328        464.10549142465436        684.59842762769335              978         213
 ../1254_seed.dataconnected         491   9.0493161395972174E-002  0.21088738925092165        44.432142245422341        103.54570812220253       0.12875283484296726        63.217641907896926        805.49798160634077        1749.4359609409355             1054         273
 ../1255_seed.dataconnected         276  0.12674258868063401       0.30378782889275219        34.980954475854986        83.845440774399606       0.17017041335190203        46.967034085124958        545.79495060814691        932.43182515889634              849         104
 ../1256_seed.dataconnected         366  0.11101208719206171       0.26007851344355110        40.630423912294589        95.188735920339695       0.14511456933821346        53.111932377786125        826.61027326426961        1748.1808413531680              883          73
 ../1257_seed.dataconnected         431  0.11285485154379182       0.26906842491277899        48.640441015374279        115.96849113740774       0.15524187130322600        66.909246531690414        885.67016936279299        1777.0411607427022              927          84
 ../1258_seed.dataconnected         396  0.10018800340912998       0.24250505224692484        39.674449350015472        96.032000689782237       0.13479065927366735        53.377101072372270        923.57968322686111        1998.9998691684418              988         118
 ../1259_seed.dataconnected         435   6.6828377474444187E-002  0.15900761442926989        29.070344201383222        69.168312276732408        9.2571773610271579E-002   40.268721520468134        899.94720831844290        2040.8543020273326              951         135
 ../1260_seed.dataconnected         496  0.12614422725301755       0.29946316064252870        62.567536717496708        148.53372767869425       0.17449409528090068        86.549071259326738        933.06044773082431        2049.9440734798195              915          87
 ../1261_seed.dataconnected         829   5.4466490184242537E-002  0.13141240574525295        45.152720362737064        108.94088436281470        7.8193951093378053E-002   64.822785456410401        1655.1545224859526        5332.3917085020175             1107          34
 ../1262_seed.dataconnected         368  0.11003419560660846       0.26058381914867518        40.492583983231910        95.894845446712466       0.14516706473471511        53.421479822375161        740.86637359822896        1482.3567490649136             1016         193
 ../1263_seed.dataconnected         720   9.3035732682061348E-002  0.22129537710882069        66.985727531084166        159.33267151835091       0.12931963909414609        93.110140147785188        1510.4326811889687        4442.6048593797750             1042          26
 ../1264_seed.dataconnected         364  0.10469084143395210       0.24677199508255857        38.107466281958565        89.825006210051313       0.14309213351792383        52.085536600524271        572.51509577773413        1025.0735318955244              884         108
 ../1265_seed.dataconnected         566  0.11678449785398065       0.27942292059513368        66.100025785353054        158.15337305684565       0.15664184112512072        88.659282076818329        959.33526575898713        2404.7938822359924             1020          80
 ../1266_seed.dataconnected         270  0.10570418962637251       0.25345061079783038        28.540131199120580        68.431664915414203       0.13866499629177084        37.439548998778129        485.49201817073981        805.81186956820579             1011         179
 ../1267_seed.dataconnected         547   8.8547420501615515E-002  0.20973373695992095        48.435439014383689        114.72435411707676       0.13055717116905349        71.414772629472267        1183.1275871715557        3068.5387939487737             1095         144
 ../1268_seed.dataconnected         324  0.11940877216579383       0.28389692622456802        38.688442181717200        91.982604096760042       0.16273476603870796        52.726064196541380        539.17315891775343        927.36579864219777              798         109
 ../1269_seed.dataconnected         801   6.9548796317255038E-002  0.16219087435500421        55.708585850121288        129.91489035835838        9.8132373594988734E-002   78.604031249585972        1620.0624148168972        4651.4967104216339             1066          30
 ../1270_seed.dataconnected         482   7.8611039775681027E-002  0.18520139835618452        37.890521171878255        89.267074007680932       0.11356714825951697        54.739365461087182        935.08907154328176        2143.4521675002852              898          93
 ../1271_seed.dataconnected         278  0.13998279902074423       0.33177760218607499        38.915218127766899        92.234173407728846       0.18205531125223565        50.611376528121511        487.32629925264661        808.26811615158886              930         110
 ../1272_seed.dataconnected         355  0.10200076149725250       0.23885709912486813        36.210270331524640        84.794270189328188       0.15094212611964142        53.584454772472704        689.29612492811066        1364.2220368167898              826          82
 ../1273_seed.dataconnected         399  0.11520695590720492       0.27688602425634407        45.967575406974767        110.47752367828129       0.16102439729988366        64.248734522653578        779.42121554113078        1537.3886954299010              972         151
 ../1274_seed.dataconnected         502   8.1379376178029816E-002  0.19040518143437249        40.852446841370970        95.583401080054983       0.11792813019455856        59.199921357668394        1078.9609769496531        2649.6604326996689              939          82
 ../1275_seed.dataconnected         507  0.11450532197098214       0.27455345897510736        58.054198239287942        139.19860370037944       0.15555688736643519        78.867341894782641        728.00493714645370        1457.4104118098005             1093         123
 ../1276_seed.dataconnected         503   9.8966387212514897E-002  0.23806820704674600        49.780092767894992        119.74830814451323       0.12354560848966988        62.143441070303950        1054.7569275831379        2483.8623016571896             1116         283
 ../1277_seed.dataconnected         275  0.13112425799798841       0.31806902006145632        36.059170949446809        87.468980516900487       0.17970666821801662        49.419333759954569        430.00524058776250        678.61927802718935             1017         195
 ../1278_seed.dataconnected         347  0.10775758421047954       0.25856337918910138        37.391881721036398        89.721492578618182       0.14630243316841621        50.766944309440426        776.15128361476752        1529.6478211977267              842          78
 ../1279_seed.dataconnected         334   9.8411572212916423E-002  0.23244747059413201        32.869465119114082        77.637455178440092       0.12867397725039431        42.977108401631703        732.07112370073571        1499.4712719098056              988         256
 ../1280_seed.dataconnected         757   7.5265559222239653E-002  0.17807665134160675        56.976028331235419        134.80402506559631       0.10437682229920910        79.013254480501288        1657.0185785783651        5173.7858913730834              943          16
 ../1281_seed.dataconnected         687   6.6644976304898892E-002  0.15713986340742789        45.785098721465538        107.95508616090297        8.6820095818251758E-002   59.645405827138958        1246.3301135523400        3545.3858158972598             1018          47
 ../1282_seed.dataconnected         727   9.1859866949121627E-002  0.21809463389911635        66.782123272011418        158.55479884465760       0.11505915340022074        83.648004521960473        1299.5346238489367        3713.7911804144792             1086         122
 ../1283_seed.dataconnected         648   6.2453956228254164E-002  0.14945579417174745        40.470163635908698        96.847354623292347        9.2328276657988789E-002   59.828723274376735        1130.7515847045454        2995.7068963035786             1057         115
 ../1284_seed.dataconnected         681   9.4637513012110930E-002  0.22479052415454978        64.448146361247538        153.08234694924840       0.12816423080166114        87.279841175931239        998.92758061754421        2521.9546631173757             1108         106
 ../1285_seed.dataconnected         491   9.3413982761971617E-002  0.22192663713800215        45.866265536128061        108.96597883475906       0.11333651297468018        55.648227870567972        684.74790357354004        1393.5148139345597             1088         253
 ../1286_seed.dataconnected         936   8.2652505763045933E-002  0.19623476115036800        77.362745394210990        183.67573643674444       0.11294884991855365        105.72012352376622        1681.5340196349746        5493.3961058083523             1197          29
 ../1287_seed.dataconnected         495  0.10619698465392641       0.25701002938197504        52.567507403693568        127.21996454407764       0.15280392818300631        75.637944450588122        725.03247976838861        1483.1804204476364              935          85
 ../1288_seed.dataconnected         528  0.11680361604156085       0.27409476462819909        61.672309269944130        144.72203572368912       0.16417739817128893        86.685666234440561        892.92999319885803        2128.6546944555726             1083         176
 ../1289_seed.dataconnected         705  0.10650020603466694       0.25110887935273946        75.082645254440195        177.03175994368132       0.13694964447236146        96.549499353014838        1488.2006858897194        4489.3778192569944             1114          69
 ../1290_seed.dataconnected         484  0.10834025966401946       0.25905166142915614        52.436685677385420        125.38100413171158       0.14448130664535933        69.928952416353908        775.00033909941487        1731.7191121012972             1050         135
 ../1291_seed.dataconnected         657   8.8889187523666216E-002  0.21304605477475350        58.400196203048701        139.97125798701305       0.11597123866523107        76.193103803056815        1156.2860839162197        3216.1253755852858             1020          30
 ../1292_seed.dataconnected         467  0.10375665614813331       0.24949011462592516        48.454358421178256        116.51188353030705       0.13898135804786327        64.904294208352141        796.71388939129633        1830.8017053906453              981          71
 ../1293_seed.dataconnected         725   7.2427570139292338E-002  0.17190854110677381        52.509988350986944        124.63369230241101       0.10482908830530269        76.001089021344441        1183.9848297534106        3131.8425174367790             1129          72
 ../1294_seed.dataconnected         928   8.6378327162126081E-002  0.20749177051384407        80.159087606452999        192.55236303684731       0.11298187634915004        104.84718125201124        1971.9120375715336        6648.3321016173250             1179          23
 ../1295_seed.dataconnected         932   5.7200187274276136E-002  0.13738686172641984        53.310574539625357        128.04455512902328        7.7905878323545910E-002   72.608278597544782        1901.4108914628471        6228.2477147284817             1119          29
 ../1296_seed.dataconnected         440  0.11582044911514706       0.27618029674913486        50.960997610664705        121.51933056961934       0.16492603886991589        72.567457102762987        925.85266554023724        1992.3065761543296              917          79
 ../1297_seed.dataconnected         687  0.11181007734332045       0.25962566213671895        76.813523134861143        178.36282988792593       0.15465593119728402        106.24862473253413        1227.2758396157903        3143.5031337455048             1090          92
 ../1298_seed.dataconnected         611   9.3317273442552626E-002  0.22155977162452961        57.016854073399656        135.37302046258759       0.13143527597548141        80.306953621019147        1075.7501329905861        2741.4946206572322             1080          92
 ../1299_seed.dataconnected         501  0.10249575496814946       0.24010487911771142        51.350373239042881        120.29254443797342       0.13791343387860902        69.094630373183122        912.11989255424976        2076.0749398981720              986          68
 ../1300_seed.dataconnected         708   8.5684640907559867E-002  0.20272338932543640        60.664725762552386        143.52815964240898       0.10817411026331462        76.587270066426754        1335.6429945855118        3747.8583883851666             1149          77
 ../1301_seed.dataconnected         491   9.1439064930811984E-002  0.21790840741571249        44.896580881028683        106.99302804111483       0.12944939758497004        63.559654214220288        837.11307707058518        1790.8873920932269              990          87
 ../1302_seed.dataconnected         350  0.12582095843074761       0.29936831487914750        44.037335450761667        104.77891020770163       0.16872444389776750        59.053555364218624        558.34667163691506        969.50093341322736              960         111
 ../1303_seed.dataconnected         598   7.1825327276878737E-002  0.17272307478645693        42.951545711573488        103.28839872230124        9.4179893640281578E-002   56.319576396888387        1164.5514377251552        3097.0677689173949              896          40
 ../1304_seed.dataconnected         568  0.11206453294622971       0.26920358876563100        63.652654713458475        152.90763841887841       0.14813542327658899        84.140920421102550        1018.1458209228116        2626.0921866697249             1008          65
 ../1305_seed.dataconnected         487   8.7687922347485556E-002  0.20412253580970677        42.704018183225465        99.407674939327194       0.11856518011234338        57.741242714711227        780.48549553101236        1594.0140782735448             1049         147
 ../1306_seed.dataconnected         710   6.4401203197623005E-002  0.15360473933614163        45.724854270312335        109.05936492866056        9.2345697476089464E-002   65.565445208023519        1338.8465660331181        3951.5988956264591             1061          58
 ../1307_seed.dataconnected         572  0.11918014357338136       0.28289567460177917        68.171042123974132        161.81632587221767       0.15261347982780532        87.294910461504642        954.42430239794783        2206.3365201840361             1092         200
 ../1308_seed.dataconnected         819   7.5114516320922475E-002  0.17914999052475233        61.518788866835507        146.72384223977215        9.5566160086942450E-002   78.268685111205869        1432.4880914789562        4242.6159364661444             1117          44
 ../1309_seed.dataconnected         416  0.12022375812785141       0.28562030235805735        50.013083381186185        118.81804578095186       0.17585230949540678        73.154560750089217        828.85804234472971        1734.3523192741468              868         123
 ../1310_seed.dataconnected         976   5.0892614048765619E-002  0.12190822567663415        49.671191311595244        118.98242826039493        5.8282053550815845E-002   56.883284265596266        2147.8260673812347        6693.6811830705392             1163          22
 ../1311_seed.dataconnected         839   9.7901970249533052E-002  0.23148394602998509        82.139753039358226        194.21503071915748       0.14200302212606206        119.14053556376606        1838.9965949683956        5410.9464472238742             1161          80
 ../1312_seed.dataconnected         562  0.11055776293381624       0.25715212322965009        62.133462768804726        144.51949325506334       0.14838403599747391        83.391828230580330        790.96883122460679        1730.9934661594179             1023         120
 ../1313_seed.dataconnected         587   8.7795536964317702E-002  0.20896282725212217        51.535980198054489        122.66117959699572       0.12650826338042556        74.260350604309806        1219.0154094119598        3308.6346375705580              956          48
 ../1314_seed.dataconnected         578   4.8125123634031500E-002  0.11953017977633310        27.816321460470206        69.088443910720528        6.9324318079392891E-002   40.069455849889088        1011.4937277309785        2592.8023789443037             1074          80
 ../1315_seed.dataconnected         867   6.5949172938817011E-002  0.15746739051611253        57.177932937954346        136.52422757746956        8.7542887756143023E-002   75.899683684576004        1765.9540339052883        5427.9803372373517             1191          64
 ../1316_seed.dataconnected         591   8.9927774809665989E-002  0.20989361672519424        53.147314912512599        124.04712748458979       0.11801484443785434        69.746773062771922        1067.0769572561157        2690.9813623547411             1128         158
 ../1317_seed.dataconnected         765   8.9101503914493826E-002  0.21170780211535231        68.162650494587780        161.95646861824451       0.12079281875438971        92.406506347108134        1250.4744178557351        3476.7975899004168             1119         112
 ../1318_seed.dataconnected         497   8.9194199644998265E-002  0.21402111214986025        44.329517223564139        106.36849273848054       0.12345055400343551        61.354925339707449        849.94985785995107        1802.6419651963599              966         145
 ../1319_seed.dataconnected         484   8.8447081070402001E-002  0.21257131217387135        42.808387238074566        102.88451509215373       0.10942456783907711        52.961490834113320        1013.7481736452371        2305.6713883260804             1014         126
 ../1320_seed.dataconnected         503   7.8137126021154815E-002  0.18868843137143537        39.302974388640870        94.910280979831995       0.10972503258180356        55.191691388647193        991.42123760437198        2259.2326091649302              932          29
 ../1321_seed.dataconnected         470  0.11020082570214552       0.25554341924027379        51.794388080008396        120.10540704292869       0.15681362940571919        73.702405820688014        797.44056306678635        1564.1581691291931              951          79
 ../1322_seed.dataconnected         480   9.9655868598761424E-002  0.24013893548990756        47.834816927405484        115.26668903515562       0.13331241109654865        63.989957326343351        924.99518496590258        1998.3485076299228             1019         133
 ../1323_seed.dataconnected         627  0.10372635691967703       0.24849465691962119        65.036425788637501        155.80614988860248       0.14174695336969037        88.875339762795861        1375.4036779467974        3730.4801614485373              992          61
 ../1324_seed.dataconnected         481  0.13210264910943340       0.30985324868148351        63.541374221637462        149.03941261579357       0.17665574104427198        84.971411442294823        879.52428332792158        2040.5765088022708              997         134
 ../1325_seed.dataconnected         313  0.23507924106321534       0.55336392947766344        73.579802452786396        173.20290992650865       0.28264867087858397        88.469033984996784        468.07229525018670        710.99977175470985             1014         262
 ../1326_seed.dataconnected         797   8.0887578419321385E-002  0.18490208217019130        64.467400000199149        147.36695948964245       0.11234814517175401        89.541471701887943        1568.8579854012585        4733.6585728263080             1092          51
 ../1327_seed.dataconnected         492   8.1168687815520529E-002  0.19994486847033602        39.934994405236104        98.372875287405321       0.11148652769008967        54.851371623524116        916.97328038984529        2175.7416470081694             1090         126
 ../1328_seed.dataconnected         877   8.4192175594905272E-002  0.19945488004181380        73.836537996731920        174.92192979667070       0.11625217898424446        101.95316096918239        1484.4430489326237        4401.9928464173108             1243         136
 ../1329_seed.dataconnected         397   6.7079518858175383E-002  0.15950888344199510        26.630568986695629        63.325026726472053        9.3701462560349238E-002   37.199480636458645        743.75356258561249        1410.4898132229077             1031         140
 ../1330_seed.dataconnected         420   9.0340726885767567E-002  0.21626745226557656        37.943105292022381        90.832329951542150       0.14235832101428245        59.790494825998628        762.05751159166039        1633.9606652927700             1015         112
 ../1331_seed.dataconnected         556   9.0080180241241592E-002  0.21068731674365354        50.084580214130327        117.14214810947136       0.12547078157758904        69.761754557139497        1045.8759174303143        2523.2512093037126             1026          73
 ../1332_seed.dataconnected         345  0.12554803019732660       0.30008784969221391        43.314070418077677        103.53030814381380       0.16826814795117864        58.052511043156635        522.38698517898229        919.28073099770688              841          52
 ../1333_seed.dataconnected         761   5.9463186402225005E-002  0.14438955425496167        45.251484852093228        109.88045078802583        8.2985930728373278E-002   63.152293284292064        1445.8706786826294        4257.9648109137588             1082          42
 ../1334_seed.dataconnected         508  0.10113853621116227       0.24127743572017968        51.378376395270436        122.56893734585128       0.13230966238096878        67.213308489532139        1011.2554678703119        2356.5106029154317              860          49
 ../1335_seed.dataconnected         511  0.11865358115090964       0.28358279767231231        60.631979968114827        144.91080961055158       0.17093803457046466        87.349335665507439        851.53362546450433        1937.6518343833643              983          93
 ../1336_seed.dataconnected         612   9.3213359241949567E-002  0.22037032785585819        57.046575856073133        134.86664064778520       0.12088292784200642        73.980351839307929        1066.7793846527336        2590.5492451738951             1014          45
 ../1337_seed.dataconnected         627   8.8614355729290550E-002  0.21096920552634127        55.561201042265175        132.27769186501598       0.11968313897445530        75.041328136983481        1189.1298371590658        3034.5341479765234             1021          66
 ../1338_seed.dataconnected         645   9.5483945539599602E-002  0.22484752217448367        61.587144873041744        145.02665180254198       0.12999255034289522        83.845194971167416        1181.9084715647707        3071.5313314690156             1094          69
 ../1339_seed.dataconnected         910   7.2975948676697738E-002  0.17584479880365397        66.408113295794948        160.01876691132512        9.4326571335543216E-002   85.837179915344322        1638.8559594088199        5005.6160836481076             1303         175
 ../1340_seed.dataconnected         455   9.3592605483755670E-002  0.22430351340302493        42.584635495108827        102.05809859837635       0.13320537441145708        60.608445357212972        935.23542125335655        2089.8502045806945              983         102
 ../1341_seed.dataconnected         907   8.2735385211042664E-002  0.19782646021270961        75.040994386415690        179.42859941292761       0.10274305109307758        93.187947341421363        1902.5633680667127        5894.0743645291986             1129          34
 ../1342_seed.dataconnected         587   8.8868498777608690E-002  0.21171857741939684        52.165808782456303        124.27880494518594       0.13744013146137304        80.677357167825974        917.89726492484692        2230.7537610606314             1035          70
 ../1343_seed.dataconnected         676   8.7148914444255030E-002  0.20790005288153671        58.912666164316398        140.54043574791882       0.11037929574816217        74.616403925757623        1155.0997338320690        2891.3370122146021             1063          40
 ../1344_seed.dataconnected         552  0.11350908513702639       0.27273522509307752        62.657014995638562        150.54984425137880       0.14824662461219937        81.832136785934054        1032.8393240873952        2335.9491914430218             1092         329
 ../1345_seed.dataconnected         580   9.0946842333240879E-002  0.21567948078985261        52.749168553279709        125.09409885811451       0.12747270321959928        73.934167867367577        1263.5087398081328        3109.9619483384454             1022          69
 ../1346_seed.dataconnected         488  0.10075162242676786       0.24143140538158023        49.166791744262717        117.81852582621116       0.14518338518811977        70.849491971802451        798.86484922253476        1567.4440799775155              999         219
 ../1347_seed.dataconnected         496  0.16731204226818716       0.39355377729596813        82.986772965020833        195.20267353880018       0.22374851593793232        110.97926390521444        931.18315396143237        2174.4204560783969              950          48
 ../1348_seed.dataconnected         446  0.17859330264215340       0.41311694912971519        79.652612978400413        184.25015931185297       0.23088623839486247        102.97526232410866        697.61918240595821        1427.8889740051115             1048         123
 ../1349_seed.dataconnected         616   9.5997360896955819E-002  0.22296978789906391        59.134374312524784        137.34938934582337       0.13476725614280410        83.016629783967332        1204.3324422789603        3076.4703802733711             1020          34
 ../1350_seed.dataconnected         621  0.10275640455971398       0.24809564154989261        63.811727231582381        154.06739340248330       0.14024581575372266        87.092651583061780        1126.3165591094842        2964.2750607599387              991          35
 ../1351_seed.dataconnected         575   7.9259798465482020E-002  0.18798610858281559        45.574384117652158        108.09201243511896       0.11331303253048161        65.154993705026925        1266.4207379911843        3333.8428121199281              944          42
 ../1352_seed.dataconnected         479  0.14105541758143805       0.32708952758611698        67.565545021508825        156.67588371375004       0.20381600765366004        97.627867666103157        784.14961961083600        1697.8120889059408              964          63
 ../1353_seed.dataconnected         522  0.12317038370414567       0.29141770874420608        64.294940293564039        152.12004396447557       0.17989846598798390        93.906999245727590        1030.1981354557349        2343.0137018141104              930          72
 ../1354_seed.dataconnected         784   8.1170699183052988E-002  0.18933176735401291        63.637828159513546        148.43610560554612       0.12372404967324696        96.999654943825618        1370.8934383973790        3960.1020467862613             1092          29
 ../1355_seed.dataconnected         359  0.12754313325264305       0.29258597695221605        45.787984837698858        105.03836572584557       0.17253708230981205        61.940812549222521        494.79670969788322        833.53379815461358             1047         308
 ../1356_seed.dataconnected         619  0.11222877397468893       0.26669543046102734        69.469611090332450        165.08447145537593       0.15183532478013353        93.986066038902663        1126.9709073513704        3071.5801239374237             1208         283
 ../1357_seed.dataconnected         482  0.11696169362209596       0.27957049372252862        56.375536325850256        134.75297797425878       0.15166239470368997        73.101274247178566        836.85879441510872        1831.1430680565020              967          68
 ../1358_seed.dataconnected         901   6.0712736316459487E-002  0.14341256899921839        54.702175421130001        129.21472466829576        8.1779967646374130E-002   73.683750849383088        1856.8441077472251        5866.3257305072975             1120          35
 ../1359_seed.dataconnected         401   8.7762434495693126E-002  0.21445771826315566        35.192736232772944        85.997545023525419       0.11862621494089674        47.569112191299595        744.74473346042589        1490.1294369836417              810          42
 ../1360_seed.dataconnected         754   5.1779097370927341E-002  0.12332998857358921        39.041439417679214        92.990811384486264        7.2178786189837668E-002   54.422804787137601        1332.3677022462480        3778.0981999501460             1094          36
 ../1361_seed.dataconnected         550  0.10174405496447127       0.24417091931894275        55.959230230459198        134.29400562541852       0.13355749449693102        73.456621973312068        1029.9446719559278        2524.0903212430026              962          34
 ../1362_seed.dataconnected         526  0.13099181690143583       0.30121691039111681        68.901695690155250        158.44009486572745       0.17813096029016057        93.696885112624457        908.37061170387813        2020.3098337340068             1132         225
 ../1363_seed.dataconnected         573  0.10072760541376825       0.23704898567387359        57.716917902089207        135.82906879112957       0.15334268627321551        87.865359234552486        1478.3993407748233        3782.8288199691110             1051         117
 ../1364_seed.dataconnected         349  0.12770052167436408       0.30493132381885635        44.567482064353065        106.42103201278087       0.16867415050366413        58.867278525778779        619.10919981480367        1153.1760001085304              876          40
 ../1365_seed.dataconnected         506  0.13458152195002573       0.31917199747294578        68.098250106713024        161.50103072131057       0.18846147466356997        95.361506179766408        786.61692219810050        1758.8563161393922             1094         126
 ../1366_seed.dataconnected         518   8.1770953321406839E-002  0.19163633571910590        42.357353820488740        99.267621902496856       0.11770637835676631        60.971903988804947        834.22583463332842        1797.3194985876203              972          59
 ../1367_seed.dataconnected         515   9.0367346411120000E-002  0.21559848729719966        46.539183401726802        111.03322095805783       0.11556905909554366        59.518065434204985        1011.3709538677621        2355.1012259781883              983         150
 ../1368_seed.dataconnected         988   6.2159593288244067E-002  0.15044876959764811        61.413678168785140        148.64338436247633        8.0690295125206979E-002   79.722011583704500        1579.3661667790402        4929.6328229192950             1185          20
 ../1369_seed.dataconnected         715   9.9615254350064270E-002  0.23852671956219132        71.224906860295960        170.54660448696680       0.13079592428231096        93.519085861852332        1665.0373670529864        4995.4694829574728             1029          50
 ../1370_seed.dataconnected         413  0.12469184115901086       0.29081007959316130        51.497730398671486        120.10456287197562       0.17565459273504322        72.545346799572854        701.73002940585900        1416.3007602116315              949          68
 ../1371_seed.dataconnected         404  0.13911561608188802       0.32622705535800334        56.202708897082758        131.79573036463336       0.19109759572644114        77.203428673482222        616.56915201156494        1185.7183803704338              888          69
 ../1372_seed.dataconnected         980   7.1548927559628328E-002  0.16423570191864140        70.117949008435758        160.95098788026857        8.8767363796785473E-002   86.992016520849759        1699.9706940057467        5249.2768810814223             1197          13
 ../1373_seed.dataconnected         592   9.6352436567424884E-002  0.23314492759591243        57.040642447915531        138.02179713678015       0.13334772737266787        78.941854604619380        1203.9706241177355        3121.7228533672601              966          83
 ../1374_seed.dataconnected         618  0.11109396085242725       0.25865782495563261        68.656067806800039        159.85053582258095       0.15628540719347869        96.584381645569835        1330.0564190632711        3614.7029238593286              974          38
 ../1375_seed.dataconnected         496   9.8365274963376270E-002  0.23304993400257171        48.789176381834629        115.59276726527557       0.13782781421149184        68.362595848899957        1036.3547391010266        2614.9654141022952              924         115
 ../1376_seed.dataconnected         711   7.0883044071667692E-002  0.17118923688421456        50.397844334955728        121.71554742467654       0.10125640596365763        71.993304640160574        1543.3154433566615        4614.3327571565906             1104          57
 ../1377_seed.dataconnected         772   7.8111896968741365E-002  0.18381368670230547        60.302384459868335        141.90416613417983       0.11233829586585953        86.725164408443561        1889.8122534164215        5532.6502167503731             1041          36
 ../1378_seed.dataconnected         683   9.9819672958286809E-002  0.23242547173050485        68.176836630509897        158.74659719193480       0.14630072454155330        99.923394861880894        1237.5199940695354        3377.6490142337811             1021          44
 ../1379_seed.dataconnected         665  0.12031688725157011       0.28518665843705593        80.010730022294126        189.64912786064218       0.18136232516878334        120.60594623724091        1056.2299607649063        2806.9357842242248             1095          83
 ../1380_seed.dataconnected         736   6.4342121518952133E-002  0.15510204407675651        47.355801437948770        114.15510444049279        8.8141049504743468E-002   64.871812435491194        1134.1103034726161        2943.8982021261745             1145         139
 ../1381_seed.dataconnected         443  0.14132444336912256       0.34039652953625738        62.606728412521292        150.79566258456202       0.19160092980077775        84.879211901744540        842.23351075539858        1635.2397564303794              910          71
 ../1382_seed.dataconnected         529  0.13266182285562345       0.31444874930984962        70.178104290624802        166.34338838491044       0.18041899682973631        95.441649322930502        818.30607099846679        1732.6594088184397             1005          58
 ../1383_seed.dataconnected         800   8.5062445637832704E-002  0.20148960938630314        68.049956510266156        161.19168750904251       0.11654946112564959        93.239568900519672        1445.6646298211786        4380.8179864195881             1062          43
 ../1384_seed.dataconnected         459   9.4616133301712715E-002  0.23004848884127685        43.428805185486134        105.59225637814608       0.11961930512958423        54.905261054479162        627.31405628458765        1189.6979905793355             1101         160
 ../1385_seed.dataconnected         669  0.12013953604225930       0.28591461018667147        80.373349612271468        191.27687421488321       0.16217079908599891        108.49226458853327        1232.5815722070217        3170.4034342839768             1072          64
 ../1386_seed.dataconnected         563  0.11589752464127501       0.27357555381896520        65.250306373037830        154.02303680007742       0.15876004460317694        89.381905111588623        1193.7870181951444        2741.9371022607147             1038         101
 ../1387_seed.dataconnected         963   4.8767829354437089E-002  0.11905742147328678        46.963419668322921        114.65229687877518        7.3595286345862695E-002   70.872260751065781        1806.1693456114594        5943.4658402568721             1240          52
 ../1388_seed.dataconnected         388  0.17273185411631922       0.40578418992835963        67.019959397131856        157.44426569220354       0.23088440183344891        89.583147911378177        616.51243621862704        1125.0032224254292              997         131
 ../1389_seed.dataconnected         507   8.9339355531582579E-002  0.21525565235050614        45.295053254512368        109.13461574170661       0.12003926547565176        60.859907596155445        980.89400259398326        2327.5791283200242              972          85
 ../1390_seed.dataconnected         435  0.11279664114079305       0.26841017279892121        49.066538896244978        116.75842516753073       0.16025835573161581        69.712384743252883        712.62145857617247        1497.9745869310507             1012         151
 ../1391_seed.dataconnected         404  0.10446910784438433       0.24251918094821118        42.205519569131269        97.977749103077315       0.14288553273400026        57.725755224536101        654.51892640928895        1239.8580859846845             1001         247
 ../1392_seed.dataconnected         702   5.4136475439249161E-002  0.12879860520364320        38.003805758352911        90.416620852957521        8.2800413150105431E-002   58.125890031374013        1393.3381993076919        3886.1971362267632             1013          59
 ../1393_seed.dataconnected         426   9.5324995226617970E-002  0.22946418369892155        40.608447966539252        97.751742255740581       0.12891186636113811        54.916455069844829        755.10854620481359        1468.8928145849170             1028         160
 ../1394_seed.dataconnected         805   6.2510439561368744E-002  0.14401984422288713        50.320903846901842        115.93597459942414        9.1246650646550062E-002   73.453553770472794        1887.1153261947211        6269.3966781590116             1066          43
 ../1395_seed.dataconnected         554   7.0341745360317870E-002  0.16970406757197945        38.969326929616102        94.016053434876611        9.6338861913094709E-002   53.371729499854467        1056.3855999093457        2414.8998364360300              904          86
 ../1396_seed.dataconnected         538   6.5660125674307582E-002  0.15579317446232283        35.325147612777478        83.816727860729685        9.5633199485184575E-002   51.450661323029301        1049.0232972959120        2397.3082657836367              951          50
 ../1397_seed.dataconnected         440   9.6388620099733910E-002  0.22871664335025718        42.410992843882923        100.63532307411316       0.13851740657217293        60.947658891756092        1066.2914155127430        2390.9684203623233              899          64
 ../1398_seed.dataconnected         597   8.4764686870217126E-002  0.19964777296377742        50.604518061519627        119.18972045937512       0.11885936185141202        70.959039025292981        1134.6123734668063        2825.0209558871065              949          75
 ../1399_seed.dataconnected         546   4.7721845550539786E-002  0.11600092315567485        26.056127670594723        63.336504042998470        7.5201079668327647E-002   41.059789498906895        1048.0214433065892        2436.1977298185607             1029         143
 ../1400_seed.dataconnected         544   9.0200144567979562E-002  0.21308793894314507        49.068878644980884        115.91983878507092       0.12410934657469512        67.515484536634148        902.14243726728671        2146.9735524362391             1116         119
 ../1401_seed.dataconnected         598  0.10267513308399989       0.24744877057562398        61.399729584231935        147.97436480422314       0.13774166637043375        82.369516489519384        1297.4302844224642        3537.0014708487411              951          36
 ../1402_seed.dataconnected         477   8.5373330173436832E-002  0.20192824217522190        40.723078492729371        96.319771517580847       0.12118634411764921        57.805886144118674        923.19932626331479        1957.1135748530326              854          27
 ../1403_seed.dataconnected         414  0.19482778320116070       0.44680229063120597        80.658702245280537        184.97614832131927       0.25464760285222732        105.42410758082211        681.13421503241648        1253.9350153942430              934          70
 ../1404_seed.dataconnected         492  0.11744829175808068       0.27767409297382489        57.784559544975693        136.61565374312184       0.15816730981323351        77.818316428110890        849.27038293217311        1874.5502935382699             1044         103
 ../1405_seed.dataconnected         758  0.10357437989771923       0.24989038594326693        78.509379962471172        189.41691254499634       0.14300947949087886        108.40118545408617        1625.9299034718201        4928.2664552363967             1056         134
 ../1406_seed.dataconnected         516   7.4552238339823662E-002  0.17173549898349741        38.468954983349008        88.615517475484666       0.10528833230492569        54.328779469341661        1005.1173871593953        2370.0459003057849              922          42
 ../1407_seed.dataconnected         550   5.9284964318793675E-002  0.13958015467294571        32.606730375336518        76.769085070120141        7.9237032806342644E-002   43.580368043488455        1354.6691695474558        3718.2901211936037              945          42
 ../1408_seed.dataconnected         739   8.9655391347330693E-002  0.21475782645290215        66.255334205677386        158.70603374869469       0.12805101598262408        94.629700811159196        1419.0827776602621        4226.5243522214578             1047          39
 ../1409_seed.dataconnected         474   7.9999100126585468E-002  0.19079496618369660        37.919573460001509        90.436813971072183       0.11960989849290272        56.695091885635890        1171.0394420350110        2874.2333090705238             1152         398
 ../1410_seed.dataconnected         553   9.2234957710152110E-002  0.21579364866769174        51.005931613714118        119.33388771323354       0.12638642110202658        69.891690869420700        1022.3332297711854        2511.6241911703187             1089         134
 ../1411_seed.dataconnected         433  0.13883574584425962       0.33106866406599761        60.115877950564418        143.35273154057697       0.17416817564384260        75.414820053783842        803.72934740447965        1625.6646273330352             1027          85
 ../1412_seed.dataconnected         485   9.6047152500771407E-002  0.23296468534796264        46.582868962874130        112.98787239376188       0.12831371658077323        62.232152541675013        909.23154665954451        2156.7003466962483             1033         115
 ../1413_seed.dataconnected         476   8.9079051394576447E-002  0.20975940666059562        42.401628463818390        99.845477570443506       0.12022237865724485        57.225852240848546        826.83049601354389        1707.0283315781003              980          70
 ../1414_seed.dataconnected         470  0.10776774648282414       0.25717597753426130        50.650840846927345        120.87270944110281       0.14786891564786631        69.498390354497161        781.58129905374244        1500.8597069567909              938         103
 ../1415_seed.dataconnected         679   7.2434614954233062E-002  0.16975762966629984        49.183103553924248        115.26543054341759       0.11584865288379483        78.661235308096693        1575.0892440260923        4655.0858108142220             1092         113
 ../1416_seed.dataconnected         455  0.12665748850859979       0.29954119819272196        57.629157271412900        136.29124517768850       0.17710936994646145        80.584763325639955        958.34782524125342        2018.2351533781782              913          92
 ../1417_seed.dataconnected         493  0.11548013632101561       0.26774024735670948        56.931707206260697        131.99594194685778       0.15456760840997849        76.201830946119401        860.35665380098442        1596.5782026147260              979          87
 ../1418_seed.dataconnected         381  0.12569440871644030       0.30004094670615161        47.889569720963756        114.31560069504377       0.17493244605975547        66.649261948766835        665.01098399325633        1259.8812752876347             1061         288
 ../1419_seed.dataconnected         689  0.10625163473991610       0.25571254711851898        73.207376335802195        176.18594496465957       0.15042645096502816        103.64382471490440        1103.6221968519314        2738.7922337804343             1054          79
 ../1420_seed.dataconnected         425   7.7101931688767625E-002  0.18359033224091781        32.768320967726240        78.025891202390071       0.10536185883984532        44.778790006934258        653.32169837403467        1287.8782091703893              970         122
 ../1421_seed.dataconnected         358  0.14603775114762824       0.33565238600019398        52.281514910850909        120.16355418806944       0.21979510638156669        78.686648084600876        621.66081520487796        1239.0754279755918              878          88
 ../1422_seed.dataconnected         745  0.10782942759235289       0.25499545780478255        80.332923556302902        189.97161606456299       0.15168452951688027        113.00497449007581        1415.4612168317130        3951.1468601567767             1073          46
 ../1423_seed.dataconnected         562   7.6204483229413866E-002  0.17967274796197003        42.826919574930592        100.97608435462715       0.10901460182182668        61.266206223866597        980.55063561519421        2286.4045808381884             1086         106
 ../1424_seed.dataconnected         595   6.8444723145725431E-002  0.16030219586519334        40.724610271706631        95.379806539790039        9.0007863262447266E-002   53.554678641156123        1223.7495838292036        3162.6733529108310             1070          98
 ../1425_seed.dataconnected         380  0.14728200285617665       0.34914254188558169        55.967161085347129        132.67416591652105       0.19246463678790468        73.136561979403780        752.43150790111451        1413.8067125541543             1034         129
 ../1426_seed.dataconnected         322  0.16160305267555461       0.37024265697411218        52.036182961528581        119.21813554566413       0.21911585571962208        70.555305541718312        511.86415815967956        872.83834010593762              837          82
 ../1427_seed.dataconnected         487   6.0641437719869663E-002  0.14435344707818507        29.532380169576527        70.300128727076128        8.6383736368696257E-002   42.068879611555076        1015.7985585739048        2128.7716890765132             1000         159
 ../1428_seed.dataconnected         906   4.5920504869947101E-002  0.10939754474262284        41.603977412172071        99.114175536816290        7.0753644020379661E-002   64.102801482463974        1678.6869157440944        5130.9661542810272             1124          35
 ../1429_seed.dataconnected         778   9.9230197247292151E-002  0.24143355051228385        77.201093458393288        187.83530229855683       0.14575238049066469        113.39535202173712        1463.8960399457817        4572.8440386681996             1090          36
 ../1430_seed.dataconnected         610   8.1620923696853656E-002  0.19415773630649227        49.788763455080733        118.43621914696028       0.10457170325612192        63.788738986234371        942.77742291932748        2364.6207479705222             1043          50
 ../1431_seed.dataconnected         388  0.11792151510168800       0.28050844000274328        45.753547859454940        108.83727472106439       0.15548613425483621        60.328620090876449        738.21471941316918        1441.3742237849094             1007         239
 ../1432_seed.dataconnected         685   7.0302460067152572E-002  0.16646106954799197        48.157185145999513        114.02583264037450        9.2024263164388817E-002   63.036620267606338        1562.2614420756279        4315.4691450260061              956          52
 ../1433_seed.dataconnected         375   9.5021050757540026E-002  0.22490486991678868        35.632894034077509        84.339326218795762       0.11422754416160585        42.835329060602199        711.78927552985363        1343.7882214920046              808          58
 ../1434_seed.dataconnected         539   9.6644371237717672E-002  0.22682639959809964        52.091316097129827        122.25942938337570       0.13658461625670104        73.619108162361854        951.54448215808918        2359.4599151319057              985         137
 ../1435_seed.dataconnected         770   8.8122252784309185E-002  0.21053739358759663        67.854134643918073        162.11379306244939       0.11813115158870785        90.960986723305041        1268.2919911293041        3486.0244834984023             1093          63
 ../1436_seed.dataconnected         379  0.12952439276461250       0.31257499592876237        49.089744857788141        118.46592345700094       0.17819071027404537        67.534279193863199        577.34192982657362        1025.3315566230269              848          34
 ../1437_seed.dataconnected         769   3.9719838952466620E-002   9.1311690500657267E-002   30.544556154446830        70.218689995005434        6.7035687779283398E-002   51.550443902268931        1645.9909926449188        5174.3870836023571             1040          34
 ../1438_seed.dataconnected         417   7.4320457329723033E-002  0.17724417413998100        30.991630706494504        73.910820616372078        9.8327713009784601E-002   41.002656325080181        806.06964705704866        1596.4788758297132              948          76
 ../1439_seed.dataconnected         304  0.16285095225660548       0.38112799987541862        49.506689486008064        115.86291196212726       0.21410366097296785        65.087512935782229        522.13647566326745        900.73673480877017              831          67
 ../1440_seed.dataconnected         715  0.10443463643885491       0.24472982154776568        74.670765053781253        174.98182240665247       0.14541738684367286        103.97343159322610        1162.7053340684497        3098.4341994195011             1149         106
 ../1441_seed.dataconnected         554   9.0563005894337203E-002  0.21867422587827770        50.171905265462811        121.14552113656585       0.12871504346985144        71.308134082297698        1151.1829283105094        2792.5334790551278             1012          97
 ../1442_seed.dataconnected         767   8.4646961890623360E-002  0.20104888038990670        64.924219770108124        154.20449125905844       0.11573056627512590        88.765344333021559        1611.6096637415658        5233.6118446077744             1072          36
 ../1443_seed.dataconnected         511   9.5604599639486476E-002  0.23043358175512413        48.853950415777589        117.75156027686843       0.12035934080607122        61.503623151902396        900.12439463891928        2081.0032959054279              948          50
 ../1444_seed.dataconnected         431  0.12351671532628189       0.29769141884472683        53.235704305627493        128.30500152207728       0.15889415481278260        68.483380724309299        770.54564041214610        1607.2095459157615              944          66
 ../1445_seed.dataconnected         748  0.12563000644537670       0.29909350556590314        93.971244821141767        223.72194216329555       0.16805998709183984        125.70887034469619        1058.4293027283795        2644.8561453061225             1139         120
 ../1446_seed.dataconnected         648   8.7195204848439289E-002  0.20594440909013817        56.502492741788657        133.45197709040954       0.11208093562216941        72.628446283165772        1575.3175546369828        4476.9377174791762             1011          47
 ../1447_seed.dataconnected         830   8.4549979795283156E-002  0.20423398167812259        70.176483230085026        169.51420479284175       0.11076822709024825        91.937628484906043        1294.7462555287207        3764.7650253230991             1098          34
 ../1448_seed.dataconnected         668   8.3844625064761369E-002  0.19648614197688827        56.008209543260591        131.25274284056135       0.10791445344291714        72.086854899868655        1077.8197360205538        2637.4874305937274             1033          68
 ../1449_seed.dataconnected         555   7.3104575616057821E-002  0.16974039835785712        40.573039466912093        94.205921088610708       0.12237024305852515        67.915484897481463        1035.0999508648943        2473.5411631933684              999         104
 ../1450_seed.dataconnected         973   5.4421277234358113E-002  0.13054869226541488        52.951902749030445        127.02387757424867        7.7173065261624221E-002   75.089392499560361        1920.0330320817247        6502.3477225436900             1253          70
 ../1451_seed.dataconnected         330  0.20458622090979547       0.47208083656189231        67.513452900232508        155.78667606542447       0.25869030003017351        85.367799009957267        419.50844956265320        639.16202190544357              971         137
 ../1452_seed.dataconnected         376  0.11280133734015768       0.26667523291363537        42.413302839899288        100.26988757552689       0.16364471315786344        61.530412147356657        658.08262649553421        1241.8059177422524              949         130
 ../1453_seed.dataconnected         643   8.9179959842754702E-002  0.21366113142033771        57.342714178891271        137.38410750327714       0.12099090494611119        77.797151880349489        1352.7684326761955        3952.8450469197996              966          59
 ../1454_seed.dataconnected         684   7.3461084504308244E-002  0.17599593252765847        50.247381800946840        120.38121784891840        9.9568976895202319E-002   68.105180196318386        1342.6348875134365        3721.0027587739910             1068          51
 ../1455_seed.dataconnected         820   6.3377344983935852E-002  0.15070127321344631        51.969422886827395        123.57504403502598       0.10125399736095726        83.028277835984952        1397.4966504981076        4128.8070858933188             1097          46
 ../1456_seed.dataconnected         503   8.6451432900153502E-002  0.20410637002145054        43.485070748777211        102.66550412078962       0.12439500241474474        62.570686214616607        1008.6504019871015        2569.7131650872925              993          75
 ../1457_seed.dataconnected         547  0.11623628243214811       0.27113659099957177        63.581246490385013        148.31171527676577       0.15925217927514676        87.110942063505277        1011.4828364846513        2470.9829094915376              995          47
 ../1458_seed.dataconnected         364  0.13733894722656254       0.33202236907060689        49.991376790468763        120.85614234170090       0.18576648945646079        67.619002162151730        539.68908280804510        966.71055239091663              985         128
 ../1459_seed.dataconnected         607   7.3253922696734752E-002  0.17435491534240466        44.465131076917991        105.83343361283963       0.10033402549768890        60.902753477097164        1401.5171911409807        3997.7289043419555             1001          51
 ../1460_seed.dataconnected         844   7.2290534194973707E-002  0.17359721768882416        61.013210860557813        146.51605172936760        9.4905315615668104E-002   80.100086379623875        1930.5396473487240        6313.3019920006864             1172         151
 ../1461_seed.dataconnected         654  0.10076266601398225       0.24171528624509928        65.898783573144385        158.08179720429493       0.13756704430916381        89.968846978193127        1091.9016909657846        2812.6140252943874             1090         222
 ../1462_seed.dataconnected         553   5.9999572950092429E-002  0.14614017802273088        33.179763841401112        80.815518446570181        7.7220103103570623E-002   42.702717016274555        1082.9510033460087        2745.5387012626747             1046         218
 ../1463_seed.dataconnected         322  0.10449595037533801       0.24770196244419407        33.647696020858838        79.760031907030495       0.13788980521286823        44.400517278543568        457.02004729164696        789.61552863387487              903          82
 ../1464_seed.dataconnected         591   5.7205828389808304E-002  0.14072517763210179        33.808644578376708        83.168579980572162        8.2750206455544428E-002   48.905372015226760        1026.2388682404758        2371.4567975656510             1017          68
 ../1465_seed.dataconnected         274  0.11499770817861957       0.27369753192155627        31.509372040941763        74.993123746506413       0.14713398954160872        40.314713134400790        520.48795195851960        799.61655122812908              794          56
 ../1466_seed.dataconnected         440  0.11619117889028883       0.27991758953609769        51.124118711727085        123.16373939588298       0.15203130916530480        66.893776032734110        675.51864528286978        1313.8828164978195             1027         126
 ../1467_seed.dataconnected         396  0.10514932348954321       0.23971891167956369        41.639132101859111        94.928689025107218       0.16108865366953948        63.791106853137634        594.35572360226070        1095.3584873237915              970         188
 ../1468_seed.dataconnected         886   4.3403511382132734E-002  0.10399405952891753        38.455511084569601        92.138736742620935        5.7784953771224723E-002   51.197469041305105        1566.9612538295073        4848.0057226757308             1119          20
 ../1469_seed.dataconnected         581  0.12031131607795094       0.28342507177699400        69.900874641289491        164.66996670243350       0.16754511492561638        97.343711771783120        1140.5820664317841        2934.9680104227787             1012          87
 ../1470_seed.dataconnected         527  0.11117752961881892       0.26040162370716913        58.590558109117573        137.23165569367814       0.16196505793836166        85.355585533516589        1037.8928273935892        2468.3099247999326              993          75
 ../1471_seed.dataconnected         367   9.2024707751414830E-002  0.22203333919400256        33.773067744769243        81.486235484198943       0.10880124667317574        39.930057529055496        752.65985109733515        1645.1398541566632             1145         362
 ../1472_seed.dataconnected         626   9.9782019364505967E-002  0.24094240113788171        62.463544122180735        150.82994311231394       0.13695115481072659        85.731422911514841        1150.0550886907142        2891.5065415681061             1059          56
 ../1473_seed.dataconnected         322  0.19547749863941424       0.45249531190683551        62.943754561891389        145.70349043400103       0.23973069464795832        77.193283676642579        433.55902743736385        633.46332909730484              997         115
 ../1474_seed.dataconnected         544   9.4168734498376164E-002  0.22538192522490799        51.227791567116633        122.60776732234994       0.12011584311979345        65.343018657167633        1310.5375272056272        3064.4709998379240              969          69
 ../1475_seed.dataconnected         706   8.8670218992527985E-002  0.21205113454186217        62.601174608724754        149.70810098655468       0.12973444768393186        91.592520064855890        1419.5137838651540        3999.0637522461848             1114          45
 ../1476_seed.dataconnected         685   7.9595365321127862E-002  0.18447646082186750        54.522825244972587        126.36637566297924       0.12056680739030534        82.588263062359161        1342.3176751629298        4077.0309296375726             1030          77
 ../1477_seed.dataconnected         641  0.10100734318721391       0.23545017193602832        64.745706983004112        150.92356021099417       0.14245855599642723        91.315934393709853        1171.1555999795426        3238.3443329543875             1013         103
 ../1478_seed.dataconnected         434  0.10353525587291831       0.24707535830849858        44.934301048846550        107.23070550588838       0.14785233842688131        64.167914877266483        880.20671780907435        1863.4775506728363              871         103
 ../1479_seed.dataconnected         723   8.3663309239770098E-002  0.19958036738681983        60.488572580353782        144.29660562067073       0.10901034514148707        78.814479537295142        1614.9319203762225        4786.2339699246941             1034          41
 ../1480_seed.dataconnected         733   6.4649628704280371E-002  0.15385339307872709        47.388177840237510        112.77453712670696        8.3844882725526537E-002   61.458299037810953        1409.4715021041306        3778.2588301078058             1123          64
 ../1481_seed.dataconnected         289  0.16531746089006527       0.39450931196833167        47.776746197228860        114.01319115884785       0.20400517918274857        58.957496783814335        466.63152186395132        703.76446343691384              994         235
 ../1482_seed.dataconnected         364   9.7993329338210797E-002  0.23437178280102250        35.669571879108730        85.311328939572192       0.13422719784122089        48.858700014204402        561.60354586748406        1042.5484686985201              930          79
 ../1483_seed.dataconnected         615   6.8778163457203265E-002  0.16246984900578634        42.298570526180008        99.918957138558596        8.1952245252906078E-002   50.400630830537239        1000.8650078003683        2565.1511367971862             1011         119
 ../1484_seed.dataconnected         400  0.12899510846223292       0.29928845558748401        51.598043384893167        119.71538223499361       0.17424682298256111        69.698729193024448        766.36583578038858        1522.0769221909834              904          87
 ../1485_seed.dataconnected         535  0.10732495871455021       0.25227538065168253        57.418852912284365        134.96732864865015       0.15785701515341369        84.453503107076330        1105.6832733130618        2487.5700404922841              941          36
 ../1486_seed.dataconnected         308  0.22288021359101320       0.51237487718135211        68.647105786032071        157.81146217185645       0.29104768633582306        89.642687391433498        450.31189421708154        682.58766948366122              886         151
 ../1487_seed.dataconnected         364  0.12988627750901335       0.29840431346369600        47.278605013280860        108.61917010078534       0.20022141832556609        72.880596270506061        583.89170290000698        1043.8852804290336              854          91
 ../1488_seed.dataconnected         575   9.5891558546361250E-002  0.23154696957545581        55.137646164157715        133.13950750588708       0.13810503414986097        79.410394636170054        1068.2256146551936        2676.5260611135986              968          91
 ../1489_seed.dataconnected         427  0.13498959141455455       0.32732115289638058        57.640555534014794        139.76613228675450       0.17776397385465986        75.905216835939768        695.07727843653390        1410.8923103952766              931          95
 ../1490_seed.dataconnected         707   7.9938456186603793E-002  0.19324816694766606        56.516488523928885        136.62645403199991       0.10614818767869286        75.046768688835854        1219.6806633561271        3395.1367145284962             1052          57
 ../1491_seed.dataconnected         718   6.0243393792632320E-002  0.14704919308563705        43.254756743110008        105.58132063548740        8.6914155850080416E-002   62.404363900357737        1615.5272269528773        4868.0216934190821             1030          77
 ../1492_seed.dataconnected         651  0.12011860640826881       0.28831062980932304        78.197212771783001        187.69022000586929       0.17247555164133424        112.28158411850859        1224.9592784771332        3250.1661377988685             1061          83
 ../1493_seed.dataconnected         538  0.10032701134164090       0.23989753973216216        53.975932101802805        129.06487637590325       0.13510730657898276        72.687730939492724        1175.3183013719931        3029.2852259115407              985          80
 ../1494_seed.dataconnected         652   6.7713676570066106E-002  0.16156005475421809        44.149317123683105        105.33715569975020        8.4895872457017671E-002   55.352108841975522        1358.9633382268132        3629.6121176258430              965          45
 ../1495_seed.dataconnected         644   7.7363960862580988E-002  0.18519845992591727        49.822390795502159        119.26780819229072        9.8889484857674473E-002   63.684828248342363        1408.5420954028839        4098.3383166168478             1005          67
 ../1496_seed.dataconnected         378  0.14817606475246828       0.34497767013281688        56.010552476433013        130.40155931020479       0.19781348998740386        74.773499215238658        621.85952273589442        1165.1384489673819             1055         326
 ../1497_seed.dataconnected         687  0.10788125419197638       0.25729111275850869        74.114421629887772        176.75899446509547       0.13968703431983487        95.964992577726548        1560.9924048993616        4805.1883683256237              999          28
 ../1498_seed.dataconnected         754   6.8931621303351162E-002  0.16638883335469989        51.974442462726778        125.45718034944372       0.10471941695137277        78.958440381335066        1351.9717171811496        3934.5136153489939             1082          48
 ../1499_seed.dataconnected         383  0.12772085049454934       0.30780368520503049        48.917085739412400        117.88881143352667       0.16440195517450865        62.965948831836812        484.23268905868213        808.99064656555720              992         205
 ../1500_seed.dataconnected         337  0.20889604842031398       0.48309221074491793        70.397968317645805        162.80207502103735       0.26747930272134113        90.140525017091960        398.12172620523631        622.49487706434559              990         278
 ../1501_seed.dataconnected         780   9.2760022712331608E-002  0.21906657890180173        72.352817715618656        170.87193154340534       0.13508178518821592        105.36379244680842        1350.4245784796888        3856.1089281165887             1120          38
 ../1502_seed.dataconnected         673   7.7465045502454227E-002  0.18422365752147865        52.133975623151692        123.98252151195513       0.10936913288214820        73.605426429685735        1282.3053166959965        3500.3668159165172             1035          41
 ../1503_seed.dataconnected         638  0.12679715558292701       0.30022998346736968        80.896585261907433        191.54672945218186       0.17181864191573790        109.62029354224077        1026.5983370455278        2238.4752065927323             1022          38
 ../1504_seed.dataconnected         657   6.2218992296670196E-002  0.15032986377818258        40.877877938912320        98.766720502265954        9.6564226254628141E-002   63.442696649290689        1394.2301003297737        3832.6438669955555             1047          62
 ../1505_seed.dataconnected         670   8.3374278287171505E-002  0.20321612671897724        55.860766452404910        136.15480490171475       0.11729579706389483        78.588184032809536        1151.4977929360259        3072.6349136205440             1062          47
 ../1506_seed.dataconnected         517  0.12724728988732992       0.29863398005915082        65.786848871749569        154.39376769058097       0.17577026654924463        90.873227805959473        881.67783288875853        2023.0318339834134             1055          97
 ../1507_seed.dataconnected         553   9.0525803341161754E-002  0.21713209728690902        50.060769247662449        120.07404979966068       0.12981480217219329        71.787585601222887        1130.9267305815995        3082.1721382840742              966          55
 ../1508_seed.dataconnected         445  0.15228105013304769       0.35990461810480856        67.765067309206216        160.15755505663981       0.20756597177655339        92.366857440566264        910.52625139462930        2115.5082227116814              883          77
 ../1509_seed.dataconnected         776   6.9156348672559431E-002  0.16698172836217623        53.665326569906121        129.57782120904875        9.3317438778133907E-002   72.414332491831914        1431.7083112025734        4333.5365833408187             1091          51
 ../1510_seed.dataconnected         703  0.11814751202121104       0.27512524341901695        83.057700950911368        193.41304612356890       0.17628274588217252        123.92677035516728        1389.4320998335356        3843.8167050800544             1181         211
 ../1511_seed.dataconnected         635   9.0610991517505513E-002  0.20831035140239201        57.537979613616002        132.27707314051892       0.13001622944048793        82.560305694709839        1301.4407885237010        3628.8678197539411             1118         191
 ../1512_seed.dataconnected         431  0.11911170070574821       0.28379195489534864        51.337143004177477        122.31433255989526       0.15862891428508225        68.369062056870447        689.09522564050133        1396.9704911328279             1076         129
 ../1513_seed.dataconnected         334  0.16298904461782210       0.37666570065890770        54.438340902352579        125.80634402007517       0.21671391275832680        72.382446861281153        529.29641747266692        873.10223560077247              922         164
 ../1514_seed.dataconnected         688   6.2383572134764517E-002  0.14692972798008652        42.919897628717990        101.08765285029952       0.10157192798143372        69.881486451226394        1498.0927996464995        4266.2991401404151             1063          96
 ../1515_seed.dataconnected         815   8.4081288133183538E-002  0.20111137823216174        68.526249828544579        163.90577325921183       0.11709495515028361        95.432388447481145        1495.5154158422024        4413.2307058948800             1280         111
 ../1516_seed.dataconnected         768   8.3791585979932401E-002  0.19553247151640724        64.351938032588080        150.16893812460074       0.10965832218990457        84.217591441846707        1389.4291605974795        4099.7262694424580             1111          34
 ../1517_seed.dataconnected         498  0.14187432278246512       0.32711212487665231        70.653412745667623        162.90183818857284       0.21149382363178731        105.32392416863009        909.55957641787325        2050.3940874126429             1001         172
 ../1518_seed.dataconnected         508   9.5686746639008169E-002  0.22814886905174539        48.608867292616146        115.89962547828665       0.12524741500198566        63.625686821008713        814.03303423803436        1896.0627499917193             1002          69
 ../1519_seed.dataconnected         537  0.10960965885522309       0.25734575601752857        58.860386805254798        138.19467098141286       0.15280348506489902        82.055471479850780        1017.4960140768389        2412.3107551857574             1016         140
 ../1520_seed.dataconnected         320  0.17650474486808351       0.42448556011221650        56.481518357786726        135.83537923590927       0.22593416345750042        72.298932306400133        439.81679082739367        669.55012885961605              964         111
 ../1521_seed.dataconnected         553   9.4589940708714251E-002  0.22741350282729644        52.308237211918978        125.75966706349493       0.12553566120212417        69.421220644774664        1025.6150204493026        2484.6526103660967             1053         112
 ../1522_seed.dataconnected         559  0.12482169164471976       0.29371638914249965        69.775325629398353        164.18746153065729       0.17420908778207228        97.382880070178402        905.80653689088501        1927.7012028761528             1033         156
 ../1523_seed.dataconnected         614   6.7089810018160653E-002  0.16533959778597040        41.193143351150638        101.51851304058583       0.10000054930559274        61.400337273633944        1226.8221034153519        3016.4534565456447             1050         127
 ../1524_seed.dataconnected         688   5.9260465383379986E-002  0.13856530801998929        40.771200183765430        95.332931917752632        9.0400461229224183E-002   62.195517325706234        1323.4320507818175        3641.1400084162478              973          36
 ../1525_seed.dataconnected         583   8.0327747451739692E-002  0.19172905059404446        46.831076764364241        111.77803649632793        9.9858511180246606E-002   58.217512018083774        1030.4804384716192        2488.2606029675530             1063         118
 ../1526_seed.dataconnected         548   8.1313236550138474E-002  0.19166416044603782        44.559653629475882        105.03195992442872       0.11312061390645414        61.990096420736869        1013.3003817805867        2261.7867677993331              997          55
 ../1527_seed.dataconnected         569   7.0104682107132069E-002  0.16560774140230936        39.889564118958148        94.230804857914023        9.6044451986252180E-002   54.649293180177487        1115.9780448787085        2846.2721011216659              970          68
 ../1528_seed.dataconnected         614  0.11165796153756280       0.26250134168728684        68.557988384063563        161.17582379599412       0.16516331653801053        101.41027635433846        998.79978676008454        2388.4511653035825             1077         149
 ../1529_seed.dataconnected        1011   6.4361063567290600E-002  0.14867680384563758        65.069035266530790        150.31224868793959       0.10247770561667861        103.60496037846208        1644.1383174696844        5224.2101212533571             1192          13
 ../1530_seed.dataconnected         563   8.4792802276671936E-002  0.20671784566725626        47.738347681766300        116.38214711066527       0.10739892193681704        60.465593050427991        1046.4721842505164        2606.4387056372793             1061          63
 ../1531_seed.dataconnected         415  0.10386819377035708       0.25070627021607028        43.105300414698192        104.04310213966917       0.14244168348284747        59.113298645381697        687.55103977814997        1342.3345543839623             1021         174
 ../1532_seed.dataconnected         410   9.1203663869469737E-002  0.21757155459103467        37.393502186482593        89.204337382324212       0.12741803085439649        52.241392650302558        766.70517278619013        1491.9804841682719              948         162
 ../1533_seed.dataconnected         306  0.16710841102951801       0.39235525721838305        51.135173775032513        120.06070870882522       0.20927711410102179        64.038796914912666        453.57788080529821        745.97887351348379              891          94
 ../1534_seed.dataconnected         738  0.11546355200392967       0.27544558553837190        85.212101378900101        203.27884212731846       0.16716279663441072        123.36614391619511        1360.0846006553725        3676.6359693100430             1109          90
 ../1535_seed.dataconnected         869   7.4714122757888912E-002  0.18032210605125298        64.926572676605460        156.69991015853884        9.8349674264799819E-002   85.465866936111041        1309.1399958493444        3703.1326998563954             1195          78
 ../1536_seed.dataconnected         821   7.1245700670606094E-002  0.16873263374622000        58.492720250567601        138.52949230564661        9.3501177157439039E-002   76.764466446257444        1653.8622858730046        5346.4071108088456             1131          39
 ../1537_seed.dataconnected         381  0.12176362245953119       0.29446161728342851        46.391940157081386        112.18987618498626       0.16333129705794139        62.229224179075672        756.90971716544141        1529.3951109194895              973          65
 ../1538_seed.dataconnected         730   7.1021883902601654E-002  0.16899665996509605        51.845975248899208        123.36756177452011        8.4688022895862913E-002   61.822256713979925        1443.9096049890293        3831.7747212701606             1029          37
 ../1539_seed.dataconnected         675   8.0892017431578200E-002  0.19602383332130757        54.602111766315282        132.31608749188260       0.11209710525835576        75.665546049390130        1341.7083451189540        3877.8846090894635             1048          41
 ../1540_seed.dataconnected         652   6.0894409509510104E-002  0.14251297732869778        39.703155000200589        92.918461218310952        9.9516374504780916E-002   64.884676177117157        1508.5207709924066        4467.6201202885850              962          37
 ../1541_seed.dataconnected         958   6.8730322601590052E-002  0.16250761690664622        65.843649052323272        155.68229699656709        9.2046032776644401E-002   88.180099400025341        1600.8437160166065        4937.1737217774125             1226          29
 ../1542_seed.dataconnected         841   5.3229945509918872E-002  0.12946499512293100        44.766384173841772        108.88006089838497        7.5856388440101216E-002   63.795222678125121        1559.8982983263866        4697.6099527654833             1126          57
 ../1543_seed.dataconnected         644   9.3454806272767948E-002  0.22075534739247704        60.184895239662559        142.16644372075521       0.12578703082351880        81.006847850346105        1479.2113821643434        4247.6146353657214              963          48
 ../1544_seed.dataconnected         609  0.12974623030821431       0.30455717119218795        79.015454257702515        185.47531725604247       0.18583074493475943        113.17092366526849        1083.3375801822706        2695.5490973875367              988          44
 ../1545_seed.dataconnected         757   6.6809167915735934E-002  0.15795016907398035        50.574540112212105        119.56827798900312        8.6679800960653725E-002   65.616609327214874        1733.1747157420277        5325.2870625101204             1107          50
 ../1546_seed.dataconnected         766   8.4574508408199148E-002  0.20422639762826672        64.784073440680544        156.43742058325230       0.12931689018899917        99.056737884773355        1128.4749617214650        3039.1000102759422             1109          40
 ../1547_seed.dataconnected         628   6.8594694772894302E-002  0.16085135498342593        43.077468317377622        101.01465092959148        8.8932317557885290E-002   55.849495426351965        1311.0649183407047        3494.4492082644483             1118         169
 ../1548_seed.dataconnected         544   9.2655003089719551E-002  0.22025205401245271        50.404321680807435        119.81711738277427       0.13230622749144003        71.974587755343379        1324.2527718142596        3226.4017490120445             1038          88
 ../1549_seed.dataconnected         655  0.11791812525693415       0.27296166506443581        77.236372043291865        178.78989061720546       0.15374246816091380        100.70131664539853        900.48018977102117        2144.5192010887490             1046          67
 ../1550_seed.dataconnected         660   9.4729569011041015E-002  0.22453646382395362        62.521515547287066        148.19406612380939       0.13924527233756356        91.901879742791948        1169.1770778117013        3043.7339001973864              989          38
 ../1551_seed.dataconnected         573   8.2571293188385117E-002  0.19874191791137832        47.313350996944671        113.87911896321978       0.10698053317600087        61.299845509848495        1202.3710535170480        3004.4656573979096              953         104
 ../1552_seed.dataconnected         417  0.12893152800764809       0.30408180995721468        53.764447179189254        126.80211475215852       0.17543196732594171        73.155130374917690        749.97678609983416        1477.0730689038867              942          95
 ../1553_seed.dataconnected         361  0.13989258047909750       0.32759175813864078        50.501221552954199        118.26062468804932       0.19639864149197128        70.899909578601637        591.81647921732019        1045.5420866700654              869          98
 ../1554_seed.dataconnected         743  0.11043481403311030       0.26348856628972911        82.053066826600954        195.77200475326873       0.15379519598235861        114.26983061489244        1413.2018874613318        3686.9296538462609             1106          53
 ../1555_seed.dataconnected         290  0.14860630296563854       0.34407174272324792        43.095827860035179        99.780805389741900       0.20213050705542127        58.617847046072164        352.35326414297901        532.67080020212927              916         201
 ../1556_seed.dataconnected         629   9.1893578113688784E-002  0.22042521862007886        57.801060633510247        138.64746251202959       0.11679993173402685        73.467157060702888        1149.0601433017941        3002.8437753717144             1105         270
 ../1557_seed.dataconnected         356  0.15001053581882007       0.34898711987246095        53.403750751499942        124.23941467459609       0.20034642184289650        71.323326176071149        500.73081919865655        866.67093566994924              854          67
 ../1558_seed.dataconnected         903   8.1357637530096144E-002  0.20057797194195714        73.465946689676812        181.12190866358731       0.11249859863616596        101.58623456845785        1764.5237363284161        5794.2678027191168             1128          45
 ../1559_seed.dataconnected         570  0.11421316032072704       0.27154283945926222        65.101501382814405        154.77941849177947       0.15151314207800584        86.362490984463335        1057.5093449347667        2552.7373147049225              968          67
 ../1560_seed.dataconnected         447  0.12816490572499512       0.29947808262776177        57.289712859072814        133.86670293460952       0.16195316388327960        72.393064255825976        593.07491563278461        1091.1702386706522              946         118
 ../1561_seed.dataconnected         636   9.9376423839191846E-002  0.23736448645055702        63.203405561726015        150.96381338255426       0.14069216454939407        89.480216653414629        1137.7057594715423        2582.4976374425523             1079          58
 ../1562_seed.dataconnected         567  0.11429329218396120       0.26648726880566564        64.804296668305994        151.09828141281241       0.16765797783837025        95.062073434355923        1042.7997697581079        2570.0942091508773              983         114
 ../1563_seed.dataconnected         464  0.11916998176369194       0.27812644188501567        55.294871538353057        129.05066903464729       0.15815349155226857        73.383220080252613        1066.0040413861477        2482.2432177076535              917          62
 ../1564_seed.dataconnected         695   6.8017172570339124E-002  0.16129257593136642        47.271934936385691        112.09834027229967        9.8606176833676340E-002   68.531292899405059        1364.0133047312193        3594.0586447272581             1087         104
 ../1565_seed.dataconnected         625   9.7334081557887364E-002  0.23250945010885482        60.833800973679601        145.31840631803425       0.13157778487083011        82.236115544268813        1366.5669605395440        3280.2134197225205              962          59
 ../1566_seed.dataconnected         471   6.7531574375992887E-002  0.15963096646818886        31.807371531092649        75.186185206516953        9.8829040810570812E-002   46.548478221778851        867.27280032887813        1926.9804635754115             1007          95
 ../1567_seed.dataconnected         601  0.10209537005764192       0.24264584996974706        61.359317404642795        145.83015583181799       0.14558593062561348        87.497144305993700        1248.6670140808417        2806.2245617189310              947          56
 ../1568_seed.dataconnected         892   7.9509965823284984E-002  0.18468023199994421        70.922889514370212        164.73476694395023       0.11618458024441607        103.63664557801913        1926.4033973065875        6083.7933715533363             1177          66
 ../1569_seed.dataconnected         915   6.4281679249838283E-002  0.15238816424391827        58.817736513602028        139.43517028318522        9.8798781261729307E-002   90.400884854482314        1661.2639091832561        5335.5683157807416             1121          20
 ../1570_seed.dataconnected         893   6.2476500074491702E-002  0.14692908085775908        55.791514566521087        131.20766920597885        8.7072891573242439E-002   77.756092174905504        1634.0343974879365        5496.7834469407817             1122          33
 ../1571_seed.dataconnected         618  0.10341060601133313       0.24519838399180255        63.907754515003873        151.53260130693397       0.14447705101129457        89.286817524980052        924.74111131585641        2195.6306220001106             1119         154
 ../1572_seed.dataconnected         403  0.15829998782974583       0.37966139742009564        63.794895095387567        153.00354316029853       0.20602992005495946        83.030057782148660        560.76804705703796        1010.5937918782957              963         124
 ../1573_seed.dataconnected         603  0.11044676778067319       0.26198133863956724        66.599400971745936        157.97474719965905       0.13617285028420031        82.112228721372787        1169.0040142984690        2755.3309240208459              977          81
 ../1574_seed.dataconnected         482  0.10829178255043258       0.25879073203761177        52.196639189308499        124.73713284212887       0.14361173641336181        69.220856951240393        803.64950232615581        1629.5639465866095             1004         134
 ../1575_seed.dataconnected         471  0.10273708722657203       0.24909952953712500        48.389168083715425        117.32587841198587       0.12523488312434081        58.985629951564519        773.78391674780300        1524.5156316469729              956         108
 ../1576_seed.dataconnected         373  0.10706925737176226       0.25327389304129488        39.936832999667324        94.471162104402993       0.14533397728572592        54.209573527575770        703.93096074696962        1363.4022593385735              903          34
 ../1577_seed.dataconnected         461   9.1641891187527219E-002  0.21806844481812626        42.246911837450050        100.52955306115621       0.12058089641390740        55.587793246811309        917.84366405698734        2052.0694272340156              920          67
 ../1578_seed.dataconnected         336  0.15901892015265939       0.37056609038691235        53.430357171293558        124.51020637000255       0.20742973079800414        69.696389548129389        541.39354530640026        995.85302451338850              782          36
 ../1579_seed.dataconnected         701   6.9001974025040880E-002  0.16337649922561323        48.370383791553657        114.52692595715487       0.10019632435326915        70.237623371641675        1212.3119167131665        3255.2791175307311             1049          44
 ../1580_seed.dataconnected         275  0.17312528782284306       0.41318823306206393        47.609454151281838        113.62676409206757       0.22942490758731576        63.091849586511835        350.50842186384602        533.70469613658304              864          48
 ../1581_seed.dataconnected         597   7.4316755267141044E-002  0.18079647409932670        44.367102894483203        107.93549503729804       0.10702662340390975        63.894894172134123        1055.5233623457839        2483.8934781683397             1037          41
 ../1582_seed.dataconnected         687  0.10659909067167594       0.25457974435176284        73.233575291441369        174.89628436966106       0.14377358690945369        98.772454206794677        1165.3551382934595        3148.8682227076579             1019          69
 ../1583_seed.dataconnected         516   9.7172758478575427E-002  0.22883177230288476        50.141143374944917        118.07719450828854       0.13183293948693647        68.025796775259224        967.79129553351436        2290.3289629298256             1084         178
 ../1584_seed.dataconnected         538   9.5747415104676742E-002  0.22374767726688702        51.512109326316086        120.37625036958522       0.13748176082695324        73.965187324900839        1042.8563446479941        2527.5818388470448              989          42
 ../1585_seed.dataconnected         589  0.12099542576477507       0.28382127838600912        71.266305775452508        167.17073296935936       0.16590521687633833        97.718172740163283        886.90167569225787        2146.4409810260254             1086          75
 ../1586_seed.dataconnected         787   6.8199179853830991E-002  0.16378117110851462        53.672754544964988        128.89578166240099        9.2260122325707128E-002   72.608716270331513        1437.1848611112462        4268.8755479074925             1129          85
 ../1587_seed.dataconnected         443  0.10118766715645038       0.24201239375697098        44.826136550307517        107.21149043433815       0.14944430141262080        66.203825525791018        840.34450006229804        1835.6861978711383              989         113
 ../1588_seed.dataconnected         535   7.6807036010304461E-002  0.18308364581946049        41.091764265512886        97.949750513411360       0.11664170445460002        62.403311883211011        919.49719210641501        2091.1916838358438              994         128
 ../1589_seed.dataconnected         635   8.5710613801229768E-002  0.20447431697078206        54.426239763780906        129.84119127644661       0.12523882486402987        79.526653788658976        1094.3460007540616        2801.9576975587447             1034          41
 ../1590_seed.dataconnected         656   6.2909303148433085E-002  0.14363058538608300        41.268502865372106        94.221664013270455        8.8294601168497272E-002   57.921258366534211        994.15630143457315        2458.2355399235375             1109         105
 ../1591_seed.dataconnected         544  0.10632321072451704       0.25174021282003267        57.839826634137275        136.94667577409777       0.14904710700075233        81.081626208409261        1002.0573351182053        2334.1443798135806             1015          57
 ../1592_seed.dataconnected        1090  0.10941725211517857       0.26080058998513356        119.26480480554464        284.27264308379557       0.14489746663442910        157.93823863152772        1968.9067045492313        6890.4284122849458             1314          33
 ../1593_seed.dataconnected         442  0.11800834774306558       0.28350702489541663        52.159689702434989        125.31010500377415       0.15292231480984345        67.591663145950804        774.29131697242781        1470.7515305508753              955          79
 ../1594_seed.dataconnected         661   8.1254282884235182E-002  0.19452623129738172        53.709080986479456        128.58183888756932       0.10870607206731388        71.854713636494466        1126.5282304108575        2805.2278690756193             1129          33
 ../1595_seed.dataconnected         749   8.5409257287376805E-002  0.20447634858774735        63.971533708245225        153.15278509222276       0.12170647725694091        91.158151465448739        1438.3873317785672        4022.4646957428131             1116          69
 ../1596_seed.dataconnected         822   8.5925864160231957E-002  0.20681470753287345        70.631060339710672        170.00168959202199       0.11812797361381110        97.101194310552728        1617.5827628188670        4835.9921656698007             1081          39
 ../1597_seed.dataconnected         284  0.16076714519595298       0.38227247700781192        45.657869235650644        108.56538347021858       0.20761195549249140        58.961795359867558        395.19292272311139        580.84225964746236             1082         255
 ../1598_seed.dataconnected         925   7.3281812005901281E-002  0.17700463579105541        67.785676105458691        163.72928810672624       0.10416084872099528        96.348785066920627        1791.7462986532162        5851.8451349297284             1086          34
 ../1599_seed.dataconnected         393  0.15494619797963327       0.36584186456520379        60.893855805995877        143.77585277412510       0.19064573199770565        74.923772675098320        635.29660451584402        1269.0556059446917             1145         296
 ../1600_seed.dataconnected         535  0.10466677778115305       0.24849435586907842        55.996726112916882        132.94448038995696       0.14263055315907044        76.307345940102692        997.39127826466222        2492.8549814282123              954          84
 ../1601_seed.dataconnected         515   9.3668987862771738E-002  0.22245959851696620        48.239528749327448        114.56669323623760       0.13477654883999404        69.409922652596933        937.01578732596261        2031.2584374979810              966         104
 ../1602_seed.dataconnected         478   8.4409603154880608E-002  0.20263203303983210        40.347790308032934        96.858111793039740       0.11423157456504757        54.602692642092734        806.12411160420027        1650.8662919622777              936          42
 ../1603_seed.dataconnected         489   9.0971491944105087E-002  0.21164975020484181        44.485059560667388        103.49672785016764       0.12875264074147511        62.960041322581326        861.47635655304907        1911.8511973844418              983          84
 ../1604_seed.dataconnected         313  0.15314207084801915       0.35586264011354485        47.933468175429994        111.38500635553953       0.19454621791157045        60.892966206321553        430.66349947311511        678.91580925059498             1064         238
 ../1605_seed.dataconnected         785   5.0345710087520576E-002  0.11676709779298401        39.521382418703652        91.662171767492453        7.8568037166985738E-002   61.675909176083806        1681.7145660690660        4760.6164276203335             1074          28
 ../1606_seed.dataconnected         633   7.9416929734418676E-002  0.18466451824152627        50.270916521887024        116.89264004688613       0.11349754911968245        71.843948592758991        1354.4882437889776        3582.5599931161769              969          38
 ../1607_seed.dataconnected         689   9.0479647277203007E-002  0.21513904859056135        62.340476973992871        148.23080447889677       0.12419900576781065        85.573114974021536        1388.0291114270251        3663.9122979083386              978          44
 ../1608_seed.dataconnected         728   8.2693117770291077E-002  0.19977120351241623        60.200589736771903        145.43343615703901       0.11798445342052215        85.892682090140127        1362.2710299672669        3911.8277602087610             1039          28
 ../1609_seed.dataconnected         480   7.1813346898988814E-002  0.16966178674643892        34.470406511514632        81.437657638290688       0.10617606870880575        50.964512980226758        981.05722261079700        2325.1402609424058             1093         316
 ../1610_seed.dataconnected         529  0.12014268031097564       0.28492068850448493        63.555477884506111        150.72304421887253       0.15570331450097169        82.367053371014023        1114.5208212382565        2393.8865152819417              997          64
 ../1611_seed.dataconnected         894   8.5189413837225697E-002  0.20330103825217782        76.159335970479773        181.75112819744697       0.11323559083920333        101.23261821024778        1563.8971489038049        4957.3683357433501             1133          32
 ../1612_seed.dataconnected         428  0.18564542928290367       0.42467648404849978        79.456243733082772        181.76153517275790       0.24985691817757183        106.93876098000074        795.85691003181864        1584.9415286627302              987         137
 ../1613_seed.dataconnected         482  0.10577889607297562       0.25307294318225076        50.985427907174248        121.98115861384487       0.13642586011709498        65.757264576439781        694.68170647015074        1441.6922637268506             1081         337
 ../1614_seed.dataconnected         767   7.6121400887871379E-002  0.17974972103783435        58.385114480997345        137.86803603601894       0.10526416766907103        80.737616602177482        1392.0455177828785        4159.5895741767836             1183         115
 ../1615_seed.dataconnected         659   7.6836245471118489E-002  0.18428225981154847        50.635085765467082        121.44200921581044       0.10001371058605614        65.909035276211000        1151.3862903079068        2963.7965075752654             1036          51
 ../1616_seed.dataconnected         346  0.13658636891900616       0.31683141187368058        47.258883645976134        109.62366850829348       0.18434998504677025        63.785094826182508        640.78931590566594        1235.3792553395988              939         117
 ../1617_seed.dataconnected         579  0.10943499475570671       0.25590336645485551        63.362861963554188        148.16804917736133       0.14872478274931775        86.111649211854981        1219.8251125894728        2996.3543206954232             1089         111
 ../1618_seed.dataconnected         830   7.6184231002969824E-002  0.18110599580859305        63.232911732464956        150.31797652113224       0.11204899914057370        93.000669286676171        1688.3165884953733        5093.6295476272517             1078          15
 ../1619_seed.dataconnected         822   5.3070005697741007E-002  0.12882425858261062        43.623544683543109        105.89354055490593        7.1559820410902114E-002   58.822172377761540        1634.6497382554439        4704.7316922727823             1048          23
 ../1620_seed.dataconnected         472  0.10794796873721657       0.25549958832136987        50.951441243966222        120.59580568768658       0.14441177059832119        68.162355722407597        726.71490663267855        1543.1416222294333              899          56
 ../1621_seed.dataconnected         665  0.14594541358669585       0.34121207414753219        97.053700035152744        226.90602930810891       0.19930210017993547        132.53589661965708        996.70163672231729        2544.1669963772392             1150         141
 ../1622_seed.dataconnected         471   9.8008102532815763E-002  0.22554389120549539        46.161816292956225        106.23117275778833       0.13830425561152851        65.141304393029927        960.54908392244988        2276.5245151149052              929          57
 ../1623_seed.dataconnected         484  0.12985069789886583       0.30427582790064206        62.847737783051059        147.26950070391075       0.18957451332970271        91.754064451576113        797.60660538204399        1642.8538063660264             1061          72
 ../1624_seed.dataconnected         514  0.11235520203404858       0.26524305923459979        57.750573845500973        136.33493244658430       0.15162619110292469        77.935862226903296        774.31753272701474        1735.5380438782959              940          63
 ../1625_seed.dataconnected         859   9.9994484573777312E-002  0.24331915101288196        85.895262248874715        209.01115072006561       0.13075541137594029        112.31889837193272        1818.9782492989696        5725.7303242695452             1118          57
 ../1626_seed.dataconnected         580   9.4817589716016046E-002  0.22215212959232625        54.994202035289305        128.84823516354922       0.13236372807818872        76.770962285349455        1115.6649550951888        2699.4616506995194             1031         185
 ../1627_seed.dataconnected         484  0.12341997708562656       0.29152443620804314        59.735268909443256        141.09782712469288       0.17568920672827751        85.033576056486311        914.21239538914972        2062.8129700633181             1088         105
 ../1628_seed.dataconnected         590  0.11595529335357466       0.27605446815532853        68.413623078609049        162.87213621164383       0.17827211703236728        105.18054904909670        1339.7848838700884        3482.6822947004443              979          50
 ../1629_seed.dataconnected         538  0.10548087531256305       0.24153455646562130        56.748710918158920        129.94559137850425       0.14403393169190543        77.490255250245113        793.15025662164237        1611.8135251624824             1018          74
 ../1630_seed.dataconnected         721   7.6691737624114575E-002  0.18557559766659423        55.294742826986607        133.80000591761444       0.10470069315178325        75.489199762435717        1442.3076501396661        3887.1223899150218             1076          77
 ../1631_seed.dataconnected         368  0.14697924723841133       0.33674726925303528        54.088362983735365        123.92299508511698       0.21076914367205965        77.563044871317956        747.77431324188342        1428.4191705986334             1066         229
 ../1632_seed.dataconnected         623   8.5273386177210822E-002  0.20067330216797977        53.125319588402341        125.01946725065139       0.12254583825263168        76.346057231389537        1542.9646607500918        4711.1165672182178              931          41
 ../1633_seed.dataconnected         551   9.8473847283319732E-002  0.22874939760355079        54.259089853109174        126.04091807955648       0.13691123155264892        75.438088585509561        925.95398703352771        2071.0389604903385             1112         108
 ../1634_seed.dataconnected         301  0.14893431482122924       0.34779833381927538        44.829228761190002        104.68729847960189       0.20828740319285111        62.694508361048186        492.11071218931471        853.79246060400192             1005         298
 ../1635_seed.dataconnected         658   6.5468920910446066E-002  0.15609069120906502        43.078549959073513        102.70767481556479        7.9408827430197643E-002   52.251008449070049        1540.0486118489569        4614.2215735441232             1030          45
 ../1636_seed.dataconnected         593   9.7003305807826706E-002  0.22991810355938666        57.522960344041238        136.34143541071629       0.14012396926838250        83.093513776150814        1129.0716344450980        3037.9279318800532             1078         100
 ../1637_seed.dataconnected         449   8.6951153125732344E-002  0.20181179996160797        39.041067753453824        90.613498182761987       0.11896343522502136        53.414582416034591        873.99949891766948        1825.5579887993633             1081         313
 ../1638_seed.dataconnected         535   7.8035285707208954E-002  0.18452456454596025        41.748877853356788        98.720642032088733       0.10861525951381018        58.109163839888446        977.09058304165910        2056.0151853812167              947          45
 ../1639_seed.dataconnected         548   9.5029220809170284E-002  0.22931231542266656        52.076013003425317        125.66314885162127       0.11798825138308905        64.657561757932797        1119.4142208198652        2739.3142146424484             1034         133
 ../1640_seed.dataconnected         747   7.8774891945639788E-002  0.18765806082525482        58.844844283392924        140.18057143646536       0.12012841638667873        89.735927040849006        1251.7408985709333        3435.0421429315661              995          19
 ../1641_seed.dataconnected         590   9.8816196475981485E-002  0.23508667415519083        58.301555920829074        138.70113775156258       0.12445463992961694        73.428237558473995        1619.7567179786961        4279.7030098588884              967          69
 ../1642_seed.dataconnected         464  0.11614732846109309       0.27972453844526041        53.892360405947194        129.79218583860083       0.15554924735164119        72.174850771161516        764.90288416048577        1677.0308764964336              985         118
 ../1643_seed.dataconnected         682   6.5384271123913831E-002  0.15636947908378709        44.592072906509230        106.64398473514279        9.5995943278012211E-002   65.469233315604328        1429.0373291276076        4059.4199540611107             1072          52
 ../1644_seed.dataconnected         369  0.13459623981646354       0.31618817881704803        49.666012492275044        116.67343798349073       0.17594541343667916        64.923857558134614        651.76408068856119        1140.5140985255405              897         208
 ../1645_seed.dataconnected         709   6.5623749137950119E-002  0.15336524931530288        46.527238138806631        108.73596176454974        9.1831796310676617E-002   65.108743584269718        1490.0685996022016        4240.5065665378570             1091         173
 ../1646_seed.dataconnected         520  0.13473380263223017       0.30771334249573645        70.061577368759686        160.01093809778297       0.19829813550669662        103.11503046348224        1164.8006287968701        2922.3616485294028              995          54
 ../1647_seed.dataconnected         674   8.1228895707527879E-002  0.19626154523886680        54.748275706873791        132.28028149099623       0.11044482390066294        74.439811309046831        1319.9283732681918        3813.3459972876344             1029          60
 ../1648_seed.dataconnected         849   7.6960001029700825E-002  0.18079448892323224        65.339040874215996        153.49452109582418       0.10362027014750613        87.973609355232711        1861.2109499396756        6127.2248179390799             1097          52
 ../1649_seed.dataconnected         666   8.5700246377274858E-002  0.20890316642308873        57.076364087265056        139.12950883777711       0.10646544076958644        70.905983552544569        1152.2084426980521        2875.7446533584380             1110          93
 ../1650_seed.dataconnected         811   8.8027942432438486E-002  0.21140695677236684        71.390661312707607        171.45104194238951       0.12806953733384924        103.86439477775173        1879.7363933226661        5755.4698672920158             1083          44
 ../1651_seed.dataconnected         398  0.10193857618150094       0.24177359053150052        40.571553320237378        96.225889031537207       0.14310453023458350        56.955603033364234        789.87149603279886        1619.5347542695943              848          60
 ../1652_seed.dataconnected         465   8.3456441245181923E-002  0.20320471319256334        38.807245179009591        94.490191634541958       0.10749362839116487        49.984537201891662        896.01895100475588        2090.5887910541796             1000         111
 ../1653_seed.dataconnected         294  0.21185769382985092       0.48897605678562944        62.286161985976172        143.75896069497506       0.27029672140651767        79.467236093516192        415.17567794829466        639.82470943946794              887          75
 ../1654_seed.dataconnected         738   7.3400851750976992E-002  0.17653529371011720        54.169828592221023        130.28304675806649       0.10762811393239377        79.429548082106606        1396.9308393393560        4041.5488393711134             1040          43
 ../1655_seed.dataconnected         602   8.5197631815940811E-002  0.20498792519054843        51.288974353196366        123.40273096471016       0.12196285914844610        73.421641207364544        1315.2105445609245        3480.9704330912082              964          82
 ../1656_seed.dataconnected         357  0.13634336605902936       0.32809051041715731        48.674581683073484        117.12831221892516       0.18943627746940522        67.628751056577670        561.18710190804723        1001.4185045477210              906         151
 ../1657_seed.dataconnected         481  0.10805581715150021       0.26089590862804901        51.974848049871603        125.49093205009157       0.13944372836386007        67.072433343016698        1279.0750013803254        3407.9468322466328              919          35
 ../1658_seed.dataconnected         504   7.6982012864304616E-002  0.17991953132559732        38.798934483609528        90.679443788101054       0.10808303814253656        54.473851223838423        1170.7056600558622        2969.7946210366736              953          57
 ../1659_seed.dataconnected         500   8.1125238179997824E-002  0.19806111502199919        40.562619089998911        99.030557510999600       0.11313048724510111        56.565243622550554        1178.4492144366645        2841.9070090527512              818          36
 ../1660_seed.dataconnected         844   8.7733532348695173E-002  0.20938359247353486        74.047101302298728        176.71975204766343       0.11801807537427522        99.607255615888292        1969.4008219766865        5633.3421788345913             1133          32
 ../1661_seed.dataconnected         455  0.13755934124975078       0.32126421717511444        62.589500268636606        146.17521881467707       0.19086138819095852        86.841931626886122        745.71538912428957        1532.9279700055106             1054         104
 ../1662_seed.dataconnected         733   6.6106117839173514E-002  0.15804679741060620        48.455784376114188        115.84830250197435        9.0056802090720367E-002   66.011635932498024        1178.7815257720285        3287.1613465778732             1070          70
 ../1663_seed.dataconnected         470  0.11945648681439611       0.28123297729556351        56.144548802766167        132.17949932891486       0.17366063067385590        81.620496416712271        766.73937301915953        1596.4615273308759             1016          90
 ../1664_seed.dataconnected         503   9.2053304184217519E-002  0.21787605538817831        46.302812004661412        109.59165586025370       0.11244459326219318        56.559630410883166        940.90296065697771        2261.4814639357055             1026         110
 ../1665_seed.dataconnected         620   8.9315039055684275E-002  0.21356801094238637        55.375324214524248        132.41216678427955       0.11372930139656129        70.512166865867997        1132.4716600694267        2997.8643132995285             1045         135
 ../1666_seed.dataconnected         505   8.2844692496883393E-002  0.19715654891770557        41.836569710926113        99.564057203441308       0.10682551173746051        53.946883427417553        1128.7083450819982        2709.0419840006539              870          68
 ../1667_seed.dataconnected         674   7.4877023286423136E-002  0.17884204575413054        50.467113695049193        120.53953883828399       0.10523012624837753        70.925105091406465        1357.7370198172766        3710.3461422645214             1049          82
 ../1668_seed.dataconnected         968   7.7970808260548280E-002  0.18111696476544031        75.475742396210734        175.32122189294623       0.10307215808841552        99.773849029586231        1785.8906217413451        5780.4501613319489             1159          34
 ../1669_seed.dataconnected         402   9.9702826909606898E-002  0.23666983112592513        40.080536417661975        95.141272112621905       0.13069314615014629        52.538644752358813        627.66546149835585        1152.8145379903249              948          97
 ../1670_seed.dataconnected         547   9.2986539460679862E-002  0.21289055352621347        50.863637084991886        116.45113277883877       0.13077966122846507        71.536474691970398        1143.7143276433881        2749.9783096492069             1052         127
 ../1671_seed.dataconnected         581   9.9339643140034392E-002  0.23617061538060621        57.716332664359982        137.21512753613220       0.14565232729339261        84.624002157461106        1243.8461511513613        3042.8031298616561             1051          78
 ../1672_seed.dataconnected         485  0.14384290907332598       0.34042057057032682        69.763810900563101        165.10397672660849       0.19398259230231060        94.081557266620649        835.22876742615324        1846.4707466520449              997          97
 ../1673_seed.dataconnected         573   8.2672012963349639E-002  0.19559351587597076        47.371063427999346        112.07508459693125       0.10826960035585284        62.038481003903676        1014.3764374818580        2331.7506747322968             1046          93
 ../1674_seed.dataconnected         658   6.8099946207748688E-002  0.16240342967590030        44.809764604698636        106.86145672674239       0.10191776272352229        67.061887872077662        1549.8566854567025        4689.5370043375833              970          34
 ../1675_seed.dataconnected         684   9.3532018315500329E-002  0.22243881846450894        63.975900527802224        152.14815182972413       0.12711097452169140        86.943906572836923        1325.8148873397217        3390.4056579335784             1002          32
 ../1676_seed.dataconnected         404  0.14981712429767421       0.35547806500369428        60.526118216260386        143.61313826149248       0.20494527451669828        82.797890904746097        828.29769520993011        1815.7831046351193              883          57
 ../1677_seed.dataconnected         453  0.10467639533696245       0.24237574461970687        47.418407087643992        109.79621231272721       0.13615140381655658        61.676585928900131        741.81858855951600        1525.9254766388110             1014         106
 ../1678_seed.dataconnected         467   9.6387250448559156E-002  0.23161818257611580        45.012845959477126        108.16569126304609       0.13003401011129587        60.725882721975168        712.55268023051053        1505.3989990026528              967         103
 ../1679_seed.dataconnected         357  0.12197942895905042       0.28406560666085279        43.546656138381003        101.41142157792444       0.15621145917831886        55.767490926659832        469.93754862382571        816.62300913130548              855          49
 ../1680_seed.dataconnected         511  0.10611326779840563       0.25286759999067826        54.223879844985277        129.21534359523659       0.13174490458513000        67.321646243001425        1072.0554971230404        2389.6666558625730              943         106
 ../1681_seed.dataconnected         409  0.11644087618630046       0.27789619840732127        47.624318360196888        113.65954514859440       0.15724249095622905        64.312178801097687        709.47198042140940        1466.6896060041458              907          68
 ../1682_seed.dataconnected         924   8.5031428232664560E-002  0.20200806238826224        78.569039686982052        186.65544964675431       0.10764573341094009        99.464657671708650        1665.8104399574192        5233.3721655850404             1154          31
 ../1683_seed.dataconnected         477  0.10001273753342239       0.24009600585649141        47.706075803442481        114.52579479354640       0.13842817791803219        66.030240866901352        894.23787435611189        1714.6298858161924              950         165
 ../1684_seed.dataconnected         394  0.10700776169378895       0.25894384687922656        42.161058107352844        102.02387567041526       0.13725731303852468        54.079381337178724        591.04727864255051        1153.6033194558383              989         104
 ../1685_seed.dataconnected         639   5.4379970017030176E-002  0.12734460102197157        34.748800840882282        81.373200053039824        7.5548855846023069E-002   48.275718885608740        1284.8597333454852        3543.3127088258366              931          21
 ../1686_seed.dataconnected         518   8.3590332070894890E-002  0.20004630024141518        43.299792012723550        103.62398352505306       0.12127478834059259        62.820340360426961        1021.5597414698116        2402.9937449461145              998         113
 ../1687_seed.dataconnected         335   7.9551053777733083E-002  0.18734527376351401        26.649603015540581        62.760666710777194       0.11614791279564958        38.909550786542610        562.12381190632470        1040.4190238732185              907         107
 ../1688_seed.dataconnected         537  0.15842396254145785       0.37517041839038351        85.073667884762870        201.46651467563595       0.21208662818863125        113.89051933729498        876.33870444116246        1821.2151898372742             1150         191
 ../1689_seed.dataconnected         656   8.4681932525073889E-002  0.19581817243539759        55.551347736448470        128.45672111762082       0.11890283301275607        78.000258456367987        1239.1042451573487        3266.2778657283152             1022          39
 ../1690_seed.dataconnected         756   8.8990653286386709E-002  0.20984238560728713        67.276933884508352        158.64084351910907       0.12427081101288129        93.948733125738258        1714.0744996191327        5171.1363146320818             1095          54
 ../1691_seed.dataconnected         605   8.6755247142349862E-002  0.21053533190133034        52.486924521121665        127.37387580030486       0.11899586709472307        71.992499592307453        927.28074776467361        2323.0416628781186              990         105
 ../1692_seed.dataconnected         734  0.10581557094652977       0.25335598710435775        77.668629074752857        185.96329453459859       0.13814187487415547        101.39613615763011        1100.9676945721058        2752.8250506256745             1073          63
 ../1693_seed.dataconnected        1009   6.3553812980578689E-002  0.15042356243267840        64.125797297403892        151.77737449457251        9.0697717116558108E-002   91.513996570607134        1634.8229390217277        5109.2090766233550             1218          30
 ../1694_seed.dataconnected         877   7.1217253687519869E-002  0.16890273818591009        62.457531483954924        148.12770138904315        8.8373188993366658E-002   77.503286747182557        1344.0308609391527        3916.2283907591554             1220          49
 ../1695_seed.dataconnected         462  0.11390040280108760       0.27366756506549167        52.621986094102468        126.43441506025715       0.15321429198625577        70.785002897650173        912.80037633602865        2004.7834572991424              985          88
 ../1696_seed.dataconnected         407  0.10476269840171261       0.24850721089648445        42.638418249497029        101.14243483486916       0.12962710404002215        52.758231344289015        654.34332860979487        1274.9882625508928              963          68
 ../1697_seed.dataconnected         572  0.14703083958693666       0.35277443741779013        84.101640243727772        201.78697820297594       0.20320031465620841        116.23057998335122        867.39312975820621        2013.2616582541411             1101         113
 ../1698_seed.dataconnected         557  0.10149237094892356       0.23962749724167998        56.531250618550423        133.47251596361573       0.13095278236000443        72.940699774522471        1148.7035899632072        2846.4511882850684             1031          65
 ../1699_seed.dataconnected         324  0.17069926048598838       0.40246128642152368        55.306560397460238        130.39745680057368       0.23658577105093193        76.653789820501942        523.69360870909793        926.88255669207615              838          77
 ../1700_seed.dataconnected         452  0.12888990712612913       0.30654209045690467        58.258238021010371        138.55702488652091       0.18259866454472373        82.534596374215127        911.69536377843792        1971.5371932159630             1056         105
 ../1701_seed.dataconnected         634  0.12059826644317626       0.28638557642183415        76.459300924973746        181.56845545144284       0.16114431480835176        102.16549558849502        1169.5411255271945        2854.2855301274617             1007          40
 ../1702_seed.dataconnected         307  0.14377908774138884       0.34659608528718422        44.140179936606373        106.40499818316556       0.18930675035239727        58.117172358185961        475.61534543739555        807.34990831079847              881          92
 ../1703_seed.dataconnected         654   8.1791082652641248E-002  0.19373302596576175        53.491368054827376        126.70139898160818       0.11685680530296734        76.424350668140647        1182.5257736879296        2900.0542603505960             1045          84
 ../1704_seed.dataconnected         582   8.4398162387569059E-002  0.19620691367393583        49.119730509565194        114.19242375823066       0.11056453796726474        64.348561096948075        1053.1889348168620        2598.3684154622224             1030          80
 ../1705_seed.dataconnected         894   6.3480122648943246E-002  0.15346098643414496        56.751229648155260        137.19412187212561        9.2162991202795169E-002   82.393714135298879        2204.4963523421025        6879.7191679378166             1164          49
 ../1706_seed.dataconnected         421  0.11111230496906475       0.26407350608660479        46.778280391976260        111.17494606246062       0.16533611432727821        69.606504131784121        729.51830995205103        1494.6493573473513              778          31
 ../1707_seed.dataconnected         374  0.13173404601783287       0.31234500055001607        49.268533210669496        116.81703020570600       0.18264524620421757        68.309322080377370        610.87355099506954        1153.4477628417997              982         239
 ../1708_seed.dataconnected         400  0.10244074272945795       0.24157863101735602        40.976297091783181        96.631452406942415       0.14086607860291428        56.346431441165713        802.90084394776534        1535.1198638365786              989         179
 ../1709_seed.dataconnected         310  0.14010941481220432       0.32284198819922139        43.433918591783339        100.08101634175863       0.20169061238950761        62.524089840747358        525.30664701859484        849.71430078978597              900         171
 ../1710_seed.dataconnected         720   7.2565578913168324E-002  0.17412659084105755        52.247216817481196        125.37114540556144        9.9668224142458642E-002   71.761121382570224        1085.9148043495693        2650.4275532399265             1173         104
 ../1711_seed.dataconnected         371   7.6753527850364198E-002  0.18556447524834518        28.475558832485117        68.844420317136070       0.11193692008999945        41.528597353389792        613.47704460184082        1117.4147109469786             1009         245
 ../1712_seed.dataconnected         528   5.8833776733721276E-002  0.14162669673209036        31.064234115404833        74.778895874543707        7.9318618176695388E-002   41.880230397295165        1028.3945518948449        2289.7227234427787             1012          74
 ../1713_seed.dataconnected         339  0.18509089751790897       0.42737684543511462        62.745814258571144        144.88075060250387       0.24587829661164884        83.352742551348953        448.64809426815009        743.43405024233130              885         100
 ../1714_seed.dataconnected         476   9.9767230095703374E-002  0.24049386837274775        47.489201525554805        114.47508134542792       0.13480777830208884        64.168502471794284        884.46314956169795        2015.6581303967482              840          72
 ../1715_seed.dataconnected         619   9.9008230509940523E-002  0.23604627023499514        61.286094685653183        146.11264127546198       0.13103473475381533        81.110500812611690        1141.3259322509366        2892.6420111258067             1036          31
 ../1716_seed.dataconnected         758   8.8633058961072209E-002  0.21179972585635404        67.183858692492734        160.54419219911637       0.12070395877392583        91.493600750635778        1385.0606877062285        4036.0698564756476             1117          43
 ../1717_seed.dataconnected         671  0.10840913253650046       0.25954382746334825        72.742527931991802        174.15390822790667       0.14684684778509954        98.534234863801800        1057.4591627973984        2767.7915032648548             1127          73
 ../1718_seed.dataconnected         654   7.2737510988262324E-002  0.17670400396580893        47.570332186323562        115.56441859363905       0.10829028696120428        70.821847672627598        1121.9220613308605        3117.7107584343585             1025          93
 ../1719_seed.dataconnected         753   7.8314337991357896E-002  0.18771112743657339        58.970696507492498        141.34647895973976        9.8110646121406894E-002   73.877316529419389        1731.8521642496810        5195.7426619664111             1037          58
 ../1720_seed.dataconnected         426  0.15505570555364911       0.36399321420445752        66.053730565854522        155.06110925109891       0.20536561315047622        87.485751202102875        594.73901941342001        1148.5802816259290              884         113
 ../1721_seed.dataconnected         466   6.8962986799680728E-002  0.16123758172513986        32.136751848651222        75.136713083915168        9.6091254765111822E-002   44.778524720542109        950.99254518581608        2177.7351188714824              859          38
 ../1722_seed.dataconnected         496   9.8282825780861172E-002  0.23373247355375124        48.748281587307140        115.93130688266061       0.11956041129455730        59.301964002100419        994.54871691019184        2287.9874155505336              972          54
 ../1723_seed.dataconnected         364   9.2161521168486485E-002  0.21851135606540181        33.546793705329080        79.538133607806259       0.12797657562105091        46.583473526062534        520.86759836621297        922.47076382718933              889          53
 ../1724_seed.dataconnected        1056   6.5196508602219400E-002  0.15739399664280718        68.847513083943682        166.20806045480438        8.1273885174788327E-002   85.825222744576479        1715.1665226971379        5559.0293248219987             1274          38
 ../1725_seed.dataconnected         457   9.9672424138486287E-002  0.23475703861914651        45.550297831288233        107.28396664894996       0.13267292377738818        60.631526166266397        905.15364531038927        2111.3537855710388              947         115
 ../1726_seed.dataconnected         384   9.2376384704362741E-002  0.22330061146086591        35.472531726475296        85.747434800972513       0.12239923052866818        47.001304523008578        611.97464639344423        1156.2954301092568              921         103
 ../1727_seed.dataconnected         550   5.8502511574740089E-002  0.14125504646342810        32.176381366107051        77.690275554885460        7.7562283709628033E-002   42.659256040295418        1032.3848102953252        2512.3273267802638              907          22
 ../1728_seed.dataconnected         689   5.9230832366590810E-002  0.13536413812493442        40.810043500581067        93.265891168079818        9.7275293400230819E-002   67.022677152759030        1245.2449709809077        3113.1522037552104             1054          62
 ../1729_seed.dataconnected         536  0.13546420006295212       0.32367496060365064        72.608811233742344        173.48977888355674       0.17658587364137049        94.650028271774588        974.51174489806556        2353.5037631385771             1106          76
 ../1730_seed.dataconnected         482  0.10889166709215689       0.25928839334137072        52.485783538419618        124.97700559054068       0.14772314903013717        71.202557832526111        875.98025149542491        2014.4188796556327             1025         104
 ../1731_seed.dataconnected         463   8.1975413042470219E-002  0.18864640835769381        37.954616238663711        87.343287069612231       0.12341230699158642        57.139898137104517        756.04231265590317        1637.1055578973344             1025         168
 ../1732_seed.dataconnected         640   9.7414515637239144E-002  0.23364939462734954        62.345290007833050        149.53561256150371       0.12099925557679335        77.439523569147738        1356.8558966534947        3660.8060381759915             1071          88
 ../1733_seed.dataconnected         435  0.12752105058484370       0.29971330986425004        55.471657004407007        130.37528979094876       0.18052625733373126        78.528921940173092        777.59207882306350        1539.0227558931774              920          74
 ../1734_seed.dataconnected         282  0.11827743541713925       0.27782021051682670        33.354236787633269        78.345299365745134       0.15757915431552602        44.437321516978336        383.65369820907597        540.51466296850822              961         112
 ../1735_seed.dataconnected         501  0.11809857065052963       0.27725713414231201        59.167383895915343        138.90582420529833       0.16765061330624215        83.992957266427311        1012.6534563685525        2356.5344730319644              879          34
 ../1736_seed.dataconnected         636   9.0647354980866207E-002  0.21644094613886464        57.651717767830910        137.65644174431790       0.12981110289353812        82.559861440290248        975.75223876727819        2369.3387127687256             1070         120
 ../1737_seed.dataconnected         553  0.10881501930333748       0.25676807133912050        60.174705674745624        141.99274345053362       0.14336295415017450        79.279713645046499        859.64335888025266        2049.7454025456814             1057         168
 ../1738_seed.dataconnected         517  0.11032898999257419       0.26237264108541780        57.040087826160857        135.64665544116102       0.15794424733935003        81.657175874443965        762.32263547465050        1611.3233852173882             1115         145
 ../1739_seed.dataconnected         794   7.5693975998847668E-002  0.18226740949791717        60.101016943085050        144.72032314134623        9.3901740094427560E-002   74.557981634975476        1608.6924610746337        4905.8071013806275             1090         104
 ../1740_seed.dataconnected         476  0.10432474276552066       0.24822312272863692        49.658577556387833        118.15420641883118       0.15189995952829899        72.304380735470318        816.96922357388326        1728.2246382486744              906          67
 ../1741_seed.dataconnected         773   7.5041052872563588E-002  0.18273335201576871        58.006733870491651        141.25288110818920       0.10327231343910410        79.829498288427473        1388.8005284516273        4025.3958813249301             1154          59
 ../1742_seed.dataconnected         462  0.12027710976752647       0.27961496875379294        55.568024712597229        129.18211556425234       0.15980473608069737        73.829788069282188        841.68108353275102        1686.6598114291385             1021         220
 ../1743_seed.dataconnected         603   6.4612406431678981E-002  0.16173399037104430        38.961281078302427        97.525596193739716        9.2591638647325850E-002   55.832758104337486        1366.7193978731959        3718.6031899703116              894          32
 ../1744_seed.dataconnected         915   5.7658107220225671E-002  0.13952679440751356        52.757168106506491        127.66701688287490        7.6125348793055631E-002   69.654694145645905        2277.7535858392812        7111.3957524509933             1184          90
 ../1745_seed.dataconnected         667   7.8157055899768582E-002  0.18465071748176057        52.130756285145644        123.16202856033429       0.10424346406500275        69.530390531356829        1183.5795513760554        3117.9295165077606             1128         142
 ../1746_seed.dataconnected         720   7.6007050402623982E-002  0.18198685089410291        54.725076289889266        131.03053264375410       0.10450113354314171        75.240816151062035        1631.9351480928667        4750.0338333813934             1028          37
 ../1747_seed.dataconnected         563  0.11415839889589373       0.27449189491349196        64.271178578388174        154.53893683629599       0.17122372192604748        96.398955444364731        955.59515211948178        2274.6819835132901              923          53
 ../1748_seed.dataconnected         606   7.4289230749134627E-002  0.17202911923637698        45.019273833975582        104.24964625724445       0.10140754221029841        61.452970579440837        1109.0490304393863        2804.6159392250502             1098         100
 ../1749_seed.dataconnected         529  0.12366984813510007       0.28693501973825164        65.421349663467936        151.78862544153512       0.17524998660989385        92.707242916633845        895.58399439982213        2140.8967160602942             1003          42
 ../1750_seed.dataconnected         654   6.1761100336249881E-002  0.15063833079169772        40.391759619907425        98.517468337770310        9.2802587370119830E-002   60.692892140058369        1602.2012708895786        4659.3894128961465              968          83
 ../1751_seed.dataconnected         764   6.1578638052633090E-002  0.14672569047331008        47.046079472211680        112.09842752160890        8.9331437455329982E-002   68.249218215872105        1427.9974538292327        4286.7993131538078             1037          37
 ../1752_seed.dataconnected         702   8.8438423393311122E-002  0.21558387242279697        62.083773222104405        151.33987844080349       0.11748719137810956        82.476008347432909        1678.9013635504170        4911.8495356673611             1066          44
 ../1753_seed.dataconnected         773   7.9381467494809843E-002  0.19104263094504773        61.361874373488007        147.67595372052190       0.10307604570463473        79.677783329682640        1657.8571202043968        5189.8615804524325             1109         112
 ../1754_seed.dataconnected         460  0.12807211594834875       0.30437944134316547        58.913173336240426        140.01454301785611       0.16866447464934944        77.585658338700739        860.64475198638183        1733.0036079892966              994         133
 ../1755_seed.dataconnected         647   9.3856883038906297E-002  0.22015757458134996        60.725403326172376        142.44195075413342       0.12798883111938072        82.808773734239324        1289.4860367132760        3289.1746028653579             1137         226
 ../1756_seed.dataconnected         529  0.12010885407202822       0.28192675713609661        63.537583804102930        149.13925452499510       0.15551464405530069        82.267246705254067        865.22817308525305        2000.0239018976308             1027          64
 ../1757_seed.dataconnected         576   8.3658723828482759E-002  0.19920242179038503        48.187424925206066        114.74059495126177       0.12051409738895795        69.416120096039776        919.52594948071851        2094.2263190269068              961          80
 ../1758_seed.dataconnected         671   7.7731114922815467E-002  0.18014855339255786        52.157578113209176        120.87967932640633       0.10984023486092066        73.702797591677765        1296.9005402528380        3495.9811730537422             1082          45
 ../1759_seed.dataconnected         885   9.6693917204725532E-002  0.22718784750288712        85.574116726182098        201.06124504005510       0.14421683249899400        127.63189676160970        1796.4828736250674        5790.1883797340488             1193          74
 ../1760_seed.dataconnected         569   7.9969289513074845E-002  0.19032708353593003        45.502525732939588        108.29611053194419       0.10198471541758598        58.029303072606425        1307.2091612782435        3600.8421871409710              941          82
 ../1761_seed.dataconnected         520   7.5006565298529462E-002  0.18035696339212531        39.003413955235324        93.785620963905160        9.5003253464423149E-002   49.401691801500036        1113.3001623123973        2801.7506189585238              954          77
 ../1762_seed.dataconnected         912   5.9605053112984571E-002  0.14256473581600512        54.359808439041927        130.01903906419668        7.7497271355341221E-002   70.677511476071189        1497.1155577168722        4892.3684844466507             1117          30
 ../1763_seed.dataconnected         561  0.10646412694376388       0.25566573394766950        59.726375215451533        143.42847674464258       0.14210453000692869        79.720641333886988        1056.9529778742290        2544.6591231202219              996          42
 ../1764_seed.dataconnected         720   6.4144454501670112E-002  0.15111724823181796        46.184007241202480        108.80441872690893        9.3346686107067367E-002   67.209613997088510        1229.1737338764776        3428.8879271753171             1063          55
 ../1765_seed.dataconnected         373  0.12431785488475999       0.29961606085523057        46.370559872015477        111.75679069900100       0.15498895379626815        57.810879766008021        705.79047833931611        1456.4723678745183              843          48
 ../1766_seed.dataconnected         689   6.0624640784905162E-002  0.14215853981750406        41.770377500799654        97.947233934260296        9.4078317019268484E-002   64.819960426275983        1485.3229072279664        4394.0764820207005             1006          53
 ../1767_seed.dataconnected         294  0.14130907114912147       0.33462583521269529        41.544866917841716        98.379995552532421       0.19124941066154047        56.227326734492898        535.07141578566200        905.51440215623791              802          78
 ../1768_seed.dataconnected         619   8.9040807915972728E-002  0.21109849812481404        55.116260099987116        130.66997033925989       0.11666845419604456        72.217773147351579        1166.4014940606053        2880.0352104274712              992          39
 ../1769_seed.dataconnected         649  0.10102873297183672       0.22637622804831184        65.567647698722027        146.91817200335439       0.16852105776804249        109.37016649145957        1432.4137317844497        3896.5162602697246             1071          66
 ../1770_seed.dataconnected         776   5.8461398033556745E-002  0.13860267575608246        45.366044874040035        107.55567638671998        8.3763096547929253E-002   65.000162921193095        1543.8347981593988        4553.1569167803154             1100          36
 ../1771_seed.dataconnected         708   9.0304714942188960E-002  0.21693268730338455        63.935738179069787        153.58834261079627       0.11181830066642465        79.167356871828645        1347.0721722722424        3736.0863057328093             1089          56
 ../1772_seed.dataconnected         631   7.9273242013885373E-002  0.19170035321125886        50.021415710761673        120.96292287630435        9.9152670151809605E-002   62.565334865791861        1191.2327085343627        3033.1240890773920             1059         122
 ../1773_seed.dataconnected         819   6.9603302764606856E-002  0.16303982194951502        57.005104964213018        133.52961417665281       0.10044791817615828        82.266844986273625        1707.0134069208830        5304.7519314801557             1153          75
 ../1774_seed.dataconnected         813   7.8373328648662990E-002  0.18677888004074178        63.717516191363011        151.85122947312306       0.10524397303343855        85.563350076185543        1562.3143294171837        4414.2504393207810             1229          76
 ../1775_seed.dataconnected         658   6.5899104323939209E-002  0.15867996042557925        43.361610645151998        104.41141396003114        9.0342900758705130E-002   59.445628699227974        1478.8107807871772        4210.6923649382034              961          55
 ../1776_seed.dataconnected         462   6.5865726486266415E-002  0.15984675184891015        30.429965636655083        73.849199354196486        8.1449237728319537E-002   37.629547830483624        866.80613570776143        2038.5704057393282              941          91
 ../1777_seed.dataconnected         676   5.5240909004291017E-002  0.13131383308969646        37.342854486900727        88.768151168634816        6.6324042063086952E-002   44.835052434646776        1486.1887445330246        4243.9421312884588             1098          59
 ../1778_seed.dataconnected         887   5.8562262353907026E-002  0.13986568580100756        51.944726707915528        124.06086330549370        7.6842350149498834E-002   68.159164582605470        1738.4670040550011        5630.2313130310340             1073          16
 ../1779_seed.dataconnected         455   9.1976529749513078E-002  0.22057296147298178        41.849321036028449        100.36069747020670       0.11317778881610445        51.495893911327528        748.96791627695154        1514.3641285218675              842          39
 ../1780_seed.dataconnected         570   8.1268089993518491E-002  0.19574782229412335        46.322811296305538        111.57625870765031       0.10010915410219223        57.062217838249573        1235.5100762483671        3179.5414569175409              980         119
 ../1781_seed.dataconnected         351   6.0540835630097253E-002  0.14220691692868773        21.249833306164135        49.914627841969391        6.7674886757888950E-002   23.753885252019021        738.07327005035711        1399.6516795343525             1047         348
 ../1782_seed.dataconnected         917   8.0061929381975330E-002  0.18937388165862842        73.416789243271381        173.65584948096227       0.11066724268137709        101.48186153882280        1691.3155739156932        5832.7940617054728             1237          62
 ../1783_seed.dataconnected         541   7.5485878841906953E-002  0.18166040419064636        40.837860453471663        98.278278667139674        9.6046816668397705E-002   51.961327817603156        1203.7310627764996        3140.7572483667236              985          87
 ../1784_seed.dataconnected         483   7.2700848321892803E-002  0.17257166900000401        35.114509739474222        83.352116127001935        9.8465246456784616E-002   47.558714038626967        939.60389211486836        2013.0330175502172              931          52
 ../1785_seed.dataconnected         610   9.7882024416584681E-002  0.23418125546241988        59.708034894116658        142.85056583207614       0.13193269258097073        80.478942474392142        1432.9437990035794        3897.3384516694837              976          37
 ../1786_seed.dataconnected         346  0.15174871809286303       0.35240939820810113        52.505056460130611        121.93365178000299       0.20448162342067941        70.750641703555075        465.64967562533207        771.77746146637992              919         161
 ../1787_seed.dataconnected         362  0.14312904694425807       0.33687993197085087        51.812714993821423        121.95053537344802       0.18990333542957466        68.745007425506031        491.07731615862326        833.49611044606706              884         107
 ../1788_seed.dataconnected         478  0.12611494220649022       0.29252674373209259        60.282942374702323        139.82778350394025       0.17968965658361866        85.891655846969712        1003.6026735219938        2103.4995048656378              930          69
 ../1789_seed.dataconnected         731  0.11802166410818735       0.28023507116848390        86.273836463084947        204.85183702416174       0.16132798114413377        117.93075421636179        1477.5875246570506        4281.1847112301257             1050          36
 ../1790_seed.dataconnected         527  0.12784493338761993       0.30351257680667482        67.374279895275706        159.95112797711764       0.18528481344020473        97.645096682987898        886.60817340327435        2031.8290195463826             1061         144
 ../1791_seed.dataconnected         684   5.6552257700420251E-002  0.13371612850363218        38.681744267087453        91.461831896484412        9.1298437757439455E-002   62.448131426088587        1464.5790255371551        4345.8197196475576              955          25
 ../1792_seed.dataconnected         874   6.5647229775091659E-002  0.15871587928581354        57.375678823430107        138.71767849580104        9.1175431890408262E-002   79.687327472216822        1497.9921246477838        4221.8899793673518             1130          30
 ../1793_seed.dataconnected         533   9.8898892680312864E-002  0.23558178356635803        52.713109798606759        125.56509064086883       0.12953481486456442        69.042056322812840        956.78267101611118        2365.8855285931600             1063         166
 ../1794_seed.dataconnected         840   5.9163628651216812E-002  0.14059368871237563        49.697448067022123        118.09869851839552        7.9674770344076037E-002   66.926807089023868        1709.1573432443674        5002.4570204244992             1190          70
 ../1795_seed.dataconnected         390  0.16938906560385111       0.40390413454847657        66.061735585501935        157.52261247390587       0.21646315272200306        84.420629561581194        599.31962028545422        1146.1374974472792             1037         206
 ../1796_seed.dataconnected        1076   4.9445012224377048E-002  0.11648643370378503        53.202833153429701        125.33940266527269        6.5541441379635093E-002   70.522590924487361        1680.7499986598659        5547.6101908540713             1367          88
 ../1797_seed.dataconnected         442  0.14059369736699087       0.33267714631171469        62.142414236209966        147.04329866977790       0.19019979068675386        84.068307483545198        789.28028619127906        1577.6792269867012             1039         232
 ../1798_seed.dataconnected         482   8.1412994047031159E-002  0.19488193006942123        39.241063130669019        93.933090293461035       0.11890354274768844        57.311507604385831        843.24530018290386        1893.1221369980403              974         145
 ../1799_seed.dataconnected         673  0.11399557459922413       0.27344341760179763        76.719021705277839        184.02742004600981       0.14747935323608227        99.253604727883371        1256.5389013843298        3391.2293602464670             1049          41
 ../1800_seed.dataconnected         709   5.6577490968340818E-002  0.13548226528638452        40.113441096553643        96.056926088046623        9.4358940674845931E-002   66.900488938465770        1550.2772067996796        4601.6099274695862             1058          44
 ../1801_seed.dataconnected         426  0.14329745925214385       0.33715181906042302        61.044717641413278        143.62667491974020       0.21984156363442328        93.652506108264319        733.33276994637640        1561.0675379754211             1174         323
 ../1802_seed.dataconnected         500  0.13884936511081258       0.32943613622104373        69.424682555406292        164.71806811052187       0.19394274386055829        96.971371930279147        804.36162421357153        1702.9500580447841              973         135
 ../1803_seed.dataconnected         386  0.16874335136695887       0.39204144604142249        65.134933627646120        151.32799817198909       0.22616360130628144        87.299150104224637        613.20935736905437        1171.8230779957751              956          46
 ../1804_seed.dataconnected         363  0.15061064363213075       0.35365944462649285        54.671663638463464        128.37837839941690       0.18479504948616135        67.080602963476565        577.01725602376223        1050.3824741949081              975         131
 ../1805_seed.dataconnected         726   7.5837731898225111E-002  0.17795786982847706        55.058193358111431        129.19741349547434       0.10988074545499336        79.773421200325188        1315.8906419162656        3617.0362633672858             1175         108
 ../1806_seed.dataconnected         508  0.10517246191880487       0.25091873777298418        53.427610654752876        127.46671878867596       0.13673160238738363        69.459654012790892        898.26355700794750        2003.0549168734744              953          81
 ../1807_seed.dataconnected        1160   6.5247257890416660E-002  0.15751153703328832        75.686819152883331        182.71338295861446        8.4683293663898179E-002   98.232620650121888        1867.8371830778465        6559.3735862556468             1287          15
 ../1808_seed.dataconnected         756   6.6175703048447027E-002  0.15583267101477313        50.028831504625956        117.80949928716849        8.2556179813102260E-002   62.412471938705309        1329.0885573806611        3615.8952719410345             1155         120
 ../1809_seed.dataconnected         517  0.10145498234308377       0.24227474449368366        52.452225871374310        125.25604290323446       0.13661481800349401        70.629860907806403        1066.1520874561049        2604.4771825204430             1001         136
 ../1810_seed.dataconnected         706   6.4569369338435587E-002  0.15289059937285215        45.585974752935527        107.94076315723362        8.8551149774741988E-002   62.517111740967842        1467.5414688077237        4334.7204883017730             1093          43
 ../1811_seed.dataconnected         738   6.5276506261133335E-002  0.15426721589532391        48.174061620716401        113.84920533074904       0.10228478044822094        75.486167970787051        1726.1913207928737        4978.1776071235672              998          32
 ../1812_seed.dataconnected         806   7.5246561641005835E-002  0.17934153822394436        60.648728682650706        144.54927980849916        9.8360550979460393E-002   79.278604089445082        1436.1507412807657        4200.8870970896414             1052          26
 ../1813_seed.dataconnected         932   7.2614614087900500E-002  0.17123813956594749        67.676820329923260        159.59394607546307       0.10489027126441057        97.757732818430654        2282.8249466080442        7251.2506213520537             1186          48
 ../1814_seed.dataconnected         310  0.15902587512345343       0.37770128851628987        49.298021288270562        117.08739944004986       0.20424684582776284        63.316522206606479        508.22394361590636        830.22820065430142              872          58
 ../1815_seed.dataconnected         435  0.15114854515260268       0.35694764870279999        65.749617141382160        155.27222718571801       0.20968670284075783        91.213715735729650        829.18170185999838        1766.4664719347174              892          66
 ../1816_seed.dataconnected         611   6.8314569804603015E-002  0.16566630295853829        41.740202150612440        101.22211110766689        9.6037898917413059E-002   58.679156238539377        1182.0682971962926        3140.3909674206948              909          20
 ../1817_seed.dataconnected         795   6.5240226506839347E-002  0.15515189056493917        51.865980072937283        123.34575299912663        9.0167872315731756E-002   71.683458491006746        1561.7516420624752        4904.7836390878219             1093          33
 ../1818_seed.dataconnected         596   5.9073687727661230E-002  0.14239690382129491        35.207917885686093        84.868554677491773        7.5296672794278388E-002   44.876816985389922        1093.5854063838674        2827.8820587155642              909          34
 ../1819_seed.dataconnected         723  0.10664322203657256       0.25301544967543294        77.103049532441958        182.93017011533800       0.14318368181279029        103.52180195064737        1112.2886483538273        2935.0195627263306             1214          97
 ../1820_seed.dataconnected         531  0.10453614913031378       0.24714826070705737        55.508695188196619        131.23572643544748       0.13340974811713907        70.840576250200840        922.95658473484548        2101.1878972263030             1076         135
 ../1821_seed.dataconnected         674   7.0413532393024864E-002  0.16867087909811465        47.458720832898756        113.68417251212928        9.9287680303047257E-002   66.919896524253858        1510.4915961448567        3944.4348418930467             1018          43
 ../1822_seed.dataconnected         442  0.14573940382239089       0.34373527483819688        64.416816489496782        151.93099147848301       0.19764143089385772        87.357512455085114        725.29888389407301        1448.0389103912696              950          88
 ../1823_seed.dataconnected         389  0.16699616258300826       0.38931146880679857        64.961507244790212        151.44216136584464       0.22649140336565593        88.105155909240153        617.79795261773995        1195.6771314549908              878          81
 ../1824_seed.dataconnected         801   6.5927194127283859E-002  0.15647245121976824        52.807682495954367        125.33443342703437        8.8419727022231082E-002   70.824201344807094        1483.1122326602379        4447.1949489895260             1158          61
 ../1825_seed.dataconnected         836   4.5954728515196677E-002  0.10799608804686657        38.418153038704425        90.284729607180452        6.7275918303300777E-002   56.242667701559448        1677.5251459135266        5323.3158481711216             1073          37
 ../1826_seed.dataconnected         410  0.13975172482013468       0.33508182355195409        57.298207176255218        137.38354765630118       0.18487974397469703        75.800695029625786        738.91220498374048        1381.0064011328013             1033          80
 ../1827_seed.dataconnected         802   7.5991069455947594E-002  0.17931658144623208        60.944837703669968        143.81189831987814       0.11003176550818146        88.245475937561537        1819.4608107078068        5827.6548000615394             1112          41
 ../1828_seed.dataconnected         356  0.16434180715675667       0.39431305139267397        58.505683347805373        140.37544629579193       0.21581367910113425        76.829669760003796        531.22873398194417        944.32722901547027              979         109
 ../1829_seed.dataconnected         721   5.2633317983146174E-002  0.12533740488608827        37.948622265848392        90.368268922869646        7.0272459906710882E-002   50.666443592738545        1209.4727280902318        3205.0863951909178             1158         127
 ../1830_seed.dataconnected         553   9.2649184664879536E-002  0.22213988806869492        51.234999119678385        122.84335810198829       0.12728943850461558        70.391059493052410        1173.1894339337573        2772.2628908267443             1037         113
 ../1831_seed.dataconnected         335  0.10176977269692956       0.24046818265269027        34.092873853471403        80.556841188651234       0.13275523576436313        44.473003981061645        433.47106342507061        681.65307487556618             1015         124
 ../1832_seed.dataconnected         865   9.1436072900487761E-002  0.21466834130245396        79.092203058921910        185.68811522662267       0.13614732833267196        117.76743900776124        1464.0066796623228        4472.5384670393214             1130          28
 ../1833_seed.dataconnected         603   8.3307482654723944E-002  0.20050493717364851        50.234412040798539        120.90447711571005       0.11155652587808471        67.268585104485084        1078.4399934426726        2557.7734229781704             1049         149
 ../1834_seed.dataconnected         708  0.11026602419278440       0.25837984506204476        78.068345128491359        182.93293030392769       0.14891554029863888        105.43220253143633        1307.3649219037668        3632.6950307355355             1097          76
 ../1835_seed.dataconnected         351  0.10423013943855780       0.24902724207707747        36.584778942933788        87.408561969054190       0.14172504947710285        49.745492366463097        633.78050699445077        1156.1238887739746              910          68
 ../1836_seed.dataconnected         407  0.11854213340428600       0.28361367383568631        48.246648295544404        115.43076525112433       0.16380657967681311        66.669277928462932        754.17204421062695        1496.4886361771635              959         211
 ../1837_seed.dataconnected         529  0.10405143003884307       0.24577686031403265        55.043206490547981        130.01595910612326       0.15046236690413495        79.594592092287385        928.38794169313087        1983.3259563850295             1146         120
 ../1838_seed.dataconnected         671   6.0783400099908513E-002  0.14431453393439428        40.785661467038615        96.835052269978561        7.6846994271287439E-002   51.564333156033868        1308.1277487380974        3604.6930296100959              984          22
 ../1839_seed.dataconnected         679   8.6808904237135567E-002  0.20715996266938302        58.943245977015053        140.66161465251108       0.12200613100684972        82.842162953650956        1473.5446502529321        3940.0960251538522             1019          43
 ../1840_seed.dataconnected         416  0.12404268184155880       0.28993144507075463        51.601755646088456        120.61148114943393       0.18474902084030606        76.855592669567315        733.28871854028534        1454.1899442503739             1064         247
 ../1841_seed.dataconnected         474   8.4682669802263036E-002  0.19990230941767625        40.139585486272679        94.753694663978550       0.10995432506630666        52.118350081429355        929.77750953670738        1751.4916098466467             1012          86
 ../1842_seed.dataconnected         483  0.11715230892978050       0.27699353971999380        56.584565213083984        133.78787968475700       0.15781969147407560        76.226910981978520        862.17802556268464        1864.9839647277731              963          91
 ../1843_seed.dataconnected         763   7.9398293961991967E-002  0.19117790959402015        60.580898292999869        145.86874502023738       0.11272032084512655        86.005604804831563        1400.0755663360342        4090.9985251835274              986          32
 ../1844_seed.dataconnected         605   8.7250502002669622E-002  0.20389626383864409        52.786553711615120        123.35723962237968       0.11764351733509373        71.174327987731715        1211.6473064957693        3128.3281655641213             1022          67
 ../1845_seed.dataconnected         476  0.11232779590301262       0.27232727154435499        53.468030849834008        129.62778125511298       0.14791713561637629        70.408556553395115        843.85795177247746        1813.4887156724978              975         117
 ../1846_seed.dataconnected         510   9.4262978845935305E-002  0.22419978804082158        48.074119211427004        114.34189190081901       0.12127394572268337        61.849712318568514        1001.4582009920381        2038.8627312822848             1081         134
 ../1847_seed.dataconnected         651   7.8900364455670322E-002  0.18764016305101883        51.364137260641378        122.15374614621325       0.10043843773852433        65.385422967779334        1312.9207886605277        3612.6617528513116             1068          82
 ../1848_seed.dataconnected         681  0.10694431171213542       0.25447813434254296        72.829076275964226        173.29960948727177       0.14680167230237620        99.971938837918188        1188.3108081573625        3148.1261078907214              980          37
 ../1849_seed.dataconnected         465  0.14895332919916615       0.35072512199138139        69.263298077612262        163.08718172599234       0.19969358754466093        92.857518208267336        893.73208879637582        1793.0999750149849             1127         177
 ../1850_seed.dataconnected         379  0.11682148821223499       0.27844583222869512        44.275344032437062        105.53097041467545       0.15862515547646514        60.118933925580286        662.50477458353760        1277.8143262631752              930         111
 ../1851_seed.dataconnected         744   8.1646311626563259E-002  0.19166590040148060        60.744855850163063        142.59942989870157       0.11755006563687022        87.457248833831443        1466.5793155223557        4349.0630694956417              995          21
 ../1852_seed.dataconnected         573   7.5492570513660873E-002  0.18075069765747726        43.257242904327683        103.57014975773447       0.10701517427649501        61.319694860431639        1160.0917386644637        2731.5996672466904              952          34
 ../1853_seed.dataconnected         381  0.15946110412696743       0.38010232048335302        60.754680672374590        144.81898410415749       0.21145048906172612        80.562636332517656        688.35894666108686        1324.1052884221344             1009         154
 ../1854_seed.dataconnected         620   9.4536481522593502E-002  0.22445389966300019        58.612618544007972        139.16141779106013       0.14121439344373204        87.552923935113867        1272.8912829920507        3325.9669811708222             1010          75
 ../1855_seed.dataconnected         901   6.4206236180265761E-002  0.15526486454693911        57.849818798419449        139.89364295679215        8.8415656352972660E-002   79.662506374028368        1825.4049420160848        5707.2725471223148             1165          34
 ../1856_seed.dataconnected         785   9.7712860121592582E-002  0.23487812586665019        76.704595195450182        184.37932880532040       0.12890824840006312        101.19297499404955        1366.6594194406457        4216.5384089709960             1134          99
 ../1857_seed.dataconnected         777   7.0698409454220429E-002  0.16747171176361419        54.932664145929273        130.12552004032824        9.9841340312048055E-002   77.576721422461333        1418.9301316032336        4019.7185701743315             1105          71
 ../1858_seed.dataconnected         628   6.3959031807941602E-002  0.15823641817493087        40.166271975387325        99.372470613856578        9.5398193433115286E-002   59.910065475996397        1461.7655740287980        4338.8233326230420              925          40
 ../1859_seed.dataconnected         466  0.11089208879335134       0.26383329584938009        51.675713377701726        122.94631586581112       0.15174535662981689        70.713336189494669        905.70269162135173        1917.9763383888348              960          56
 ../1860_seed.dataconnected         624   9.5796818680145113E-002  0.22700361490566745        59.777214856410552        141.65025570113650       0.13910246688678421        86.799939337353351        1366.4304519216269        3745.9104327246300             1012          85
 ../1861_seed.dataconnected         626   9.3995665619119609E-002  0.22250683528582507        58.841286677568874        139.28927888892650       0.13272880340053680        83.088230928736039        1455.5497893554625        3682.4321706371165              947          49
 ../1862_seed.dataconnected         434  0.10375063548908346       0.24840595912955171        45.027775802262219        107.80818626222545       0.12247961626736173        53.156153460034993        726.55020276088271        1352.9236453113544             1042         286
 ../1863_seed.dataconnected         475   9.9792618188888849E-002  0.23987306859855978        47.401493639722204        113.93970758431590       0.13798870297458790        65.544633912929257        740.20057876631483        1527.1739239090234             1018          81
 ../1864_seed.dataconnected         650   7.8086061077082700E-002  0.18667822855110705        50.755939700103752        121.34084855821958       0.11861702130413992        77.101063847690952        1292.9117238928729        3497.6535080831459             1032         101
 ../1865_seed.dataconnected         668  0.11595859365103214       0.27304246866226017        77.460340558889470        182.39236906638979       0.16718759369007802        111.68131258497212        1602.4616062291977        4349.5320398657959             1101         105
 ../1866_seed.dataconnected         470  0.16002929604125429       0.37696021604997937        75.213769139389512        177.17130154349030       0.20482429642723829        96.267419320801991        828.61812887730309        1627.7288521722962             1005         110
 ../1867_seed.dataconnected         684   7.6196172893411962E-002  0.17916378640086739        52.118182259093786        122.54802989819329       0.10529071625089190        72.018849915610062        1435.1493079678994        4062.4317208267089              974          45
 ../1868_seed.dataconnected         486   9.9127696515737163E-002  0.23266133369921674        48.176060506648263        113.07340817781933       0.12443822231352891        60.476976044375050        1180.3155340258531        2723.1738513058144              875          30
 ../1869_seed.dataconnected         600   9.7489751263131877E-002  0.22835901878745382        58.493850757879123        137.01541127247231       0.13530668420788949        81.184010524733694        1097.7225721574412        2790.6813494010562             1000          57
 ../1870_seed.dataconnected         254  0.15237547467687820       0.35910941758472603        38.703370567927067        91.213792066520412       0.18602159576626059        47.249485324630193        339.92721542825217        481.10012354242338              974         250
 ../1871_seed.dataconnected         636   7.1492299106461252E-002  0.17162497833597909        45.469102231709357        109.15348622168270        9.2962179700576561E-002   59.123946289566696        1111.2813130345214        2872.1735500421132             1067         267
 ../1872_seed.dataconnected         616  0.11532758837771576       0.27005331513648401        71.041794440672902        166.35284212407416       0.15244329666971837        93.905070748546521        861.97559190816560        1945.6275276644535             1046          77
 ../1873_seed.dataconnected         451  0.11745988907156039       0.27958567717075544        52.974409971273737        126.09314040401071       0.16873747483873719        76.100601152270471        674.64603386364286        1370.3001321929491             1082         306
 ../1874_seed.dataconnected         396  0.13473719823952765       0.31528260509602102        53.355930502852949        124.85191161802432       0.18074798013430809        71.576200133186006        627.82411144539253        1194.4665114929742              922         109
 ../1875_seed.dataconnected         360  0.14101463153550881       0.34148441408861574        50.765267352783169        122.93438907190166       0.18264511163396080        65.752240188225883        596.28315238507389        1095.7582808450579             1033         138
 ../1876_seed.dataconnected         341  0.12426419715392176       0.29449672105928631        42.374091229487320        100.42338188121663       0.17334702795826540        59.111336533768501        567.23449854754358        1065.4954180024931              883          88
 ../1877_seed.dataconnected         375  0.11521614316371873       0.26656573043641096        43.206053686394519        99.962148913654104       0.17420295843822989        65.326109414336202        718.11656915141305        1340.8627630411113              996          90
 ../1878_seed.dataconnected         569  0.10950668483572878       0.26157260804207755        62.309303671529676        148.83481397594213       0.15255518033994486        86.803897613428632        1258.8295979095271        3332.7018883985916             1038          62
 ../1879_seed.dataconnected         717   8.8144339500981259E-002  0.20697475634932674        63.199491422203565        148.40090030246728       0.13544083029773299        97.111075323474552        1213.1629426047048        3473.7633482007154             1052          44
 ../1880_seed.dataconnected         945   6.4267636590115557E-002  0.15497894947194382        60.732916577659203        146.45510725098691        7.8220782178398854E-002   73.918639158586913        1401.9837932242669        4390.2612441766869             1137          19
 ../1881_seed.dataconnected         485   8.4569676762630455E-002  0.19913497172604938        41.016293229875771        96.580461287133943       0.11390486963840690        55.243861774627348        828.19627204126596        1829.5438959279174             1027          82
 ../1882_seed.dataconnected         993   6.0113286789652040E-002  0.14326802262345789        59.692493782124473        142.26514646509369        9.8496041824210442E-002   97.806569531440971        1659.4147026158782        5381.2315787456246             1248          40
 ../1883_seed.dataconnected         783   5.4458320180987216E-002  0.13038600541004405        42.640864701712992        102.09224223606449        7.5908952299918897E-002   59.436709650836498        1638.9620143102463        5125.4587332408310             1020          26
 ../1884_seed.dataconnected         923   6.7525383772768913E-002  0.16150263608610121        62.325929222265707        149.06693310747141        9.8709348623120918E-002   91.108728779140606        1572.7886049191468        5062.1134205306635             1162          37
 ../1885_seed.dataconnected         534  0.11055147087127021       0.26351385056120835        59.034485445258291        140.71639619968525       0.13898237689669796        74.216589262836706        965.64991978424428        2261.6129879682217             1066         127
 ../1886_seed.dataconnected         983   7.3100690959117684E-002  0.17374948038704383        71.857979212812680        170.79573922046407       0.11089627405108805        109.01103739221956        2137.2208409871678        7250.9850387542147             1160          18
 ../1887_seed.dataconnected         630   4.9717749248156508E-002  0.11503919871507777        31.322182026338599        72.474695190498991        7.9676056072607471E-002   50.195915325742703        1054.8400753026774        2630.4876863091249             1090         193
 ../1888_seed.dataconnected         909   7.0448505806462072E-002  0.16242416877957339        64.037691778074020        147.64356942063222        9.9010962787248705E-002   90.000965173609075        1516.8371232259669        4372.6033526775291             1257          40
 ../1889_seed.dataconnected         484   7.6687479952037951E-002  0.18135043711610085        37.116740296786368        87.773611564192819       0.11746347239515774        56.852320639256348        737.78751681157905        1590.4006693363003              971          49
 ../1890_seed.dataconnected         734   9.6288126395039850E-002  0.22570710303718400        70.675484773959255        165.66901362929306       0.13076516426616328        95.981630571363837        1327.8880408025911        3504.6614573363763             1162         108
 ../1891_seed.dataconnected         703   8.5746580049084906E-002  0.20552707168189621        60.279845774506690        144.48553139237305       0.11846031463498868        83.277601188397043        1484.6880112415583        4337.9371836833234             1059          57
 ../1892_seed.dataconnected         589   6.6788108664802628E-002  0.16253084648650684        39.338196003568747        95.730668580552532        9.2236638716255148E-002   54.327380203874284        1146.7435645362177        3013.6329519939354             1004          60
 ../1893_seed.dataconnected         713   9.4197671015205625E-002  0.21914214571516841        67.162939433841615        156.24834989491507       0.13145066064809324        93.724321042090480        1341.6844199808274        3811.7894436293786             1069          49
 ../1894_seed.dataconnected         522  0.10368254866803803       0.24229302446030018        54.122290404715848        126.47695876827669       0.14608273299228922        76.255186621974971        1103.6851691786012        2634.7599694484907              894          88
 ../1895_seed.dataconnected         567   8.4548257003207616E-002  0.19896988847029942        47.938861720818721        112.81592676265977       0.12585474171235342        71.359638550904393        960.23826302842645        2291.0488164955841              977          46
 ../1896_seed.dataconnected         668   8.6855184081056885E-002  0.20950705816840981        58.019262966146002        139.95071485649774       0.12497479685675268        83.483164300310790        1329.4921150961420        3618.4065250959929              962          42
 ../1897_seed.dataconnected         740   8.1420269030671635E-002  0.19258246433880000        60.250999082697007        142.51102361071199       0.11294168089625303        83.576843863227239        1617.3272806450616        4993.5989444062316              944          27
 ../1898_seed.dataconnected         386  0.14148263604577321       0.32943636787441760        54.612297513668459        127.16243799952520       0.20155667545020522        77.800876723779211        625.45631121772465        1212.4274952565440              870         156
 ../1899_seed.dataconnected         709   9.2515373807353002E-002  0.21806551276063088        65.593400029413274        154.60844854728728       0.14061815638518108        99.698272877093387        1263.1364701425450        3212.3211924892817             1071          71
 ../1900_seed.dataconnected         899   6.7851435077299085E-002  0.16539918985394300        60.998440134491879        148.69387167869476        8.3561195203196742E-002   75.121514487673878        1751.1255268985001        5599.0149367439917             1162          62
 ../1901_seed.dataconnected         572   8.9172246138526631E-002  0.21230469302508900        51.006524791237233        121.43828441035090       0.11855579648427454        67.813915589005035        1045.5196276624308        2694.4358448097169              920          86
 ../1902_seed.dataconnected         694   8.8998877010480051E-002  0.21064655247760589        61.765220645273153        146.18870741945850       0.12665087928604438        87.895710224514801        1693.5936714742011        5092.2804107129678             1035          59
 ../1903_seed.dataconnected         369  0.14177239937843816       0.33260328483759127        52.314015370643681        122.73061210507117       0.19471541441110352        71.849987917697192        697.61966744406254        1337.5173571421089              975          92
 ../1904_seed.dataconnected         344  0.17073058491290918       0.40612257222452636        58.731321210040761        139.70616484523705       0.23146783137086321        79.624933991576953        665.76264225701300        1181.3790663480256              886          89
 ../1905_seed.dataconnected         347  0.12410616360361139       0.29236672642429812        43.064838770453150        101.45125406923145       0.16550611809471899        57.430622978867490        473.22893591133567        821.96292544570031              934          79
 ../1906_seed.dataconnected         572  0.11970502805091741       0.27532121398562082        68.471276045124768        157.48373439977510       0.16690318824919659        95.468623678540453        1109.2578159665647        2909.1166402247923             1140         197
 ../1907_seed.dataconnected         577   9.3941547002914322E-002  0.22177648532604599        54.204272620681564        127.96503203312854       0.13104576206664109        75.613404712451910        1054.6644745361029        2549.4399376454298              985         105
 ../1908_seed.dataconnected         579   5.3161750749101726E-002  0.12700754678837603        30.780653683729899        73.537369590469723        7.4840196199120176E-002   43.332473599290580        1084.5222461538608        2726.4226741906746             1026          75
 ../1909_seed.dataconnected         423   8.7586792184809220E-002  0.21197893745188542        37.049213094174299        89.667090542147534       0.11248904856997519        47.582867545099504        641.24443639211586        1332.6169221984794              897          76
 ../1910_seed.dataconnected         565   8.4678544892502899E-002  0.20064249305796972        47.843377864264141        113.36300857775289       0.11790050286138781        66.613784116684116        966.14646743567846        2401.9117586942425              933          38
 ../1911_seed.dataconnected         768  0.11155540961124331       0.26483414782317005        85.674554581434862        203.39262552819460       0.15543997708522850        119.37790240145549        1410.8464128394578        3958.8275684351061             1134          39
 ../1912_seed.dataconnected         537   7.9749477313266717E-002  0.19490280510019703        42.825469317224226        104.66280633880581       0.10728447805962210        57.611764718017071        1261.6885483038632        3249.2947860465933             1025          81
 ../1913_seed.dataconnected         561   8.2520230989756846E-002  0.19816765187916255        46.293849585253589        111.17205270421019       0.10676542396834703        59.895402846242682        995.46048060175519        2323.9494543665728              972          76
 ../1914_seed.dataconnected         391  0.11982373959056994       0.27575122173735805        46.851082179912844        107.81872769930700       0.17301285777407546        67.648027389663511        795.43589525021594        1694.2806212806695              866          66
 ../1915_seed.dataconnected         885   5.8007116666964023E-002  0.13777806256235930        51.336298250263162        121.93358536768798        8.5606914806345233E-002   75.762119603615531        2008.4995273454158        6889.8925434722614             1080          24
 ../1916_seed.dataconnected         459  0.12148195593590627       0.28608899166745250        55.760217774580980        131.31484717536068       0.16546584599032124        75.948823309557454        662.11107665961811        1333.5384764189769             1088         239
 ../1917_seed.dataconnected         417  0.10460131727182347       0.25056780596429495        43.618749302350388        104.48677508711100       0.14041883513948961        58.554654253167165        685.32874728396030        1327.5099186244267              922          50
 ../1918_seed.dataconnected         378  0.19967831669930178       0.45935624148240489        75.478403712336075        173.63665928034905       0.25411872880249947        96.056879487344801        510.37669441697540        852.54418199862425              897         119
 ../1919_seed.dataconnected         390  0.15592884460312156       0.36848139742180691        60.812249395217407        143.70774499450471       0.20211563871358959        78.825099098299944        556.95850287670942        955.75480763790608             1007         175
 ../1920_seed.dataconnected         421   8.1589422044008708E-002  0.19549212854429077        34.349146680527667        82.302186117146420       0.11508664051457142        48.451475656634564        606.87077383343740        1154.6468147622707              990         178
 ../1921_seed.dataconnected         403  0.13728587905697920       0.32118108085599245        55.326209259962617        129.43597558496495       0.18620883613069600        75.042160960670486        661.06402587884554        1241.0372629553119              873          69
 ../1922_seed.dataconnected         734   6.5621603514646756E-002  0.15846805271635184        48.166256979750720        116.31555069380225       0.10508100029698982        77.129454217990528        1372.1014987474464        4171.6552942260205             1108          53
 ../1923_seed.dataconnected         581  0.11382409025288856       0.27536725271395968        66.131796436928255        159.98837382681057       0.15504112106620779        90.078891339466722        1357.6157463315717        3767.1705897188576             1039         101
 ../1924_seed.dataconnected         841   6.7489244100811599E-002  0.16269931602216370        56.758454288782552        136.83012477463967        9.6555865427315132E-002   81.203482824372031        1364.1514906178888        3791.7938555121755             1158          31
 ../1925_seed.dataconnected         525   8.1577821499931147E-002  0.19259761853042062        42.828356287463855        101.11374972847082       0.11075737431247379        58.147621514048737        989.71555380498228        2417.0932216377942              926          56
 ../1926_seed.dataconnected         397   8.0107925468370186E-002  0.18728722863324565        31.802846410942966        74.353029767398525       0.10957323590995695        43.500574656252908        666.55009717546284        1338.5611265031162              991         139
 ../1927_seed.dataconnected         539  0.10463573887827014       0.24522026962894736        56.398663255387611        132.17372533000264       0.13868087973222437        74.748994175668940        1037.7725766524609        2600.9090381539368             1156         280
 ../1928_seed.dataconnected         544  0.11846117867082841       0.27685340272710551        64.442881196930657        150.60825108354541       0.15285310341968736        83.152088260309924        846.49573960309954        1748.7479879075056             1040         130
 ../1929_seed.dataconnected         542  0.11691182670279954       0.27434359242610779        63.366210072917347        148.69422709495041       0.15565504056194504        84.365031984574216        955.24102736221403        2356.1563328653524             1032         197
 ../1930_seed.dataconnected         582  0.10578877480868759       0.25230285359138066        61.569066938656178        146.84026079018355       0.15405145625244354        89.657947538922144        1011.3614635506217        2486.9660223865558             1035         103
 ../1931_seed.dataconnected         513   9.3785590064106028E-002  0.22797074748017979        48.112007702886395        116.94899345733224       0.12446182842690359        63.848917983001542        962.78007259885828        2217.1255600900454              996         106
 ../1932_seed.dataconnected         764   8.3114508617103927E-002  0.19694075588442084        63.499484583467400        150.46273749569752       0.12463121829617359        95.218250778276627        1500.9205440748806        4297.9427661476739             1096          42
 ../1933_seed.dataconnected         616   6.1637759776739076E-002  0.15249581041763163        37.968860022471269        93.937419217261080        8.1587837421550347E-002   50.258107851675014        1193.4845066423813        2950.5783772829823             1073          61
 ../1934_seed.dataconnected         454  0.12347765112069550       0.28857258016786574        56.058853608795758        131.01195139621106       0.17066800011686728        77.483272053057746        882.01754601344362        1889.9865170053695              918          31
 ../1935_seed.dataconnected        1068   7.3055139458081370E-002  0.17415701562751876        78.022888941230903        185.99969269019005        9.3491023055559064E-002   99.848412623337083        1855.2558674943398        6076.7272295031917             1251          17
 ../1936_seed.dataconnected         773   8.3200400777608180E-002  0.20175148323968189        64.313909801091128        155.95389654427410       0.11839915496390194        91.522546787096204        1660.7279004746724        5322.3358878616973             1116          69
 ../1937_seed.dataconnected         636   7.2895206844012531E-002  0.17856637627981106        46.361351552791966        113.56821531395984        9.0323536550522832E-002   57.445769246132521        1200.5788500264464        2929.5440942277951              986          44
 ../1938_seed.dataconnected         720   9.6622080571162436E-002  0.22927970318812260        69.567898011236949        165.08138629544828       0.13787795977963674        99.272131041338454        1184.0691922809915        3074.3365780825334             1029          40
 ../1939_seed.dataconnected         672   6.6531999215082738E-002  0.16107088749332205        44.709503472535602        108.23963639551242        8.7776158458078998E-002   58.985578483829087        1428.5768155536939        4077.0886320750519             1007          42
 ../1940_seed.dataconnected         500  0.10712141164530394       0.25502105872252456        53.560705822651968        127.51052936126229       0.14723431846098192        73.617159230490955        878.95046323252586        2011.4005015224730              959          56
 ../1941_seed.dataconnected         906   5.1607242623128879E-002  0.12149633943594779        46.756161816554766        110.07568352896870        7.4051920043508301E-002   67.091039559418519        1476.0404525457882        4365.8623288883200             1193          71
 ../1942_seed.dataconnected         687   4.9188453396027489E-002  0.11751178539680726        33.792467483070887        80.730596567606582        6.8362393617572764E-002   46.964964415272490        1403.6216153647131        3958.1924123282802              987          34
 ../1943_seed.dataconnected         803   5.9640592558673849E-002  0.14030228897485195        47.891395824615103        112.66273804680611       0.10746982029486143        86.298265696773726        1494.6629510782816        4261.2284297371434             1219          94
 ../1944_seed.dataconnected         758   9.3442834459188107E-002  0.21965831635915559        70.829668520064587        166.50100380023994       0.13518907749048145        102.47332073778495        1338.4433374036171        3892.0428178786951             1140         140
 ../1945_seed.dataconnected         771   6.3793463139095938E-002  0.15604159669413151        49.184760080242967        120.30807105117539        8.1873706110317551E-002   63.124627411054831        1691.0607787889821        5716.3950823668220             1003          41
 ../1946_seed.dataconnected         790   5.8291764474823274E-002  0.13840637770726599        46.050493935110389        109.34103838874013        9.6122398844149110E-002   75.936695086877791        1316.9962511340409        3585.3926501006849             1114          54
 ../1947_seed.dataconnected         389  0.13809446078734025       0.33134220116963575        53.718745246275354        128.89211625498831       0.18867978655353490        73.396436969325080        667.46381741091636        1279.5333553769399              915         162
 ../1948_seed.dataconnected         660  0.10050024376537497       0.23269395650839764        66.330160885147478        153.57801129554244       0.14564452423131946        96.125385992670843        1262.7788578916675        3423.5238842438430             1055          56
 ../1949_seed.dataconnected         685   8.9804109765095883E-002  0.21467578149350428        61.515815189090681        147.05291032305044       0.12864487239522487        88.121737590729040        1854.8282653365814        6197.5132225832649             1084          49
 ../1950_seed.dataconnected         555   7.2166647793404370E-002  0.17362284465933611        40.052489525339425        96.360678785931540       0.10160674106562349        56.391741291421042        1192.6113836267104        2833.1196406959698              919          55
 ../1951_seed.dataconnected         507  0.13151719880761026       0.29909325872575626        66.679219795458394        151.64028217395841       0.18739156345885444        95.007522673639201        870.47279485773572        1870.2270567303972             1044         203
 ../1952_seed.dataconnected         976   8.6824084454268299E-002  0.20266575804110523        84.740306427365866        197.80177984811871       0.12112781453420174        118.22074698538090        1445.1575555381201        4473.6606066710310             1164          24
 ../1953_seed.dataconnected         606   9.1532576974991356E-002  0.21981063544795620        55.468741646844762        133.20524508146147       0.12041259422260504        72.970032098898656        1386.3502385826814        3863.3688546534404             1039          83
 ../1954_seed.dataconnected         365  0.16685837125469691       0.38410273267621020        60.903305507964369        140.19749742681671       0.23423317127931573        85.495107516950242        584.97976989651011        1059.4201033255777              874          70
 ../1955_seed.dataconnected         525   8.8098802607343832E-002  0.21371715253394583        46.251871368855511        112.20150508032155       0.13143228697951065        69.001950664243097        914.09655549920672        2175.0760454432266             1128         167
 ../1956_seed.dataconnected         375  0.11432063753072799       0.26834002765790466        42.870239074022997        100.62751037171425       0.14821755006100851        55.581581272878189        590.89754382590456        1029.5645243565209             1014         253
 ../1957_seed.dataconnected         591   7.0817126890524329E-002  0.16890935087612424        41.852921992299876        99.825426367789433        9.0473880858814262E-002   53.470063587559231        1270.8861111312665        3400.7854161339542             1010         140
 ../1958_seed.dataconnected         842   7.5179671487645816E-002  0.17874534258117861        63.301283392597774        150.50357845335239        9.9893871380696483E-002   84.110639702546436        1412.3316072892792        4200.9701377530273             1141          42
 ../1959_seed.dataconnected         518  0.12541999498814982       0.29094711890633845        64.967557403861605        150.71060759348333       0.17325251285322163        89.744801657968807        814.94812008733675        1802.2559018981203             1075         207
 ../1960_seed.dataconnected         346  0.13688717593276759       0.32886856263410252        47.362962872737583        113.78852267139948       0.18797897379874198        65.040724934364732        556.99212499668477        966.88329652720472              951         151
 ../1961_seed.dataconnected         970   7.9410061443932367E-002  0.19091590461718314        77.027759600614402        185.18842747866765       0.10929025850991185        106.01155075461449        1942.5847928131875        6277.9665542846351             1164          22
 ../1962_seed.dataconnected         420  0.10869743435751074       0.25983310045168473        45.652922430154511        109.12990218970759       0.16080455625934045        67.537913628922993        895.22601830074166        2031.5739483175844              913          48
 ../1963_seed.dataconnected         549  0.12347795915188008       0.29037321775908642        67.789399574382159        159.41489654973844       0.17371622418158475        95.370207075690033        1102.0962416109501        2687.0221733182880              947          62
 ../1964_seed.dataconnected         429   9.8018729349735947E-002  0.23396024266177973        42.050034891036724        100.36894410190351       0.12331033225823167        52.900132538781385        732.05322330616673        1474.5485118212980             1064         177
 ../1965_seed.dataconnected         846   8.4891349127641388E-002  0.20082469771380573        71.818081361984611        169.89769426587964       0.11888118491908747        100.57348244154801        1998.0265453370882        5685.4299328789839             1124          20
 ../1966_seed.dataconnected         732   6.5229908527535241E-002  0.15497924047527861        47.748293042155794        113.44480402790394        9.3231200336351808E-002   68.245238646209529        1288.8246057314764        3403.6945622860812             1010          27
 ../1967_seed.dataconnected         863   7.7339179570941233E-002  0.18100114589792232        66.743711969722284        156.20398890990697       0.11109126870785267        95.871764894876861        1901.4338021022620        6202.1483479671251             1171         118
 ../1968_seed.dataconnected         492  0.12167737206082835       0.28565483224670146        59.865267053927546        140.54217746537711       0.16872746873093819        83.013914615621587        879.44509478205691        1851.5157448803341              998          80
 ../1969_seed.dataconnected         515   7.0850963498024749E-002  0.16615223750635388        36.488246201482745        85.568402315772246       0.10312921776890853        53.111547150987896        969.53377313931026        2265.4634454524089             1033          66
 ../1970_seed.dataconnected         434  0.12716089739862471       0.30365792149490134        55.187829471003127        131.78753792878717       0.17472263525515372        75.829623700736718        673.01658069153370        1258.2589234183113             1007          97
 ../1971_seed.dataconnected         460  0.11217034544185020       0.26595387393103992        51.598358903251089        122.33878200827836       0.14167535841949550        65.170664872967933        813.15760812126985        1809.9616437397676             1023         102
 ../1972_seed.dataconnected         445  0.14613617594583631       0.34927852721586061        65.030598295897150        155.42894461105797       0.18609921492796014        82.814150642942266        781.14110147690087        1665.3064968931646              897          42
 ../1973_seed.dataconnected         466  0.10587786047577222       0.25363184134395228        49.339082981709851        118.19243806628177       0.14391271391984481        67.063324686647675        906.71322734371927        2114.2707631510070              832          64
 ../1974_seed.dataconnected         326  0.11415775349388975       0.27761264726156681        37.215427639008055        90.501723007270783       0.14090401149595036        45.934707747679816        537.33468507534212        852.89412119607641              927         163
 ../1975_seed.dataconnected         677  0.10108278853776315       0.24159885199449690        68.433047840065655        163.56242280027439       0.14068467471035168        95.243524778908082        1076.7892873956764        2837.0973409555459             1054          63
 ../1976_seed.dataconnected         637  0.11020533286270935       0.26316189518933658        70.200797033545854        167.63412723560739       0.16379725064512290        104.33884866094328        953.12063427927035        2251.1135875366272             1023          64
 ../1977_seed.dataconnected         723   6.1893982944037827E-002  0.14459323576396194        44.749349668539352        104.54090945734448        8.1154088690229859E-002   58.674406123036185        1285.9716073656748        3443.0468286767145             1001          27
 ../1978_seed.dataconnected         451  0.11492470046684646       0.27279521847647548        51.831039910547752        123.03064353289044       0.16009712642296853        72.203804016758809        894.73453457426092        1967.0099447301211              891          78
 ../1979_seed.dataconnected         392  0.14712038738142461       0.34978707876321086        57.671191853518444        137.11653487517864       0.19139135459021525        75.025410999364382        667.74508476861342        1345.3306694492503              940         129
 ../1980_seed.dataconnected         719   7.9357128731807031E-002  0.18993306801141741        57.057775558169254        136.56187590020912       0.11388969315409928        81.886689377797381        1389.3793887808508        4083.7935737414196             1061          82
 ../1981_seed.dataconnected         919   4.9422846710961151E-002  0.11799375484267102        45.419596127373296        108.43626070041466        7.0893352783599164E-002   65.150991208127635        1997.5163867493650        6428.9132518171746             1120          28
 ../1982_seed.dataconnected         513   9.8324195312795751E-002  0.23278853665574464        50.440312195464223        119.42051930439700       0.12466778003232556        63.954571156583015        982.52887126937173        2428.4835722862613              964          44
 ../1983_seed.dataconnected         575   6.0658364016887276E-002  0.14645243789737572        34.878559309710184        84.210151790991034        8.4990431236547717E-002   48.869497961014936        1169.8908703693394        2741.0702903795004             1001         106
 ../1984_seed.dataconnected         732   7.5483315943030635E-002  0.17793413479291897        55.253787270298425        130.24778666841669        9.9786439220229770E-002   73.043673509208190        1371.5799051418126        3931.9936478711811             1041          71
 ../1985_seed.dataconnected         411  0.12343187963095174       0.28704507526468270        50.730502528321168        117.97552593378460       0.17642807581474129        72.511939159858670        774.32751876423913        1649.8733403306821              878         160
 ../1986_seed.dataconnected         851   6.2670327966968933E-002  0.15150779818932844        53.332449099890560        128.93313625911850        8.6232836205632102E-002   73.384143610992922        1619.5258752843683        4810.0787617621800             1116          55
 ../1987_seed.dataconnected         720   5.4074271993892593E-002  0.13010281995278875        38.933475835602664        93.674030366007898        8.9680375784649671E-002   64.569870564947763        1362.3643308392782        4014.5310919654939             1064          34
 ../1988_seed.dataconnected         440  0.10525785898599235       0.25093525257020122        46.313457953836632        110.41151113088854       0.13598556835240511        59.833650075058245        887.42328700292671        1956.7816164922594             1063         144
 ../1989_seed.dataconnected         703   4.9062006881842743E-002  0.12160273530021153        34.490590837935450        85.486722916048706        6.1655555421240529E-002   43.343855461132094        1339.4596654679492        3615.3033643137614             1029          72
 ../1990_seed.dataconnected         621   7.5676724070033757E-002  0.18183947027816233        46.995245647490961        112.92231104273881        9.5353913864265172E-002   59.214780509708675        1183.5107134634300        3202.3396256387828              984          52
 ../1991_seed.dataconnected         453   7.1860699073682408E-002  0.17218912259849101        32.552896680378133        78.001672537116420       0.11099724371727980        50.281751403927750        975.72114045567275        2264.6584686703814              915         139
 ../1992_seed.dataconnected         767  0.10030347295017743       0.23687813587949280        76.932763752786087        181.68553021957098       0.14345695880946463        110.03148740685937        1218.5587094635250        3198.8285417598622             1124          45
 ../1993_seed.dataconnected         706   8.4601137353233352E-002  0.19335378182351992        59.728402971382749        136.50776996740507       0.13542565403013709        95.610511745276781        1232.9903493381246        3552.1022207200117             1093          61
 ../1994_seed.dataconnected         534   7.4825125274492518E-002  0.17911816554215695        39.956616896579007        95.649100399511809       0.10481250357883193        55.969876911096250        869.82513266566264        1910.5365383723085             1020          55
 ../1995_seed.dataconnected         919  0.10057147267903936       0.23637400357472349        92.425183392037169        217.22770928517087       0.13573548687044795        124.74091243394167        1334.5418883033617        3632.3334026838943             1225          70
 ../1996_seed.dataconnected         723   6.3480020279895522E-002  0.15169162289560281        45.896054662364463        109.67304335352084        8.7151279247631913E-002   63.010374896037874        1598.1690941972508        4957.2017468728209             1066          48
 ../1997_seed.dataconnected         473  0.15499854651607547       0.36365619921988634        73.314312502103704        172.00938223100624       0.20944452751884066        99.067261516411634        808.87846422698897        1677.7342808902192              983          73
 ../1998_seed.dataconnected         664   7.0793036134683671E-002  0.17078427886824443        47.006575993429955        113.40076116851431        9.8955911415291198E-002   65.706725179753349        1403.3166825370345        3992.2417374783017             1037          40
 ../1999_seed.dataconnected         685  0.10089254874503478       0.23497354354718075        69.111395890348831        160.95687732981881       0.13483530174398387        92.362181694628944        1415.7523947832669        3682.1888823943013             1103         110
 ../2000_seed.dataconnected         536  0.11590623152326864       0.27188007636794637        62.125740096471986        145.72772093321925       0.15901346613153131        85.231217846500783        855.36470288036696        1879.7411994625904             1104         147
 ../2001_seed.dataconnected         583   8.2375265471622480E-002  0.19451581682713820        48.024779769955906        113.40272121022157       0.11880207581715176        69.261610201399478        1211.4538129714003        3094.1014801823462             1031         168
 ../2002_seed.dataconnected         680   6.0340161621359002E-002  0.14475002805720541        41.031309902524121        98.430019078899676        8.0796699372838399E-002   54.941755573530109        1424.1852878914938        4011.9105285420924              978          28
 ../2003_seed.dataconnected         871   8.9212476939675947E-002  0.21012650226426233        77.704067414457754        183.02018347217248       0.13597630340494485        118.43536026570696        1451.0678865956734        4374.8722204843680             1104          19
 ../2004_seed.dataconnected        1098   5.9293602558272686E-002  0.14346374380619883        65.104375608983403        157.52319069920631        8.5429409324830965E-002   93.801491438664399        1777.8135373203734        6063.7140040475761             1274          45
 ../2005_seed.dataconnected         358  0.12496974054844219       0.30163008810003999        44.739167116342301        107.98357153981432       0.15265387746510797        54.650088132508657        438.77028558519311        717.66315174593103              992         141
 ../2006_seed.dataconnected         419  0.12341961332061074       0.29318428040623851        51.712817981335903        122.84421349021393       0.16516921513773075        69.205901142709180        792.61096724982087        1720.5790506322219              938          89
 ../2007_seed.dataconnected         395  0.10368677608895682       0.24256748580760779        40.956276555137947        95.814156894005080       0.13323837380057968        52.629157651228972        681.43601174821310        1423.1138263410335             1004         169
 ../2008_seed.dataconnected         425   8.3634549121808774E-002  0.19952550338555322        35.544683376768731        84.798338938860113       0.11534080962122688        49.019844089021426        855.20278936651903        1831.2110134532927             1000         226
 ../2009_seed.dataconnected         447   8.2325351752359041E-002  0.19626601228334570        36.799432233304493        87.730907490655525       0.10338230311203807        46.211889491081017        697.65572974433121        1346.9649079176156              894          45
 ../2010_seed.dataconnected         402   9.6327255516369129E-002  0.22658589619989952        38.723556717580387        91.087530272359615       0.13004843903346833        52.279472491454264        616.94413652636274        1195.4678309197602              988         177
 ../2011_seed.dataconnected         932   8.8572231263678164E-002  0.21039126121612353        82.549319537748048        196.08465545342713       0.11342967573362807        105.71645778374136        1583.8653490290139        4843.1839775801463             1305         163
 ../2012_seed.dataconnected         545  0.12578863506905258       0.30111670676093388        68.554806112633656        164.10860518470898       0.17824122053571756        97.141465191966063        1162.8984741254933        2938.3390685126656              929          89
 ../2013_seed.dataconnected         940   4.7486400180419289E-002  0.11238687054949222        44.637216169594133        105.64365831652269        8.1235190679715019E-002   76.361079238932120        1800.1581599529579        5815.7053806741469             1174          25
 ../2014_seed.dataconnected         336  0.12383312122085904       0.29392432894587739        41.607928730208641        98.758574525814808       0.17286148549947714        58.081459127824317        705.02973713884842        1474.2065684908982              992         176
 ../2015_seed.dataconnected         530  0.10675023672544423       0.25328087913789499        56.577625464485443        134.23886594308433       0.14727561200237044        78.056074361256336        909.22256368590024        2127.1436089331823             1041          93
 ../2016_seed.dataconnected         434   7.8641267339053494E-002  0.18308603068715984        34.130310025149214        79.459337318227369       0.11251607875228622        48.831978178492221        681.16438192029875        1368.4333313199668             1031         286
 ../2017_seed.dataconnected         443  0.11204885445455492       0.26624523797360117        49.637642523367830        117.94664042230532       0.15811721967071812        70.045928314128133        676.56830341375212        1331.1752437247121              954         176
 ../2018_seed.dataconnected         689   9.5254964236124021E-002  0.22564165901837813        65.630670358689457        155.46710306366253       0.12747460844569844        87.830005219086232        1141.1905867495086        2997.8049015618308             1111          92
 ../2019_seed.dataconnected         740   8.4268161699971866E-002  0.19540796991143627        62.358439657979183        144.60189773446285       0.11993593134747350        88.752589197130391        1434.1936349804394        3816.9417572654579             1119          39
 ../2020_seed.dataconnected         631   8.8357621605964692E-002  0.20167287671608189        55.753659233363720        127.25558520784767       0.13599447438728304        85.812513338375595        1150.0015624012187        3133.9199315983101             1060         103
 ../2021_seed.dataconnected         810   7.7714552581525820E-002  0.18443702438770082        62.948787591035916        149.39398975403768       0.11201011214056127        90.728190833854626        1588.9016846737177        4949.8996630170905             1125          28
 ../2022_seed.dataconnected         386  0.13459650470982593       0.32535739336273056        51.954250817992808        125.58795383801400       0.17295791505124108        66.761755209779054        594.25624011930290        1069.7043421785665              876         110
 ../2023_seed.dataconnected         548  0.10806100482860465       0.25548554416849362        59.217430646075343        140.00607820433450       0.14954404594459650        81.950137177638879        1026.9501053527210        2355.8792887165218              919          45
 ../2024_seed.dataconnected         764   7.5191512040636094E-002  0.17971684715814462        57.446315199045976        137.30367122882248        9.6093205488849642E-002   73.415208993481130        1543.2562626914516        4866.9590441215205             1039          86
 ../2025_seed.dataconnected         541   6.5037082344602440E-002  0.15174340394785499        35.185061548429921        82.093181535789554        9.8459518925672784E-002   53.266599738788976        1003.5597400434965        2402.8113307598437              915          32
 ../2026_seed.dataconnected         409   8.3775796746165962E-002  0.19919872266258479        34.264300869181881        81.472277568997171       0.11743302708294574        48.030108076924812        757.07601727379790        1567.3877883377043             1013          96
 ../2027_seed.dataconnected         819   6.9122654728720728E-002  0.16420090084110867        56.611454222822275        134.48053778886799       0.10396692653082944        85.148912828749303        1520.1452300710293        4389.0647049572890             1091          50
 ../2028_seed.dataconnected         484   8.6848930305365488E-002  0.20719265270060463        42.034882267796895        100.28124390709264       0.10653391223127717        51.562413519938154        867.17889451594590        1975.5260667934895              883          40
 ../2029_seed.dataconnected         476   9.8964838132897359E-002  0.23398553534845268        47.107262951259145        111.37711482586347       0.13364089321374917        63.613065169744601        803.88837273174897        1496.3834584090166              984          51
 ../2030_seed.dataconnected         853   5.8786884002977963E-002  0.14149991580224919        50.145212054540202        120.69942817931856        6.9373337242842864E-002   59.175456668144960        1376.6969968390065        4094.9208407287488             1131          43
 ../2031_seed.dataconnected         712  0.10507929199792018       0.25184213983510978        74.816455902519166        179.31160356259815       0.13835907120529092        98.511658698167139        1560.4165010096885        4374.2215111500855             1055          42
 ../2032_seed.dataconnected         816   4.6738736108731756E-002  0.10935938278647095        38.138808664725111        89.237256353760301        6.0679070746764159E-002   49.514121729359552        1427.8195165682521        4219.4417669273535             1126          75
 ../2033_seed.dataconnected         409  0.16963880555248537       0.39398419919118366        69.382271470966515        161.13953746919412       0.21159651024911169        86.542972691886675        619.82784712900366        1164.7378995298347              916          77
 ../2034_seed.dataconnected         692   8.0238335500477181E-002  0.19153953395571724        55.524928166330213        132.54535749735632       0.11257441107015612        77.901492460548027        1244.4096413436021        3477.8720797791170             1027          65
 ../2035_seed.dataconnected         688   5.3743522948484418E-002  0.13017898387614191        36.975543788557282        89.563140906785634        6.8183354707819735E-002   46.910148038979976        1103.5476850658745        2948.8083051567082             1040          45
 ../2036_seed.dataconnected         530   8.6825600070482428E-002  0.20385366003292019        46.017568037355687        108.04243981744770       0.12027808890903592        63.747387121789039        996.94506502558011        2506.9620379374064             1046         243
 ../2037_seed.dataconnected         817   6.7710403985727682E-002  0.16120175944615692        55.319400056339518        131.70183746751019        9.0342827408169332E-002   73.810089992474346        1494.9993917804757        4478.0548769663046             1167          78
 ../2038_seed.dataconnected         467  0.10256112330917092       0.24681846334224208        47.896044585382818        115.26422238082705       0.14300418535273304        66.782954559726335        933.46543092931574        2099.0717251532901             1084         104
 ../2039_seed.dataconnected         421  0.11343790751903919       0.26480660106469006        47.757359065515502        111.48357904823452       0.16223760327355136        68.302030978165121        717.13114176557690        1464.8763643194388              928         125
 ../2040_seed.dataconnected         536   6.9925330756142753E-002  0.17026708770607338        37.479977285292513        91.263159010455325        9.6131374141363690E-002   51.526416539770935        1080.0026022021032        2700.4826251494046              924          37
 ../2041_seed.dataconnected         339   9.7551596260939552E-002  0.23041373931104298        33.069991132458512        78.110257626443570       0.11255178512052767        38.155055155858882        666.50773857798742        1264.0048992075347              953         135
 ../2042_seed.dataconnected         556   7.1597648030782154E-002  0.16559402329645834        39.808292305114875        92.070276952830838       0.10462113676360030        58.169352040561762        935.48209424008076        2297.5539385109114              954          39
 ../2043_seed.dataconnected         719   5.0461907961756994E-002  0.12086654369707152        36.282111824503275        86.903044918194425        6.3076442741938521E-002   45.351962331453798        1352.7358517792848        3904.0632811630230             1059          35
 ../2044_seed.dataconnected         912   6.8199506081424832E-002  0.16262611945686023        62.197949546259444        148.31502094465654        9.2470924763129916E-002   84.333483383974482        1589.8957562852072        4871.2200752486488             1087          36
 ../2045_seed.dataconnected         655   9.8364492759971639E-002  0.23779922545058471        64.428742757781421        155.75849267013299       0.12798828258283343        83.832325091755891        1083.0112867492915        2492.7250542217962             1116          49
 ../2046_seed.dataconnected         363  0.11540821168849111       0.26870342259247354        41.893180842922270        97.539342401067898       0.15462820444924361        56.130038215075430        550.63194108938774        1007.5008180240014             1096         216
 ../2047_seed.dataconnected         519  0.10838628982729163       0.25864868714272282        56.252484420364361        134.23866862707314       0.13683023463527857        71.014891775709586        1006.5167729359071        2282.9519677449380              955          60
 ../2048_seed.dataconnected         362  0.10583580798618833       0.25812812892518389        38.312562491000172        93.442382670916572       0.13739905827561055        49.738459095771020        560.01276429625204        1039.2385689250268              936         118
 ../2049_seed.dataconnected         597   8.8972605867946253E-002  0.20900506678904995        53.116645703163911        124.77602487306282       0.12662728864693348        75.596491322219293        1010.0848002799700        2443.8512750657155             1031         179
 ../2050_seed.dataconnected         499   7.1754945741075771E-002  0.16878648204299654        35.805717924796809        84.224454539455266       0.10012427268559493        49.962012070111868        1068.9750370685952        2608.9308951318335              929          85
 ../2051_seed.dataconnected         399  0.10024478035626515       0.23964923584528641        39.997667362149791        95.620045102269273       0.14314913879292174        57.116506378375774        908.60033651598212        2113.2981794671873              886          76
 ../2052_seed.dataconnected         351  0.15665612678112806       0.36600041880208156        54.986300500175950        128.46614699953062       0.20122288493672252        70.629232612789608        643.60717955672499        1122.4337520949705              973         158
 ../2053_seed.dataconnected         510   9.8331677392818312E-002  0.23875054285827185        50.149155470337341        121.76277685771865       0.12712095401978377        64.831686550089714        922.90582191607609        2040.0047446578312              954          69
 ../2054_seed.dataconnected         489  0.12271663283213732       0.29594006206404039        60.008433454915149        144.71469034931576       0.18746470244608124        91.670239496133732        987.97790234883030        2247.7290967510366             1015          62
 ../2055_seed.dataconnected         789   4.6979408158137351E-002  0.11181891552488828        37.066753036770372        88.225124349136848        6.2771024714340831E-002   49.526338499614916        1523.2536759973882        4380.2741628039648             1104          92
 ../2056_seed.dataconnected         662   8.6390995944934407E-002  0.20638104167599758        57.190839315546576        136.62424958951038       0.11226178242598402        74.317299966001414        1458.8586524413995        4311.4387992862685              997         106
 ../2057_seed.dataconnected         641   6.6141234485397521E-002  0.16073440990901314        42.396531305139810        103.03075675167742        9.6487082122388129E-002   61.848219640450793        1110.7226325731660        2887.7084956232602              956          40
 ../2058_seed.dataconnected         586   9.4130640398286197E-002  0.22556565072711177        55.160555273395708        132.18147132608749       0.12946029804166098        75.863734652413342        1219.1715825298845        3229.1960412070521              969          78
 ../2059_seed.dataconnected         534   9.4406961596676095E-002  0.22664997505949069        50.413317492625033        121.03108668176803       0.13319302233091784        71.125073924710122        1123.6615605654604        2610.5682389955327             1083         103
 ../2060_seed.dataconnected         372   9.2446701549484520E-002  0.22085902175241492        34.390172976408245        82.159556091898352       0.13098805353322332        48.727555914359073        585.81388155806007        1103.7392435630607              939         152
 ../2061_seed.dataconnected         410  0.10536816387448056       0.25245745072398873        43.200947188537029        103.50755479683538       0.13857758268082079        56.816808899136525        860.65425638235149        1962.4872162326358              977         176
 ../2062_seed.dataconnected         724   7.1076288606300123E-002  0.16997339571770698        51.459232950961287        123.06073849961984       0.10668622209133058        77.240824794123341        1447.9350140565673        4256.2514928998380             1098          57
 ../2063_seed.dataconnected         657  0.11020874591499327       0.26072544961458383        72.407146066150574        171.29662039678158       0.14857823346925969        97.615899389303621        1264.3253812567843        3362.0053981093788             1048         180
 ../2064_seed.dataconnected         750   9.2476994491045544E-002  0.21885258865270427        69.357745868284155        164.13944148952820       0.13330794542675556        99.980959070066675        1229.8283952656325        3334.4149003545772             1062          65
 ../2065_seed.dataconnected         411  0.10223278798411926       0.23581398408522702        42.017675861473016        96.919547459028308       0.13896887233182253        57.116206528379060        693.13497108022591        1385.8540699352466             1040         130
 ../2066_seed.dataconnected         324  0.11664528233804734       0.27288211099764870        37.793071477527342        88.413803963238180       0.16564023769375644        53.667437012777086        574.14977334113041        991.14023237473441              970         148
 ../2067_seed.dataconnected         513   7.4166120769454141E-002  0.17521349562595531        38.047219954729975        89.884523256115074       0.10567363085713785        54.210572629711720        831.99413244897801        1883.7533125345747             1043          98
 ../2068_seed.dataconnected         356  0.17024420472334156       0.39592152559913130        60.606936881509597        140.94806311329074       0.23601500518772595        84.021341846830438        590.77882572127419        1081.8413809526342              919         148
 ../2069_seed.dataconnected         502   9.5463430685242393E-002  0.22411849512896304        47.922642203991678        112.50748455473945       0.13191964780021553        66.223663195708198        850.41770347701674        1930.1242069247585             1020         137
 ../2070_seed.dataconnected         801   7.7068284942163723E-002  0.18350596372574443        61.731696238673145        146.98827694432129       0.10488133366720398        84.009948267430389        1484.8322134568687        4418.3151218144176             1092          36
 ../2071_seed.dataconnected         446  0.13944564336571647       0.32654018547865737        62.192756941109543        145.63692272348118       0.18513066621378391        82.568277131347628        710.51099135371987        1274.6193848385390             1172         253
 ../2072_seed.dataconnected         602   9.0248993368407859E-002  0.21594015152395502        54.329894007781533        129.99597121742093       0.11309149110076450        68.081077642660233        1293.4046399902179        3662.6653370597637             1027         117
 ../2073_seed.dataconnected         601  0.12063195860177200       0.27698775416091398        72.499807119664979        166.46964025070929       0.17207742818859742        103.41853434134705        1056.6821991116112        2547.1201849684985             1042          74
 ../2074_seed.dataconnected         489   7.2984579367717989E-002  0.17532000352568972        35.689459310814094        85.731481724062277       0.11133769815040716        54.444134395549099        1046.8521463041316        2698.1167608514816             1023         103
 ../2075_seed.dataconnected         483  0.10988642261613976       0.26211191736408035        53.075142123595505        126.60005608685081       0.15000233317896125        72.451126925438288        871.10110029197926        1977.9860495040466              855          50
 ../2076_seed.dataconnected         892   9.9601587642996703E-002  0.23773646688112254        88.844616177553064        212.06092845796130       0.14410457446546168        128.54128042319181        1667.4959782183626        5262.5527478666472             1139          22
 ../2077_seed.dataconnected         709   7.2475150743926464E-002  0.17338347174024901        51.384881877443860        122.92888146383655       0.10643249066749277        75.460635883252380        1447.4286841949711        4090.9547468114083             1077          45
 ../2078_seed.dataconnected         631   7.3232083779387586E-002  0.17195962785948529        46.209444864793568        108.50652517933521        9.4102316927551943E-002   59.378561981285273        1212.5417153992746        3017.3321039031139             1004          53
 ../2079_seed.dataconnected         691  0.13099141027894715       0.30611599323128830        90.515064502752480        211.52615132282023       0.18155501804019925        125.45451746577768        1258.0378642019828        3321.9369097569825             1088          92
 ../2080_seed.dataconnected         724   8.0185288738780600E-002  0.18369376290811809        58.054149046877157        132.99428434547750       0.11235549473925049        81.345378191217364        1501.2448069022637        4313.5259276778261             1095          67
 ../2081_seed.dataconnected         642   6.9433663531767317E-002  0.16659763017063289        44.576411987394614        106.95567856954632        9.3920872280038412E-002   60.297200003784660        1168.4815357359921        3311.7415682832911             1075          50
 ../2082_seed.dataconnected         479  0.11429772808374637       0.27630187522348904        54.748611752114513        132.34859823205124       0.14644051564068791        70.145006991889517        733.80456776721167        1554.7399671819644             1026          80
 ../2083_seed.dataconnected         763   7.1013041914423994E-002  0.16925868327497878        54.182950980705506        129.14437533880880        9.1728142927607295E-002   69.988573053764370        1161.7980303151533        3070.0230285574016             1163         118
 ../2084_seed.dataconnected         356  0.10023458740207659       0.23440059302029304        35.683513115139270        83.446611115224314       0.12920531944829844        45.997093723594247        649.13130613143881        1270.7843918982355              933         220
 ../2085_seed.dataconnected         483   7.3644264764941278E-002  0.17466668237189509        35.570179881466636        84.364007585625330       0.10075821199014728        48.666216391241136        872.15772121148575        1894.9590870157142              985         130
 ../2086_seed.dataconnected         322  0.10489994655551690       0.25063582562640402        33.777782790876444        80.704735851702097       0.13804854770776503        44.451632361900344        545.01735344286510        934.23244644930310              820          62
 ../2087_seed.dataconnected         420  0.10556561137020445       0.24610049000989292        44.337556775485872        103.36220580415502       0.14699579875153343        61.738235475644039        919.87574534528164        1768.3627174937126              880          40
 ../2088_seed.dataconnected         708   8.3448207859816506E-002  0.19759482280269208        59.081331164750090        139.89713454430600       0.11178725268857952        79.145374903514295        1588.6049434770703        4358.8901079120533             1064          63
 ../2089_seed.dataconnected         638  0.10337490254303709       0.24255490136075203        65.953187822457664        154.75002706815980       0.14168640129146198        90.395924023952745        1095.1723498053757        2845.7502758636451             1015          58
 ../2090_seed.dataconnected         643   5.9464885501239864E-002  0.14424889508105218        38.235921377297231        92.752039537116559        7.5165050280547249E-002   48.331127330391880        1251.7619800209375        3356.0106757339281             1013          48
 ../2091_seed.dataconnected         492   9.2833167709571354E-002  0.21958822096207242        45.673918513109108        108.03740471333963       0.13486471160973929        66.353438111991721        984.46630954192221        2264.2332840084991              948          91
 ../2092_seed.dataconnected         791   8.4411154368574978E-002  0.20406981552396297        66.769223105542807        161.41922407945472       0.11167443418999091        88.334477444282811        1661.0039200949184        5205.4254594667027             1068          53
 ../2093_seed.dataconnected         440  0.11830591599961340       0.27914139617346523        52.054603039829900        122.82221431632470       0.15989976400563699        70.355896162480278        877.72922398209789        1993.6249207275703              892          60
 ../2094_seed.dataconnected         560  0.10222443521664053       0.24658961192638568        57.245683721318699        138.09018267877599       0.15100228645483366        84.561280414706843        1069.3761460198020        2772.5390777033545             1169         154
 ../2095_seed.dataconnected         344  0.15388998310675969       0.35581721460305538        52.938154188725335        122.40112182345105       0.20221221487705324        69.561001917706307        457.22244680863122        781.88578658131746              901          79
 ../2096_seed.dataconnected         286  0.21099547893493850       0.47933547323367004        60.344706975392413        137.08994534482963       0.27558568563402575        78.817506091331367        390.46302387316484        586.59312848157958              895         118
 ../2097_seed.dataconnected         899   7.9184694752393495E-002  0.19406671749119256        71.187040582401750        174.46597902458211       0.10153955360789223        91.284058693495112        1627.9822940973700        4951.4493820311091             1122          17
 ../2098_seed.dataconnected         479  0.14090623309014977       0.32962337597138491        67.494085650181745        157.88959709029336       0.18865767071511222        90.367024272538757        849.58653048165775        1924.6988842759524              936          93
 ../2099_seed.dataconnected         410  0.11143177054699852       0.26158988176330372        45.687025924269392        107.25185152295452       0.14463705937577032        59.301194344065827        848.97823326386742        1728.5460695648569             1125         382
 ../2100_seed.dataconnected         440  0.10400831848226054       0.24528864181912463        45.763660132194637        107.92700240041484       0.15258055101986534        67.135442448740747        982.25296095725173        2024.9376827400881              863          68
 ../2101_seed.dataconnected         403  0.10264885717967595       0.24551780944322479        41.367489443409411        98.943677205619593       0.14670626466184666        59.122624658724206        644.83973974626031        1205.8173967841904             1008          89
 ../2102_seed.dataconnected         448  0.17428367463560562       0.41407800714187060        78.079086236751323        185.50694719955803       0.23334027222049536        104.53644195478192        703.29539634232901        1436.3858424549653              844          31
 ../2103_seed.dataconnected         544   8.8454869527293825E-002  0.21361801703264413        48.119449022847839        116.20820126575840       0.11800870399033180        64.196734970740494        1052.0370774273433        2483.2186139354867              913          30
 ../2104_seed.dataconnected         774   6.0533190902713981E-002  0.14746325690421216        46.852689758700620        114.13656084386021        8.2916717743233018E-002   64.177539533262362        1331.7430125919220        3836.1881773277132             1138          42
 ../2105_seed.dataconnected         578  0.11158805672375355       0.25696786409869571        64.497896786329548        148.52742544904612       0.16606939058212628        95.988107756468992        860.53923795556614        2031.7543253514702              995          44
 ../2106_seed.dataconnected         476   9.7930497794742458E-002  0.23160012235032956        46.614916950297413        110.24165823875687       0.14431818387558409        68.695455524778026        816.67055946347818        1771.2051458750489              939          97
 ../2107_seed.dataconnected         744   5.8749238887328317E-002  0.14245083467312877        43.709433732172265        105.98342099680781        8.1369435848238914E-002   60.538860271089753        1347.4310390816820        3665.0862006921361             1069          41
 ../2108_seed.dataconnected         467   7.1890707059094311E-002  0.17259353234891070        33.572960196597045        80.601179606941301        9.4396571885639657E-002   44.083199070593722        650.89925767616126        1267.7330315138590             1086         298
 ../2109_seed.dataconnected         455  0.10040396151307379       0.23186123483216570        45.683802488448578        105.49686184863539       0.13860473107257373        63.065152638021047        706.41035702822717        1277.4052072796569              922          52
 ../2110_seed.dataconnected         764   5.8637428052288706E-002  0.13818829018191214        44.798995031948571        105.57585369898088        7.7141126759129500E-002   58.935820843974938        1484.3145194907768        4520.2358416455272              996          36
 ../2111_seed.dataconnected         481  0.12074432328742261       0.28154384736936416        58.078019501250274        135.42259058466416       0.17054487964643816        82.032087109936754        914.68127077758265        2007.9849401805845              942          38
 ../2112_seed.dataconnected         471   8.7252365367565379E-002  0.20675477514438936        41.095864088123292        97.381499093007392       0.11830837996272611        55.723246962444001        745.41467202673482        1541.1973136930760             1035          97
 ../2113_seed.dataconnected         654   7.7540381316366050E-002  0.18141730230824385        50.711409380903397        118.64691570959148       0.10782112915506141        70.515018467410158        1268.9124044518567        3094.4828963898867             1058          68
 ../2114_seed.dataconnected         469   9.0484337740943943E-002  0.21265936111453973        42.437154400502706        99.737240362719135       0.11651812063024355        54.646998575584227        882.37455461461798        2082.5137791602288              993          80
 ../2115_seed.dataconnected         465   8.0375105797161811E-002  0.18995270691850549        37.374424195680241        88.328008717105050       0.10741883385827274        49.949757744096821        846.01398273161976        1831.1447778562499             1021         137
 ../2116_seed.dataconnected         840   7.5740121313265019E-002  0.17924970138765817        63.621701903142615        150.56974916563286       0.10845929701082076        91.105809489089438        1633.5952069105545        5156.3866166199386             1094          22
 ../2117_seed.dataconnected         669   9.4469480599930433E-002  0.22626198484501051        63.200082521353458        151.36926786131204       0.13006833374942089        87.015715278362578        1268.7889939657925        3486.0349281179647             1062          63
 ../2118_seed.dataconnected         361  0.14775868807731343       0.34854858748193646        53.340886395910147        125.82604008097906       0.19079420457813145        68.876707852705451        583.81169289576667        1058.1420014585121             1018         185
 ../2119_seed.dataconnected         488  0.13031871082331600       0.30140165735421415        63.595530881778210        147.08400878885649       0.18578682159124837        90.663968936529201        962.38046452777701        2135.5987555209326              880          69
 ../2120_seed.dataconnected         626   4.8973584985221134E-002  0.11748317036766301        30.657464200748429        73.544464650157039        6.8385343326947151E-002   42.809224922668918        1179.3756613441062        3145.2408851062091             1039         148
 ../2121_seed.dataconnected         678   7.1519629248309763E-002  0.17022231929429971        48.490308630354022        115.41073248153521        9.1699875935566361E-002   62.172515884313995        1401.2300501777577        3768.5755564327442             1053          34
 ../2122_seed.dataconnected         652  0.10556497021334744       0.24512328206502984        68.828360579102537        159.82037990639947       0.14695197478211419        95.812687557938460        1004.3133814828276        2476.3668872184971             1149         105
 ../2123_seed.dataconnected         653   8.9128526628964325E-002  0.20999535097839414        58.200927888713707        137.12696418889138       0.13622298482534489        88.953609090950209        1191.3869998433345        2935.4574518921495             1073         167
 ../2124_seed.dataconnected         403  0.13935590757383473       0.31708135442881924        56.160430752255394        127.78378583481415       0.19007277468976122        76.599328199973769        777.85822934845521        1503.3514247260166              862          51
 ../2125_seed.dataconnected         479   9.0231118221383369E-002  0.21317599376781329        43.220705628042637        102.11130101478257       0.12054194385119651        57.739591104723132        827.20458644762459        1841.9768437539312             1011         229
 ../2126_seed.dataconnected         741   7.7989867884605352E-002  0.18320364512168133        57.790492102492564        135.75390103516585       0.11975371135977508        88.737500117593342        1374.6031055345743        3962.2498464966484             1020          71
 ../2127_seed.dataconnected         501   9.1667181989329855E-002  0.22100384855640809        45.925258176654260        110.72292812676045       0.11987799028043705        60.058873130498966        1006.9419033817608        2240.4017901465513              873          33
 ../2128_seed.dataconnected         316  0.18657534336941650       0.44376247653436779        58.957808504735617        140.22894258486022       0.24569555815092331        77.639796375691759        571.69002687040711        926.25833720175706              902          79
 ../2129_seed.dataconnected         505  0.12350977811639390       0.29162704303763892        62.372437948778916        147.27165673400765       0.17804218765480256        89.911304765675297        1089.2285855753030        2576.5911680013578              975         104
 ../2130_seed.dataconnected         750   8.5341710138926247E-002  0.20007935023406334        64.006282604194681        150.05951267554750       0.12289235547853215        92.169266608899122        1660.9244313785603        5317.7778826867670             1066          50
 ../2131_seed.dataconnected         758  0.11646246123353442       0.27771599120999746        88.278545615019084        210.50872133717809       0.15236114405094905        115.48974719061938        1343.1811986612142        3864.0967709631173             1097          78
 ../2132_seed.dataconnected         918   7.6902937883490022E-002  0.18833079914694256        70.596896977043841        172.88767361689327       0.10762057625355356        98.795689000762167        1739.0236069691275        5547.0029571873902             1097          19
 ../2133_seed.dataconnected         834   5.8280852900167671E-002  0.14041806329341394        48.606231318739837        117.10866478670722        7.5081724325271562E-002   62.618158087276484        1598.4221851221348        4324.0296436350018             1084          31
 ../2134_seed.dataconnected         599   9.8319549912284573E-002  0.22753433670571130        58.893410397458460        136.29306768672106       0.13846972607536839        82.943365919145663        1266.0853168215963        3371.4721733013516              965          35
 ../2135_seed.dataconnected         423  0.11056498422016774       0.26361324717489770        46.768988325130955        111.50840355498173       0.14357977354435530        60.734244209262293        750.20948398862060        1555.1079930173973             1006         110
 ../2136_seed.dataconnected         445  0.12635182774940529       0.30403711924486121        56.226563348485350        135.29651806396325       0.16167473963792905        71.945259138878427        725.40852607787588        1465.2461824891168             1098         110
 ../2137_seed.dataconnected         541   7.6102983915778785E-002  0.18383565507140825        41.171714298436321        99.455089393631866       0.11543842193421855        62.452186266412234        1065.8170593501093        2687.5264072131522             1027          86
 ../2138_seed.dataconnected         488  0.11874326973616454       0.28253863035939808        57.946715631248296        137.87885161538625       0.15389935892043258        75.102887153171096        713.60508089769326        1505.3248891672724             1141         324
 ../2139_seed.dataconnected         675  0.10184509744749123       0.24529826944055472        68.745440777056587        165.57633187237442       0.12801258457050277        86.408494585089372        1548.9755901056892        4197.0220172108511             1088         159
 ../2140_seed.dataconnected         744   6.9144216477584869E-002  0.16741818107004794        51.443297059323143        124.55912671611567       0.10449623397953063        77.745198080770791        1222.8504637138903        3306.0769247159692             1105         115
 ../2141_seed.dataconnected         602   8.5635947544172961E-002  0.20938956230317937        51.552840421592123        126.05251650651398       0.11397378255131711        68.612217095892902        1116.8329108143960        2694.9575304343894             1080         106
 ../2142_seed.dataconnected         510   9.4197877999918120E-002  0.22671303757481118        48.040917779958242        115.62364916315370       0.13000253099770381        66.301290808828938        1234.0704127928600        3138.5539426988580             1005         140
 ../2143_seed.dataconnected         522   9.3221657536408348E-002  0.22251379902303214        48.661705234005154        116.15220309002278       0.13402870204242426        69.962982466145462        1065.0454595481772        2730.5330641783753              965         119
 ../2144_seed.dataconnected         612   9.0755161075714838E-002  0.21715650985893750        55.542158578337478        132.89978403366976       0.12173840681571857        74.503904971219768        1415.5988638222539        3976.9834989703336              986          62
 ../2145_seed.dataconnected         656   4.8680177926396888E-002  0.11939351349808720        31.934196719716358        78.322144854745204        6.5941638220021137E-002   43.257714672333869        1347.0933233150406        3593.3320404230562             1081         105
 ../2146_seed.dataconnected         563  0.12947491484436957       0.30372854765552626        72.894377057380069        170.99917233006127       0.17961996220010970        101.12603871866176        965.33106120816922        2287.7407259027636              985          74
 ../2147_seed.dataconnected         752  0.10221810466876917       0.23970266691548903        76.868014710914409        180.25640552044774       0.13584108880824383        102.15249878379936        1463.3878553344744        4249.3498989024429             1052          29
 ../2148_seed.dataconnected         812   9.7568405324998220E-002  0.23366088463024803        79.225545123898556        189.73263831976141       0.13336875349025962        108.29542783409082        1736.8695744612003        5294.2837748955644             1089          53
 ../2149_seed.dataconnected         643   9.4038661699312534E-002  0.22287116366145676        60.466859472657958        143.30615823431671       0.12858468787499322        82.679954303620647        1327.4838508831317        3650.3518171768596             1076          96
 ../2150_seed.dataconnected         574   9.5713411732599174E-002  0.23131711333904406        54.939498334511924        132.77602305661128       0.12475869849093503        71.611492933796711        1123.9950801618734        2695.5726805366066              948          41
 ../2151_seed.dataconnected         482   7.7936656512947164E-002  0.18744541877466794        37.565468439240533        90.348691849389951       0.11240417756510432        54.178813586380279        670.04691043273863        1425.5628580185969              999         189
 ../2152_seed.dataconnected         632  0.11925443620968930       0.27455652700004562        75.368803684523641        173.51972506402885       0.17039547162479285        107.68993806686908        1069.5164620074761        2596.8407177000399              959          24
 ../2153_seed.dataconnected         463  0.10552806535656556       0.25164972178864231        48.859494260089853        116.51382118814139       0.13163460599296969        60.946822574744971        788.09640013268177        1723.6499686040586              982         200
 ../2154_seed.dataconnected         327   9.0231200944444728E-002  0.22273439659571287        29.505602708833425        72.834147686798104       0.14164502331368584        46.317922623575271        726.21983164065114        1375.0214840323790              788          54
 ../2155_seed.dataconnected         587  0.11233199890363639       0.26014851816992757        65.938883356434559        152.70718016574747       0.17063396465199124        100.16213725071886        1420.8612111962198        3526.2124010392017             1043         120
 ../2156_seed.dataconnected         573   9.5386177694783650E-002  0.22670751932305999        54.656279819111035        129.90340857211336       0.12151754591790830        69.629553810961454        962.99624857306389        2414.7093003340324              939          62
 ../2157_seed.dataconnected         646  0.10257245978851298       0.24373689938625734        66.261809023379385        157.45403700352225       0.14518639576307671        93.790411662947548        1374.4474097675870        3424.7439120922813             1028          32
 ../2158_seed.dataconnected         578   5.4951914703257145E-002  0.13256788411336115        31.762206698482629        76.624237017522745        8.1082784747034509E-002   46.865849583785945        948.01797117842955        2285.1646794001781              882          62
 ../2159_seed.dataconnected         601   6.3299531639652698E-002  0.14912521690190725        38.043018515431271        89.624255358046256        8.3302915547060846E-002   50.065052243783569        1232.0648509088553        3166.2822760042222             1076          80
 ../2160_seed.dataconnected         661   8.5530372005052271E-002  0.20579570042600687        56.535575895339548        136.03095798159055       0.12039689076212499        79.582344793764619        1154.6165985537116        3067.0996538054933             1164         174
 ../2161_seed.dataconnected         471  0.10192982861019859       0.24250477228308562        48.008949275403538        114.21974774533332       0.13979606362191668        65.843945965922757        733.94664693472521        1521.8156471650943              889          52
 ../2162_seed.dataconnected         560   8.5985347476557464E-002  0.20664305292237775        48.151794586872178        115.72010963653155       0.11552612198688242        64.694628312654160        1141.2382354905046        2978.4332988344877              968          79
 ../2163_seed.dataconnected         478   7.9497753408546937E-002  0.18923837819590386        37.999926129285434        90.455944777642046       0.12111421345248408        57.892594030287391        1276.7675406051305        3007.6396664409058              936          93
 ../2164_seed.dataconnected         555   8.5098011661257647E-002  0.20428502192414488        47.229396471997994        113.37818716790041       0.12027239340181867        66.751178338009353        1078.0079625947428        2647.9863298539403              994          82
 ../2165_seed.dataconnected         613   7.9537667026115352E-002  0.18652616471765796        48.756589887008708        114.34053897192433       0.13487159507327187        82.676287779915654        1214.8916555035594        3140.0643771085543             1102          60
 ../2166_seed.dataconnected         588   8.1705761352984144E-002  0.19706119547977660        48.042987675554677        115.87198294210864       0.10518521800018836        61.848908184110755        1198.1253030733885        3114.4569827029586             1069         235
 ../2167_seed.dataconnected         436  0.13546309046022736       0.31711389243101118        59.061907440659134        138.26165709992088       0.18768454799021980        81.830462923735837        730.43923676537304        1496.3007872449402             1075         260
 ../2168_seed.dataconnected         437   6.8558971519064399E-002  0.16746175335640093        29.960270553831144        73.180786216747208        9.2968794924061543E-002   40.627363381814895        973.77049486740736        2308.7201655363824              911          70
 ../2169_seed.dataconnected         474  0.11359263059473033       0.26777502442263629        53.842906901902175        126.92536157632961       0.15404037289183065        73.015136750727720        850.27981660283115        1836.8530296641889              818          49
 ../2170_seed.dataconnected         541  0.11807049122450010       0.28129542757336101        63.876135752454552        152.18082631718832       0.16270519389103744        88.023509895051248        781.78673241306808        1628.2127882727807             1039          78
 ../2171_seed.dataconnected         413   8.9410827703951312E-002  0.21682138287523231        36.926671841731888        89.547231127470951       0.11897662504764010        49.137346144675362        607.35715924649321        1119.8465597212150              925          72
 ../2172_seed.dataconnected         549   6.8999979417476973E-002  0.16657079034943154        37.880988700194855        91.447363901837917        9.0443674733814511E-002   49.653577428864168        1045.8770314061217        2624.8815279828077             1005         119
 ../2173_seed.dataconnected         554   9.0205686772326807E-002  0.21376740853989026        49.973950471869053        118.42714433109920       0.12495665203890284        69.225985229552180        960.08991742623107        2177.3538399577278             1070         229
 ../2174_seed.dataconnected         741   9.3689084657735705E-002  0.22070286281105231        69.423611731382152        163.54082134298977       0.12528709252222334        92.837735558967495        1776.2752739982980        5138.3852493008217             1086         113
 ../2175_seed.dataconnected         474   9.8920583246790414E-002  0.22862985035119185        46.888356458978656        108.37054906646493       0.14510367896730783        68.779143830503912        993.00666268856094        2237.8050973680083             1005         103
 ../2176_seed.dataconnected         789   9.0873730830367261E-002  0.21933568635785136        71.699373625159765        173.05585653634472       0.11995776664041349        94.646677879286244        1599.5799283106940        4869.9482877884711             1135         137
 ../2177_seed.dataconnected         745   9.7789528964963693E-002  0.23111545590537305        72.853199078897944        172.18101464950291       0.12681565969776082        94.477666474831807        1474.6761837987328        4439.6379428094933             1069          30
 ../2178_seed.dataconnected         302  0.12490616962631683       0.29362811007039252        37.721663227147680        88.675689241258539       0.17602799422732210        53.160454256651271        411.04806509477152        673.87261501146986              839          73
 ../2179_seed.dataconnected         519  0.13576780090454812       0.31331169577995471        70.463488669460475        162.60877010979650       0.19289586689300631        100.11295491747028        844.85595890324259        2006.7013630749475             1196         414
 ../2180_seed.dataconnected         302  0.18065775085453245       0.41203400533833284        54.558640758068798        124.43426961217652       0.24428948949366786        73.775425827087687        378.26275798635436        564.47737942837762              939         243
 ../2181_seed.dataconnected         596   8.7952062224344402E-002  0.20916942892899806        52.419429085709261        124.66497964168285       0.12152715844002360        72.430186430254068        1142.1724318696406        2872.9585346638933             1006          73
 ../2182_seed.dataconnected         561   7.1807821172044400E-002  0.17016492319722101        40.284187677516911        95.462521913640984        9.4174672743321336E-002   52.831991409003273        799.60798796185543        1760.1152269414131              939          52
 ../2183_seed.dataconnected         770  0.10257520875791301       0.24244752829726937        78.982910743593024        186.68459678889741       0.14197413093103459        109.32008081689663        1530.6055311581931        4832.4306791743911             1062          62
 ../2184_seed.dataconnected         425  0.12343317537919789       0.29441452405519108        52.459099536159101        125.12617272345621       0.16860653464509312        71.657777224164576        828.05533188415973        1826.6985252704858              936         100
 ../2185_seed.dataconnected         741   6.7779708050354909E-002  0.16274449068450150        50.224763665312985        120.59366759721561        8.4248661435137068E-002   62.428258123436564        1142.4511434803430        3123.6921367877244             1116          47
 ../2186_seed.dataconnected         445  0.14073196396975765       0.32861667473121836        62.625723966542154        146.23442025539217       0.18601725953982418        82.777680495221759        936.44435291979335        2034.5970359711009              943          43
 ../2187_seed.dataconnected         693   9.6133306003258381E-002  0.23100793046947488        66.620381060258055        160.08849581534608       0.13667582939498316        94.716349770723326        1371.2309182209819        4036.8937904871414             1096          79
 ../2188_seed.dataconnected         305  0.15584946012288445       0.36865658398492257        47.534085337479759        112.44025811540138       0.19890955092867962        60.667413033247286        418.12526193879376        646.09842610451926              968         128
 ../2189_seed.dataconnected         484  0.11765230965545426       0.27494945008690086        56.943717873239862        133.07553384206003       0.15125982138666472        73.209753551145724        812.20812516595902        1757.7507522196122              919          53
 ../2190_seed.dataconnected         704   8.1476339692377775E-002  0.19560965191350516        57.359343143433954        137.70919494710762       0.11715535626146160        82.477370808068969        1372.6396214799581        3716.5985130383515             1016          44
 ../2191_seed.dataconnected         509  0.10306104605034663       0.24710949924708039        52.458072439626434        125.77873511676393       0.13211791886950972        67.248020704580441        891.98028172489228        1952.2681979357928             1023         141
 ../2192_seed.dataconnected         789   7.7546848987482611E-002  0.18619553716241583        61.184463851123780        146.90827882114610       0.10381475774220311        81.909843858598251        1598.4756351460333        4655.1423223121010             1129         112
 ../2193_seed.dataconnected         576   7.2305453457279581E-002  0.17216433434789491        41.647941191393038        99.166656584387468        9.3985426276304351E-002   54.135605535151306        1008.7157404480238        2380.6249030002318             1049          79
 ../2194_seed.dataconnected         618   6.5525612977610712E-002  0.15593740273643991        40.494828820163420        96.369314891119870        7.9962168924444299E-002   49.416620395306580        1168.9521205302299        3110.7823651920057              970          94
 ../2195_seed.dataconnected         579   7.4017570927293982E-002  0.17160363297569864        42.856173566903216        99.358503492929515       0.10236992402288166        59.272186009248479        1175.1969989366007        2978.2684811043073             1045          83
 ../2196_seed.dataconnected         769   7.9790905586629837E-002  0.19199665670687829        61.359206396118346        147.64542900758940       0.11173171403157517        85.921688090281307        1353.9926374441545        3898.5561674937330             1185         166
 ../2197_seed.dataconnected         496   9.2970106221985552E-002  0.21873331140188196        46.113172686104832        108.49172245533344       0.12705067132270842        63.017132976063380        824.57400973802930        1877.1735144804184             1002         192
 ../2198_seed.dataconnected         404  0.10714816755081179       0.25030907767258648        43.287859690527959        101.12486737972493       0.15025149311584199        60.701603218800166        803.31534607287097        1664.9003856151367              877          43
 ../2199_seed.dataconnected         678   7.6661397182573754E-002  0.18357847774237607        51.976427289785008        124.46620790933098       0.11044990218597414        74.885033682090466        1243.9476648432342        3110.9569087405589             1069          53
 ../2200_seed.dataconnected         518   8.5211265236997472E-002  0.20027427164909573        44.139435392764689        103.74207271423158       0.11499208017271154        59.565897529464578        950.78892041814686        2394.3948060523021              994          62
 ../2201_seed.dataconnected         350   8.5540496688552917E-002  0.20821077969614607        29.939173840993522        72.873772893651122       0.11956872692911788        41.849054425191255        622.01240681195691        1137.9040661459298              977         183
 ../2202_seed.dataconnected         461  0.13519267095755044       0.32346149184694095        62.323821311430756        149.11574774143978       0.18003997070031424        82.998426492844871        816.69816572961236        1696.0568405814699             1029         102
 ../2203_seed.dataconnected         542   6.9510895931510358E-002  0.16792535726471933        37.674905594878616        91.015543637477876        9.7701832354879434E-002   52.954393136344656        1008.8843108536199        2523.2633183172607              980          40
 ../2204_seed.dataconnected         462  0.11225282320764141       0.27216886887588648        51.860804321930331        125.74201742065955       0.15967782108237077        73.771153340055292        902.44066963649141        2043.2048442587818              904         131
 ../2205_seed.dataconnected         486  0.11110732744966854       0.26794841596377783        53.998161140538912        130.22293015839603       0.17192890023055352        83.557445512049014        880.16989271263776        1970.8377794388462              939         109
 ../2206_seed.dataconnected         436  0.11284712917582648       0.26694785125609533        49.201348320660344        116.38926314765756       0.16286062885485597        71.007234180717205        818.11882770063039        1820.7497043839778             1039         212
 ../2207_seed.dataconnected         457  0.10503141903503799       0.25272547088632608        47.999358499012359        115.49554019505102       0.15772419893463616        72.079958913128721        1084.4659520036541        2330.8183133522971              946          95
 ../2208_seed.dataconnected         551  0.10657891046538873       0.24859313269161690        58.724979666429185        136.97481611308092       0.15115561348742415        83.286743031570708        1002.9778718866726        2334.4552340484693             1040          79
 ../2209_seed.dataconnected         309  0.13208695981362964       0.31013801864108731        40.814870582411558        95.832647760095981       0.19990203775590307        61.769729666574051        588.52091361904309        959.65365179588218              995         226
 ../2210_seed.dataconnected         597   6.7080347961044784E-002  0.15648435756447052        40.046967732743738        93.421161465988902        8.4256302625142263E-002   50.301012667209932        1113.0011213750633        2867.5427226329020              989          65
 ../2211_seed.dataconnected         560   8.3310545315107759E-002  0.19987807002937236        46.653905376460344        111.93171921644851       0.11067528096702574        61.978157341534413        1134.5479243048323        2308.6583806241865             1060         176
 ../2212_seed.dataconnected         520  0.13623447252879642       0.31930357328589148        70.841925714974138        166.03785810866358       0.17950831943305498        93.344326105188586        779.72078972161182        1724.5017468394155              899          55
 ../2213_seed.dataconnected         493  0.10882261105222869       0.25570238465282769        53.649547248748746        126.06127563384405       0.15357471816698162        75.712336056321945        1141.9993788406664        2681.1212786040314              908          74
 ../2214_seed.dataconnected         572  0.10348430544789744       0.24830065280041505        59.193022716197333        142.02797340183741       0.13606020057108983        77.826434726663379        893.72614872312749        1962.9103000575267              964          77
 ../2215_seed.dataconnected         833   6.9045349275264914E-002  0.16489338255734795        57.514775946295671        137.35618767027086        9.5382953439216989E-002   79.454000214867747        1715.1536106883723        5358.4222795595988             1142          86
 ../2216_seed.dataconnected         560  0.10415406076032137       0.24574284008343134        58.326274025779966        137.61599044672155       0.13860523692194132        77.618932676287145        1012.3930278703151        2192.7216391780357             1087         120
 ../2217_seed.dataconnected         449  0.11887741313891709       0.28160995892139434        53.375958499373773        126.44287155570606       0.15975116386366867        71.728272574787226        721.16221810165337        1398.3306965061124             1000          68
 ../2218_seed.dataconnected         808   9.5028653000139102E-002  0.22439837110944580        76.783151624112392        181.31388385643220       0.13615023990191286        110.00939384074559        1483.0662623240416        4619.7952737267351             1000          30
 ../2219_seed.dataconnected         613   5.9842021558566563E-002  0.14239982420403630        36.683159215401304        87.291092237074253        9.2051038977736588E-002   56.427286893352530        1288.3868281713872        3255.8542845057300              952          46
 ../2220_seed.dataconnected         546  0.11125391344058261       0.26442255957060401        60.744636738558107        144.37471752554978       0.15437162060909096        84.286904852563666        947.58635628870729        2221.8501050268032             1104         220
 ../2221_seed.dataconnected         627  0.10796855272805868       0.25648759551354972        67.696282560492790        160.81772238699568       0.16882510424882435        105.85334036401287        1433.0447512114317        3864.2051610842868              931          58
 ../2222_seed.dataconnected         613   7.7237599808720012E-002  0.18496263355690926        47.346648682745368        113.38209437038537       0.10734002192509919        65.799433440085807        1064.2689359583926        2628.6067811854509             1042          81
 ../2223_seed.dataconnected         362  0.12474755404443390       0.29809704437474466        45.158614564085070        107.91113006365757       0.14862428541447850        53.801991320041218        838.75386030642142        1564.7955148068002              905          88
 ../2224_seed.dataconnected         922   5.8673007105129016E-002  0.14221988369915725        54.096512550928949        131.12673277062299        8.2231224649759946E-002   75.817189127078663        1567.8941080252423        5014.7123574735833             1159          74
 ../2225_seed.dataconnected         448   9.5152037115154478E-002  0.22463586170103506        42.628112627589203        100.63686604206370       0.12730490361562957        57.032596819802052        778.77979430885819        1705.0559044604777              927          87
 ../2226_seed.dataconnected         266  0.20940823795131630       0.48563667740416938        55.702591295050134        129.17935618950906       0.25828442925867784        68.703658182808311        331.72859811084049        472.55044806389679              892         127
 ../2227_seed.dataconnected         791   9.0332931481045903E-002  0.21624936445272647        71.453348801507303        171.05324728210664       0.11367055844829244        89.913411732599315        1378.2489083310172        3806.5972119277644             1106          55
 ../2228_seed.dataconnected         447  0.11103378744171145       0.26724208439948577        49.632102986445020        119.45721172657014       0.15362338780474666        68.669654348721750        658.04231582502450        1277.5361955965286              875          51
 ../2229_seed.dataconnected         609   8.3774147473344218E-002  0.19986061906619260        51.018455811266627        121.71511701131129       0.11831598345355929        72.054433923217601        1235.3435872918060        3364.7335600242004             1124          60
 ../2230_seed.dataconnected         533  0.11728641699148894       0.28386451411549507        62.513660256463602        151.29978602355888       0.16688852220233333        88.951582333843660        834.65983249938074        1910.5046211935407             1011          71
 ../2231_seed.dataconnected         706   6.3327047441771214E-002  0.14818817687510683        44.708895493890481        104.62085287382541        8.4290827921065237E-002   59.509324512272059        1568.2033286648805        4832.6209283235048             1069         120
 ../2232_seed.dataconnected         430   9.8098504367219230E-002  0.22399541332476988        42.182356877904269        96.318027729651050       0.13716406509562276        58.980547991117788        574.45093566608762        1118.0101136193684             1029         233
 ../2233_seed.dataconnected         507  0.10380116151896214       0.24261916504924128        52.627188890113807        123.00791667996533       0.15314011394489843        77.642037770063510        979.22083404283535        2399.5565746990778              943          77
 ../2234_seed.dataconnected         466   9.3886360288374368E-002  0.22538568776207832        43.751043894382455        105.02973049712850       0.12446869871306425        58.002413600287937        807.50917089700522        1679.5345230949902              921          70
 ../2235_seed.dataconnected         671  0.11342692796650249       0.26805027202930348        76.109468665523167        179.86173253166262       0.16039930413584480        107.62793307515186        1134.3581777699592        3073.1361935624127             1064          68
 ../2236_seed.dataconnected         354  0.12955981316649889       0.30665634981502682        45.864173860940610        108.55634783451950       0.17536782096996448        62.080208623367426        741.24154764872355        1336.4017818160796              884         140
 ../2237_seed.dataconnected         409  0.12080029555649036       0.27971640884144910        49.407320882604559        114.40401121615268       0.17895004104757484        73.190566788458113        702.61735210026836        1392.1527147496047              974         104
 ../2238_seed.dataconnected         714   9.3552040941218245E-002  0.22353549267920275        66.796157232029827        159.60434177295076       0.12704359461110801        90.709126552331114        1066.3949948663801        2694.2875043835652             1148         235
 ../2239_seed.dataconnected         413   8.6434817980646367E-002  0.20693985443517446        35.697579826006951        85.466159881727052       0.12225913365539504        50.493022199678151        844.32523974514527        1756.5597136529532              901         149
 ../2240_seed.dataconnected         856   6.6408125127080095E-002  0.15640680535192078        56.845355108780559        133.88422538124419        9.1648126094859977E-002   78.450795937200141        2009.3653687027852        6423.7400497908011             1048          26
 ../2241_seed.dataconnected         473   7.5226431177644909E-002  0.17722570129193410        35.582101947026040        83.827756711084831       0.11277180987894374        53.341066072740389        812.93483311549699        1718.5607658312861              986         153
 ../2242_seed.dataconnected         487   6.8631280918929657E-002  0.16231468356377135        33.423433807518741        79.047250895556644       0.10188006478447660        49.615591550040108        1033.8091604278338        2490.9065819943849              897          77
 ../2243_seed.dataconnected         474  0.11088459926907836       0.26533740628470071        52.559300053543140        125.76993057894813       0.15478258872829218        73.366947057210496        863.69387915437983        1955.6317762909086              927          61
 ../2244_seed.dataconnected         450   5.3349572624303225E-002  0.13055645167518584        24.007307680936453        58.750403253833632        8.4895271043810894E-002   38.202871969714906        895.39886457941373        1969.4907214894133              980          57
 ../2245_seed.dataconnected         511   8.2970207084602454E-002  0.19439338481583904        42.397775820231857        99.335019640893748       0.12014429668352110        61.393735605279282        1120.1740374083965        2904.1991319437375              866          99
 ../2246_seed.dataconnected         857   8.5385117984228973E-002  0.19680927953311403        73.175046112484225        168.66555255987873       0.12243649160318293        104.92807330392777        1885.4195246052461        6240.3665901792374             1097          37
 ../2247_seed.dataconnected         814   4.0892740558918311E-002   9.7094547492749650E-002   33.286690814959506        79.034961659098215        5.9276239481769133E-002   48.250858938160071        1832.3711691908109        5395.5249396302979             1041          41
 ../2248_seed.dataconnected         623   7.1996646077271895E-002  0.17462349679556202        44.853910506140387        108.79043850363514        9.3994037495612234E-002   58.558285359766423        1532.8432996273436        4333.4889068618650             1046          55
 ../2249_seed.dataconnected         509   8.6497671067002485E-002  0.20109707357477269        44.027314573104263        102.35841044955930       0.11764356438437325        59.880574271645983        917.67967463018283        2047.7613872359207             1056          76
 ../2250_seed.dataconnected         476   9.5564580948012928E-002  0.22542741522487408        45.488740531254152        107.30344964704007       0.13368023401642051        63.631791391816165        740.93603187275278        1513.6715261211764              958         119
 ../2251_seed.dataconnected         740   5.9165328078205327E-002  0.14350433031727450        43.782342777871939        106.19320443478313        8.2810529082842255E-002   61.279791521303267        1499.0214314487071        4106.0508894458326             1126          93
 ../2252_seed.dataconnected         421  0.11585516845342354       0.27513481334278866        48.775025918891309        115.83175641731403       0.15933867360932122        67.081581589524234        699.46260360385224        1436.3381658875271              918          78
 ../2253_seed.dataconnected         346  0.14116076925234003       0.33327958432614269        48.841626161309648        115.31473617684537       0.20005779567498894        69.219997303546165        577.44997617546574        1077.6344448563852             1026         156
 ../2254_seed.dataconnected         722   9.9808623020151380E-002  0.23366947872963958        72.061825820549302        168.70936364279979       0.13915310781766688        100.46854384435548        1203.4986260549110        3336.9426095431641             1092         176
 ../2255_seed.dataconnected         525   7.9304497703242674E-002  0.18538826055041416        41.634861294202402        97.328836788967436       0.12146625153683972        63.769782056840853        1118.9210510694538        2857.7531931029043              980          88
 ../2256_seed.dataconnected         646   8.1208764599392136E-002  0.19538615975496204        52.460861931207319        126.21945920170548       0.10495014127868661        67.797791266031552        1038.7735710427351        2594.5138700446423             1004          36
 ../2257_seed.dataconnected         791   9.9385539525698272E-002  0.23827950730878511        78.613961764827337        188.47909028124903       0.13829342011901768        109.39009531414298        1425.1916940764688        4036.8525119529459             1054          47
 ../2258_seed.dataconnected         328  0.11644741019022317       0.26857574887049118        38.194750542393201        88.092845629521108       0.15609509567033603        51.199191379870214        557.98553321675797        1010.4983863621628              821          77
 ../2259_seed.dataconnected         393  0.17574044902237246       0.41605810140335248        69.065996465792381        163.51083385151753       0.22287607064564832        87.590295763739789        559.68870882003273        957.94256456314304              998         142
 ../2260_seed.dataconnected         733  0.12069520234003407       0.28287843044114330        88.469583315244975        207.34988951335805       0.17974401829217032        131.75236540816084        1328.6268601195434        3871.7496730450753             1091          68
 ../2261_seed.dataconnected         553   9.0634170082616941E-002  0.21674396928844725        50.120696055687169        119.85941501651132       0.12726742145860209        70.378884066606958        966.17588842560008        2240.0863858605712             1027          83
 ../2262_seed.dataconnected         767   9.9779035396608998E-002  0.23821567266161159        76.530520149199106        182.71142093145608       0.13420047301826654        102.93176280501044        1453.9561833084686        4345.2432565747740             1041          33
 ../2263_seed.dataconnected         444  0.12043518408047853       0.28847338693073421        53.473221731732465        128.08218379724599       0.16279902461301146        72.282766928177082        820.79538051626662        1815.9057115451578              993          75
 ../2264_seed.dataconnected         648   7.8766086497854618E-002  0.18121203591500332        51.040424050609793        117.42539927292215       0.12910200673347205        83.658100363289890        1266.3039990450652        3353.8735902874605             1001          43
 ../2265_seed.dataconnected         539   7.3373104549546500E-002  0.17462245681415614        39.548103352205565        94.121504222830154       0.10526889793411677        56.739935986488938        1183.7408693631467        2969.0717010475059              984          82
 ../2266_seed.dataconnected         527   8.4740619238130310E-002  0.20041534467859926        44.658306338494675        105.61888664562181       0.12621270689050834        66.514096531297895        940.89490025153486        2193.1718288265001              981         102
 ../2267_seed.dataconnected         615   9.5188841825866385E-002  0.22821710416567392        58.541137722907827        140.35351906188947       0.12842291328368322        78.980091669465182        1216.8546493777219        3200.2790307392979             1091          60
 ../2268_seed.dataconnected         512   8.1600317503324457E-002  0.19614839530564152        41.779362561702122        100.42797839648846       0.11245036578049492        57.574587279613397        902.26376910224644        2136.8116322007845              959          51
 ../2269_seed.dataconnected         709   7.4101980284297070E-002  0.17618657710234539        52.538304021566624        124.91628316556289       0.10273965134884663        72.842412806332263        1270.5092690205618        3361.1591250686442             1113          58
 ../2270_seed.dataconnected         599  0.10041927602386730       0.23802538353356992        60.151146338296513        142.57720473660839       0.14880298247100068        89.132986500129405        1212.5378358293265        3183.2472845935436              993          57
 ../2271_seed.dataconnected         664   4.9002747154136425E-002  0.11717258589670708        32.537824110346584        77.802597035413498        7.3033150857668816E-002   48.494012169492095        1560.9713179522234        4675.4773717724993              988          97
 ../2272_seed.dataconnected         364  0.13759049446261770       0.32683363170814711        50.082939984392844        118.96744194176554       0.18327509630310074        66.712135054328670        553.79817895254564        1056.8588977098268              958         138
 ../2273_seed.dataconnected         589  0.11736270404395401       0.27869161732784875        69.126632681888907        164.14936260610293       0.17360194127473319        102.25154341081785        1081.7350278695631        2836.5701327853521             1236         422
 ../2274_seed.dataconnected         595   8.8302730219470896E-002  0.21194201475824889        52.540124480585185        126.10549878115809       0.10965215215663261        65.243030533196404        1075.3809607137871        2732.1176860388191             1100          92
 ../2275_seed.dataconnected         395   9.4121940425393721E-002  0.22542725050468154        37.178166468030518        89.043763949349213       0.13148574895775880        51.936870838314725        704.63671313009388        1394.3675315717296              877          91
 ../2276_seed.dataconnected         502  0.10590379628778192       0.25275121002966044        53.163705736466525        126.88110743488954       0.14792899490585953        74.260355442741485        1153.4111982554844        2927.3775407667681              877          64
 ../2277_seed.dataconnected         601  0.11495437406031085       0.27178810363587491        69.087578810246825        163.34465028516081       0.15414694934786682        92.642316558067961        1067.6825370858810        2529.2673640757598             1125         111
 ../2278_seed.dataconnected         573  0.10392350184487344       0.25029289991800913        59.548166557112481        143.41783165301922       0.14280996902702900        81.830112252487623        911.27192389908907        2128.0337285763039             1053         138
 ../2279_seed.dataconnected         535   8.8519819489921478E-002  0.21367646120852801        47.358103427107991        114.31690674656248       0.12988349256414755        69.487668521818946        920.72185810440772        2190.6931688938098              971          83
 ../2280_seed.dataconnected         647   7.6813539823135032E-002  0.18129324220971862        49.698360265568368        117.29672770968796       0.11029089940620478        71.358211915814493        1366.8386189954949        3897.8950311224580              965          25
 ../2281_seed.dataconnected         642  0.10446555325592852       0.24888557972527667        67.066885190306110        159.78454218362762       0.14915062287794370        95.754699887639859        1234.6118738155751        3279.6185008139746             1072          72
 ../2282_seed.dataconnected         794   9.4646347325466493E-002  0.21797896715328449        75.149199776420389        173.07529991970787       0.13096702937134513        103.98782132084804        1331.4931268640580        3823.4060481895995             1131          43
 ../2283_seed.dataconnected         376  0.14824472259610991       0.34850567478264394        55.740015696137327        131.03813371827411       0.20890795281565053        78.549390258684596        706.04079987651346        1358.8378773223442              882         223
 ../2284_seed.dataconnected         550   9.1666488045412192E-002  0.21625526187128849        50.416568424976703        118.94039402920868       0.12986361528913623        71.424988409024934        881.88416699403626        2148.2471650107241              965          47
 ../2285_seed.dataconnected         518  0.10824354888633191       0.25722304586233463        56.070158323119927        133.24153775668933       0.15088259454444825        78.157183974024193        889.89633430886909        1990.8010950601681             1014         306
 ../2286_seed.dataconnected         723   6.8961579800293715E-002  0.16870809831345629        49.859222195612354        121.97595508062889       0.10142166448787791        73.327863424735725        1519.1928330860947        4243.0267305191392             1098         145
 ../2287_seed.dataconnected         454  0.14627218062467931       0.34465598246961582        66.407570003604405        156.47381604120559       0.19480104144182800        88.439672814589912        1078.0847994323383        2716.2053450075327              919          63
 ../2288_seed.dataconnected         470   7.9199742522365488E-002  0.19365124070307155        37.223878985511782        91.016083130443633       0.10928425119531597        51.363598061798506        905.21724274042799        2085.6035101288862              951         126
 ../2289_seed.dataconnected         590  0.11700964013769333       0.27459720498301982        69.035687681239068        162.01235093998170       0.16891042714732094        99.657152016919355        1020.0033070258647        2429.9057848823322              962          49
 ../2290_seed.dataconnected         402  0.13714426965098062       0.32234960243592053        55.131996399694209        129.58454017924007       0.18111580760973695        72.808554659114250        616.72894536291312        1240.2465990761818              905         128
 ../2291_seed.dataconnected         678   5.9788907094232090E-002  0.14043471113713238        40.536879009889354        95.214734150975758        8.3793325201408655E-002   56.811874486555070        1452.9816506304294        4339.5203102199330             1069          66
 ../2292_seed.dataconnected         612   8.9701627846163201E-002  0.21487481566229494        54.897396241851879        131.50338718532450       0.10824810353793660        66.247839365217203        1299.5218931095501        3431.9524074516253             1034         115
 ../2293_seed.dataconnected         586   9.4168769872552002E-002  0.22694807214322474        55.182899145315474        132.99157027592969       0.12591246943321469        73.784707087863808        1140.7496089541835        2929.7850240741723              988          53
 ../2294_seed.dataconnected         576  0.14959680346809853       0.34998607655989644        86.167758797624757        201.59198009850036       0.20568730907618724        118.47589002788385        962.31219867129641        2300.4709129619209              935          15
 ../2295_seed.dataconnected         585   8.5590287676886881E-002  0.20267560693318484        50.070318290978825        118.56523005591313       0.12946584530054517        75.737519500818919        1065.3586672485210        2629.1082713023734             1054          87
 ../2296_seed.dataconnected         394  0.17628881869062688       0.41581925693923338        69.457794564106990        163.83278723405795       0.23921828891121819        94.252005831019972        577.78835699131423        1071.0255233383859              997         132
 ../2297_seed.dataconnected         653   7.0061693724496110E-002  0.16371621672070102        45.750286002095962        106.90668951861777        9.6498121480249069E-002   63.013273326602643        1101.3382067014441        2677.4622759303556              972          67
 ../2298_seed.dataconnected         771   8.5368990658388738E-002  0.20579588066091870        65.819491797617715        158.66862398956832       0.11677828182545835        90.036055287428383        1460.4894486619392        4245.6608681426151             1139         156
 ../2299_seed.dataconnected         699   7.1772673425680888E-002  0.17330544960538746        50.169098724550942        121.14050927416584       0.10100646915148452        70.603521936887674        1901.1142030053252        5814.2321062388410              989          89
 ../2300_seed.dataconnected         703  0.11476229053925292       0.26709910615854987        80.677890249094801        187.77067162946057       0.16555445905474275        116.38478471548416        1612.1751580766161        4688.9805510360902              946          17
 ../2301_seed.dataconnected         714   7.8481990255108561E-002  0.19076609178463838        56.036141042147513        136.20698953423181       0.10271950440961596        73.341726148465796        1494.9834305270847        4404.0199119222807             1099         145
 ../2302_seed.dataconnected         604   6.4844544690477665E-002  0.15877492723039083        39.166104993048506        95.900056047156056        8.5299267884172469E-002   51.520757802040173        986.37857914645758        2347.7905874914468             1027          74
 ../2303_seed.dataconnected         466  0.12688788616269026       0.29899809895427032        59.129754951813659        139.33311411268997       0.17513264640677031        81.611813225554968        858.18462925238885        1841.0486255198102              914          69
 ../2304_seed.dataconnected         520  0.10045161281237018       0.24305404365617964        52.234838662432495        126.38810270121341       0.14090463173494355        73.270408502170653        1073.6844223267926        2541.8098746467185              906          72
 ../2305_seed.dataconnected         688   9.2335792696596600E-002  0.21923238597667311        63.527025375258461        150.83188155195108       0.14454595365596820        99.447616115306118        1196.9881663946874        3141.6891733620814             1128         159
 ../2306_seed.dataconnected         796   7.9822030539492536E-002  0.19198954379426564        63.538336309436062        152.82367686023545       0.10353411424029679        82.413154935276253        1282.7235139532249        3561.3050400789616             1187         108
 ../2307_seed.dataconnected         789   7.2833142177209528E-002  0.17435560080494530        57.465349177818318        137.56656903510185       0.10443975378018952        82.402965732569527        1883.7034322472898        6128.2833531343140             1039          35
 ../2308_seed.dataconnected         414  0.12434752822049149       0.29946163407099496        51.479876683283472        123.97711650539192       0.16860420268668058        69.802139912285767        642.38176242966267        1304.7514037182889              905          96
 ../2309_seed.dataconnected         494   8.3035577416666312E-002  0.19934666804876913        41.019575243833160        98.477254016091948       0.12454546682628598        61.525460612185270        1052.3903474428744        2519.3787456653686             1018         156
 ../2310_seed.dataconnected         512   7.6736538535598295E-002  0.17741887800986123        39.289107730226327        90.838465541048947       0.11288802289400118        57.798667721728606        737.08162064395344        1595.8733112345169             1079         139
 ../2311_seed.dataconnected         277  0.17362056331624134       0.41238340453595074        48.092896038598852        114.23020305645835       0.22900796947558394        63.435207544736748        374.08815603399540        526.11185708844528              912         150
 ../2312_seed.dataconnected         559   9.7974238159901986E-002  0.23166540837040181        54.767599131385211        129.50096327905462       0.14849195536640530        83.007003049820568        1135.7608279324747        2689.8569486346528              978         126
 ../2313_seed.dataconnected         663   8.3722659778435890E-002  0.20067350731223302        55.508123433102995        133.04653534801048       0.12205778398928607        80.924310784896662        1184.3927746864588        3025.7987266422583              999          32
 ../2314_seed.dataconnected         600   8.1608005861774968E-002  0.19645518342296783        48.964803517064979        117.87311005378071       0.11076116615983186        66.456699695899118        1184.5453137147765        3006.5417390041366              992          71
 ../2315_seed.dataconnected         808   6.1841227319305407E-002  0.15215849872563070        49.967711673998771        122.94406697030961        8.8521648182775775E-002   71.525491731682820        1436.4838789043883        4228.8831816456714             1012          30
 ../2316_seed.dataconnected         550   9.5198494397477809E-002  0.22561007263515831        52.359171918612795        124.08553994933708       0.13959164253872816        76.775403396300490        923.54525582360907        2040.2390663040155             1027          73
 ../2317_seed.dataconnected         563  0.10830150467624358       0.25738685929984706        60.973747132725137        144.90880178581389       0.15385187919407670        86.618607986265175        1060.2570013837421        2677.8102365439745              960          66
 ../2318_seed.dataconnected         380  0.13609829626136238       0.31870984074345665        51.717352579317705        121.10973948251353       0.18101447776906926        68.785501552246316        650.15041074768931        1248.9027774269921              954          65
 ../2319_seed.dataconnected         536  0.11124009145041798       0.26262397039162377        59.624689017424039        140.76644812991034       0.14687269098240002        78.723762366566419        949.61225903559534        2294.7155058034550             1093         105
 ../2320_seed.dataconnected         767   7.3088317003241490E-002  0.17621056639643637        56.058739141486221        135.15350442606669        9.6743045868800198E-002   74.201916181369754        1577.5843286913273        4376.5682475537842             1090          58
 ../2321_seed.dataconnected         468   9.0431561548512160E-002  0.21352982380795060        42.321970804703689        99.931957542120884       0.11857610429857826        55.493616811734626        712.38998448081338        1488.2441004359580              901          61
 ../2322_seed.dataconnected         563   9.4416311855880106E-002  0.23007614379181102        53.156383574860499        129.53286895478959       0.12846269451360326        72.324497011158641        889.87933417448630        2073.9961675273685             1039          48
 ../2323_seed.dataconnected         564   7.5269785940052916E-002  0.17327436726960810        42.452159270189846        97.726743140058971       0.10646784536038648        60.047864783257971        1092.6586074707652        2740.6278896078661              947         103
 ../2324_seed.dataconnected         528   5.9969279622080367E-002  0.14055750634245429        31.663779640458433        74.214363348815866        9.4355951330370585E-002   49.819942302435670        1168.4778969497215        2738.9070170819846              979          87
 ../2325_seed.dataconnected         608  0.13102072857436581       0.31314304902427903        79.660602973214409        190.39097380676165       0.16974804256042408        103.20680987673785        880.84586584463841        2021.0009431545107             1037         204
 ../2326_seed.dataconnected         597  0.11230838253757253       0.25976555755891961        67.048104374930801        155.08003786267500       0.16415341236447495        97.999587181591551        1433.6668533117913        3944.7875557833272              977          78
 ../2327_seed.dataconnected         439  0.11213703195050927       0.26755822961987508        49.228157026273571        117.45806280312516       0.14559335458043504        63.915482660810980        624.24750921146426        1246.1548626574190             1049         135
 ../2328_seed.dataconnected         416  0.11555333939297319       0.27308356018706686        48.070189187476842        113.60276103781982       0.15263439492801631        63.495908290054786        683.30940286665441        1415.3510262941199              935          75
 ../2329_seed.dataconnected         344  0.12478832600423123       0.30171600390443087        42.927184145455541        103.79030534312422       0.15611037351486443        53.701968489113362        516.75391683297062        917.67545942702884              953         128
 ../2330_seed.dataconnected         685   8.7716226928363838E-002  0.21073785627828334        60.085615445929228        144.35543155062408       0.12336078903772660        84.502140490842720        1115.4702043683619        3005.5180042402517             1141         123
 ../2331_seed.dataconnected         468   8.8093707244785241E-002  0.21191945142710525        41.227854990559493        99.178303267885255       0.11966731840229963        56.004305012276227        908.90596035219176        1926.6625288423352              899          84
 ../2332_seed.dataconnected         637   8.2232526489654872E-002  0.19179674641496453        52.382119373910150        122.17452746633241       0.11997761894785160        76.425743269781464        1350.2485116067010        3419.9651446409853             1143         256
 ../2333_seed.dataconnected         424  0.14530278111231265       0.33138688764241392        61.608379191620564        140.50804036038349       0.20231602982571445        85.781996646102925        569.01294595924639        1067.0933260135726             1074         195
 ../2334_seed.dataconnected         603   5.9467891689986528E-002  0.14573236439444429        35.859138689061879        87.876615729849902        7.9252437359488004E-002   47.789219727771268        1210.3096494903027        3361.1750323582005             1021          68
 ../2335_seed.dataconnected         508   9.1090223614697277E-002  0.21702076185894742        46.273833596266215        110.24654702434529       0.13946685455268931        70.849162112766166        960.96525730577616        2263.6373601142295              916         111
 ../2336_seed.dataconnected         537   9.8062308516360788E-002  0.23220153641885552        52.659459673285745        124.69222505692541       0.13500431075672470        72.497314876361159        921.41222758685740        2197.3468543092072              988         168
 ../2337_seed.dataconnected         623   6.7489492406564253E-002  0.16266943765893230        42.045953769289532        101.34305966151481        8.4845462472361258E-002   52.858723120281063        1132.9962371142772        2855.3523188368608             1032         117
 ../2338_seed.dataconnected         525  0.11386954419893106       0.26625015528722745        59.781510704438801        139.78133152579440       0.15254626268637800        80.086787910348448        832.42883959113180        1840.8016468042258             1127         206
 ../2339_seed.dataconnected         746   9.4056183243146879E-002  0.22526376810579299        70.165912699387576        168.04677100692157       0.12745583010862510        95.082049261034328        1272.0693521708060        3447.4480909174299             1087          44
 ../2340_seed.dataconnected         412  0.13364750642102743       0.31631180591425545        55.062772645463305        130.32046403667326       0.18382868352421722        75.737417611977492        697.63325270508949        1427.6246680845027              944         137
 ../2341_seed.dataconnected         678   8.1490560133721357E-002  0.19210693963968731        55.250599770663079        130.24850507570798       0.12278436608526379        83.247800205808844        1379.4002836204133        4104.4093924693861             1061          60
 ../2342_seed.dataconnected         533   6.3607845897444157E-002  0.15036772719939034        33.902981863337736        80.145998597275053        8.9274278802703000E-002   47.583190601840698        1055.0378371350807        2594.5511001307195              871          78
 ../2343_seed.dataconnected         600  0.11488158247812173       0.27555583986530252        68.928949486873037        165.33350391918151       0.16772943355058076        100.63766013034845        1096.7665925760750        2660.0186897215040             1022         110
 ../2344_seed.dataconnected         552  0.10105513319447863       0.24386617814288897        55.782433523352204        134.61413033487472       0.14001241601938677        77.286853642701502        966.92263750009283        2308.9548433178525             1048          57
 ../2345_seed.dataconnected         612  0.10675596763163311       0.25472572713469083        65.334652190559467        155.89214500643078       0.13667561701045117        83.645477610396114        1232.1961283710280        3390.1321075045344             1021          53
 ../2346_seed.dataconnected         532   9.0298183141988564E-002  0.21248100618380583        48.038633431537917        113.03989528978471       0.13686147766171031        72.810306116029878        969.34846707444308        2336.7233723492714              980          80
 ../2347_seed.dataconnected         600   7.6191875718668325E-002  0.17906116213591933        45.715125431200995        107.43669728155160       0.11184746886171190        67.108481317027142        1064.0006685875812        2680.4797924454360             1028         136
 ../2348_seed.dataconnected         416  0.13153844664132597       0.30473697487093310        54.719993802791606        126.77058154630816       0.17370003942664802        72.259216401485574        637.35157477796179        1180.7021705336483             1060         349
 ../2349_seed.dataconnected         733   7.1160070653982721E-002  0.16910416391030350        52.160331789369337        123.95335214625247        9.9842344305917652E-002   73.184438376237637        1812.2337129777677        5892.5022306817509             1079          68
 ../2350_seed.dataconnected         664   6.5605710930591490E-002  0.15620420059240966        43.562192057912746        103.71958919336002       0.10309910120284486        68.457803198688993        1578.5056144562834        4741.3410490464548             1037          45
 ../2351_seed.dataconnected         880   6.9013946734637469E-002  0.16588468680642682        60.732273126480969        145.97852438965560        9.4781280194008860E-002   83.407526570727796        1641.0631784701418        5181.8965672459999             1206          45
 ../2352_seed.dataconnected         538  0.10007097432459448       0.23946098805891336        53.838184186631835        128.83001157569538       0.13742186233846954        73.932961938096611        1057.4787166700453        2750.6746002178193              930          64
 ../2353_seed.dataconnected         622   6.8894202958296444E-002  0.16580838799872993        42.852194240060385        103.13281733521002        9.5900645321526728E-002   59.650201389989626        1112.9467579011391        2794.7357950407277              964          40
 ../2354_seed.dataconnected         354  0.11572252554346554       0.27562489725859424        40.965774042386805        97.571213629542356       0.15168006107091850        53.694741619105152        554.59114962529554        940.85467331518112              808          67
 ../2355_seed.dataconnected         600   8.8024584877601286E-002  0.20908974926957194        52.814750926560770        125.45384956174317       0.11510709474403498        69.064256846420989        1117.8360797475145        3073.0218940968566              998          89
 ../2356_seed.dataconnected         730  0.11628745225867947       0.28036777795948870        84.889840148836015        204.66847791042676       0.15778337766087400        115.18186569243802        1289.3669244998027        3654.1496291734734             1076          86
 ../2357_seed.dataconnected         761   6.4306517497217303E-002  0.15668896716506381        48.937259815382369        119.24030401261356        8.9620745060394788E-002   68.201386990960430        1524.7129704105200        4573.4113401943105             1045          94
 ../2358_seed.dataconnected         633   9.2919214300690792E-002  0.21734257087697836        58.817862652337269        137.57784736512730       0.14220194515283449        90.013831281744231        1109.1393134343789        2634.9503802075101              998          71
 ../2359_seed.dataconnected         454  0.10721120558108725       0.26345526485719251        48.673887333813610        119.60869024516539       0.14996050219755758        68.082067997691141        942.31701799298958        2061.4003534812382              917          80
 ../2360_seed.dataconnected         840   6.8315884258903725E-002  0.16536245725391188        57.385342777479131        138.90446409328598        8.9314525926390553E-002   75.024201778168063        1365.2075917932959        4079.6617739882531             1143          37
 ../2361_seed.dataconnected         392  0.10241273196948945       0.24595885132101397        40.145790932039866        96.415869717837481       0.13442438075590171        52.694357256313474        1032.2426068734856        2154.3199412516155              845          56
 ../2362_seed.dataconnected         569   9.9179465502849201E-002  0.24032588854438033        56.433115871121196        136.74543058175240       0.14399174308719512        81.931301816614024        938.60989307515922        2321.5466620562720             1007          70
 ../2363_seed.dataconnected         538  0.10681650862433723       0.25655587459379531        57.467281639893429        138.02706053146187       0.13695780344222697        73.683298251918103        878.92006050305679        1995.8342364650064             1102         190
 ../2364_seed.dataconnected        1099   7.2296310103871511E-002  0.16940518036446059        79.453644804154791        186.17629322054219        9.9397937415770521E-002   109.23833321993180        1845.7655341497875        5933.7717911407935             1351          78
 ../2365_seed.dataconnected         513   7.1018374473700935E-002  0.16846667927290584        36.432426105008581        86.423406467000703       0.10554121928081575        54.142645491058481        877.87663065909703        2153.8398240579936             1035         135
 ../2366_seed.dataconnected         517  0.10873927469461243       0.26113342565326186        56.218205017114627        135.00598106273640       0.14157474951452165        73.194145499007689        909.09585561830852        2102.7437811642649             1118         311
 ../2367_seed.dataconnected         438   9.5291569522716224E-002  0.22925334208253292        41.737707450949706        100.41296383214942       0.13093524358581179        57.349636690585569        725.39443476682061        1474.5102704181602             1015         182
 ../2368_seed.dataconnected         566   9.0812790757601777E-002  0.22096994024003616        51.400039568802605        125.06898617586047       0.11927250325917431        67.508236844692661        1087.3809887753425        2579.2856144205821             1029          96
 ../2369_seed.dataconnected         526   9.6083554041083000E-002  0.22998983280195945        50.539949425609656        120.97465205383067       0.14711373985054299        77.381827161385615        906.17548421921697        2218.9886925918950              959          77
 ../2370_seed.dataconnected         465  0.14442828856227061       0.34598885311773409        67.159154181455833        160.88481669974635       0.19955385524596431        92.792542689373406        760.66823427169834        1575.4127222860673             1047         184
 ../2371_seed.dataconnected         871   8.2027385734339445E-002  0.19748266085676630        71.445852974609650        172.00739760624344       0.11151516053457201        97.129704825612222        1947.4111792995591        6826.9065217428060             1159          74
 ../2372_seed.dataconnected         698   7.2767054920272869E-002  0.18002353086423120        50.791404334350460        125.65642454323338       0.10018853438988816        69.931597004141935        1186.2618377607673        3080.6998180872820             1156         165
 ../2373_seed.dataconnected         534  0.11215590753491464       0.26796136869213744        59.891254623644414        143.09137088160139       0.14387204302941978        76.827670977710156        853.42383426409367        1953.8954127132226              929          69
 ../2374_seed.dataconnected         764   9.4391718018366363E-002  0.22423054921733715        72.115272566031905        171.31213960204559       0.13464256389977305        102.86691881942662        1455.0811592202226        4427.7134248836310             1139          57
 ../2375_seed.dataconnected         708  0.11166067072301378       0.26261810070595881        79.055754871893754        185.93361529981883       0.15470013406384889        109.52769491720501        1431.1498053522528        3994.8352125883989             1078          45
 ../2376_seed.dataconnected         322   9.2519022232498152E-002  0.21947164825504600        29.791125158864403        70.669870738124814       0.10674633218133861        34.372318962391034        451.51049546329978        791.06595218007965              998          82
 ../2377_seed.dataconnected         650   9.2789719805723439E-002  0.22421870130164706        60.313317873720237        145.74215584607060       0.11906342836606736        77.391228437943781        971.52662249989601        2326.3957036708916             1267         153
 ../2378_seed.dataconnected         617   5.3722776603722197E-002  0.12954051641430017        33.146953164496594        79.926498627623204        7.1563999892469324E-002   44.154987933653572        1207.1099948531319        3202.6173754417177             1010          42
 ../2379_seed.dataconnected         489  0.11826902228242581       0.27083389095681187        57.833551896106222        132.43777267788101       0.17369150880400375        84.935147805157825        1038.0671550304492        2447.9627714513226             1025         174
 ../2380_seed.dataconnected         534  0.11844391066831669       0.27549928642007188        63.249048296881114        147.11661894831838       0.17229433939626440        92.005177237605196        1006.7696896520254        2408.1503889268838              940          62
 ../2381_seed.dataconnected         676   9.4923093194456951E-002  0.22675817312449972        64.168010999452903        153.28852503216180       0.13255130550795807        89.604682523379651        1620.1449660119829        4645.5949980024943             1037          42
 ../2382_seed.dataconnected         549   8.3429684920784494E-002  0.20357880695294692        45.802897021510688        111.76476501716786       0.10591333809648475        58.146422614970128        1107.0799539247384        2670.7072314985294              968          80
 ../2383_seed.dataconnected         652   6.3311885198602688E-002  0.15622851769826443        41.279349149488951        101.86099353926841        7.6220158259646592E-002   49.695543185289580        1318.3629498633663        3505.8516123954728              995          53
 ../2384_seed.dataconnected         753   7.7882045667413052E-002  0.18520230332264082        58.645180387562029        139.45733440194854       0.11293248584095054        85.038161838235766        1283.6194403295513        3643.5605667524778             1061          48
 ../2385_seed.dataconnected         443  0.13635924320027468       0.31735699339802670        60.407144737721680        140.58914807532582       0.17935534008780243        79.454415658896480        731.54930019393078        1412.4836891078578              965         121
 ../2386_seed.dataconnected         362  0.18321903912584639       0.42845476820514911        66.325292163556398        155.10062609026397       0.25539165980473882        92.451780849315455        514.29761962345378        924.93822801590306              930         117
 ../2387_seed.dataconnected         334  0.18914876016890761       0.45011962309498260        63.175685896415139        150.33995411372419       0.25210782131505877        84.204012319229633        490.55812554613146        835.67187895658628              975         163
 ../2388_seed.dataconnected         450  0.16714162272565819       0.39638989339640229        75.213730226546190        178.37545202838103       0.22725349908141748        102.26407458663786        697.28726045395945        1464.5721512251912              965         121
 ../2389_seed.dataconnected         511  0.11187619073169380       0.26741042238202611        57.168733463895535        136.64672583721534       0.15727314535874706        80.366577278319753        1023.8264022326176        2496.8046840159145              946         103
 ../2390_seed.dataconnected         568   9.3789446952318237E-002  0.21963083673059469        53.272405868916756        124.75031526297778       0.11988993029693858        68.097480408661113        1079.5508230400130        2726.0096534763402             1076         136
 ../2391_seed.dataconnected         903  0.10739509251108618       0.25145608371966899        96.977768537510826        227.06484359886110       0.16145503755529589        145.79389891243218        1859.2722351444411        6073.2149526673265             1225          68
 ../2392_seed.dataconnected         453  0.11176624094009138       0.25978119034997005        50.630107145861395        117.68087922853643       0.16280712729393831        73.751628664154055        931.62513712520752        1920.2257214035205              910         113
 ../2393_seed.dataconnected         725   6.9557188947157997E-002  0.16414168465019263        50.428961986689551        119.00272137138965        9.1266389914989796E-002   66.168132688367606        1306.5475052884753        3696.0604423991908             1021          39
 ../2394_seed.dataconnected         388  0.16713856920734524       0.39563625928741375        64.849764852449951        153.50686860351652       0.22470401399244261        87.185157429067729        630.27979660947358        1144.4741795732336             1002         110
 ../2395_seed.dataconnected         541   9.1509662334911368E-002  0.21772101656978243        49.506727323187050        117.78706996425230       0.12273883018144816        66.401707128163451        1092.5103130838613        2831.3837758395925             1022          82
 ../2396_seed.dataconnected         629   8.4288989129424466E-002  0.20123447473193984        53.017774162407989        126.57648460639015       0.11627939289064330        73.139738128214645        1204.4107572474115        3183.2842377598959             1009         106
 ../2397_seed.dataconnected         397   7.6564297905432857E-002  0.18529459018601785        30.396026268456843        73.561952303849083        9.9236509232371470E-002   39.396894165251474        618.90046938321893        1206.0492463231712              939          82
 ../2398_seed.dataconnected         784   7.6136646298643154E-002  0.18399375315337838        59.691130698136234        144.25110247224865       0.11756120091647669        92.167981518517720        1603.5978321181494        5232.7971846701876             1024          29
 ../2399_seed.dataconnected         759   8.4012905835406659E-002  0.20190952311750809        63.765795529073657        153.24932804618865       0.11781142865056436        89.418874345778349        1702.2576851697399        5315.8127218680502             1189          66
 ../2400_seed.dataconnected         722   9.8333467027066357E-002  0.22982410076144930        70.996763193541909        165.93300074976639       0.13404506244902314        96.780535088194711        1371.6869394508710        3702.3143271992417             1070          58
 ../2401_seed.dataconnected         493  0.10831145760339178       0.25113692165423002        53.397548598472149        123.81050237553539       0.15456670529215236        76.201385709031115        765.54273154503369        1659.8699104262028             1060          88
 ../2402_seed.dataconnected         608   8.2635978501149399E-002  0.20197006848942467        50.242674928698833        122.79780164157020       0.12405743994034228        75.426923483728103        1047.5271742004893        2642.9812312545127             1021          47
 ../2403_seed.dataconnected         808   6.5458199536190864E-002  0.16001976266581702        52.890225225242219        129.29596823398015        9.6994198469596685E-002   78.371312363434114        1514.1667608989135        4654.8915857941083             1082          46
 ../2404_seed.dataconnected         774  0.10076749548693734       0.24273589811617757        77.994041506889502        187.87758514192143       0.13361527311619900        103.41822139193803        1362.0232911524524        3888.7606003705682             1143          80
 ../2405_seed.dataconnected         401  0.11507319152022577       0.27426525572889771        46.144349799610531        109.98036754728798       0.16765008548383087        67.227684279016174        794.37470454285358        1685.2680105768345              864         120
 ../2406_seed.dataconnected         489   8.5355558115168081E-002  0.20309786126620166        41.738867918317190        99.314854159172612       0.12243607755955629        59.871241926623028        757.98504632053834        1550.4895862259159             1098         130
 ../2407_seed.dataconnected         552   8.1349434297817935E-002  0.19298732186746814        44.904887732395501        106.52900167084242       0.10439451619411878        57.625772939153570        1032.3053914553063        2417.8556435491182             1017         185
 ../2408_seed.dataconnected         473  0.11519657131455045       0.27588575736873605        54.487978231782364        130.49396323541214       0.16300972272606132        77.103598849427001        909.98444047116038        1993.3466231327573             1005         166
 ../2409_seed.dataconnected         668   7.2239485264004047E-002  0.17345272610493945        48.255976156354706        115.86642103809955       0.10359746457321652        69.203106334908639        1544.7990782929182        4422.5103847772843             1062          57
 ../2410_seed.dataconnected         683   8.6684577396008627E-002  0.20197817676041951        59.205566361473892        137.95109472736652       0.12865197047828611        87.869295836669409        1365.9523749919431        3802.6339746437161             1008         102
 ../2411_seed.dataconnected         803   7.0176859517595364E-002  0.16742653968090596        56.352018192629075        134.44351136376747       0.10142003395265213        81.440287263979656        1681.5217163258080        4997.1167755946426             1071          35
 ../2412_seed.dataconnected         328  0.14651380799628691       0.34165266532775473        48.056529022782108        112.06207422750356       0.19518535831783496        64.020797528249872        569.77947466264209        1027.3622585268713              905          64
 ../2413_seed.dataconnected         722   7.2648698558059957E-002  0.17335684362357201        52.452360358919286        125.16364109621900        9.3914537659784594E-002   67.806296190364478        1435.9089435298545        4023.9241426907242             1055          61
 ../2414_seed.dataconnected         463  0.13921466979989630       0.33346706071104015        64.456392117351982        154.39524910921159       0.19929051975386702        92.271510646040426        903.11247139244369        1947.0829532070604             1050         325
 ../2415_seed.dataconnected         386  0.17000839253562700       0.39095923640690949        65.623239518752015        150.91026525306705       0.23545638162736829        90.886163308164157        664.19087225683165        1286.3286793304521             1007         263
 ../2416_seed.dataconnected         368  0.15341414655785326       0.35687966441560592        56.456405933290000        131.33171650494299       0.21269982987570138        78.273537394258113        761.26809013754394        1221.7219808049301             1092         304
 ../2417_seed.dataconnected         795   7.3322075063872574E-002  0.17607001317891727        58.291049675778694        139.97566047723922        9.7663071592745843E-002   77.642141916232944        1511.9240369131958        4249.4431658926460             1161          67
 ../2418_seed.dataconnected         852   8.0744771767666368E-002  0.19146743180414913        68.794545546051751        163.13025189713505       0.11403009698585380        97.153642631947434        1775.1473434493339        5403.6046922789583             1105          45
 ../2419_seed.dataconnected         743   6.1036973810903970E-002  0.14578841772657658        45.350471541501648        108.32079437084640        8.1779679281176562E-002   60.762301705914183        1256.4445736317148        3468.2482075946546             1016          32
 ../2420_seed.dataconnected         425   8.8404795221865576E-002  0.21348696754564003        37.572037969292872        90.731961206897012       0.12574368882796758        53.441067751886223        766.36687706664225        1511.4186348897090             1009          65
 ../2421_seed.dataconnected         609  0.11972629649057445       0.28523114239686836        72.913314562759837        173.70576571969283       0.17325211578719454        105.51053851440147        1082.4568864908515        2638.9331102923384              913          47
 ../2422_seed.dataconnected         344  0.14228967968343198       0.33717645180135514        48.947649811100604        115.98869941966616       0.19253455355066706        66.231886421429465        511.16691302573429        866.84080080598926              916         101
 ../2423_seed.dataconnected         432  0.11272591637200836       0.27207173006012175        48.697595872707616        117.53498738597260       0.15145540012501360        65.428732854005872        649.45177706586185        1260.8203500081038              978         125
 ../2424_seed.dataconnected         302  0.14281392444977456       0.33128265365890108        43.129805183831920        100.04736140498812       0.18355040916556203        55.432223567999735        466.97889384442476        734.20762228512990              967         176
 ../2425_seed.dataconnected         499   8.9859707188393506E-002  0.20604123094938306        44.839993887008362        102.81457424374214       0.13871338810330539        69.217980663549383        1027.6785136959579        2498.9775531326236              922          44
 ../2426_seed.dataconnected         632  0.11511228431256738       0.26724642862990228        72.750963685542587        168.89974289409824       0.16991774527555514        107.38801501415085        1112.8554083944675        2900.7250457391001             1225         299
 ../2427_seed.dataconnected         455   9.6335087334004435E-002  0.23020109966798652        43.832464736972021        104.74150034893387       0.14330289798689855        65.202818584038837        774.74787860892457        1658.5356966267318              907         100
 ../2428_seed.dataconnected         511  0.12604919759087130       0.30187509213680364        64.411139968935231        154.25817208190665       0.17766199776731206        90.785280859096460        1081.4010887748489        2646.6744843453812              970          68
 ../2429_seed.dataconnected         472  0.11703120549883420       0.27820637471446130        55.238728995449740        131.31340886522574       0.15293593104545233        72.185759453453500        799.56581627665832        1823.6615244496427             1037         114
 ../2430_seed.dataconnected         364  0.11110492954881168       0.25375689099635695        40.442194355767455        92.367508322673928       0.16196232271283012        58.954285467470164        693.15772858652861        1373.1902672827634              886          87
 ../2431_seed.dataconnected         609   8.7685107685024230E-002  0.20677464468992923        53.400230580179759        125.92575861616690       0.12416679065733584        75.617575510317522        1069.6200015731688        2636.8769162469926             1013          35
 ../2432_seed.dataconnected         489  0.10453671393673770       0.24853081616457581        51.118453115064739        121.53156910447757       0.14152019030708063        69.203373060162434        867.61328045886285        1882.6995293034665              985         208
 ../2433_seed.dataconnected         583  0.10585825035634093       0.25127282036956738        61.715359957746763        146.49205427545778       0.14501380019933868        84.543045516214448        862.49824374982211        1979.6394168047364             1039         127
 ../2434_seed.dataconnected         561   9.9228891972381161E-002  0.24099608305022097        55.667408396505834        135.19880259117397       0.12193213218365508        68.403926155030504        1113.7619628734690        2754.9079484577742             1005         107
 ../2435_seed.dataconnected         388  0.14250989939952255       0.33719685857933546        55.293840967014752        130.83238112878215       0.18160398383200707        70.462345726818739        740.87809804201095        1491.3741800882528              910          79
 ../2436_seed.dataconnected         308  0.16924863261649145       0.40102823473469495        52.128578845879368        123.51669629828605       0.21163199650585846        65.182654923804407        440.73190900124337        713.04277047265657              965         262
 ../2437_seed.dataconnected         895   6.8222619348469654E-002  0.16462451346398113        61.059244316880338        147.33893955026312       0.10169156898192361        91.013954238821626        2036.7610629927033        6383.3994064546214             1100          23
 ../2438_seed.dataconnected         454   8.0161398489534394E-002  0.19135063392885726        36.393274914248614        86.873187803701200       0.12528214083287922        56.878091938127170        936.79255390526566        2104.6752457528114             1008         217
 ../2439_seed.dataconnected         819   5.0455868040163387E-002  0.12061743788361091        41.323355924893818        98.785681626677345        8.2722307332788181E-002   67.749569705553526        1704.5614718701784        5311.3660007400485             1044          16
 ../2440_seed.dataconnected         532  0.12015596041230855       0.29125485163468168        63.922970939348154        154.94758106965065       0.15934179266094894        84.769833695624840        943.38464150110315        2300.3418429690141              948          64
 ../2441_seed.dataconnected         826   7.6429762423936856E-002  0.18044157103551839        63.130983762171844        149.04473767533818       0.10605480832954110        87.601271680200952        1462.1311991661566        4230.6239506289721             1087          81
 ../2442_seed.dataconnected         380  0.11106675148458474       0.26268934601163835        42.205365564142198        99.821951484422570       0.15058319328586528        57.221613448628808        768.53245020716372        1527.1029930282393              833          63
 ../2443_seed.dataconnected         844   6.4064641457632396E-002  0.15707263169000529        54.070557390241746        132.56930114636447        8.0035599422515896E-002   67.550045912603423        1718.7714742346523        5353.6354406252312             1171         155
 ../2444_seed.dataconnected         989   5.7325031590550177E-002  0.13505836495087334        56.694456243054127        133.57272293641373        8.6861310672542671E-002   85.905836255144706        1601.8080511861849        4729.5966238443825             1135          27
 ../2445_seed.dataconnected         381  0.10222564409418772       0.24241066286444674        38.947970399885520        92.358462551354208       0.13619909452191564        51.891855012849859        577.34259346889701        1073.3885195629366              863          39
 ../2446_seed.dataconnected         837   6.5241320763642335E-002  0.15812371283209323        54.606985479168635        132.34954764046202        8.7171216651220268E-002   72.962308337071363        1867.6633243993447        6489.4777570722472             1065          19
 ../2447_seed.dataconnected         397  0.12078084027247250       0.28438441542242171        47.949993588171587        112.90061292270141       0.16154102707403284        64.131787748391034        716.00272961620010        1363.2833415772600             1075         168
 ../2448_seed.dataconnected         539  0.13297905757275522       0.31560026477736797        71.675712031715065        170.10854271500133       0.18536860258643853        99.913676794090364        1032.3346036012119        2454.3667676904356              953          65
 ../2449_seed.dataconnected         682   9.4378435093493390E-002  0.22366446914118229        64.366092733762486        152.53916795428631       0.12846591105274080        87.613751337969219        1144.8277101962885        3137.5150813764458             1021          46
 ../2450_seed.dataconnected         430   9.5287602169818589E-002  0.22691489548949789        40.973668933021990        97.573405060484092       0.12767110432008502        54.898574857636561        669.24079203082169        1316.9026385971397              939          50
 ../2451_seed.dataconnected         958   5.6480681365333636E-002  0.13509592832801456        54.108492747989622        129.42189933823795        7.4136582694957695E-002   71.022846221769470        1578.3322838786746        4896.4672976927322             1155          17
 ../2452_seed.dataconnected         388  0.15085735910625117       0.36509782747974945        58.532655333225456        141.65795706214280       0.20389281790048477        79.110413345388096        674.54745979899371        1388.9286775090293              932         121
 ../2453_seed.dataconnected         572   7.8846187379998364E-002  0.18893487245573104        45.100019181359066        108.07074704467816       0.11145996249196996        63.755098545406817        1435.8831100777913        3921.5525780609132              937          51
 ../2454_seed.dataconnected         730   9.5640390173664283E-002  0.22968718841070740        69.817484826774930        167.67164753981641       0.13296527039304754        97.064647386924705        1279.1260353814944        3511.9276635401625             1034          75
 ../2455_seed.dataconnected         647   8.5454441184908497E-002  0.20178474418998382        55.289023446635795        130.55472949091953       0.13232630506215456        85.615119375214007        1126.9802122894764        2875.4740328061480             1019          55
 ../2456_seed.dataconnected         320  0.20987451477141469       0.49143206106198428        67.159844726852697        157.25825953983497       0.27125215245352602        86.800688785128330        446.05881438457050        730.43731171025115              878          79
 ../2457_seed.dataconnected         702   8.2362744821710632E-002  0.19581118478929133        57.818646864840865        137.45945172208252       0.12202327592283649        85.660339697831219        1515.7366003053983        4632.7858784415685             1003          44
 ../2458_seed.dataconnected         870   7.8826705918963402E-002  0.18697124489133227        68.579234149498163        162.66498305545906       0.11116028793958001        96.709450507434610        1578.2381556572843        5035.6401396844703             1198          32
 ../2459_seed.dataconnected         697   8.9273512065076527E-002  0.21711030723325550        62.223637909358338        151.32588414157908       0.11417282820402508        79.578461258205479        1450.2001792405611        4005.6678774286211             1095          44
 ../2460_seed.dataconnected         484  0.11858508160134916       0.28363010546593220        57.395179495052993        137.27697104551117       0.17302474047971619        83.743974392182636        894.08091607682525        1977.7223682366928             1048          99
 ../2461_seed.dataconnected         379  0.16248547622762774       0.38602859706075171        61.581995490270913        146.30483828602490       0.20310903800844393        76.978325405200252        660.69963896034074        1207.3831613292398             1089         340
 ../2462_seed.dataconnected         501  0.12807388206530038       0.29970711766389652        64.165014914715485        150.15326594961215       0.16957906420271746        84.959111165561438        767.08247951993394        1522.9873247929784             1106         150
 ../2463_seed.dataconnected         661   8.7240918176726009E-002  0.20756228908398061        57.666246914815893        137.19867308451117       0.12624184381484799        83.445858761614517        1116.4224553223660        3097.6608761616435              988          73
 ../2464_seed.dataconnected         730   9.3037620787351949E-002  0.22163449481457179        67.917463174766922        161.79318121463740       0.12756518572475328        93.122585579069892        1839.4330884705018        5672.4651460600362              983          44
 ../2465_seed.dataconnected         363  0.17259142707808547       0.39447138816501054        62.650688029345027        143.19311390389882       0.22825693227816624        82.857266416974340        574.30707922648105        1004.5163312574947             1057         130
 ../2466_seed.dataconnected         595   8.8265960747323499E-002  0.21284932697756101        52.518246644657481        126.64534955164881       0.10845946120298335        64.533379415775087        1099.1961419641425        2732.8375252716460             1108         142
 ../2467_seed.dataconnected         408   8.7566432113143661E-002  0.20918337525742312        35.727104302162616        85.346817105028634       0.11353240806711416        46.321222491382578        731.50659873647305        1372.1406079452659              930          80
 ../2468_seed.dataconnected         566   9.6802563736224506E-002  0.22712490325079437        54.790251074703072        128.55269523994963       0.13775331522975107        77.968376420039107        1093.9602986704078        2632.2733064349254             1074          56
 ../2469_seed.dataconnected         715  0.10256069433332118       0.24431174642539111        73.330896448324651        174.68289869415463       0.14111795058527538        100.89933466847189        1322.6137418662520        3524.7051106989229             1039          15
 ../2470_seed.dataconnected         634   9.4208085942922196E-002  0.22309032897382458        59.727926487812674        141.43926856940479       0.11915979176363695        75.547307978145824        1069.6555222401751        2745.6692303630643              967          60
 ../2471_seed.dataconnected         422   9.8202795938832146E-002  0.22743723874229818        41.441579886187164        95.978514749249825       0.14014493725182997        59.141163520272251        918.14373553394569        2244.1036641862479             1008         124
 ../2472_seed.dataconnected         609   6.2321734984390684E-002  0.14697177472259765        37.953936605493929        89.505810806061973        7.2999047234824588E-002   44.456419766008175        1290.7576730236037        3587.5404756815801              985          48
 ../2473_seed.dataconnected         590   8.1602239239864025E-002  0.19790967797517528        48.145321151519774        116.76671000535342       0.11207564426553636        66.124630116666452        1196.8501036453692        3155.7006020238291             1130         247
 ../2474_seed.dataconnected         578   8.1248577579216899E-002  0.19779984800207084        46.961677840787367        114.32831214519695       0.11364754564710788        65.688281384028357        1082.0880648548989        2528.1003494794818             1008         157
 ../2475_seed.dataconnected         266  0.18923381383266261       0.43880481144832367        50.336194479488256        116.72207984525410       0.23962096838352845        63.739177590018571        316.43262661698873        443.16057750903076              864         165
 ../2476_seed.dataconnected         419  0.14879390391819947       0.34001696974785411        62.344645741725579        142.46711032435087       0.21765242630603562        91.196366622228922        605.14753661900841        1171.2288868914363             1004         109
 ../2477_seed.dataconnected         361  0.11062159460544674       0.26060735869401552        39.934395652566273        94.079256488539599       0.15017347039722986        54.212622813399982        737.90073437105730        1478.0008812211800              923         135
 ../2478_seed.dataconnected         380  0.16577910664149972       0.38812344528518933        62.996060523769899        147.48690920837194       0.21691353235381353        82.427142294449141        718.38558965881293        1451.4398253953264             1002         114
 ../2479_seed.dataconnected         786   6.3096593883231175E-002  0.14763099235857211        49.593922792219701        116.03795999383767        7.6899322793352917E-002   60.442867715575396        1458.3105389434445        4259.2672593760626             1079          39
 ../2480_seed.dataconnected         729   6.5134592262632532E-002  0.15749955472544561        47.483117759459113        114.81717539484984        8.8459632006387859E-002   64.487071732656744        1295.6961191071975        3680.3956836866123             1070          30
 ../2481_seed.dataconnected         604  0.12064589868519583       0.29209439674566656        72.870122805858287        176.42501563438262       0.16916527174256821        102.17582413251120        1126.7320966717296        2732.0222800341944             1064          81
 ../2482_seed.dataconnected         583  0.10916037564909957       0.25982408259603318        63.640499003425049        151.47744015348735       0.14594064028604647        85.083393286765101        947.06213877159826        2213.7131166126451             1000         121
 ../2483_seed.dataconnected         522  0.10856643349227446       0.25792139650838591        56.671678282967271        134.63496897737744       0.16010198610894494        83.573236748869263        834.05169214284683        1942.0952682064271             1054          68
 ../2484_seed.dataconnected         719  0.10925239580681124       0.25226357904588659        78.552472585097291        181.37751333399245       0.15933855315702844        114.56441971990346        1423.7730475660255        3953.1599102864543             1045          36
 ../2485_seed.dataconnected         475  0.11922101767752899       0.28546093416940155        56.629983396826269        135.59394373046572       0.16588097321711762        78.793462278130875        1042.1350799530976        2443.5169781457043             1049         240
 ../2486_seed.dataconnected         479  0.11235027032486768       0.26991479922652961        53.815779485611614        129.28918882950768       0.14479027776107833        69.354543047556518        912.08041013886657        2076.4615549834457              993         123
 ../2487_seed.dataconnected         707   7.8735914070419410E-002  0.18678300290974170        55.666291247786525        132.05558305718739       0.10913995940371582        77.161951298427084        1424.6798595864029        4020.3552890602878             1103          79
 ../2488_seed.dataconnected         495  0.13871277878104737       0.32646513083381068        68.662825496618453        161.60023976273629       0.18314677178850566        90.657652035310306        926.32344368340682        2208.7184423052704             1171         215
 ../2489_seed.dataconnected         655   6.7792315169265135E-002  0.16250049472932987        44.403966435868661        106.43782404771106        8.9692938512724668E-002   58.748874725834661        1322.0578880707108        3790.8749786022508             1054          94
 ../2490_seed.dataconnected         390  0.18080159618970520       0.42063973825007289        70.512622513985036        164.04949791752844       0.23140008904204928        90.246034726399216        577.14884796137562        1055.6469038473724              998         183
 ../2491_seed.dataconnected         687   4.8375896021089319E-002  0.11269454000222115        33.234240566488360        77.421148981525931        6.8125666724315623E-002   46.802333039604832        1091.9601595051561        2867.8746353977558              997          20
 ../2492_seed.dataconnected         568   9.5234292496832490E-002  0.22211111256551655        54.093078138200852        126.15911193721340       0.13276022179022648        75.407805976848636        994.31382966490446        2425.9932292127055              983          58
 ../2493_seed.dataconnected         450  0.12908651458053388       0.31124002982254589        58.088931561240251        140.05801342014564       0.17267499853948506        77.703749342768276        751.35344390798389        1611.6616754691304             1085         203
 ../2494_seed.dataconnected         474   8.8107934549680939E-002  0.21154405091299391        41.763160976548768        100.27188013275912       0.12827657839099518        60.803098157331718        996.10845768671948        2233.0961573858767              928         110
 ../2495_seed.dataconnected         686   8.9902484548811834E-002  0.21422750916436156        61.673104400484917        146.96007128675203       0.12030329019762333        82.528057075569606        1143.9443301702722        3032.8054147673320             1054         103
 ../2496_seed.dataconnected         356  0.13475866363521657       0.32542284013558487        47.974084254137104        115.85053108826821       0.19175414184669970        68.264474497425098        599.72066107441947        1106.9931398642100             1006         188
 ../2497_seed.dataconnected         573   8.8305739941833813E-002  0.20961070885536232        50.599188986670775        120.10693617412261       0.11922264061957828        68.314573075018359        1147.2505133606646        3117.6877536264692              896          43
 ../2498_seed.dataconnected         828   6.6159409708273831E-002  0.15796280905756754        54.779991238450734        130.79320589966594        8.7320715998052120E-002   72.301552846387153        2060.3982736149210        6260.3150026617232             1078          38
 ../2499_seed.dataconnected         496   9.0262783924561871E-002  0.21213073241646108        44.770340826582689        105.21684327856470       0.12183439520003042        60.429860019215091        901.23019667409653        1866.9481626655456             1034         150
 ../2500_seed.dataconnected         351  0.11662529647231522       0.27939401713913736        40.935479061782644        98.067300015837219       0.16602431161465203        58.274533376742866        430.74177383861792        715.57132891415165              961         156
 ../2501_seed.dataconnected         724   8.1624459143856395E-002  0.19681052548292416        59.096108420152028        142.49082044963708       0.11040565051290371        79.933690971342287        1384.5030767285300        3737.4914090011112             1097          48
 ../2502_seed.dataconnected         870   6.9132858434672526E-002  0.16762159485875600        60.145586838165094        145.83078752711771        9.2665428251900883E-002   80.618922579153775        1464.5181587855391        4516.3697913083024             1096          30
 ../2503_seed.dataconnected         841   9.3837524043013321E-002  0.22183196932227148        78.917357720174209        186.56068620003032       0.12548391252024838        105.53197042952888        1643.3156792343007        5129.2471633029509             1100          31
 ../2504_seed.dataconnected         377   9.3043981880334997E-002  0.22155601938085476        35.077581168886297        83.526619306582248       0.12100183632835644        45.617692295790377        662.41368362769811        1203.7616829865201              980         107
 ../2505_seed.dataconnected         608   9.0780999810211871E-002  0.20735732242661378        55.194847884608819        126.07325203538117       0.13289352036654598        80.799260382859956        1339.2081976876975        3349.6359938200062             1009          62
 ../2506_seed.dataconnected         622  0.10450370981080198       0.24442450290532319        65.001307502318838        152.03204080711103       0.14057966112548106        87.440549220049220        1089.3797365538392        2642.4220959871827             1002          46
 ../2507_seed.dataconnected         541  0.15774571031405615       0.36569638513151759        85.340429279904384        197.84174435615103       0.22883037685182975        123.79723387683990        1031.6326967301541        2450.2730538967858              939          78
 ../2508_seed.dataconnected         569  0.10800450054005274       0.25714462473907590        61.454560807290008        146.31529147653418       0.13890556779519586        79.037268075466443        1001.4790154841918        2407.0769999449844             1027          89
 ../2509_seed.dataconnected         725  0.12706344070241740       0.30593394482582048        92.120994509252611        221.80210999871986       0.18287583707836602        132.58498188181537        1316.3777708147702        3425.1710051662335             1093          50
 ../2510_seed.dataconnected         464  0.11136865674302412       0.26493173320414354        51.675056728763195        122.92832420672261       0.15229368997143797        70.664272146747223        883.49416981907495        1985.5749036410716              944          72
 ../2511_seed.dataconnected         933   7.3529626092131026E-002  0.17445974494670238        68.603141143958240        162.77094203527332       0.10680882614916702        99.652634797172837        1256.5279949964620        3462.9605356172942             1157          42
 ../2512_seed.dataconnected         400  0.12816731626692607       0.30070227345974138        51.266926506770425        120.28090938389656       0.17668272249285133        70.673088997140525        759.50203253781410        1519.5302299742930              851          45
 ../2513_seed.dataconnected         641   9.4313553810228420E-002  0.22085526426861099        60.454987992356415        141.56822439617966       0.14408688961074856        92.359696240489825        1242.9750180282524        3252.6175041516112             1095         190
 ../2514_seed.dataconnected         645  0.10802729617609673       0.26131638131928092        69.677606033582393        168.54906595093618       0.13465939949016514        86.855312671156511        1407.6144166299557        3881.6143977027609             1039          58
 ../2515_seed.dataconnected         485  0.13773788038238940       0.32822122077873411        66.802871985458864        159.18729207768604       0.17820103224498654        86.427500638818472        935.92113901959863        2310.8453277253348              920         110
 ../2516_seed.dataconnected         857   8.5776606243686673E-002  0.20430525748717365        73.510551550839480        175.08960566650782       0.10652558687987516        91.292427956053018        1313.7622292270032        3830.7817469954648             1126          28
 ../2517_seed.dataconnected         506  0.10431461298926634       0.24545737236952900        52.783194172568763        124.20143041898167       0.15040813013488794        76.106513848253300        789.06499301481927        1622.6867769560495             1030         209
 ../2518_seed.dataconnected         582   7.5923498795136463E-002  0.17616231435406590        44.187476298769418        102.52646695406635       0.10684691975322569        62.184907296377354        1009.1073258741039        2533.8276032948920             1031          84
 ../2519_seed.dataconnected         502   7.4719812374837616E-002  0.18029754824411154        37.509345812168483        90.509369218543995       0.11099214302466040        55.718055798379524        950.14416085071184        2168.4272499377212              982         150
 ../2520_seed.dataconnected         514   9.0018369960818467E-002  0.21416053004142460        46.269442159860695        110.07851244129225       0.12413237060483373        63.804038490884537        922.15693476590070        1983.6695118053490              952         132
 ../2521_seed.dataconnected         470  0.10220344925004832       0.24292970381997425        48.035621147522711        114.17696079538790       0.14502431392722878        68.161427545797522        712.33455845662274        1491.9618360682350             1016          73
 ../2522_seed.dataconnected         404  0.12821751697955130       0.29865068972705788        51.799876859738724        120.65487864973139       0.17541887603686235        70.869225918892383        703.43262925479189        1434.0295419886334              791          52
 ../2523_seed.dataconnected         976  0.10010230933410050       0.24125348602693228        97.699853910082084        235.46340236228590       0.13416730376142708        130.94728847115283        1457.2062868949795        4228.1688082936971             1223          28
 ../2524_seed.dataconnected         587  0.11533901758802968       0.27771303384850554        67.704003324173428        163.01755086907275       0.15903096934457764        93.351179005267070        1171.2615692438787        2918.8097197374022             1066          62
 ../2525_seed.dataconnected         319  0.11375270609722023       0.26889945456478620        36.287113245013252        85.778926006166799       0.14540810816478325        46.385186504565858        554.76119173727704        1019.4424107207748             1076         238
 ../2526_seed.dataconnected         488   7.8320320690543899E-002  0.18402926279536405        38.220316496985426        89.806280244137653       0.11255944085481588        54.929007137150151        938.37773326197168        2302.0701710235357              857          85
 ../2527_seed.dataconnected         835   9.7255350612350688E-002  0.23109916646341233        81.208217761312824        192.96780399694930       0.13194436394510298        110.17354389416099        2082.6297163083386        6650.7015917663111             1054          22
 ../2528_seed.dataconnected         710   9.0513296258278933E-002  0.21811383972502763        64.264440343378041        154.86082620476961       0.12013232488005765        85.293950664840935        1302.8715788750487        3677.2386379608629             1060          68
 ../2529_seed.dataconnected         522  0.10497892035948815       0.24650285778396200        54.798996427652817        128.67449176322816       0.14292438797380941        74.606530522328512        1144.8469963837017        2819.0781056357027             1044         175
 ../2530_seed.dataconnected         389  0.10450043464941967       0.23212045176879392        40.650669078624254        90.294855738060832       0.15513595903311442        60.347888063881506        627.31683593928437        1220.1923769440596             1057         174
 ../2531_seed.dataconnected         518   8.8459976722260053E-002  0.21290327777026083        45.822267942130708        110.28389788499511       0.12408517309318690        64.276119662270816        942.98678988661902        2266.3674433562051              940          92
 ../2532_seed.dataconnected         340  0.13560404103318308       0.32325582484366794        46.105373951282246        109.90698044684710       0.18157762853744894        61.736393702732641        574.20743431690312        943.65854791276524              931         180
 ../2533_seed.dataconnected         594  0.12664048565182856       0.30036699552462176        75.224448477186158        178.41799534162533       0.15997927071590834        95.027686805249559        1039.2146196737883        2572.3235065586327             1099         190
 ../2534_seed.dataconnected         524  0.11212367266094975       0.26914421196896915        58.752804474337665        141.03156707173983       0.15508549683251524        81.264800340237983        1113.4231151274068        2670.0626785955651              924          34
 ../2535_seed.dataconnected         850   7.6424306818919263E-002  0.18185613180457397        64.960660796081370        154.57771203388788        9.8847305664623353E-002   84.020209814929856        1873.6942652967200        6325.3574638114651             1139          77
 ../2536_seed.dataconnected         769  0.10704410817575129       0.25423940497577874        82.316919187152735        195.51010242637386       0.15655311214198903        120.38934323718956        1481.2301110675864        4325.0917298676677             1096          57
 ../2537_seed.dataconnected         295  0.17077423253621676       0.39483854976496169        50.378398598183942        116.47737218066369       0.22164588499591142        65.385536073793872        313.78426594831444        439.82393746829570              928         176
 ../2538_seed.dataconnected         408  0.11455025414314399       0.26930205884878644        46.736503690402749        109.87524001030486       0.14762303728183135        60.230199210987188        595.01576057755403        1159.2847095856787              978          75
 ../2539_seed.dataconnected         605   7.4080748525934409E-002  0.17767897660010878        44.818852858190318        107.49578084306582        9.6102898340362675E-002   58.142253495919419        1487.0932172427674        4102.1288529354451              922          74
 ../2540_seed.dataconnected         612   9.2093030854624530E-002  0.21878629100334607        56.360934883030211        133.89721009404781       0.13374378045072727        81.851193635845092        1012.3686265919688        2657.1351371297205             1071          63
 ../2541_seed.dataconnected         351  0.15278186207898317       0.35958665904172538        53.626433589723092        126.21491732364561       0.20472407251583358        71.858149453057592        535.94553843755159        960.31089368528535              886         111
 ../2542_seed.dataconnected         361  0.12183432020637007       0.29088490863670008        43.982189594499594        105.00945201784873       0.16205393875119936        58.501471889182966        584.60667789247407        1116.6755936880238              914         112
 ../2543_seed.dataconnected         849   6.0900290533358561E-002  0.14723272018348660        51.704346662821422        125.00057943578012        9.1562495799205765E-002   77.736558933525700        1648.4172084345455        4675.4583688644507             1107          27
 ../2544_seed.dataconnected         715   8.3664442497130911E-002  0.20099833877536152        59.820076385448601        143.71381222438350       0.12119228732785869        86.652485439418967        1295.7593715092810        3683.0128510539607             1044          65
 ../2545_seed.dataconnected         611   6.7644285962009026E-002  0.15866923530114477        41.330658722787518        96.946902768999450        8.8923790426542429E-002   54.332435950617423        1353.7253697300725        3642.2104744009971              884          49
 ../2546_seed.dataconnected         709   6.8317159946386791E-002  0.16281505587810396        48.436866401988233        115.43587461757571        8.7131404633817702E-002   61.776165885376749        1420.6328716412818        3860.1063191719468              976          29
 ../2547_seed.dataconnected         787   7.0111826171508240E-002  0.16490351073400747        55.178007196976985        129.77906294766387        9.6471690100899343E-002   75.923220109407779        1529.5476312257990        4323.0818629543364             1069          41
 ../2548_seed.dataconnected         338  0.14492561478493673       0.34672558863470127        48.984857797308614        117.19324895852903       0.20184869625424925        68.224859333936251        659.09558190541452        1248.1722478341073              853         106
 ../2549_seed.dataconnected         857   6.5986138883665016E-002  0.15335992233685677        56.550121023300917        131.42945344268625        9.2391324404753242E-002   79.179365014873525        1290.2079665169608        3747.5319011249317             1126          36
 ../2550_seed.dataconnected         634   6.3969594302381111E-002  0.15192100805025247        40.556722787709624        96.317919103860064        8.1293217354609523E-002   51.539899802822440        974.41886688964121        2408.9875195991367             1130          67
 ../2551_seed.dataconnected         346   9.9042130985298821E-002  0.23645666229090129        34.268577320913394        81.814005152651845       0.12216506429447581        42.269112245888628        649.89077550740387        1187.3644106174393              924         110
 ../2552_seed.dataconnected         733   6.0689261978455068E-002  0.13990237548012269        44.485229030207563        102.54844122692992        9.6335685882057279E-002   70.614057751547989        1104.5966964097167        2811.4625666508969             1106         107
 ../2553_seed.dataconnected         741   7.2610533967313831E-002  0.16983395707025731        53.804405669779548        125.84696218906066       0.10953123915508803        81.162648213920235        1207.2857161093327        3179.4060509962369             1112          31
 ../2554_seed.dataconnected         469  0.12086809247367425       0.28790074445961050        56.687135370153221        135.02544915155732       0.16112180497193351        75.566126531836815        780.22947368442397        1690.0060574639779              961         124
 ../2555_seed.dataconnected         594  0.13590669830969543       0.31957413990895828        80.728578795959081        189.82703910592122       0.18319195133676749        108.81601909403989        1289.4834701180248        3066.7742171037862              962          33
 ../2556_seed.dataconnected         883   7.7106452361275862E-002  0.18337935313145221        68.084997435006585        161.92396881507230       0.10241456839540136        90.432063893139400        1588.8161455571669        4548.3312384654973             1233          92
 ../2557_seed.dataconnected         538  0.11102404159711574       0.26663803415355442        59.730934379248268        143.45126237461227       0.14841937569902006        79.849624126072797        1059.9449279756911        2511.7687135694528              980          89
 ../2558_seed.dataconnected         495  0.12247970377826013       0.29345967528422606        60.627453370238769        145.26253926569191       0.16067759151981845        79.535407802310132        1142.5169141971430        2751.3942934744855              972          37
 ../2559_seed.dataconnected         487   8.9857938924117198E-002  0.21480703464071202        43.760816256045075        104.61102587002675       0.11852646263000638        57.722387300813104        994.28162188848273        2346.7044543198303              894          69
 ../2560_seed.dataconnected         823   5.6586046197198918E-002  0.13548218951574445        46.570316020294712        111.50184197145768        8.0051015061851249E-002   65.881985395903584        1460.9929820391137        4507.1341090902288             1016          23
 ../2561_seed.dataconnected         833   6.7653103164453054E-002  0.16465130043006274        56.355034935989394        137.15453325824225        9.3063741980828757E-002   77.522097070030355        1920.6814746392777        6621.8613644146126             1107          51
 ../2562_seed.dataconnected         579  0.11019457800975982       0.26473833898198490        63.802660667650933        153.28349827056925       0.14666968518022988        84.921747719353107        1044.1552805638617        2569.6056622648252             1065         104
 ../2563_seed.dataconnected         533   7.4773852869251922E-002  0.17228194707877725        39.854463579311272        91.826277792988279        9.8638519414226813E-002   52.574330847782889        1351.4725920925737        3467.3372351269068             1085         190
 ../2564_seed.dataconnected         343  0.12097118600328557       0.28610831463823916        41.493116799126952        98.135151920916030       0.16244951426284673        55.720183392156429        617.04462208858615        1246.1173261655208              951         160
 ../2565_seed.dataconnected         667   7.6848457432304229E-002  0.17692455302859200        51.257921107346924        118.00867687007087       0.11357802675997195        75.756543848901288        1058.8055259701939        2812.7776677309639              964          60
 ../2566_seed.dataconnected         678   7.1550398682714844E-002  0.17496446045696398        48.511170306880665        118.62590418982158        9.1225633706116541E-002   61.850979652747014        1168.9764495574730        3215.3555245369930             1132         181
 ../2567_seed.dataconnected         519   8.3580760216018180E-002  0.19740496285573120        43.378414552113433        102.45317572212448       0.11688488042785843        60.663252942058520        1195.2977062628663        3003.9315525293828              930          50
 ../2568_seed.dataconnected         461   9.7690762890968369E-002  0.23275862793648192        45.035441692736420        107.30172747871816       0.15261122349943823        70.353774033241024        810.02651024975705        1788.6626969410759              923          99
 ../2569_seed.dataconnected         471   8.9564100423683929E-002  0.20555943796971252        42.184691299555134        96.818495283734592       0.14031673065841485        66.089180140113399        894.93313124626923        2145.2341215973379              968         116
 ../2570_seed.dataconnected         522  0.12149038569161662       0.28403915880222774        63.417981331023874        148.26844089476288       0.16906500914330475        88.251934772805072        962.21695073302408        2290.8055219443863              928          64
 ../2571_seed.dataconnected         549   9.3102576929444153E-002  0.22589160128336408        51.113314734264840        124.01448910456688       0.11643370795833151        63.922105669124001        943.60181905163472        2275.3524400041906              918          82
 ../2572_seed.dataconnected         807   7.7561305756499527E-002  0.18583766415403480        62.591973745495117        149.97099497230607       0.10033600509430174        80.971156111101507        1440.6007640382234        4169.6761852109121             1192          60
 ../2573_seed.dataconnected         438  0.10905837286610266       0.25811356078675479        47.767567315352963        113.05373962459861       0.15185675794394934        66.513259979449813        741.79166636617367        1555.8310074605713              928          75
 ../2574_seed.dataconnected         388  0.15790273539530586       0.37291051129587810        61.266261333378672        144.68927838280069       0.21002961080006749        81.491488990426191        636.36463838110842        1184.0721317949876             1083         136
 ../2575_seed.dataconnected         805   7.6043125607813733E-002  0.18568656074939671        61.214716114290056        149.47768140326434        9.7107592512193835E-002   78.171611972316043        1843.7280558173925        5922.0485160372091             1100          35
 ../2576_seed.dataconnected         783   5.9860495031260501E-002  0.13815024178495441        46.870767609476971        108.17163931761931        9.0241717769700108E-002   70.659265013675181        1604.0926161908651        4844.4282471184042             1123          49
 ../2577_seed.dataconnected         395  0.13488648477446291       0.32210561170445540        53.280161485912849        127.23171662325989       0.16823433495679416        66.452562307933690        743.86910837815753        1444.8356429427904             1006         121
 ../2578_seed.dataconnected         513  0.10515126339458818       0.24921015918291597        53.942598121423735        127.84481166083590       0.14580702346256180        74.799003036294209        934.39539907731978        2227.7820978568234             1012          77
 ../2579_seed.dataconnected         377  0.12596512075550839       0.30438368965368739        47.488850524826667        114.75265099944015       0.16663690568122680        62.822113441822502        680.51393220986188        1350.8463417155058             1008         138
 ../2580_seed.dataconnected         558   8.8709747959348773E-002  0.21313302031282780        49.500039361316617        118.92822533455791       0.11513479132610673        64.245213559967553        905.18879683484533        2181.6567280934028              923          33
 ../2581_seed.dataconnected         546  0.11650893362994826       0.27667880255547311        63.613877761951748        151.06662619528831       0.15721649011031349        85.840203600231163        1039.5227234352617        2396.6123212003026             1040          83
 ../2582_seed.dataconnected         674  0.12624957953226362       0.29913619775412681        85.092216604745687        201.61779728628147       0.17121232431642255        115.39710658926880        1304.2318125419602        3255.4511103589462             1098          91
 ../2583_seed.dataconnected         438  0.12795787907193762       0.30404893373813213        56.045551033508680        133.17343297730187       0.16600142089591799        72.708622352412078        846.60820634190247        1853.5041236200148             1062         119
 ../2584_seed.dataconnected         765   9.9646725322850099E-002  0.23562026208209319        76.229744871980330        180.24950049280130       0.13783802490083746        105.44608904914065        1526.4298056553941        4580.8969279520734             1146         120
 ../2585_seed.dataconnected         491   9.5265796985032694E-002  0.22785433812601547        46.775506319651051        111.87648001987360       0.12703608276587161        62.374716638042962        852.70864726726938        1643.6092863006745             1142         192
 ../2586_seed.dataconnected         438  0.16862648502500394       0.40540299590599405        73.858400440951726        177.56651220682539       0.23217255875030651        101.69158073263425        742.92439779563745        1499.4184806168978             1058         227
 ../2587_seed.dataconnected         863   7.7522161278354873E-002  0.18485952470884362        66.901625183220261        159.53376982373206        9.2403346973551112E-002   79.744088438174614        1728.2918094232691        5543.2845585919495             1136          33
 ../2588_seed.dataconnected         739   6.6598623769875243E-002  0.15856017542206921        49.216382965937804        117.17596963690914       0.10114521250327260        74.746312039918450        1585.2807560596254        5023.2371265991032             1017          28
 ../2589_seed.dataconnected         772   8.7147745904740753E-002  0.20934206255963422        67.278059838459868        161.61207229603761       0.12827660040626854        99.029535513639317        1606.1027203612368        4734.4473860731405             1068          49
 ../2590_seed.dataconnected         646  0.10599903381987782       0.25428455360419527        68.475375847641075        164.26782162831014       0.14449744246361851        93.345347831497563        1151.6206303214101        3075.1025092897580             1009          44
 ../2591_seed.dataconnected         585   6.9459858003892372E-002  0.16470963049092227        40.634016932277035        96.355133837189527        9.7492512902588119E-002   57.033120048014048        1256.3774951054827        3280.9557014680181              926          35
 ../2592_seed.dataconnected         606   9.6989674040162552E-002  0.22757901805683445        58.775742468338507        137.91288494244168       0.13551022175307562        82.119194382363830        998.20042143714215        2654.0700268964983             1023          42
 ../2593_seed.dataconnected         796   7.9763016220603791E-002  0.18884405148619832        63.491360911600616        150.31986498301387       0.12331497665371370        98.158721416356101        1587.9664496533014        4817.8422765071955             1171         108
 ../2594_seed.dataconnected         717   8.5033809471321650E-002  0.19968976478828518        60.969241390937626        143.17756135320047       0.12367695783005543        88.676378764149746        1148.6885162634928        3163.4293225541410             1100          61
 ../2595_seed.dataconnected         555   8.4494311945550363E-002  0.20933565765195392        46.894343129780452        116.18128999683442       0.12600812502523262        69.934509389004106        1011.1320071680063        2370.0719623869682             1023         179
 ../2596_seed.dataconnected         547  0.10407072485451718       0.24331492142655370        56.926686495420896        133.09326202032489       0.16017386893188532        87.615106305741264        1240.7899447877601        3275.1317582751017              961         130
 ../2597_seed.dataconnected         443  0.15221519172913503       0.36057316303309750        67.431329936006819        159.73391122366220       0.19550399423507467        86.608269446138081        607.79525798596364        1123.7608439790813             1036         146
 ../2598_seed.dataconnected         607   9.4617313848048931E-002  0.22854478101006112        57.432709505765700        138.72668207310710       0.12351155033654250        74.971511054281294        1120.3051442738133        2792.4388337953851              974          62
 ../2599_seed.dataconnected         527  0.12034553313518415       0.28642568841057103        63.422095962242047        150.94633779237094       0.16138806752495077        85.051511585649052        942.35687243758878        2177.5065563850208             1014         115
 ../2600_seed.dataconnected         679   8.4483617911549791E-002  0.19843015010102649        57.364376561942308        134.73407191859698       0.10957269889963277        74.399862552850649        1373.3789436929521        3829.5747431806521             1005          46
 ../2601_seed.dataconnected         802   9.7169782690913156E-002  0.22425653867104106        77.930165718112349        179.85374401417494       0.14381763240726658        115.34174119062780        1947.1267056000358        5976.9469356025875             1065          30
 ../2602_seed.dataconnected         623  0.12153349687199745       0.28465888169110543        75.715368551254414        177.34248329355867       0.16234914814874099        101.14351929666563        1134.0615064165033        2705.5433239100266             1057          54
 ../2603_seed.dataconnected         326  0.12195702456998926       0.29097353105282459        39.757990009816503        94.857371123220815       0.15719071477445420        51.244173016472068        541.68944323111350        930.02276378956958              767          58
 ../2604_seed.dataconnected         626   6.2659452975274851E-002  0.14893508966273517        39.224817562522055        93.233366128872220        8.1985417652748097E-002   51.322871450620312        1065.7940093957707        2683.4481844480733             1076         152
 ../2605_seed.dataconnected         766   8.5368125076922166E-002  0.20447518751216107        65.391983808922376        156.62799363431537       0.11928899272956789        91.375368430849008        1401.0066400678429        3971.7834819178952             1080          32
 ../2606_seed.dataconnected         754   8.6327738025231818E-002  0.20863417782579347        65.091114471024795        157.31017008064828       0.11801587478449971        88.983969587512775        1639.0245319139187        4898.8747356378572             1096          92
 ../2607_seed.dataconnected         502  0.11949216857649127       0.27251216185115951        59.985068625398618        136.80110524928207       0.17096877711829334        85.826326113383260        787.21555684305667        1764.0631601668224              944          57
 ../2608_seed.dataconnected         510  0.13494829905731962       0.32352690769161424        68.823632519233001        164.99872292272326       0.17956639770354860        91.578862828809790        881.23657437646818        2047.0966331564391             1104         237
 ../2609_seed.dataconnected         556   9.3494815694082550E-002  0.22220504289691609        51.983117525909897        123.54600385068535       0.13186309462571152        73.315880611895608        1111.3935882607548        2866.8895805989973              964          56
 ../2610_seed.dataconnected         864   7.3489049484669625E-002  0.17547930967669473        63.494538754754558        151.61412356066424       0.11968610812522182        103.40879742019165        1727.5085180438000        5645.9490447795770             1163          47
 ../2611_seed.dataconnected         549  0.12815583017227672       0.30537932271125762        70.357550764579912        167.65324816848045       0.16663425698215306        91.482207083202027        1130.7893573568881        2716.0179767313930              998          54
 ../2612_seed.dataconnected         504   9.0622087442818952E-002  0.21508816349232687        45.673532071180752        108.40443440013274       0.12607221524487272        63.540396483415854        885.32770257653340        1937.3960934081181              914          35
 ../2613_seed.dataconnected         704   7.9832768687610856E-002  0.18856560394352870        56.202269156078046        132.75018517624420       0.11729603921825087        82.576411609648616        1281.8261258951432        3574.7659423120940             1182          61
 ../2614_seed.dataconnected         387  0.12272271720082216       0.28738154309605368        47.493691556718176        111.21665717817278       0.16545656210628415        64.031689535131960        562.40210000412617        1009.2068597711344             1044         346
 ../2615_seed.dataconnected         464  0.14411433956237005       0.34325816452328506        66.869053556939704        159.27178833880427       0.19041091628266107        88.350665155154744        726.94244358804326        1463.4139747531924              959         101
 ../2616_seed.dataconnected         614  0.11839018506294137       0.27816506976178368        72.691573628645997        170.79335283373518       0.16279225670077863        99.954445614278072        1091.2960705749799        2722.1868217461019             1175         182
 ../2617_seed.dataconnected         571  0.10782861170315898       0.25262477820272622        61.570137282503779        144.24874835375667       0.15352572453437000        87.663188709125265        914.40281732332471        2138.6825401948395             1075         269
 ../2618_seed.dataconnected         643   8.9409651263037168E-002  0.20766006577985929        57.490405762132902        133.52542229644953       0.12299051777989566        79.082902932472905        911.97163214195939        2271.3259490992386             1053          80
 ../2619_seed.dataconnected         537  0.12443321909390392       0.29659928544794595        66.820638653426414        159.27381628554699       0.17407549975329695        93.478543367520459        1058.8964592348173        2299.1440021228641             1003         161
 ../2620_seed.dataconnected         691   7.0054923915768980E-002  0.16679294200078490        48.407952425796367        115.25392292254237       0.10662331057684910        73.676707608602726        1524.6110757984459        4376.4840185722342             1087         100
 ../2621_seed.dataconnected         622  0.10450640984496264       0.24196078565075294        65.002986923566766        150.49960867476833       0.14317787599033702        89.056638865989626        982.62455174935758        2446.5948174205269              976          64
 ../2622_seed.dataconnected         488   7.1965748413015299E-002  0.17297755335585416        35.119285225551465        84.413046037656827       0.11368904434875922        55.480253642194498        928.32937637504688        2121.9981786619710              980         126
 ../2623_seed.dataconnected         689   7.4051549436828651E-002  0.17639692468670440        51.021517561974939        121.53748110913934       0.10312229164031715        71.051258940178514        1425.3478349757947        4328.0704257211955             1049          46
 ../2624_seed.dataconnected         461  0.13188156008533791       0.30536630766467054        60.797399199340781        140.77386783341314       0.18388892513037500        84.772794485102878        687.44287451452828        1425.6876363665706              923          54
 ../2625_seed.dataconnected         752   8.3744206081925759E-002  0.19885730036846805        62.975642973608174        149.54068987708797       0.11262926390217140        84.697206454432887        1049.4710405367093        2805.7881577287385             1122          61
 ../2626_seed.dataconnected         899   6.8696780991854084E-002  0.16558238719691715        61.758406111676820        148.85856609002852        9.2711768468531672E-002   83.347879853209974        1367.4853370757844        3848.0654421285899             1156          32
 ../2627_seed.dataconnected         444   8.5042409603598046E-002  0.19627921992751790        37.758829863997533        87.147973647817949       0.11961871643436602        53.110710096858512        768.02871875626442        1618.6915140379097              939          87
 ../2628_seed.dataconnected         590  0.12157900787267019       0.29403642097567140        71.731614644875407        173.48148837564614       0.16520633099093651        97.471735284652539        1010.9342096183821        2509.0691922623055              959          53
 ../2629_seed.dataconnected         463  0.11620099204881518       0.27829158117585312        53.801059318601425        128.84900208441999       0.15645626203038221        72.439249320066963        700.11930439792536        1432.9385729825185             1047          94
 ../2630_seed.dataconnected         776   9.0424810810596959E-002  0.21339084774540296        70.169653189023236        165.59129785043268       0.13309047074166039        103.27820529552847        1479.6110645972699        4206.3849276753654             1159         104
 ../2631_seed.dataconnected         769   8.0991712873014779E-002  0.19201244274623158        62.282627199348362        147.65756847185207       0.11776216828600625        90.559107411938797        1537.6863167296499        4567.5402819112751             1008          32
 ../2632_seed.dataconnected         445   8.9157031267062148E-002  0.21501302163410818        39.674878913842655        95.680794627178145       0.11925725763804235        53.069479648928841        777.97471484333778        1599.6187914892619              861          42
 ../2633_seed.dataconnected         695   6.8196562301615846E-002  0.16253737566148410        47.396610799623012        112.96347608473145        8.5214930187725829E-002   59.224376480469452        1074.8158256881366        2933.2018031993434             1011          24
 ../2634_seed.dataconnected         688  0.10833114437480761       0.25821758792315586        74.531827329867639        177.65370049113122       0.14936473243775689        102.76293591717673        1212.2680779625714        3150.4441997275344             1151         102
 ../2635_seed.dataconnected         434  0.13970749393987553       0.32936600998119697        60.633052369905975        142.94484833183949       0.18995978665034427        82.442547406249417        631.25531136005225        1219.6141860856574              963         104
 ../2636_seed.dataconnected         781  0.10773086493338969       0.25307635932792544        84.137805512977351        197.65263663510976       0.15837504986680861        123.69091394597753        1366.7545163875907        3623.8052128359323             1064          52
 ../2637_seed.dataconnected         597   9.9386459014831771E-002  0.23372836086314380        59.333716031854564        139.53583143529684       0.14896233480840521        88.930513880617909        1145.3531449430448        3052.1730120448756             1091          58
 ../2638_seed.dataconnected         703   6.2204942671416096E-002  0.15038999979644596        43.730074698005517        105.72416985690151        9.0655732961897342E-002   63.730980272213834        1206.9608130635447        3243.7109017200041              998          72
 ../2639_seed.dataconnected         652   7.0405484802654322E-002  0.17673523324884358        45.904376091330619        115.23137207824601        9.9624188195139976E-002   64.954970703231268        1292.3241891761768        3284.3236560818427             1029          58
 ../2640_seed.dataconnected         660   8.6404664660111458E-002  0.20561680390302206        57.027078675673565        135.70709057599456       0.13921716226845246        91.883327097178622        1375.2277441192668        3468.9620169569562             1170         165
 ../2641_seed.dataconnected         535  0.13684019918552928       0.32331454949845845        73.209506564258163        172.97328398167528       0.18915946753805529        101.20031513285959        855.75787453161058        1779.8241685733756              982          94
 ../2642_seed.dataconnected         864   6.9967003841729006E-002  0.16739806687612882        60.451491319253861        144.63192978097530       0.10520249660639192        90.894957067922618        2015.5655836662797        6562.0113043652336             1078          33
 ../2643_seed.dataconnected         774  0.10298471698992648       0.24478776338921185        79.710170950203093        189.46572886324998       0.13891133481838780        107.51737314943216        1502.4881033852207        4264.2308520074703             1097          39
 ../2644_seed.dataconnected         594   5.6461413821004780E-002  0.13413271751899999        33.538079809676837        79.674834206285993        8.7886355421982143E-002   52.204495120657391        1163.4450633964127        2977.3838253346539             1075         115
 ../2645_seed.dataconnected         690   7.2724344854085368E-002  0.17598291937525884        50.179797949318903        121.42821436892859       0.10499347636627236        72.445498692727924        1077.9271345166751        2574.3364104144180             1157          95
 ../2646_seed.dataconnected         552   7.6993692356836299E-002  0.18301021253721478        42.500518180973636        101.02163732054255       0.11832299419529355        65.314292795802032        1270.7695918270877        3329.9320427255802             1013         108
 ../2647_seed.dataconnected         344  0.22048151012925571       0.50333109055926528        75.845639484463959        173.14589515238725       0.28442845369391923        97.843388070708215        483.38697765945432        802.31473845531434              887          75
 ../2648_seed.dataconnected         372  0.15735197361934519       0.35936550992617694        58.534934186396413        133.68396969253783       0.21754495181439781        80.926722074955990        520.13206672330080        839.00179463187055              930         120
 ../2649_seed.dataconnected         629   9.2904406438534939E-002  0.21874535212206975        58.436871649838480        137.59082648478187       0.12789269091566624        80.444502585954069        1084.2257061041016        2793.7688618563934             1011          55
 ../2650_seed.dataconnected         640   9.0760477866070374E-002  0.22041672756834962        58.086705834285041        141.06670564374377       0.13406667285879961        85.802670629631749        1415.6034655081116        3778.5814346293491             1147         191
 ../2651_seed.dataconnected         667   9.9116577169577488E-002  0.23010068076289095        66.110756972108192        153.47715406884825       0.15317554400475447        102.16808785117124        1451.1970372267790        4027.4016534501470             1163          96
 ../2652_seed.dataconnected         678   5.9841231685323147E-002  0.14432612085223420        40.572355082649096        97.853109937814793        8.0453064804015234E-002   54.547177937122328        1235.9943252786902        3304.1870958320164             1059          41
 ../2653_seed.dataconnected         598   9.5683876588361361E-002  0.22489213548502790        57.218958199840095        134.48549702004669       0.13238929232979438        79.168796813217043        1013.6788400899794        2240.5303197555877             1006          64
 ../2654_seed.dataconnected         762   8.6334374752797469E-002  0.20593127070537495        65.786793561631669        156.91962827749572       0.12972494889854316        98.850411060689893        1504.2685880277108        4545.0005105713108             1043          32
 ../2655_seed.dataconnected         673  0.10791550114671454       0.25877259883720549        72.627132271738887        174.15395901743929       0.13835748922054328        93.114590245425632        1195.8857696311745        3188.7350454009684             1064         129
 ../2656_seed.dataconnected         525  0.10982621319825965       0.26439577996595887        57.658761929086317        138.80778448212840       0.14457945325808019        75.904212960492103        1245.6538782830612        3089.3297370241853              959          66
 ../2657_seed.dataconnected         451  0.11959805434823254       0.28447120681662430        53.938722511052873        128.29651427429755       0.14848135003053875        66.965088863772976        747.86670683751220        1570.8915216233440              980         101
 ../2658_seed.dataconnected         556   9.4813555800600441E-002  0.22906238995934997        52.716337025133846        127.35868881739859       0.14125248975093704        78.536384301520997        998.41518876516761        2466.8140408831459             1030          90
 ../2659_seed.dataconnected         763   7.2543036108208434E-002  0.17337448949499790        55.350336550563036        132.28473548468338        9.6544281585414435E-002   73.663286849671209        1493.4924181031527        4504.7068560809748             1090          37
 ../2660_seed.dataconnected         386  0.16801929724969103       0.39750699619239122        64.855448738380744        153.43770053026302       0.23067832724296727        89.041834315785366        526.42744471588458        955.15624784842464             1092         130
 ../2661_seed.dataconnected         870   6.0061536030339986E-002  0.14210112416699189        52.253536346395791        123.62797802528294        8.6185187158235949E-002   74.981112827665271        1715.9855235974412        5236.6613678061130             1106          22
 ../2662_seed.dataconnected         533   9.4687277637167194E-002  0.22641698161668025        50.468318980610114        120.68025120169058       0.13719350521270735        73.124138278373010        1087.8373661592593        2578.4416899169819             1041         136
 ../2663_seed.dataconnected         908   5.9577090770528716E-002  0.14155821118051798        54.095998419640075        128.53485575191033        7.6283100340763937E-002   69.265055109413652        1870.1998729178820        6231.7664834248972             1129          25
 ../2664_seed.dataconnected         717  0.10756292314637074       0.25760498251916764        77.122615895947817        184.70277246624320       0.15071449299490894        108.06229147734970        1529.7973950500111        4286.0550676867588             1126         139
 ../2665_seed.dataconnected         595  0.11545966059490495       0.26981584137589504        68.698498053968450        160.54042561865754       0.17269108170472189        102.75119361430953        1526.6972393520837        3907.0630013036794              981          77
 ../2666_seed.dataconnected         578  0.11468882307205945       0.27330890062422025        66.290139735650357        157.97254456079929       0.16448268628778187        95.070992674337916        1106.9034744827873        2749.6225721816859             1040          93
 ../2667_seed.dataconnected         784  0.10223292509183000       0.23962238159272070        80.150613271994729        187.86394716869302       0.13299964669753594        104.27172301086819        1281.6523021642658        3372.1786563664064             1120          96
 ../2668_seed.dataconnected         821   7.5697323948097528E-002  0.18238097072011972        62.147502961388071        149.73477696121830       0.10402199426675263        85.402057293003907        1822.4145319494089        5643.7516578252407             1139          35
 ../2669_seed.dataconnected        1006   8.7630183756091204E-002  0.20401354359384319        88.155964858627755        205.23762485540624       0.12841351074133567        129.18399180578368        1839.1833780894578        6355.2755149639534             1265          22
 ../2670_seed.dataconnected         689   6.6464312529085467E-002  0.15867522265493744        45.793911332539885        109.32722840925190       0.10406691366718723        71.702103516692006        1471.1581694743763        4307.1329559642727             1090          70
 ../2671_seed.dataconnected         706   8.7161102148939948E-002  0.20982330656491127        61.535738117151602        148.13525443482735       0.11929503841527277        84.222297121182578        1401.1281184689394        3852.1223525553401             1214         103
 ../2672_seed.dataconnected         590  0.10528138474212789       0.24616174785236808        62.116016997855453        145.23543123289716       0.15375051962962100        90.712806581476386        921.68950510763182        2335.7036109851670              999         157
 ../2673_seed.dataconnected         562  0.12373153545977195       0.28980860058363139        69.537122928391838        162.87243352800084       0.18432238618883040        103.58918103812269        984.70695550320704        2395.4533606721875              967          47
 ../2674_seed.dataconnected         718   7.2485160123134620E-002  0.17435334462723204        52.044344968410655        125.18570144235261        8.8875277298211333E-002   63.812449100115735        1570.6283438505807        4513.1788311161863             1059          37
 ../2675_seed.dataconnected         724   8.0178069505018545E-002  0.19025782616937587        58.048922321633427        137.74666614662812       0.12458362388791654        90.198543694851566        1213.4447840297612        3333.0376003135366             1080          43
 ../2676_seed.dataconnected         447  0.12179446678597046       0.28890605502528133        54.442126653328792        129.14100659630074       0.16317483704356589        72.939152158473959        784.95760444589041        1745.6485295999880              941          73
 ../2677_seed.dataconnected         661   6.9415329331705786E-002  0.16916847494127218        45.883532688257525        111.82036193618092        9.2091679134563190E-002   60.872599907946267        1293.2531949438910        3689.1388295611614             1056          42
 ../2678_seed.dataconnected         623  0.10553930232808478       0.25060345430243108        65.750985350396817        156.12595203041457       0.14514492587505085        90.425288820156680        1327.2383655417145        3622.4670656138642             1038          83
 ../2679_seed.dataconnected         877   4.6476594483946893E-002  0.11043641963919325        40.759973362421427        96.852740023572480        7.7252857046073362E-002   67.750755629406342        1518.0943916157755        4701.5099350226465             1061          21
 ../2680_seed.dataconnected         666   8.3982069270110080E-002  0.19958679263901277        55.932058133893314        132.92480389758251       0.11278031591130408        75.111690396928523        1154.5623842904965        3090.6972892054828             1118          81
 ../2681_seed.dataconnected         818   7.6105628027042099E-002  0.18464806328415151        62.254403726120437        151.04211576643593       0.10695694014386319        87.490777037680090        1350.7464957219975        3967.7073690755151             1088          52
