# File, connection, Nq6, PetersQcl, RogalQcl, Nq6*Peters, Nq6*Rogal, MoroniQcl, Nq6*Moroni, area, volume, total solid, 2ndcluster
 ../1_seed.dataconnected         232  0.14524327196804265       0.33525952405053061        33.696439096585898        77.780209579723106       0.19282783956745791        44.736058779650236        350.25779192164100        459.22514584554443              672          56
 ../2_seed.dataconnected         234   9.4479914747701413E-002  0.22456900630874149        22.108300050962132        52.549147476245508       0.11945198093235700        27.951763538171537        423.71506332118491        647.71478038198791              592          42
 ../3_seed.dataconnected         300  0.15695822379456234       0.37001199607115581        47.087467138368702        111.00359882134674       0.20505696774115159        61.517090322345474        442.40510333459548        714.23604165224594              709          49
 ../4_seed.dataconnected         304  0.16067678669334012       0.38002174554176416        48.845743154775398        115.52661064469631       0.21233395041524680        64.549520926235033        425.76318421213205        665.05734746653332              754          56
 ../5_seed.dataconnected         146  0.20351544453350703       0.46043541751578232        29.713254901892029        67.223570957304219       0.24362666800649763        35.569493528948655        185.42936036497622        196.90178473901744              679         128
 ../6_seed.dataconnected         206  0.14443757837043567       0.34174600242418018        29.754141144309749        70.399676499381115       0.17943510268134261        36.963631152356577        339.09707868866343        470.45297023840533              629          45
 ../7_seed.dataconnected         231  0.10099768891755079       0.23985504606205432        23.330466139954233        55.406515640334547       0.12478611613438043        28.825592827041877        505.46994354373049        746.90937858070129              525          39
 ../8_seed.dataconnected         282  0.12527114063565770       0.29629886864077387        35.326461659255472        83.556280956698231       0.16271355754689362        45.885223228224000        591.49026526509374        965.29807684734067              679          52
 ../9_seed.dataconnected         206  0.18868267101381636       0.43404127626863376        38.868630228846172        89.412502911338549       0.22436008382638511        46.218177268235337        258.56206027532232        324.71960695146453              661          86
 ../10_seed.dataconnected         305  0.14881254165942945       0.34527563688697938        45.387825206125981        105.30906925052871       0.19308766969209390        58.891739256088641        472.07426736517397        784.73964052133226              790         201
 ../11_seed.dataconnected         170  0.18798608837684613       0.43749856269341597        31.957635024063844        74.374755657880712       0.22958749648919607        39.029874403163333        227.11971218864829        250.06721515297295              655          56
 ../12_seed.dataconnected         223  0.11103274930257720       0.26560548976011927        24.760303094474715        59.230024216506600       0.13631157711171099        30.397481695911551        454.98268558086136        692.32738788635027              680          70
 ../13_seed.dataconnected         356  0.11996881107609032       0.27706736973345331        42.708896743088154        98.635983625109375       0.15273033837501368        54.372000461504868        592.31811704775953        993.59991180254201              735          52
 ../14_seed.dataconnected         208  0.13231683969473082       0.30516968833059649        27.521902656504011        63.475295172764071       0.16011602862453275        33.304133953902813        454.12430910114387        657.73204723980984              652          71
 ../15_seed.dataconnected         194  0.14564974485088933       0.34477556113703406        28.256050501072529        66.886458860584611       0.19086262702562912        37.027349642972048        359.08633623035581        459.86710457856265              764         167
 ../16_seed.dataconnected         256   9.5402176573016195E-002  0.22578079063269224        24.422957202692146        57.799882401969214       0.12011043899367414        30.748272382380581        521.76387093840094        833.73073968893323              643          77
 ../17_seed.dataconnected         208  0.18330465961847711       0.43723664577574589        38.127369200643237        90.945222321355146       0.22730899897252263        47.280271786284708        379.90918812000911        548.83186439633903              720          54
 ../18_seed.dataconnected         181  0.20939811472353853       0.48952201806799045        37.901058764960474        88.603485270306265       0.26772052474885200        48.457414979542214        314.20097331887268        368.35885248588505              677          41
 ../19_seed.dataconnected         176  0.11360943898017045       0.26287416541845354        19.995261260509999        46.265853113647822       0.16126172141466780        28.382062968981533        411.86759696786805        574.90474662452061              603          55
 ../20_seed.dataconnected         250  0.11002079629131531       0.26250352092854362        27.505199072828827        65.625880232135898       0.13713109627830322        34.282774069575808        437.16763285641758        698.59058444314303              646          48
 ../21_seed.dataconnected         350  0.10635385857480296       0.24813260842382914        37.223850501181040        86.846412948340202       0.13651924654694589        47.781736291431059        655.63679829466628        1136.4690117016762              716          45
 ../22_seed.dataconnected         220  0.19961700316959263       0.47495731159725996        43.915740697310376        104.49060855139719       0.25796303752601962        56.751868255724318        398.82621769184340        578.79410612520383              590          41
 ../23_seed.dataconnected         140  0.14041936339436112       0.33608660553098985        19.658710875210556        47.052124774338580       0.18604733954516364        26.046627536322909        298.60552952113517        379.81504008964487              688         109
 ../24_seed.dataconnected         253  0.14396523418674009       0.33354550284221995        36.423204249245245        84.387012219081655       0.18255026539546088        46.185217145051602        482.08485567968876        819.00396141103010              751         129
 ../25_seed.dataconnected         269  0.16159571355670665       0.38105422293945490        43.469246946754090        102.50358597071337       0.21355774001238484        57.447032063331520        519.95748758121192        872.01995098498901              644          64
 ../26_seed.dataconnected         219  0.12830654460169771       0.30257950061203520        28.099133267771798        66.264910634035715       0.16163033498277846        35.397043361228484        359.11823358008496        491.31556459582271              671          97
 ../27_seed.dataconnected         176  0.18755247228606328       0.45043478069535953        33.009235122347135        79.276521402383281       0.22761608670013114        40.060431259223080        291.29163198705697        370.57352181901638              727         150
 ../28_seed.dataconnected         239  0.11065222615502711       0.25743448111698641        26.445882051051480        61.526840986959755       0.14419067099101365        34.461570366852264        408.33322956310349        572.23548032196004              636          32
 ../29_seed.dataconnected         256  0.17992027182457990       0.41932323578447800        46.059589587092454        107.34674836082637       0.22641594658036082        57.962482324572370        342.54695549098415        510.62621030195669              770          74
 ../30_seed.dataconnected         201  0.19080532719795940       0.44211532297904460        38.351870766789837        88.865179918787959       0.24334948417321692        48.913246318816597        302.17782920318592        381.00232608006223              565          46
 ../31_seed.dataconnected         225  0.18038784179656311       0.42368233480998274        40.587264404226701        95.328525332246116       0.21966844003108096        49.425399006993217        321.53219133690328        403.53413151544589              630          37
 ../32_seed.dataconnected         109  0.12672885318301130       0.30174040731852692        13.813444996948231        32.889704397719434       0.18162832593322681        19.797487526721721        163.88673492495076        157.52019508446656              703          70
 ../33_seed.dataconnected         286  0.19310798402761584       0.44526150390902475        55.228883431898126        127.34479011798108       0.26004969094223734        74.374211609479886        479.29422484891393        705.01640231450779              735          76
 ../34_seed.dataconnected         252  0.18094098788514515       0.42230283733883150        45.597128947056575        106.42031500938553       0.21928819600624355        55.260625393573378        386.85384852294720        543.56390491028890              698         179
 ../35_seed.dataconnected         260  0.14974111361259326       0.35067503049241283        38.932689539274250        91.175507928027329       0.19602027203890585        50.965270730115520        516.24368297427202        824.97273576961504              791         117
 ../36_seed.dataconnected         315  0.10667945434600873       0.24323286737665945        33.604028118992751        76.618353223647730       0.13831421193844429        43.568976760609949        736.21118662237632        1351.5552349992370              694          46
 ../37_seed.dataconnected         196  0.14054568345568888       0.32902004914376509        27.546953957315022        64.487929632177952       0.18010385915679100        35.300356394731040        380.75203596178147        505.87058856196899              587          59
 ../38_seed.dataconnected         211  0.14488885626691850       0.33830528211255617        30.571548672319803        71.382414525749354       0.17846723935322459        37.656587503530389        359.45763797869824        530.94573206047494              663          36
 ../39_seed.dataconnected         446  0.10608009385163555       0.25394424881077199        47.311721857829454        113.25913496960430       0.14671623508944318        65.435440849891663        797.84951443361729        1714.1082490576632              711          61
 ../40_seed.dataconnected         216  0.16271765249093181       0.38324725251741687        35.147012938041271        82.781406543762046       0.20788494456210188        44.903148025414005        401.55824472516650        552.98086647203991              586          35
 ../41_seed.dataconnected         214  0.15346880627807544       0.35699194244845311        32.842324543508141        76.396275683968966       0.20846598938355090        44.611721728079893        336.69862616385535        453.41819144996288              662         119
 ../42_seed.dataconnected         293  0.14050689783685164       0.32560307999397992        41.168521066197528        95.401702438236114       0.18402339793899852        53.918855596126569        560.02104619402542        1055.5338001110501              647          35
 ../43_seed.dataconnected         364  0.10571811165243032       0.24460763455568454        38.481392641484639        89.037178978269168       0.14815015804116560        53.926657526984279        838.67429195933346        1686.9784527985994              635          29
 ../44_seed.dataconnected         388  0.15321947371101124       0.35903939741782998        59.449155799872365        139.30728619811802       0.18741163480826897        72.715714305608358        600.54738114655902        1171.9631350339916              724          86
 ../45_seed.dataconnected         159  0.23973213153185122       0.57484243347065589        38.117408913564347        91.399946921834285       0.29650313988984200        47.143999242484881        241.03173773020629        272.06973043661009              580          70
 ../46_seed.dataconnected         211  0.19177039944625346       0.44687541693331007        40.463554283159482        94.290712972928418       0.24954870255552877        52.654776239216574        336.01882435743443        464.88465627206756              664          57
 ../47_seed.dataconnected         181  0.17541137753847388       0.41620642574157735        31.749459334463772        75.333363059225505       0.21964094921821967        39.755011808497763        379.89299755057169        461.44965854788381              693         156
 ../48_seed.dataconnected         313  0.19220850338145826       0.43777881242923433        60.161261558396433        137.02476829035035       0.25078537833434539        78.495823418650104        527.37910223697679        860.64051945780579              602          26
 ../49_seed.dataconnected         256  0.20990276071835406       0.49589483443550847        53.735106743898641        126.94907761549017       0.26601967042084312        68.101035627735840        480.15697056791197        761.11855793574375              656          61
 ../50_seed.dataconnected         160  0.18215185293028249       0.40641976482522590        29.144296468845198        65.027162372036145       0.22482636608348897        35.972218573358234        233.94152344980040        263.02465515008322              629          43
 ../51_seed.dataconnected         291  0.15376261707502931       0.35085306707573322        44.744921568833526        102.09824251903837       0.20837676112637571        60.637637487775329        494.67414221804029        814.25245443030349              749          81
 ../52_seed.dataconnected         258  0.14741054838000273       0.34048797366384759        38.031921482040701        87.845897205272678       0.18287529067415734        47.181824993932594        393.99622319130236        568.95977874016819              682          58
 ../53_seed.dataconnected         163  0.11962358741961514       0.27769535035823362        19.498644749397268        45.264342108392079       0.16200089133691692        26.406145287917457        353.70852653377165        455.47078826262145              675          91
 ../54_seed.dataconnected         251  0.13098096418038563       0.30976377265878113        32.876222009276795        77.750706937354067       0.15272830152809430        38.334803683551669        549.70103059528071        838.14183921773656              627          39
 ../55_seed.dataconnected         260  0.14664934797961057       0.34601370791698988        38.128830474698752        89.963564058417361       0.18899940848981139        49.139846207350963        439.80485631981969        723.31930076814263              690          64
 ../56_seed.dataconnected         156  0.14436888074410467       0.33784385684373902        22.521545396080327        52.703641667623288       0.16147571182652487        25.190211044937879        261.66394662874967        324.23078940133900              648         122
 ../57_seed.dataconnected         236  0.10614836262799843       0.26082191250700693        25.051013580207631        61.553971351653637       0.14927990388034237        35.230057315760803        495.64221548072084        802.45836933521775              651          45
 ../58_seed.dataconnected         327  0.12387677886635304       0.29148662853607848        40.507706689297443        95.316127531297667       0.15377374564240234        50.284014825065569        700.54709831481955        1299.2494535946219              807          69
 ../59_seed.dataconnected         182  0.17087587097220153       0.39474395083077224        31.099408516940677        71.843399051200549       0.22256950361086633        40.507649657177673        270.12104234652895        334.94152027360741              704         133
 ../60_seed.dataconnected         236  0.14969311265456189       0.35377008281673428        35.327574586476608        83.489739544749284       0.18589805414064367        43.871940777191909        531.98881247202246        832.86235816303156              695          74
 ../61_seed.dataconnected         172  0.19191907380998463       0.46406508143289238        33.010080695317356        79.819194006457494       0.24053338472343377        41.371742172430608        276.66380812034265        355.20427321304771              727          99
 ../62_seed.dataconnected         233  0.15386286182003253       0.36297120979450920        35.850046804067581        84.572291882120638       0.18032398002131517        42.015487344966431        347.11308670838019        489.03041957902246              746         186
 ../63_seed.dataconnected         200  0.17838901024807874       0.42068895571484799        35.677802049615750        84.137791142969604       0.22645550709123918        45.291101418247834        329.55956915323520        440.77136308371280              645          63
 ../64_seed.dataconnected         157  0.16575808980109996       0.39141034771373223        26.024020098772695        61.451424591055961       0.22721326677843773        35.672482884214723        317.69684133788314        405.56261582340875              539          33
 ../65_seed.dataconnected         246  0.15513074443981215       0.36886647065207145        38.162163132193790        90.741151780409581       0.20001593755714170        49.203920639056861        530.00564652819264        867.88521433136668              611          17
 ../66_seed.dataconnected         253  0.16292859270346222       0.38330635727642975        41.220933953975944        96.976508390936729       0.20712248840090747        52.401989565429588        453.47944325128435        721.33606599781092              694          61
 ../67_seed.dataconnected         199  0.17386196270420745       0.40697125093074843        34.598530578137286        80.987278935218939       0.21654891948388955        43.093234977294017        359.04254788700183        511.21498033610533              561          44
 ../68_seed.dataconnected         207  0.17563067765171336       0.41059436901324597        36.355550273904669        84.993034385741922       0.22390212663892706        46.347740214257904        430.06982013716100        603.96216401424431              576          41
 ../69_seed.dataconnected         195  0.15602900803488420       0.36409730654668743        30.425656566802420        70.998974776604044       0.19691869019557684        38.399144588137482        275.01592830509685        365.23454620932563              557          47
 ../70_seed.dataconnected         225  0.14673888523568168       0.34701980527105009        33.016249178028382        78.079456185986274       0.18416141923543949        41.436319327973884        418.20649585184600        578.98701667019509              759         174
 ../71_seed.dataconnected         209  0.12178659175807577       0.29628409605490524        25.453397677437835        61.923376075475197       0.15786939989642540        32.994704578352909        388.53426139772137        535.77022567311451              522          42
 ../72_seed.dataconnected         234  0.15201358263531697       0.35912832540960543        35.571178336664175        84.036028145847666       0.20609814492738204        48.226965913007398        356.50464592254997        528.24102817826508              669          65
 ../73_seed.dataconnected         317  0.13325975520611288       0.31502772585434091        42.243342400337781        99.863789095826064       0.16642745404546133        52.757502932411242        679.19235615657897        1322.4760406789967              679          58
 ../74_seed.dataconnected         176  0.17298615082198157       0.39964397289168424        30.445562544668757        70.337339228936429       0.22442273605574461        39.498401545811049        375.22053973468422        527.66877777596517              636         103
 ../75_seed.dataconnected         206  0.14678928413017989       0.34075967893598175        30.238592530817058        70.196493860812240       0.19019106681002637        39.179359762865431        335.75241935148631        465.18706437031545              562          33
 ../76_seed.dataconnected         220  0.21154134665617266       0.48881207298726037        46.539096264357987        107.53865605719729       0.26834692715382924        59.036323973842435        323.79934238810904        446.41733151915912              664          52
 ../77_seed.dataconnected         180  0.21353634079946401       0.50699606447641488        38.436541343903521        91.259291605754683       0.25157520464845684        45.283536836722234        317.63663979035795        381.83852079642526              590          37
 ../78_seed.dataconnected         290   9.1977897194639405E-002  0.22001639960209260        26.673590186445427        63.804755884606855       0.12336841970391647        35.776841714135777        496.39791251731299        888.90299055579317              647          31
 ../79_seed.dataconnected         189  0.16847494632901475       0.39726063201686179        31.841764856183786        75.082259451186886       0.20283124298791727        38.335104924716362        275.77688616090319        352.06154736183265              650          87
 ../80_seed.dataconnected         206  0.15410813037532586       0.35753978788644497        31.746274857317129        73.653196304607661       0.19389119458750437        39.941586085025897        322.33916009704569        440.34049825759848              621          44
 ../81_seed.dataconnected         317   9.1022912790749200E-002  0.21413431209177811        28.854263354667495        67.880576933093664       0.11714122222349879        37.133767444849120        684.30134637916979        1302.8073850342564              724          52
 ../82_seed.dataconnected         293  0.12596677825146377       0.30607051847434352        36.908266027678884        89.678661912982648       0.15586525063394752        45.668518435746620        591.46888485920306        1054.5841024956287              706          22
 ../83_seed.dataconnected         303  0.13929312153432744       0.32056170544607726        42.205815824901215        97.130196750161403       0.20396486660539426        61.801354581434460        520.80935412608380        900.04642916641365              765          59
 ../84_seed.dataconnected         204  0.10237944478974309       0.23940626342908183        20.885406737107591        48.838877739532691       0.14608325359642607        29.800983733670918        340.70278465374912        485.36514302428901              547          51
 ../85_seed.dataconnected         195  0.22164737781813865       0.50334503575273526        43.221238674537034        98.152281971783381       0.29046581506002844        56.640833936705548        254.02985373357510        309.55239526889585              744          78
 ../86_seed.dataconnected         211  0.14917092238782911       0.35363193425556122        31.475064623831944        74.616338127923413       0.19506142940262075        41.157961603952977        373.50693055171672        558.67850792990384              632          41
 ../87_seed.dataconnected         196  0.16309638588918865       0.37564078454618749        31.966891634280977        73.625593771052749       0.20863919231434164        40.893281693610959        435.69269928242767        696.84345633935152              634          57
 ../88_seed.dataconnected         207  0.25302751171543342       0.59127457262311045        52.376694925094718        122.39383653298387       0.31775178079508654        65.774618624582914        335.93651112723018        435.52835070950584              639         100
 ../89_seed.dataconnected         227  0.12286997924862408       0.29192352169147834        27.891485289437668        66.266639423965586       0.15746765607220256        35.745157928389979        451.99064142034911        732.98660470163236              677          73
 ../90_seed.dataconnected         200  0.16102271005874519       0.37806072518043327        32.204542011749041        75.612145036086659       0.22389752810037475        44.779505620074950        311.52329178370019        420.93086701015847              543          29
 ../91_seed.dataconnected         173  0.13317352303395255       0.31677664261505167        23.039019484873791        54.802359172403939       0.15350268683581489        26.555964822595975        320.27331532474756        421.92027848112025              556          69
 ../92_seed.dataconnected         213  0.15441852365959893       0.36244415733025948        32.891145539494573        77.200605511345273       0.20837475174335229        44.383822121334042        426.44486665411836        577.03472877807792              687          59
 ../93_seed.dataconnected         204  0.27612083534987464       0.62127631679449113        56.328650411374426        126.74036862607619       0.34225399855165262        69.819815704537135        251.94442956235997        300.00270380692820              599          51
 ../94_seed.dataconnected         209  0.13529977542698776       0.32519229747622236        28.277653064240443        67.965190172530470       0.17967337702046815        37.551735797277843        404.84702916684455        579.39048814653336              696         184
 ../95_seed.dataconnected         211  0.14633396993272085       0.34063253208635091        30.876467655804099        71.873464270220040       0.18534728574408146        39.108277292001191        370.63657632223470        534.36771813565633              755          49
 ../96_seed.dataconnected         193  0.14306238561427029       0.33909038471638375        27.611040423554165        65.444444250262066       0.18064467070840851        34.864421446722844        441.52564019125293        583.60593949733038              624          78
 ../97_seed.dataconnected         139  0.20774949004766557       0.48471329861602669        28.877179116625516        67.375148507627713       0.27000891943722349        37.531239801774063        233.31783341971050        262.77084294377988              620         108
 ../98_seed.dataconnected         252  0.15197311149989060       0.35224922545953913        38.297224097972432        88.766804815803866       0.18784606477117841        47.337208322336956        404.16530770776473        584.06403665770927              591          22
 ../99_seed.dataconnected         243  0.14605326763257950       0.34005304612896531        35.490944034716819        82.632890209338569       0.19515193233694703        47.421919557878127        495.81553221081771        787.14682393564931              686          39
 ../100_seed.dataconnected         247  0.21352187862675909       0.49346787684455057        52.739904020809497        121.88656558060399       0.25986918478209470        64.187688641177388        323.58934282143309        463.51261649765877              640          53
 ../101_seed.dataconnected         270  0.11864306126412903       0.28021841389360458        32.033626541314838        75.658971751273242       0.17098421963573479        46.165739301648394        435.57140689124100        715.65108941872916              630          25
 ../102_seed.dataconnected         230  0.11732001016899009       0.26779540529606477        26.983602338867719        61.592943218094895       0.13818018340068514        31.781442182157580        430.69712188927775        661.14182676732685              647          61
 ../103_seed.dataconnected         218  0.19803602498806105       0.47988476712029204        43.171853447397311        104.61487923222367       0.23698328952683187        51.662357116849350        462.29305744689651        742.22136872838121              620          38
 ../104_seed.dataconnected         286  0.14231075261689347       0.33041052694813194        40.700875248431529        94.497410707165741       0.19692806776120481        56.321427379704573        502.47649298236797        857.70923782451518              577          20
 ../105_seed.dataconnected         224  0.20243658923917301       0.47861467747939546        45.345795989574754        107.20968775538458       0.23509413215421790        52.661085602544809        334.46687048392187        459.02664518831318              598          64
 ../106_seed.dataconnected         123  0.17223763006921866       0.41421920773087029        21.185228498513894        50.948962550897043       0.21703320299161313        26.695083967968415        225.07181756597700        237.77444003394339              713          64
 ../107_seed.dataconnected         172  0.16046298104008588       0.38837215065191416        27.599632738894773        66.800009912129241       0.20310102264717028        34.933375895313290        252.33744516416124        294.12943486100568              698          72
 ../108_seed.dataconnected         204  0.18440431063072180       0.42345613727590148        37.618479368667245        86.385052004283907       0.22793325855422317        46.498384745061529        306.66746513431156        403.18386772373134              667          64
 ../109_seed.dataconnected         250  0.12415514778714526       0.29078375731741851        31.038786946786313        72.695939329354630       0.15300836368146806        38.252090920367017        543.74183980724160        938.61786604126166              585          29
 ../110_seed.dataconnected         201  0.18405421928285370       0.42442371127802248        36.994898075853591        85.309165966882517       0.23032819044474234        46.295966279393213        388.32476950308904        527.67138604397644              679          74
 ../111_seed.dataconnected         207  0.25734690640019420       0.59922458638440790        53.270809624840197        124.03948938157244       0.30740392536792410        63.632612551160292        259.97521791287318        321.98133854064145              520          46
 ../112_seed.dataconnected         252  0.12421824914053547       0.28821736933296577        31.302998783414939        72.630777071907374       0.15955738114840651        40.208460049398440        589.41632659746324        1001.4448187888834              752          64
 ../113_seed.dataconnected         201  0.14608587924694347       0.34517338872766862        29.363261728635639        69.379851134261386       0.19530255180209574        39.255812912221245        406.49753238789651        536.14341001719174              609          46
 ../114_seed.dataconnected         203  0.14601375667667324       0.34473687551332638        29.640792605364666        69.981585729205250       0.19715407561025686        40.022277348882142        360.92805995402597        511.60581305261718              620          95
 ../115_seed.dataconnected         218  0.18463370685400340       0.43669145766066597        40.250148094172744        95.198737770025176       0.22927549440468623        49.982057780221595        454.93618607059079        649.26707992524200              540          33
 ../116_seed.dataconnected         170  0.21638897233472190       0.50117069480368293        36.786125296902725        85.199018116626092       0.27232477356886281        46.295211506706679        224.66834915687517        266.06778238022167              622          78
 ../117_seed.dataconnected         279  0.16019717365528049       0.37115883046263004        44.695011449823255        103.55331369907378       0.21009307104739888        58.615966822224287        616.08640847829815        1077.9597850692544              702          35
 ../118_seed.dataconnected         248  0.12644400170330575       0.29875707426108844        31.358112422419826        74.091754416749936       0.17579132478861784        43.596248547577225        483.16212307795246        780.80612917993426              624          71
 ../119_seed.dataconnected         230  0.17173370396171944       0.39863300301350180        39.498751911195470        91.685590693105411       0.23810671976021733        54.764545544849987        360.20501989205081        505.00546471963941              525          24
 ../120_seed.dataconnected         178  0.22678766815510235       0.51950436407665224        40.368204931608219        92.471776805644097       0.28451624592374225        50.643891774426123        291.86149694854208        339.91459533786599              588         135
 ../121_seed.dataconnected         162  0.16546469238359302       0.39071735098076760        26.805280166142069        63.296210858884351       0.20880666987894930        33.826680520389786        266.25782031036965        312.04625280773382              546          34
 ../122_seed.dataconnected         239  0.15505528999819729       0.37009378066405985        37.058214309569152        88.452413578710306       0.21336181560997672        50.993473930784432        463.16238610900041        664.68885599373584              549          28
 ../123_seed.dataconnected         250  0.19628154573481377       0.46392408925612111        49.070386433703440        115.98102231403028       0.25938594576395241        64.846486440988102        491.67428428299507        780.12950802144087              747         134
 ../124_seed.dataconnected         187  0.15226471809197190       0.36309247100456116        28.473502283198744        67.898292077852943       0.18548492935199085        34.685681788822286        330.45197980699140        431.78213365414513              674         100
 ../125_seed.dataconnected         189  0.21527355926446592       0.49405151073069170        40.686702700984057        93.375735528100734       0.24640338810365281        46.570240351590378        192.94698381150312        213.50985207908863              769          98
 ../126_seed.dataconnected         161  0.22640497082340050       0.53417895391602677        36.451200302567479        86.002811580480312       0.28038936147371007        45.142687197267321        194.85081188371652        216.18730850690122              619          81
 ../127_seed.dataconnected         311  0.13475098919481110       0.31207661269996345        41.907557639586251        97.055826549688632       0.17439675388410616        54.237390457957019        456.56916088630697        698.24585270263435              736          48
 ../128_seed.dataconnected         233  0.14448071128822407       0.34050195036501707        33.664005730156205        79.336954435048980       0.19402237353433921        45.207213033501034        435.06487751694465        661.60441403155983              695          60
 ../129_seed.dataconnected         202  0.17055249005598641       0.38686054603522801        34.451602991309258        78.145830299116056       0.23306567884433951        47.079267126556580        320.33305714757699        408.93358008971063              736         120
 ../130_seed.dataconnected         120  0.13814790330441873       0.32558848061482520        16.577748396530247        39.070617673779026       0.16871561899673546        20.245874279608255        265.48153436837828        289.04798402212799              666          87
 ../131_seed.dataconnected         246  0.11188665417621815       0.26244734789324536        27.524116927349667        64.562047581738355       0.13975421063133964        34.379535815309552        492.63557157015430        811.37289461349928              625          34
 ../132_seed.dataconnected         247  0.11710027736962587       0.27089361149202051        28.923768510297592        66.910722038529073       0.16055051280523738        39.655976662893636        506.46559943502905        764.45393592831522              808         126
 ../133_seed.dataconnected         198  0.18273980472438098       0.41525461242339928        36.182481335427433        82.220413259833052       0.22725255517381798        44.996005924415961        301.87075800253444        409.88681735936547              768         140
 ../134_seed.dataconnected         203  0.20924725634820360       0.49319649697384094        42.477193038685328        100.11888888568971       0.27708049129316453        56.247339732512401        282.55667311347150        361.43218790829235              567          38
 ../135_seed.dataconnected         230  0.22490844720126829       0.52025438874928054        51.728942856291710        119.65850941233452       0.29118890064618264        66.973447148622000        334.84141432802090        417.48419203337147              799          72
 ../136_seed.dataconnected         245  0.12046981659018095       0.28194640717593683        29.515105064594334        69.076869758104522       0.16351187026058223        40.060408213842642        457.19111712745428        673.90465424116530              692         135
 ../137_seed.dataconnected         170  0.16904652580106339       0.40527284308008132        28.737909386180775        68.896383323613819       0.19291195282140450        32.795031979638765        251.41814764077299        266.65385449083237              558          49
 ../138_seed.dataconnected         202   9.5709069774658664E-002  0.22488911343968393        19.333232094481051        45.427600914816153       0.11324224095065269        22.874932672031843        407.49927376021031        593.49073538376922              608          36
 ../139_seed.dataconnected         216  0.16955453788119365       0.39949489232864893        36.623780182337832        86.290896742988167       0.21473409249869285        46.382563979717659        361.59628381220716        514.88355206419817              634          58
 ../140_seed.dataconnected         389  0.10499355882291646       0.24760596409196484        40.842494382114502        96.318720031774319       0.14350249864894452        55.822471974439416        699.04623555208809        1399.7411290574539              671          22
 ../141_seed.dataconnected         211   9.1500460164186365E-002  0.22095751588860879        19.306597094643323        46.622035852496452       0.13448481364014014        28.376295678069571        535.34685444545710        861.09788969813292              590          55
 ../142_seed.dataconnected         242  0.14049072943084728       0.33034590034507721        33.998756522265040        79.943707883508679       0.18976371693313707        45.922819497819169        497.28602544974774        819.52311812242147              634         103
 ../143_seed.dataconnected         199  0.16442285000084139       0.39033855832642944        32.720147150167435        77.677373106959465       0.22185229003078602        44.148605716126418        357.13314494204951        499.71945048110689              585          35
 ../144_seed.dataconnected         190  0.22934639351646330       0.53560215417534907        43.575814768128026        101.76440929331632       0.26908397294902575        51.125954860314891        251.60559585631978        294.43510740490467              646          94
 ../145_seed.dataconnected         334   8.6757767104753331E-002  0.20171573058488093        28.977094212987613        67.373054015350235       0.10986531609251697        36.695015574900665        579.01374531937154        1047.7935263999273              711          40
 ../146_seed.dataconnected         177  0.15031203609677282       0.36584246966301742        26.605230389128788        64.754117130354089       0.20646314167439958        36.543976076368729        310.33439153280159        406.63505338928758              736         145
 ../147_seed.dataconnected         195  0.16542833872820170       0.39553803460302911        32.258526051999333        77.129916747590670       0.21289981878000389        41.515464662100754        304.96863355371744        381.43940324885386              609          74
 ../148_seed.dataconnected         183  0.21658394427718111       0.50726497276729132        39.634861802724146        92.829490016414312       0.27059518076822575        49.518918080585316        255.55239968196329        292.79313473762545              605          59
 ../149_seed.dataconnected         279  0.12697492736389665       0.30732612140197224        35.426004734527169        85.743987871150253       0.15835028320720282        44.179729014809588        444.05808567322873        719.61060986883683              635          26
 ../150_seed.dataconnected         181  0.14394387159714175       0.32980555220799596        26.053840759082657        59.694804949647271       0.17794746977162812        32.208492028664686        268.85609021962568        325.42783148644162              504          38
 ../151_seed.dataconnected         308  0.12701843072780861       0.30653377189612457        39.121676664165051        94.412401744006374       0.16490885529210789        50.791927429969228        670.14636752332478        1248.0583068409289              727         104
 ../152_seed.dataconnected         175  0.21866682120460926       0.51160720527008274        38.266693710806621        89.531260922264480       0.26825915175421355        46.945351556987369        236.89329054817532        265.07961864118516              638         102
 ../153_seed.dataconnected         176  0.14623784097730635       0.34907810592616534        25.737860012005918        61.437746643005099       0.19811309276852337        34.867904327260113        403.21031110669855        532.51822151573197              619          77
 ../154_seed.dataconnected         193  0.24513951287582103       0.56860733233006211        47.311925985033461        109.74121513970199       0.29127969934755288        56.216981974077704        209.64461480198514        238.05097155139990              678          69
 ../155_seed.dataconnected         339   9.2659720079605976E-002  0.21703078274230914        31.411645106986427        73.573435349642793       0.12941980461199309        43.873313763465660        702.62975757975562        1187.1381426382366              826         159
 ../156_seed.dataconnected         204  0.15980924611346181       0.37355490738150576        32.601086207146210        76.205201105827172       0.20727160132908595        42.283406671133534        437.30726028933543        651.96950746921380              553          38
 ../157_seed.dataconnected         333  0.13843815476832377       0.32152606494194080        46.099905537851818        107.06817962566629       0.19739677269688627        65.733125308063123        865.21132129757405        1743.6637412825316              620          28
 ../158_seed.dataconnected         162  0.23249288555024958       0.53370317898745845        37.663847459140435        86.459914995968262       0.29345835262118225        47.540253124631526        243.25453714823135        275.84228633049975              636          67
 ../159_seed.dataconnected         338  0.14265139158999438       0.33691829385365168        48.216170357418100        113.87838332253428       0.19292644101113310        65.209137061762988        568.03189454161827        1047.1277648623375              775          78
 ../160_seed.dataconnected         217  0.17900259198145585       0.42031613082990488        38.843562459975921        91.208600390089359       0.21832072180647172        47.375596632004360        327.18924813767103        437.28936922966847              666          56
 ../161_seed.dataconnected         262  0.19427935684316586       0.45430981640972978        50.901191492909454        119.02917189934921       0.25820601076521665        67.649974820486761        567.99808410018557        1028.0605803338904              595          29
 ../162_seed.dataconnected         245  0.13562748572258140       0.32160599688961711        33.228734002032446        78.793469237956188       0.16028292598871710        39.269316867235688        368.74481822374230        576.80476334221578              727          71
 ../163_seed.dataconnected         294   9.3362634171583289E-002  0.22671437559466190        27.448614446445486        66.654026424830604       0.11966254188255318        35.180787313470638        679.12423853940891        1234.1080117960389              769          51
 ../164_seed.dataconnected         165  0.19503429422343163       0.45677270607605275        32.180658546866219        75.367496502548704       0.23764364981376876        39.211202219271847        221.57566475121322        247.93696390747974              579          40
 ../165_seed.dataconnected         171  0.17646314927028703       0.41773223113361713        30.175198525219081        71.432211523848522       0.20905029474028344        35.747600400588468        314.95953061288918        432.45914986632886              631          56
 ../166_seed.dataconnected         181  0.16559534974541334       0.38655611170190041        29.972758303919814        69.966656218043980       0.20737613726650139        37.535080845236749        302.20471697176998        408.16204685967847              655          58
 ../167_seed.dataconnected         181  0.16458028905241179       0.38417372847753128        29.789032318486534        69.535444854433166       0.22793026522777948        41.255378006228085        338.25838176479294        465.66377523261571              590          63
 ../168_seed.dataconnected         202  0.20393154172719299       0.48262607901102328        41.194171428892986        97.490467960226709       0.25122958840649606        50.748376858112202        324.85962730618093        425.27826934648999              607          25
 ../169_seed.dataconnected         199  0.20650082147098014       0.47517816641553762        41.093663472725048        94.560455116691983       0.25609444323259228        50.962794203285867        229.48096752927560        268.81962182584778              716          53
 ../170_seed.dataconnected         198  0.15415434329841735       0.35983413410836546        30.522559973086633        71.247158553456359       0.18133680365600566        35.904687123889119        418.18725105852343        536.37109905996954              752          94
 ../171_seed.dataconnected         176  0.20610251888233178       0.47986839342568771        36.274043323290392        84.456837242921040       0.24981109901101942        43.966753425939416        254.05164593882765        305.48796110415833              696         130
 ../172_seed.dataconnected         450   5.2569321218720301E-002  0.12215031640794606        23.656194548424136        54.967642383575729        8.5364044100204414E-002   38.413819845091986        878.41132964391591        1979.1459950026535              780          55
 ../173_seed.dataconnected         191   9.9541408892615493E-002  0.23429297717684266        19.012409098489560        44.749958640776946       0.14326418521049300        27.363459375204162        379.01272012060025        516.14823083930003              657         101
 ../174_seed.dataconnected         231  0.16795531129599822       0.40470463309036414        38.797676909375589        93.486770243874119       0.21423278703714010        49.487773805579366        308.76906765241813        425.92251507516880              578          35
 ../175_seed.dataconnected         199  0.13110489812831375       0.30501449446940898        26.089874727534436        60.697884399412388       0.15357039684049920        30.560508971259338        380.74118105197618        561.08436135425632              738          86
 ../176_seed.dataconnected         337  0.11385753563109403       0.26618129661351231        38.369989507678689        89.703096958753648       0.14764456153122829        49.756217236023936        754.49700008709397        1491.0592035451896              738          55
 ../177_seed.dataconnected         198  0.13480452619991445       0.32188024168293211        26.691296187583063        63.732287853220555       0.17102393034653240        33.862738208613415        381.57382007023966        536.82812979614732              685          71
 ../178_seed.dataconnected         220  0.15548582344222209       0.36128511743149777        34.206881157288862        79.482725834929511       0.21012206242154732        46.226853732740409        422.44338139347826        634.51659381245827              576          32
 ../179_seed.dataconnected         203  0.17339945131108181       0.40868209759983898        35.200088616149607        82.962465812767306       0.22546495985208181        45.769386849972605        285.86117114991191        369.95116511030290              701          73
 ../180_seed.dataconnected         479  0.10622103219230729       0.24571261812996978        50.879874420115193        117.69634408425553       0.14059863598273778        67.346746635731392        795.30047791520451        1759.9840859951314              858          98
 ../181_seed.dataconnected         194  0.14137335589080610       0.33030123308443532        27.426431042816382        64.078439218380453       0.18875316934292632        36.618114852527704        248.64231224795239        305.10681455412845              622          69
 ../182_seed.dataconnected         191  0.14604470729533797       0.34376607994708025        27.894539093409552        65.659321269892331       0.18499380058346376        35.333815911441576        336.07773319299389        458.23192926313016              599          98
 ../183_seed.dataconnected         239  0.14338933930948644       0.33224034719596712        34.270052094967262        79.405442979836138       0.20344857785068127        48.624210106312823        499.75794841166464        798.83280116422770              587          42
 ../184_seed.dataconnected         200  0.18015911853618993       0.41840425677898668        36.031823707237990        83.680851355797330       0.23644660331117978        47.289320662235959        366.78133230109063        501.82602440007321              743         155
 ../185_seed.dataconnected         256  0.10356946905524116       0.24149354085007990        26.513784078141736        61.822346457620455       0.13961749322427311        35.742078265413916        450.25716042064579        699.66102089940421              686          81
 ../186_seed.dataconnected         239  0.15714169500990913       0.36861328305739283        37.556865107368282        88.098574650716884       0.19704003697687558        47.092568837473266        308.75902039244829        404.36664847861783              635          64
 ../187_seed.dataconnected         236  0.14861214197373127       0.34276307865155520        35.072465505800579        80.892086561767030       0.19211154941900901        45.338325662886128        417.81199172439415        639.40989676395270              638          49
 ../188_seed.dataconnected         199  0.16568568005811585       0.38186722441823795        32.971450331565052        75.991577659229350       0.20897257968378793        41.585543357073796        349.75033834316235        440.03289056131530              558          29
 ../189_seed.dataconnected         175  0.15966605670552780       0.37043825048676665        27.941559923467366        64.826693835184159       0.22700132937332324        39.725232640331569        324.77903896654368        432.25804129249423              838         146
 ../190_seed.dataconnected         193  0.16259364721117070       0.38182319690137811        31.380573911755945        73.691877001965977       0.20024511619506258        38.647307425647078        401.54914515230712        532.29176336289356              609          33
 ../191_seed.dataconnected         169  0.19205477289078976       0.45287999526835887        32.457256618543468        76.536719200352650       0.24521090473482482        41.440642900185395        287.54466318648309        371.66988176519578              608          76
 ../192_seed.dataconnected         130  0.25985360958636750       0.59952043682582445        33.780969246227777        77.937656787357184       0.31450948622463148        40.886233209202096        169.38247464949882        169.45899655771072              676          88
 ../193_seed.dataconnected         227  0.10730333140714655       0.25637769776816577        24.357856229422268        58.197737393373629       0.14106493697986766        32.021740694429958        490.59877390682897        736.07806010726529              544          46
 ../194_seed.dataconnected         229  0.17228884577907289       0.40314714468737167        39.454145683407688        92.320696133408120       0.20324463012057206        46.543020297611001        277.18084481891248        359.90172245902545              763          58
 ../195_seed.dataconnected         191  0.11178777431308459       0.25943991791828785        21.351464893799157        49.553024322392979       0.12730927397903616        24.316071329995907        475.80375462736436        666.42298196162801              626          68
 ../196_seed.dataconnected         179  0.18220282914423599       0.42820545920710962        32.614306416818245        76.648777198072622       0.22639301506785331        40.524349697145745        311.62843694431632        422.86579077149827              599          57
 ../197_seed.dataconnected         274   8.0955135825756544E-002  0.19137930667506736        22.181707216257294        52.437930028968459       0.10133793620092836        27.766594519054372        700.05622122326213        1291.1703850122904              648          74
 ../198_seed.dataconnected         334  0.10589967202580666       0.25169514512271629        35.370490456619429        84.066178470987239       0.13700555824494340        45.759856453811096        678.63922464030225        1344.8084968542978              730          71
 ../199_seed.dataconnected         280  0.10891171879880250       0.26030540264194652        30.495281263664701        72.885512739745025       0.13775983645420450        38.572754207177262        519.87536068073166        822.39663671657240              624          48
 ../200_seed.dataconnected         182  0.13850483853893136       0.31972967023255294        25.207880614085507        58.190799982324634       0.18268429948404055        33.248542506095383        336.88774262100452        462.04824732414909              569          85
 ../201_seed.dataconnected         194  0.15010527920056757       0.35048163524900761        29.120424164910109        67.993437238307479       0.19389656372669611        37.615933362979050        347.18241871469712        468.34107458866708              567          42
 ../202_seed.dataconnected         179  0.14526591281257223       0.35882894647668628        26.002598393450430        64.230381419326847       0.19520804477003434        34.942240013836148        401.25167246857239        526.71521968674438              631          64
 ../203_seed.dataconnected         176  0.20506426748330189       0.48881235308624754        36.091311077061135        86.030974143179563       0.27050077867929906        47.608137047556632        283.69790716820586        362.20778500990394              653          57
 ../204_seed.dataconnected         219  0.16415972487812575       0.38863371034814870        35.950979748309535        85.110782566244566       0.20808322219992073        45.570225661782644        378.57713657303253        550.32314490979991              736          98
 ../205_seed.dataconnected         277  0.12492602454035619       0.29721617180918802        34.604508797678662        82.328879591145082       0.17162423288132236        47.539912508126292        584.05585196089498        1042.0739057171963              692          63
 ../206_seed.dataconnected         186  0.16563965348502233       0.39179957521647352        30.808975548214153        72.874720990264080       0.20586812516183070        38.291471280100509        326.19555722635801        422.50152555738759              697          90
 ../207_seed.dataconnected         251  0.13777261082709100       0.32297758130591081        34.580925317599842        81.067372907783607       0.18878232558284330        47.384363721293667        387.28214293345491        588.07455858548849              738         138
 ../208_seed.dataconnected         449  0.15878121629270703       0.37323662303505417        71.292766115425451        167.58324374273931       0.18921564719240433        84.957825589389543        666.86233639480110        1305.3746728253248              855          72
 ../209_seed.dataconnected         154  0.18934375882318469       0.45010176387443912        29.158938858770441        69.315671636663623       0.24482127356833827        37.702476129524094        271.88471876690170        311.11228870174267              649          96
 ../210_seed.dataconnected         249  0.19915137534013186       0.46890881598301459        49.588692459692830        116.75829517977063       0.24121071557301221        60.061468177680041        362.81698846732382        500.19692085358190              638          62
 ../211_seed.dataconnected         141  0.18364401933835528       0.43350691828289900        25.893806726708096        61.124475477888758       0.24255989009997594        34.200944504096611        199.30989332506513        217.70761056801223              625          67
 ../212_seed.dataconnected         220  0.12739572786736969       0.30691097953485769        28.027060130821333        67.520415497668694       0.17047991826209136        37.505582017660096        476.69218952553285        735.93572204392876              599          43
 ../213_seed.dataconnected         294  0.12782468800659061       0.30562591952989748        37.580458273937637        89.854020341789862       0.17379007544625988        51.094282181200406        497.30933017652109        753.48601444070755              707          42
 ../214_seed.dataconnected         260  0.19954035873339798       0.46762890291409376        51.880493270683473        121.58351475766437       0.25384257056227222        65.999068346190782        454.65157743838847        735.66341597721726              653          41
 ../215_seed.dataconnected         280  0.11539022525881092       0.26439762401173339        32.309263072467054        74.031334723285354       0.16043467503833225        44.921709010733032        691.82899438774427        1268.7841870292445              602          37
 ../216_seed.dataconnected         230  0.19368280082657807       0.45450933309967495        44.547044190112956        104.53714661292524       0.24663815989177248        56.726776775107673        341.72888039460366        470.86774543424605              626          48
 ../217_seed.dataconnected         215  0.10470885058315475       0.24354164028562691        22.512402875378271        52.361452661409785       0.15256077739987783        32.800567140973733        413.14859794859660        605.16159513254661              729          52
 ../218_seed.dataconnected         175  0.17790920307537492       0.41555349661690910        31.134110538190612        72.721861907959095       0.22957966225259574        40.176440894204255        238.24151652213570        277.35903044064190              604          37
 ../219_seed.dataconnected         238  0.23618733854459312       0.55244687771529344        56.212586573613159        131.48235689623985       0.28906613556931177        68.797740265496202        285.44296485919313        370.97766797829814              639          65
 ../220_seed.dataconnected         194  0.13333455413189152       0.31168248033742030        25.866903501586954        60.466401185459539       0.16741038481881892        32.477614654850875        340.03782727128487        442.71219345345764              760         157
 ../221_seed.dataconnected         312  0.11979372172915108       0.28654673307411410        37.375641179495133        89.402580719123605       0.15581844002323142        48.615353287248205        825.82378646913662        1627.4374961977915              689          46
 ../222_seed.dataconnected         199  0.23851386427023979       0.54772084049779568        47.464258989777719        108.99644725906134       0.29256269508113603        58.219976321146071        244.78281381247947        292.08088381569547              670          41
 ../223_seed.dataconnected         300  0.10265038964786975       0.23835197193482624        30.795116894360927        71.505591580447870       0.11711679458576470        35.135038375729408        542.47123503120486        968.06518478055443              693          25
 ../224_seed.dataconnected         208  0.15622491120207549       0.36985696827633613        32.494781530031702        76.930249401477909       0.19937403201816298        41.469798659777901        356.05049197090608        441.58649378246088              691          76
 ../225_seed.dataconnected         180  0.10939759006387878       0.26121071419481123        19.691566211498181        47.017928555066021       0.13221625657421965        23.798926183359537        301.61398228465248        413.25631725908829              637         108
 ../226_seed.dataconnected         190  0.23250835532871589       0.53445460159220903        44.176587512456017        101.54637430251972       0.28796586125641394        54.713513638718645        205.73937896050623        232.75206729734140              649         125
 ../227_seed.dataconnected         319  0.12975749016661794       0.29706266145904542        41.392639363151126        94.762989005435486       0.18950079061389133        60.450752205831336        476.83847115624843        785.73413377267912              717          70
 ../228_seed.dataconnected         254  0.17201955951225284       0.40380242023505031        43.692968116112219        102.56581473970277       0.20723327004334163        52.637250591008772        372.14013647119350        531.35253139896145              749         116
 ../229_seed.dataconnected         528   7.9390769302348729E-002  0.18925145035451030        41.918326191640126        99.924765787181443        9.5236148005115345E-002   50.284686146700899        1000.5970519256022        2528.8219458932249              825          21
 ../230_seed.dataconnected         337  0.13336210175732824       0.31238435301744089        44.943028292219616        105.27352696687758       0.16650959654717584        56.113734036398256        540.59140482569774        999.80851730561869              565          20
 ../231_seed.dataconnected         147  0.13458468068977181       0.31651832939192476        19.783948061396455        46.528194420612941       0.16477162330966080        24.221428626520137        326.30651783789978        425.27626171387624              516          49
 ../232_seed.dataconnected         277  0.11510445888692961       0.27517951119146833        31.883935111679502        76.224724600036723       0.16394642537713328        45.413159829465918        761.54860467630101        1325.3168831969524              654          50
 ../233_seed.dataconnected         244  0.18573605267557183       0.43070183149401081        45.319596852839524        105.09124688453863       0.26888533824904526        65.608022532767038        567.85727732662235        976.91572772230268              500          16
 ../234_seed.dataconnected         254  0.15738636442629830       0.36289517166039337        39.976136564279770        92.175373601739921       0.19220241391800624        48.819413135173583        426.90172669398868        680.56341917132784              704          76
 ../235_seed.dataconnected         232  0.18851218878885032       0.44318343398588372        43.734827799013274        102.81855668472502       0.23158878049507439        53.728597074857262        424.15696749681769        651.55504431694976              698          32
 ../236_seed.dataconnected         219  0.18579457736092705       0.43963919334710588        40.689012442043023        96.280983343016189       0.21491626367055028        47.066661743850510        421.33737663018474        578.70919854786507              716         162
 ../237_seed.dataconnected         246  0.12443596977077850       0.29556659693724979        30.611248563611511        72.709382846563443       0.15235157611184946        37.478487723514966        424.86844251251921        683.73581670765861              657          55
 ../238_seed.dataconnected         203  0.15074322659484510       0.35834607206743169        30.600874998753554        72.744252629688631       0.18816182401877682        38.196850275811691        380.21083044203220        562.72957005057060              536          47
 ../239_seed.dataconnected         229   9.1733524692993451E-002  0.20847031079646233        21.006977154695502        47.739701172389871       0.11653271895580349        26.685992640878997        389.69716721681925        584.11251649165013              670          90
 ../240_seed.dataconnected         205  0.17047926661574433       0.40128786654844650        34.948249656227588        82.264012642431538       0.22330308772726279        45.777132984088873        318.06931826798382        372.51396646022880              652          37
 ../241_seed.dataconnected         210  0.14448964339084042       0.34374236302732603        30.342825112076486        72.185896235738468       0.18862446309289563        39.611137249508083        422.56953210158281        528.37528328171993              592          46
 ../242_seed.dataconnected         307  0.15440836903948105       0.35915571432954868        47.403369295120683        110.26080429917144       0.20762780294581745        63.741735504365955        732.57715522528099        1457.7187341445774              581          33
 ../243_seed.dataconnected         161  0.22978979290330401       0.53266929580675104        36.996156657431946        85.759756624886919       0.29379690179440143        47.301301188898634        239.94025452614210        255.39741239182391              691          64
 ../244_seed.dataconnected         153  0.13633751013940321       0.32639825592482247        20.859639051328692        49.938933156497839       0.17609787795501308        26.942975327117001        245.66259047878685        258.00484262409674              663          63
 ../245_seed.dataconnected         245  0.13905748078596308       0.32702711465882089        34.069082792560955        80.121643091411116       0.18010774360405032        44.126397182992328        397.53981490581862        633.76001534324644              606          56
 ../246_seed.dataconnected         267  0.17992956888488928       0.41904969299397837        48.041194892265437        111.88626802939223       0.22875129883124229        61.076596787941689        421.81593993828454        590.23171315129696              738         132
 ../247_seed.dataconnected         351  0.16023788324717669       0.37704345752526702        56.243497019759019        132.34225359136872       0.20982780449775396        73.649559378711643        565.76595855973210        1025.0776981965685              745         115
 ../248_seed.dataconnected         292  0.12985517944618893       0.30746979098863325        37.917712398287172        89.781178968680905       0.16609365015720490        48.499345845903832        598.20380993244976        906.50605438056414              732          65
 ../249_seed.dataconnected         183  0.16272112374721964       0.38162821455857543        29.777965645741194        69.837963264219297       0.20800960624447232        38.065757942738436        321.03871875620428        401.62106593965348              620          35
 ../250_seed.dataconnected         279   9.9687041859585282E-002  0.23232771922479153        27.812684678824294        64.819433663716836       0.12948399335107363        36.126034144949543        529.37901275846900        840.30337797198570              734          79
 ../251_seed.dataconnected         476   6.7927335224663668E-002  0.15789764137888776        32.333411566939908        75.159277296350567        9.4504224831053418E-002   44.984011019581430        1297.1211237978137        3095.4399949951576              694          33
 ../252_seed.dataconnected         242  0.12930658353882374       0.31166466705577700        31.292193216395344        75.422849427498036       0.16459217218510039        39.831305668794293        517.47838827353314        775.29224523379924              619          43
 ../253_seed.dataconnected         195  0.13784974358892785       0.31773938107511829        26.880699999840932        61.959179309648064       0.19454650711573701        37.936568887568718        422.72397596396598        595.42478787257050              738         161
 ../254_seed.dataconnected         212  0.15141579504633115       0.34056453316048707        32.100148549822201        72.199681030023257       0.19968451656566563        42.333117511921117        328.38729691728827        459.16619059065715              707          53
 ../255_seed.dataconnected         166  0.17105041305872665       0.40899902728093446        28.394368567748625        67.893838528635115       0.21647920665669179        35.935548305010840        287.05089685145742        362.14328038977453              754         151
 ../256_seed.dataconnected         203  0.20171199343464719       0.46378406130344924        40.947534667233377        94.148164444600198       0.23505026254641917        47.715203296923093        290.93696287056048        350.81716385005478              583          25
 ../257_seed.dataconnected         181  0.14920922341586154       0.35603363107328367        27.006869438270940        64.442087224264341       0.18260835408407283        33.052112089217182        441.15341005480309        591.66756943965436              675          79
 ../258_seed.dataconnected         265  0.14480354071769236       0.33430507163463952        38.372938290188472        88.590843983179468       0.19985449362888394        52.961440811654242        443.33059311528729        644.89831126350680              635          53
 ../259_seed.dataconnected         331  0.10537412178903680       0.25225014798094753        34.878834312171179        83.494798981693634       0.14120913797632889        46.740224670164864        577.85781701842222        1009.5149859403413              679          41
 ../260_seed.dataconnected         211  0.15319337933675389       0.36383232189801179        32.323803040055068        76.768619920480489       0.20389491857273889        43.021827818847903        392.29687908778635        529.10735262334799              545          37
 ../261_seed.dataconnected         278  0.12452053817187710       0.29637600208712800        34.616709611781836        82.392528580221580       0.16048263811651314        44.614173396390655        490.46805827593414        870.27014445352472              628          40
 ../262_seed.dataconnected         222   6.6477483920976910E-002  0.15413572903679468        14.758001430456874        34.218131846168419        9.0909382857129212E-002   20.181882994282685        444.16741997193230        703.45297756430045              638         131
 ../263_seed.dataconnected         260  0.12226621311956308       0.28744915107840618        31.789215411086399        74.736779280385605       0.14801682854110634        38.484375420687648        395.15005623738318        583.61522072298055              656          61
 ../264_seed.dataconnected         199  0.16884369433273877       0.39625554631071308        33.599895172215014        78.854853715831908       0.21898096928145397        43.577212887009338        383.06316261104712        564.72323392158228              634          52
 ../265_seed.dataconnected         188  0.18379417695129713       0.42955478966658722        34.553305266843857        80.756300457318403       0.22054683530420693        41.462805037190904        286.58453786402094        346.67229899294927              729          88
 ../266_seed.dataconnected         216  0.26236228427653474       0.61574811897129778        56.670253403731508        133.00159369780033       0.30977614736410863        66.911647830647468        268.24693230005425        334.71503318757533              772         136
 ../267_seed.dataconnected         182  0.16719779542594324       0.38592846887355720        30.429998767521671        70.238981334987415       0.21929565639519838        39.911809463926105        314.17592846193310        388.82112168826626              617          62
 ../268_seed.dataconnected         181  0.10880963970907895       0.26340647120460742        19.694544787343290        47.676571288033941       0.15697995149645952        28.413371220859172        382.04692833639854        535.34353207840388              568          62
 ../269_seed.dataconnected         224  0.16650122981999207       0.38950578734539848        37.296275479678222        87.249296365369261       0.20445587811230878        45.798116697157170        365.89037627015404        542.86784813504232              654          29
 ../270_seed.dataconnected         299  0.12295064876814113       0.28928877988089285        36.762243981674196        86.497345184386958       0.14980828608521521        44.792677539479349        572.55848368838338        948.06748416774235              615          40
 ../271_seed.dataconnected         272  0.19344791899765537       0.44223307782903781        52.617833967362259        120.28739716949829       0.24737683348521514        67.286498707978524        393.21365119795968        609.04141482124226              734          65
 ../272_seed.dataconnected         264  0.19574404710019339       0.45028091417262622        51.676428434451054        118.87416134157333       0.24596192061928959        64.933947043492452        379.37959579681848        564.24738556230568              642          42
 ../273_seed.dataconnected         230  0.17741440838503506       0.41796966974643068        40.805313928558064        96.133024041679050       0.22786180728839031        52.408215676329775        391.28791119277986        521.76952223608146              598          76
 ../274_seed.dataconnected         274   8.8202272028786693E-002  0.21377001888537336        24.167422535887553        58.572985174592304       0.12362075058021928        33.872085658980083        521.48283874792855        869.33709409399614              749         176
 ../275_seed.dataconnected         200  0.25626580293758189       0.59541850154747600        51.253160587516376        119.08370030949520       0.30852267064448768        61.704534128897535        203.74243422132534        233.55356636625964              706         130
 ../276_seed.dataconnected         200  0.11092645189611339       0.26609275526516213        22.185290379222678        53.218551053032428       0.14506688023915865        29.013376047831731        367.12610587230790        562.73061681405432              704         102
 ../277_seed.dataconnected         260  0.20544675631463000       0.48057580756438051        53.416156641803802        124.94970996673894       0.26482345635136517        68.854098651354946        457.79999465552208        729.78877724751385              578          31
 ../278_seed.dataconnected         223  0.13920928123509316       0.32697898597156422        31.043669715425775        72.916313871658815       0.18583352255312768        41.440875529347473        391.25287798308108        570.99200232619819              577          62
 ../279_seed.dataconnected         230  0.14125472666548444       0.34139961074933062        32.488587133061422        78.521910472346036       0.17767713892342610        40.865741952387999        459.41385569419043        700.05557384337476              559          87
 ../280_seed.dataconnected         274  0.22361590561030381       0.52627025835183761        61.270758137223247        144.19805078840349       0.27668601104917218        75.811967027473173        358.03383654732107        504.11565887038194              703          69
 ../281_seed.dataconnected         194  0.17207724224349746       0.41158578566438386        33.382984995238509        79.847642418890473       0.23283574304292859        45.170134150328145        434.65162796336438        641.77831157405330              760         183
 ../282_seed.dataconnected         167  0.11356787762090788       0.27170442493374941        18.965835562691616        45.374638963936150       0.14938593412578327        24.947450999005806        304.11023458301690        404.58705808495648              576          69
 ../283_seed.dataconnected         445   9.0854170944667467E-002  0.21267741210270805        40.430106070377022        94.641448385705075       0.12880965625161903        57.320297031970469        920.32991181841544        1906.4585508658497              738          74
 ../284_seed.dataconnected         314  0.11479795844149424       0.27282279490764305        36.046558950629191        85.666357600999916       0.15578974360942269        48.917979493358722        600.25040332286267        1174.8025664606971              701          83
 ../285_seed.dataconnected         164  0.23046179832769431       0.53758862205144720        37.795734925741868        88.164534016437344       0.27955347881870335        45.846770526267349        226.73486296002409        254.55391749417723              549          52
 ../286_seed.dataconnected         230  0.13750663164341603       0.32595289018976642        31.626525277985689        74.969164743646274       0.18164625409017507        41.778638440740266        520.82327528439862        923.48101140275503              631          55
 ../287_seed.dataconnected         303  0.12852161820425287       0.30351675662997152        38.942050315888622        91.965577258881368       0.17647063295044230        53.470601783984016        539.62952983696516        956.28297193209221              670          25
 ../288_seed.dataconnected         140  0.16477389040187013       0.38485531690252317        23.068344656261818        53.879744366353243       0.20038102862112914        28.053344006958078        203.10956367774210        206.73651158375492              678          72
 ../289_seed.dataconnected         182  0.17416094367806104       0.41857620202220103        31.697291749407107        76.180868768040582       0.22002758163414571        40.045019857414516        320.14552359303394        400.79529550094867              763         172
 ../290_seed.dataconnected         387   9.0489732426974501E-002  0.21713486097565438        35.019526449239130        84.031191197578238       0.10410875352903839        40.290087615737860        870.39536160766090        1808.5093081892005              686          41
 ../291_seed.dataconnected         170  0.15484652136091304       0.36722520509775847        26.323908631355216        62.428284866618938       0.19768106646367145        33.605781298824148        241.13041067335311        288.44823777759831              583          43
 ../292_seed.dataconnected         178  0.22358248689823917       0.52846719892640126        39.797682667886576        94.067161408899423       0.27323087677248453        48.635096065502246        279.97721762604402        340.97141242864376              677          59
 ../293_seed.dataconnected         195  0.15944502572469924       0.37300807963320493        31.091780016316349        72.736575528474958       0.19784806652006909        38.580372971413475        430.37053664720111        622.46175094054252              612          44
 ../294_seed.dataconnected         163  0.16716926294403645       0.39682931277348882        27.248589859877942        64.683177982078675       0.19469785879657595        31.735750983841879        270.89546593528962        346.61433839166170              642          70
 ../295_seed.dataconnected         231  0.11849253879289684       0.26607775830246938        27.371776461159168        61.463962167870427       0.17149724731611357        39.615864130022238        433.50787629242507        678.83641803649368              657          68
 ../296_seed.dataconnected         115  0.16694077293980947       0.39611235619978263        19.198188888078089        45.552920962975001       0.20720191652010231        23.828220399811766        136.16733767661503        122.44648214364474              667          71
 ../297_seed.dataconnected         318   9.0657704596403127E-002  0.21197943740016204        28.829150061656193        67.409461093251522       0.11407477158261817        36.275777363272574        709.87613281671725        1277.5585016759178              689          82
 ../298_seed.dataconnected         262  0.12449534714662291       0.29605505812704547        32.617780952415202        77.566425229285912       0.16660918396281404        43.651606198257277        668.11337957018861        1192.4688627936328              650          61
 ../299_seed.dataconnected         178  0.16058241708431292       0.37825157144029875        28.583670241007699        67.328779716373177       0.20196441769852663        35.949666350337743        344.36636165897949        476.96453726048651              508          68
 ../300_seed.dataconnected         214  0.16608726028420001       0.38207978683760624        35.542673700818803        81.765074383247736       0.22595444198629852        48.354250585067881        445.68771208875364        747.64956402584392              666         108
 ../301_seed.dataconnected         194  0.11475836516054942       0.27036717898187279        22.263122841146586        52.451232722483319       0.15230242260288943        29.546669984960548        458.75841181615408        691.85921504039891              661         120
 ../302_seed.dataconnected         200  0.16051499518151491       0.38043517029636892        32.102999036302982        76.087034059273790       0.20388127649129406        40.776255298258810        361.75289754317066        486.58439061214784              617          59
 ../303_seed.dataconnected         238  0.17254376400815891       0.39694528766091663        41.065415833941820        94.472978463298162       0.21747987878217659        51.760211150158028        350.85186198938959        508.93432159164627              628          51
 ../304_seed.dataconnected         342  0.16585956063799037       0.38855021666502970        56.723969738192707        132.88417409944014       0.21268428633280978        72.738025925820949        535.48023242996294        968.29801821918852              654          28
 ../305_seed.dataconnected         199  0.15507616319995432       0.36919439464754200        30.860156476790909        73.469684534860860       0.20285718079807630        40.368578978817183        284.44847949532840        354.91524174836792              602          47
 ../306_seed.dataconnected         213  0.14949375714313518       0.35365074802306651        31.842170271487792        75.327609328913169       0.18534121204635892        39.477678165874451        338.46315099435628        479.62621652324975              559          32
 ../307_seed.dataconnected         165  0.18974946660035943       0.44911926363786037        31.308661989059306        74.104678500246962       0.23570595934382904        38.891483291731795        252.29717891116022        316.23004849466150              459          61
 ../308_seed.dataconnected         239  0.17155923828010772       0.39432938932231509        41.002657948945746        94.244724048033305       0.23471185129988573        56.096132460672692        362.62321674839819        505.79129068873351              596          31
 ../309_seed.dataconnected         200  0.14208611486978598       0.33442610030676323        28.417222973957195        66.885220061352641       0.18275974257095481        36.551948514190961        305.52760969022063        425.23829588006669              493          38
 ../310_seed.dataconnected         282   8.6502174038987731E-002  0.20733080212840885        24.393613078994541        58.467286200211298       0.13375702031127548        37.719479727779685        662.10912114208691        1102.5214895918361              676          69
 ../311_seed.dataconnected         240  0.12876706890604325       0.30847618388203812        30.904096537450382        74.034284131689148       0.17413271512371797        41.791851629692317        456.20054580650782        712.22777160087753              739         122
 ../312_seed.dataconnected         136  0.19170281806150716       0.45947239252958455        26.071583256364974        62.488245384023500       0.24398668970759443        33.182189800232841        211.92395296373004        228.71781994577603              641          85
 ../313_seed.dataconnected         212  0.15485549056530182       0.36541362145784817        32.829363999843984        77.467687749063813       0.18910670414718295        40.090621279202786        353.08632403632305        501.41513286138019              789         148
 ../314_seed.dataconnected         342   7.2113799228633105E-002  0.16861860686079153        24.662919336192523        57.667563546390703        9.7258259036034245E-002   33.262324590323715        657.54898975319327        1284.4217335590206              754          36
 ../315_seed.dataconnected         181  0.16619879664922937       0.39129275060432434        30.081982193510516        70.823987859382711       0.20916825420288837        37.859454010722793        316.41501466935330        404.44834898727834              611         106
 ../316_seed.dataconnected         186  0.19165068314492054       0.45315616158409328        35.647027064955218        84.287046054641351       0.24797270460723095        46.122923056944956        288.38634157323031        376.19894490496461              632          55
 ../317_seed.dataconnected         276  0.14194907278198568       0.33398308452466752        39.177944087828045        92.179331328808232       0.19728871430408751        54.451685147928153        715.65037337806359        1359.6669889575824              747          90
 ../318_seed.dataconnected         311  0.15283608300689813       0.35723054877832788        47.532021815145320        111.09870067005997       0.20681771257242010        64.320308610022650        532.85378558317291        937.18876775826004              673          50
 ../319_seed.dataconnected         235  0.14203664475829414       0.32820989812234763        33.378611518199122        77.129326058751687       0.17062661373445659        40.097254227597297        512.73428837903680        785.14077477978572              604          34
 ../320_seed.dataconnected         166  0.20730917766794305       0.48443068358588104        34.413323492878547        80.415493475256255       0.25806502271543491        42.838793770762194        246.57559166788332        286.46505955113463              647         122
 ../321_seed.dataconnected         225  0.18014393854786909       0.42400414005659365        40.532386173270545        95.400931512733564       0.23375927401876481        52.595836654222083        422.88318575028524        654.30049698638732              614          76
 ../322_seed.dataconnected         177  0.14473527301124445       0.33973284725431468        25.618143322990267        60.132713964013696       0.17618666917945994        31.185040444764407        311.91222046035529        434.30763646498792              526          29
 ../323_seed.dataconnected         296  0.11306842218523304       0.26827192243408415        33.468252966828977        79.408489040488917       0.14472917888492956        42.839836949939148        696.97872953062608        1303.4933127747518              735          55
 ../324_seed.dataconnected         184  0.17291218505534331       0.40515108841997149        31.815842050183168        74.547800269274759       0.23340098264748127        42.945780807136551        398.24697508625013        555.79785351330293              610          93
 ../325_seed.dataconnected         291  0.11139472227883050       0.26505342141857929        32.415864183139675        77.130545632806573       0.13744781708886694        39.997314772860278        520.58867961029921        905.50837908409710              541          16
 ../326_seed.dataconnected         393  0.10304779205995378       0.24294296090186895        40.497782279561832        95.476583634434505       0.13599170808534822        53.444741277541851        812.66455675719601        1775.4732356512163              721          32
 ../327_seed.dataconnected         235  0.20376942776591622       0.47854862702421469        47.885815524990313        112.45892735069046       0.25920131092996807        60.912308068542494        381.76202167215229        599.21837777804092              619          41
 ../328_seed.dataconnected         186  0.20871203683803302       0.49019135016981025        38.820438851874144        91.175591131584710       0.26285753596601602        48.891501689678982        303.85887938959610        375.25329417340936              696          68
 ../329_seed.dataconnected         241  0.23130252017225594       0.52573553751964675        55.743907361513685        126.70226454223487       0.29572075527149416        71.268702020430098        413.01369083511190        664.84040928973639              631          33
 ../330_seed.dataconnected         239  0.13514698421277926       0.32366613602803945        32.300129226854246        77.356206510701426       0.17612648219906166        42.094229245575733        490.04241229180866        768.18680812779951              604          28
 ../331_seed.dataconnected         276  0.18210582683133428       0.41252543096611144        50.261208205448263        113.85701894664676       0.24043419057991258        66.359836600055871        385.34694307529168        538.03936677999627              741          48
 ../332_seed.dataconnected         164  0.22189372366205729       0.51370527137154820        36.390570680577397        84.247664504933908       0.29184994748053800        47.863391386808232        225.69967079553396        243.08061946933381              568          54
 ../333_seed.dataconnected         194  0.19784764068852562       0.46612932648652944        38.382442293573966        90.429089338386717       0.24283136985726300        47.109285752309020        335.43066232026030        401.99125280623309              792         177
 ../334_seed.dataconnected         203  0.14843690841491022       0.35142095687892116        30.132692408226774        71.338454246420994       0.19802819885525663        40.199724367617094        329.24760515434247        443.88927958419964              637          79
 ../335_seed.dataconnected         294  0.11290108961758609       0.25858563578561305        33.192920347570308        76.024176920970234       0.16021996639296210        47.104670119530859        442.32540327791395        689.82096932270315              669          43
 ../336_seed.dataconnected         190  0.13482805665152356       0.31932039933731049        25.617330763789475        60.670875874088992       0.17520613182778469        33.289165047279091        321.13510064488611        407.18779520766890              721         125
 ../337_seed.dataconnected         210  0.12448006456116231       0.30187657146533714        26.140813557844087        63.394080007720802       0.17357612889271165        36.450987067469448        479.14601538237963        775.31685384269065              619          78
 ../338_seed.dataconnected         243  0.12051465411123817       0.28721358823827370        29.285060949030875        69.792901941900510       0.14929184061702461        36.277917269936978        487.38209954080526        775.83276377120001              532          16
 ../339_seed.dataconnected         214  0.16343470402243648       0.38487647275462911        34.975026660801404        82.363565169490627       0.19892964581626743        42.570944204681233        329.67260452606047        456.16125382123289              785         114
 ../340_seed.dataconnected         181  0.12231099031723683       0.29067257104892141        22.138289247419866        52.611735359854777       0.17800819421802919        32.219483153463280        344.01974188975083        446.77316610662501              603          51
 ../341_seed.dataconnected         154  0.12379369901540027       0.28987998756285849        19.064229648371644        44.641518084680207       0.15966547259632471        24.588482779834006        265.96468109075084        323.82978592120071              592          72
 ../342_seed.dataconnected         343   9.6895547156669842E-002  0.23248581284629358        33.235172674737754        79.742633806278704       0.11808169795588799        40.502022398869585        738.63547258307051        1456.5752764338604              621          28
 ../343_seed.dataconnected         147  0.15315246078966235       0.35680224974307578        22.513411736080364        52.449930712232138       0.19996911229653483        29.395459507590619        323.89404281309407        425.25625420220621              717          93
 ../344_seed.dataconnected         233  0.16225410887404645       0.37583757355014147        37.805207367652827        87.570154637182966       0.21374124671502254        49.801710484600250        538.15344900435298        823.18799244768945              679         110
 ../345_seed.dataconnected         189  0.19486815414864397       0.44871064035753738        36.830081134093710        84.806311027574566       0.25260419941765933        47.742193689937615        294.83267498726264        347.86934079996206              532          37
 ../346_seed.dataconnected         230  0.13876062847859624       0.33320761223869449        31.914944550077134        76.637750814899732       0.16707357895082095        38.426923158688815        404.18588756431967        585.22479561419686              714         105
 ../347_seed.dataconnected         229  0.13672389604385052       0.32164887581574075        31.309772194041770        73.657592561804634       0.17423491405593070        39.899795318808131        461.58995546971431        689.71352161201571              709          95
 ../348_seed.dataconnected         223  0.14035108707745775       0.33484001975132177        31.298292418273078        74.669324404544753       0.18456328861486829        41.157613361115629        423.07452448107978        646.72361632440015              697          61
 ../349_seed.dataconnected         228  0.15545420325993106       0.35707630001291613        35.443558343264279        81.413396402944883       0.21616397990626404        49.285387418628204        389.55977686113533        594.35081171196703              651          74
 ../350_seed.dataconnected         166  0.17173599621320071       0.40051112295251623        28.508175371391317        66.484846410117697       0.21680878559483391        35.990258408742427        241.90873645830098        269.39996711789996              734          82
 ../351_seed.dataconnected         262  0.13744775989180957       0.32172097596721450        36.011313091654110        84.290895703410200       0.18066623924106842        47.334554681159929        473.87808782543618        756.49787278496274              737          52
 ../352_seed.dataconnected         183  0.17610463837926768       0.41986393875390643        32.227148823405983        76.835100791964877       0.21802262962566812        39.898141221497269        316.97023758134145        427.69557821533647              732          53
 ../353_seed.dataconnected         186  0.14792814459875844       0.34898577520549384        27.514634895369070        64.911354188221850       0.17736633310901870        32.990137958277479        450.36212620023548        636.02973946631198              734          91
 ../354_seed.dataconnected         279  0.14574403956732224       0.34064904012855457        40.662587039282904        95.041082195866721       0.18821926031460681        52.513173627775302        489.04372343453792        754.78608940197694              664          45
 ../355_seed.dataconnected         193  0.16107449046031139       0.36955919759898748        31.087376658840096        71.324925136604577       0.22929685915592252        44.254293817093043        309.94445200379408        423.15277696068546              646          67
 ../356_seed.dataconnected         224  0.19038317935750929       0.43779266196519101        42.645832176082081        98.065556280202784       0.26101484151450327        58.467324499248733        398.73665841309156        570.59731733934268              609          55
 ../357_seed.dataconnected         231  0.12588800043299611       0.30327286135891046        29.080128100022101        70.056030973908321       0.14834891023358474        34.268598263958076        543.73680274967614        882.83535513582956              564          29
 ../358_seed.dataconnected         245  0.13867542988492090       0.32577224945817618        33.975480321805620        79.814201117253162       0.19206709908619232        47.056439276117118        494.29139608716054        768.46920932295711              606          28
 ../359_seed.dataconnected         154  0.25555130964416234       0.59201200381036700        39.354901685201000        91.169848586796519       0.29399175455488352        45.274730201452066        187.53956568224922        184.67184097022206              662          51
 ../360_seed.dataconnected         141  0.18154095759585309       0.42191903646139789        25.597275021015285        59.490584141057106       0.22836962216189260        32.200116724826856        204.60942000546274        218.64120185618151              728          86
 ../361_seed.dataconnected         291  0.13812458404677302       0.32383350162043628        40.194253957610947        94.235548971546962       0.19111741763485374        55.615168531742441        504.20226433700196        875.50282717269840              664         102
 ../362_seed.dataconnected         202  0.12385707420860458       0.29695736439531001        25.019128990138125        59.985387607852623       0.14723523634392283        29.741517741472411        384.70567062591050        549.73963201213348              713          92
 ../363_seed.dataconnected         197  0.20491966294954661       0.46380649148893227        40.369173601060680        91.369878823319652       0.25144783147358907        49.535222800297049        208.70722744064275        235.09026820203934              661          45
 ../364_seed.dataconnected         213  0.23011804454497736       0.54464799499595928        49.015143488080177        116.01002293413933       0.28480134814199382        60.662687154244679        366.89529434785192        512.06387454375124              681          80
 ../365_seed.dataconnected         245  0.15193112939324613       0.35161132788582089        37.223126701345301        86.144775332026114       0.19177851173203697        46.985735374349055        442.70782838963754        595.40068363069645              688          65
 ../366_seed.dataconnected         178  0.14799183352924783       0.33977487249713229        26.342546368206115        60.479927304489550       0.18678960426561847        33.248549559280086        263.34620165906068        322.45666655099456              691          79
 ../367_seed.dataconnected         237  0.19898363217505299       0.46830375467467972        47.159120825487562        110.98798985789909       0.24652430085045440        58.426259301557693        361.94865139247236        494.72257447158080              668          75
 ../368_seed.dataconnected         172  0.14099909626449120       0.33715956859349627        24.251844557492486        57.991445798081358       0.17672103231790168        30.396017558679088        424.01698534077434        628.06668361865763              761         100
 ../369_seed.dataconnected         162  0.25095519918648745       0.58808765540955876        40.654742268210967        95.270200176348524       0.29549425172730115        47.870068779822788        215.56685370596048        233.27858584921546              704          85
 ../370_seed.dataconnected         190  0.19975118240588791       0.46018276319012053        37.952724657118701        87.434725006122903       0.24995154122333293        47.490792832433257        331.87476506163790        453.70506122353862              630         180
 ../371_seed.dataconnected         159  0.14505299733392438       0.34612876712271129        23.063426576093978        55.034473972511094       0.17270724760327305        27.460452368920414        323.26447107680463        407.66857930121552              670         110
 ../372_seed.dataconnected         271  0.22323632541727803       0.50260948127752925        60.497044188082349        136.20716942621041       0.28148472408458397        76.282360226922250        290.72594993255854        391.76671191182743              862         186
 ../373_seed.dataconnected         179  0.18662648266710943       0.44418175848277053        33.406140397412585        79.508534768415927       0.24419239465758361        43.710438643707462        325.29864685801584        443.99171155101016              684          61
 ../374_seed.dataconnected         185  0.13720149198108739       0.31720351690690690        25.382276016501166        58.682650627777775       0.17655599473524283        32.662859026019923        382.44704950893947        522.70410155312072              714          75
 ../375_seed.dataconnected         189  0.20987237726307820       0.48453747805723446        39.665879302721777        91.577583352817314       0.24724013697639405        46.728385888538476        209.56872783728630        231.64980327373146              613          36
 ../376_seed.dataconnected         154  0.15156410676972873       0.35900506562283097        23.340872442538224        55.286780105915966       0.19740110954346610        30.399770869693779        318.61321276995966        422.91575577471008              537          61
 ../377_seed.dataconnected         189  0.19852232347331442       0.46219014841890027        37.520719136456428        87.353938051172150       0.23596168375353330        44.596758229417794        262.21573407510033        331.70272085380350              594          35
 ../378_seed.dataconnected         320  0.14596417686353050       0.34388467682882878        46.708536596329758        110.04309658522521       0.19867122810169616        63.574792992542768        694.36718926690685        1210.8183822687781              668          39
 ../379_seed.dataconnected         195  0.21128318750461580       0.48239963499476501        41.200221563400085        94.067928823979173       0.26011916885174008        50.723237926089318        298.31749016974049        376.99140352566582              697         127
 ../380_seed.dataconnected         252  0.16146631411669915       0.38280668999656214        40.689511157408184        96.467285879133655       0.22066139665686421        55.606671957529784        484.58101742351505        814.76392652064112              684          52
 ../381_seed.dataconnected         209  0.12875142052710761       0.30290256367724977        26.909046890165492        63.306635808545202       0.16502628358895341        34.490493270091264        390.86684813724287        620.74223397779815              641          72
 ../382_seed.dataconnected         207  0.20385341128202647       0.46148863193060663        42.197656135379482        95.528146809635572       0.25971751003874427        53.761524578020065        280.84032414485466        352.68768031358519              751         106
 ../383_seed.dataconnected         234  0.21335733285626882       0.50463490375456876        49.925615888366906        118.08456747856908       0.26263385570564979        61.456322235122052        293.91050186592065        371.79736393318711              661          55
 ../384_seed.dataconnected         246  0.14796165562577684       0.34940234457777508        36.398567283941105        85.952976766132664       0.19313283497298234        47.510677403353654        461.94080884940041        685.52338520314834              624          71
 ../385_seed.dataconnected         202  0.15506016347796575       0.36661257897674870        31.322153022549081        74.055740953303243       0.19758053738233203        39.911268551231068        381.20658182309512        571.81537864383517              526          26
 ../386_seed.dataconnected         311  0.10302779674727892       0.23913473501139970        32.041644788403744        74.370902588545306       0.13353298760749635        41.528759145931367        785.94025946275428        1540.8036770793747              613          27
 ../387_seed.dataconnected         228  0.10595730095349234       0.24611268205013923        24.158264617396256        56.113691507431746       0.13150855188126334        29.983949828928044        455.33240425928079        712.16060625012665              612          37
 ../388_seed.dataconnected         204  0.13290030876225256       0.31065391629243205        27.111662987499521        63.373398923656140       0.17316746620955964        35.326163106750165        368.78463678805934        484.32130815702720              673         104
 ../389_seed.dataconnected         290  0.13588668048764496       0.31804212829096573        39.407137341417041        92.232217204380063       0.17794680233795379        51.604572678006598        530.49939705532404        875.82336219129888              634          39
 ../390_seed.dataconnected         263  0.16493526183867202       0.38329178956521154        43.377973863570745        100.80574065565064       0.21622089634397898        56.866095738466470        547.24198974782223        872.25454642742193              661          44
 ../391_seed.dataconnected         224  0.13504070917963090       0.32333358164103310        30.249118856237324        72.426722287591417       0.17853166339443691        39.991092600353866        432.21447605089406        655.45562672927099              649          31
 ../392_seed.dataconnected         172  0.13782456352988998       0.32456019050145080        23.705824927141077        55.824352766249540       0.17667483953224666        30.388072399546427        338.50296157904836        465.08038769475149              598          40
 ../393_seed.dataconnected         315  0.11494406949102355       0.27153102534985424        36.207381889672419        85.532272985204088       0.12989700545008390        40.917556716776424        693.57205738907919        1271.8530285970876              601          31
 ../394_seed.dataconnected         172  0.15996269567605739       0.37507805901241187        27.513583656281870        64.513426150134848       0.21853294913311233        37.587667250895322        311.37652465428363        390.90300614653393              573          56
 ../395_seed.dataconnected         298  0.14806286002468400       0.35208123187272727        44.122732287355831        104.92020709807272       0.18181159871803196        54.179856417973525        493.56042910161989        837.00637233167038              625          52
 ../396_seed.dataconnected         207  0.15833661249234116       0.37045704083880421        32.775678785914621        76.684607453632466       0.20806582745505339        43.069626283196051        335.87498780597048        457.66205163644247              661          99
 ../397_seed.dataconnected         240  0.10201123856661694       0.24450393350271185        24.482697255988064        58.680944040650843       0.13034578562787474        31.282988550689939        510.92818230902122        874.09283323400780              678          76
 ../398_seed.dataconnected         221  0.10648757647780832       0.25491986130188393        23.533754401595640        56.337289347716350       0.13705687263968652        30.289568853370721        501.02641339595749        819.61351678142069              647          43
 ../399_seed.dataconnected         159  0.21628181084348863       0.52094354259956976        34.388807924114694        82.830023273331591       0.26214164376093180        41.680521357988155        272.95503705148332        304.26191246718929              614          54
 ../400_seed.dataconnected         171  0.15909776923803701       0.38179053448854355        27.205718539704328        65.286181397540943       0.19492654610434668        33.332439383843280        316.76174460353280        402.39441741820059              619          55
 ../401_seed.dataconnected         135  0.17251161982204941       0.40881843163466364        23.289068675976669        55.190488270679595       0.19737454165278140        26.645563123125488        220.62957534287386        244.51894991870753              674          50
 ../402_seed.dataconnected         225  0.13819112515944795       0.33392493914788690        31.093003160875789        75.133111308274550       0.17772733089939546        39.988649452363980        442.95462909965630        714.38562986427098              604          22
 ../403_seed.dataconnected         175  0.16336961170285649       0.38331492231731240        28.589682047999887        67.080111405529664       0.20094012851614654        35.164522490325645        237.36639124043842        279.26223665231896              581          36
 ../404_seed.dataconnected         227  0.10253291638539613       0.23891759088817344        23.274972019484924        54.234293131615367       0.14333007975694706        32.535928104826979        621.55463754597565        1064.3292103155909              631          35
 ../405_seed.dataconnected         229  0.15002893775308354       0.35061423127051611        34.356626745456133        80.290658960948193       0.18906045404276758        43.294843975793775        487.17958787741355        730.12852272953853              601         122
 ../406_seed.dataconnected         223  0.15820504367947144       0.36942114259322240        35.279724740522134        82.380914798288600       0.19637842276431214        43.792388276441606        356.11510561015245        488.28206644796779              706         142
 ../407_seed.dataconnected         189  0.18947895586629152       0.44233699867540688        35.811522658729096        83.601692749651903       0.23640950421692833        44.681396296999452        370.05299985364985        514.37117243379976              581          76
 ../408_seed.dataconnected         234  0.17733375835512444       0.40780798718497141        41.496099455099120        95.427069001283314       0.22398454223774619        52.412382883632610        326.20671328685080        451.80625536370252              649          32
 ../409_seed.dataconnected         233  0.12257191947774335       0.29111178360028572        28.559257238314199        67.829045578866570       0.14584951681048630        33.982937416843306        663.56963856552977        1196.0121065156900              699          57
 ../410_seed.dataconnected         160  0.21142301658103266       0.50184152893960987        33.827682652965223        80.294644630337586       0.25774576157596046        41.239321852153672        226.85914485196281        242.64073426491734              635          89
 ../411_seed.dataconnected         215  0.15039887810703531       0.35330101441530543        32.335758793012594        75.959718099290669       0.19924523440429087        42.837725396922536        415.29550388060926        527.79811251267392              601          41
 ../412_seed.dataconnected         267  0.14651779680220470       0.34315215064223065        39.120251746188657        91.621624221475585       0.17227377613641331        45.997098228422352        481.29507818915158        767.43171567851357              616          50
 ../413_seed.dataconnected         184  0.20369003105763467       0.48264305203581176        37.478965714604776        88.806321574589361       0.26280210717175018        48.355587719602035        306.99304560896030        380.74947619489683              646         124
 ../414_seed.dataconnected         190   8.4824947964662042E-002  0.19795026220188908        16.116740113285790        37.610549818358926       0.11307976345436606        21.485155056329550        462.22565902983661        691.06395051910715              599          41
 ../415_seed.dataconnected         208  0.19917937659788806       0.46708148407186573        41.429310332360714        97.152948686948065       0.26059292895724345        54.203329223106635        429.75703429303661        637.21249224694702              651         127
 ../416_seed.dataconnected         220  0.13750062355091791       0.32521183363485806        30.250137181201939        71.546603399668768       0.17265329836868595        37.983725641110908        461.79325888442878        703.01305019812787              746         126
 ../417_seed.dataconnected         271  0.17103212475656321       0.40232882250536139        46.349705809028627        109.03111089895293       0.21517452099205253        58.312295188846235        443.98407141374412        709.58223000483895              783         136
 ../418_seed.dataconnected         212  0.16032423376754842       0.37590461694570054        33.988737558720267        79.691778792488520       0.20513852921824383        43.489368194267691        445.40571462129304        666.87261212575606              698          51
 ../419_seed.dataconnected         216  0.16442027546700971       0.39491222681467764        35.514779500874099        85.301040991970368       0.20248847701587816        43.737511035429684        432.37876325780928        668.35177129442718              624          65
 ../420_seed.dataconnected         223  0.15140883158921412       0.35757351259991760        33.764169444394746        79.738893309781631       0.18639111154653831        41.565217874878044        408.84020124049965        598.92940275361116              596          50
 ../421_seed.dataconnected         170  0.17210748474378568       0.40288014611522538        29.258272406443567        68.489624839588316       0.21336725290984337        36.272432994673373        370.04035115748445        501.25618065941467              634          66
 ../422_seed.dataconnected         206  0.15362902987634558       0.36639000508666963        31.647580154527191        75.476341047853950       0.19750602539612885        40.686241231602544        478.27892526464598        701.60004183032140              556          30
 ../423_seed.dataconnected         199  0.12284741626910346       0.28768569591903292        24.446635837551590        57.249453487887550       0.14625490493780469        29.104726082623131        362.19782100396668        508.71538147178626              578          47
 ../424_seed.dataconnected         292  0.13160094385290433       0.31122456713828478        38.427475605048066        90.877573604379151       0.16803799714069539        49.067095165083053        518.28999046883098        809.14928178738865              758          50
 ../425_seed.dataconnected         278  0.13848573586566176       0.32674419258230225        38.499034570653969        90.834885537880027       0.19049586166633739        52.957849543241792        467.84318702400077        716.63754066289607              625          65
 ../426_seed.dataconnected         185  0.16208176057377821       0.38721886525969124        29.985125706148970        71.635490073042874       0.20362877177226554        37.671322777869122        414.86098791213971        597.74787509301598              679         184
 ../427_seed.dataconnected         191  0.21519431862165861       0.49737671594438970        41.102114856736797        94.998952745378432       0.26756601168083999        51.105108231040440        299.35283300082108        375.48559917069787              524         105
 ../428_seed.dataconnected         162  0.17131471260664419       0.40063494865324384        27.752983442276360        64.902861681825499       0.21652003904470962        35.076246325242955        285.45443520935260        319.80469708092568              563          42
 ../429_seed.dataconnected         190  0.16174169818501710       0.37704106054537995        30.730922655153250        71.637801503622185       0.20277447150287117        38.527149585545523        322.38183631698860        432.08742628934942              557          28
 ../430_seed.dataconnected         202  0.16929491337520533       0.38667384124074894        34.197572501791477        78.108115930631286       0.21545634484167017        43.522181658017374        261.28282724379181        329.25336409800980              560          32
 ../431_seed.dataconnected         214  0.15281414132262217       0.36362352110271839        32.702226243041146        77.815433515981738       0.18690823595690895        39.998362494778512        378.77537263511914        548.94987656831734              640          34
 ../432_seed.dataconnected         239  0.21090770150175919       0.49679753662340398        50.406940658920448        118.73461125299355       0.25072895316497623        59.924219806429321        351.00232430136492        470.76407678530154              753          55
 ../433_seed.dataconnected         200  0.14516705365646670       0.34389472956251882        29.033410731293340        68.778945912503758       0.19210105925932155        38.420211851864309        367.86314595686281        535.17471433244782              619         119
 ../434_seed.dataconnected         174  0.15079664305836862       0.36111866036529922        26.238615892156140        62.834646903562060       0.20569350120332303        35.790669209378208        296.16722083377681        369.43796211678045              636          49
 ../435_seed.dataconnected         198  0.20377327636800863       0.47872180273470144        40.347108720865705        94.786916941470892       0.26458224897832966        52.387285297709269        367.39046492474955        492.98831210315558              635          32
 ../436_seed.dataconnected         211  0.13743788174582017       0.33746848632688714        28.999393048368056        71.205850614973187       0.18178027296101504        38.355637594774173        427.65354238546917        663.41532501910979              781         202
 ../437_seed.dataconnected         250  0.18492156292257469       0.43787595360320292        46.230390730643677        109.46898840080073       0.22000743204631276        55.001858011578193        331.02517998757793        466.43876546305836              828         233
 ../438_seed.dataconnected         295  0.11511868421474095       0.27356306465075814        33.960011843348582        80.701104071973646       0.15161992212139572        44.727877025811736        631.88071280294787        1131.9333446636745              748          70
 ../439_seed.dataconnected         246  0.14669302883488408       0.34545080545261703        36.086485093381484        84.980898141343786       0.19072067784727545        46.917286750429760        432.36958164608859        639.19788346035216              703         147
 ../440_seed.dataconnected         233  0.16068111835463883       0.37906416269847037        37.438700576630850        88.321949908743591       0.20416943248615954        47.571477769275170        430.24085181612224        618.54546972117646              731         111
 ../441_seed.dataconnected         268  0.18819949644799919       0.43912991789902955        50.437465048063785        117.68681799693992       0.24454448070691090        65.537920829452119        361.38834650485131        487.07121092131626              653          40
 ../442_seed.dataconnected         163  0.17368809371982541       0.41566266344589903        28.311159276331541        67.753014141681547       0.21215708846833412        34.581605420338462        334.26477956580220        413.66008511159049              653          68
 ../443_seed.dataconnected         175  0.18562982401537473       0.43846236044336628        32.485219202690580        76.730913077589094       0.23912100746880541        41.846176307040949        265.68193834597378        317.51164516262867              590          51
 ../444_seed.dataconnected         167  0.17329641553255043       0.41121295012392545        28.940501393935921        68.672562670695555       0.21166948427838755        35.348803874490720        286.97565453039351        318.57651786269531              574          46
 ../445_seed.dataconnected         210  0.12734320040466637       0.29892671086467115        26.742072084979938        62.774609281580943       0.17046547254132868        35.797749233679021        335.39240712861749        461.82701307615088              714          68
 ../446_seed.dataconnected         269   8.5946052626673014E-002  0.20287997797163912        23.119488156575041        54.574714074370924       0.10987966081562087        29.557628759402014        613.04555391070824        1087.7940709662150              641          54
 ../447_seed.dataconnected         237  0.10842407374717884       0.26066941783875963        25.696505478081384        61.778652027786030       0.12552726098409139        29.749960853229659        526.24165093018541        844.58183534776197              550          44
 ../448_seed.dataconnected         179  0.22685476937950760       0.53034157396715487        40.607003718931864        94.931141740120722       0.28699028910914415        51.371261750536803        228.73946224952456        253.25830088621632              711          61
 ../449_seed.dataconnected         184  0.13384129378977622       0.32027410303312537        24.626798057318823        58.930434958095070       0.16683341501535354        30.697348362825050        382.54501494242061        466.10124119609037              531          30
 ../450_seed.dataconnected         179  0.15419829067081806       0.37159493119783049        27.601494030076431        66.515492684411655       0.19002565990311321        34.014593122657267        317.61350327343484        352.20462652854417              622          44
 ../451_seed.dataconnected         154  0.15316870045527783       0.36745681952979647        23.587979870112786        56.588350207588654       0.20172408877402709        31.065509671200171        414.38413547607655        501.16604058720554              575          52
 ../452_seed.dataconnected         232  0.20205022901230249       0.47006037540933221        46.875653130854175        109.05400709496507       0.25315261637017655        58.731406997880960        352.46503267344519        483.93995579943743              611          37
 ../453_seed.dataconnected         228  0.11158013972127225       0.25927228404634900        25.440271856450071        59.114080762567575       0.14354305557821620        32.727816671833295        404.16218645916507        615.03175385485122              603          63
 ../454_seed.dataconnected         190  0.20917820701686246       0.48140920190392666        39.743859333203865        91.467748361746061       0.27111952143008561        51.512709071716266        292.43247626849899        325.48607754963081              619          51
 ../455_seed.dataconnected         260  0.15336923378032474       0.36330058620698991        39.876000782884432        94.458152413817373       0.19393601435736768        50.423363732915597        508.90314245738483        857.96425393801121              675          52
 ../456_seed.dataconnected         190  0.17136087423718757       0.39898040152477848        32.558566105065637        75.806276289707910       0.22977379697389244        43.657021425039567        358.17093237958960        437.93396666149874              661          57
 ../457_seed.dataconnected         236  0.15097707603717325       0.35757142337565728        35.630589944772886        84.386855916655122       0.18571171147716706        43.827963908611423        453.41622891471832        682.47978231085847              646          36
 ../458_seed.dataconnected         166  0.12966997412134595       0.30302158899345832        21.525215704143427        50.301583772914078       0.15762020681514172        26.164954331313524        361.52213808728311        495.95344086068332              616          46
 ../459_seed.dataconnected         192  0.14953053204219907       0.34833341754638497        28.709862152102222        66.880016168905911       0.20576838985345944        39.507530851864210        386.92377218615638        518.14110849940960              625          52
 ../460_seed.dataconnected         186  0.12789985893610273       0.29877737683799266        23.789373762115108        55.572592091866632       0.15842301399043318        29.466680602220571        314.14860641843904        387.11226787106648              608          40
 ../461_seed.dataconnected         219  0.15194654668692734       0.35511715467880528        33.276293724437089        77.770656874658357       0.21655793508990109        47.426187784688338        377.89234162957530        503.08074866345441              640          56
 ../462_seed.dataconnected         293  0.10079242374585244       0.23705723864116629        29.532180157534764        69.457770921861723       0.15117012863311216        44.292847689501862        557.82790048488289        939.76959154031510              842         135
 ../463_seed.dataconnected         179  0.11533417468988826       0.27729652837858842        20.644817269489998        49.636078579767329       0.16326457024321772        29.224358073535971        377.00772449997066        459.11359230132291              567          36
 ../464_seed.dataconnected         194  0.23625797510220251       0.54282130521881078        45.834047169827286        105.30733321244929       0.29955553714400401        58.113774205936778        269.93866525303196        334.77412916162575              724         109
 ../465_seed.dataconnected         327  0.17276085674740030       0.40022734725074072        56.492800156399895        130.87434255099222       0.23157772023640744        75.725914517305227        613.95310750243073        1098.5529254860021              717          74
 ../466_seed.dataconnected         246  0.17074729086183205       0.40029006131580230        42.003833552010683        98.471355083687371       0.21947496217081061        53.990840694019411        399.89447501835599        583.65416775477252              611          66
 ../467_seed.dataconnected         311  0.15172008175327045       0.36095592940682591        47.184945425267109        112.25729404552285       0.18995613416083726        59.076357724020390        464.24257725867818        778.21113123404621              737          59
 ../468_seed.dataconnected         194  0.11328807248951393       0.26686083228775576        21.977886062965702        51.771001463824618       0.15588451534943856        30.241595977791082        530.39867453410545        744.97405835565382              602         189
 ../469_seed.dataconnected         122  0.13322405240260810       0.32246286441426647        16.253334393118188        39.340469458540511       0.17025236534202759        20.770788571727365        234.02257387013364        267.15362631454758              621          67
 ../470_seed.dataconnected         183  0.17322040221831425       0.41563242693750391        31.699333605951509        76.060734129563215       0.22828288766079832        41.775768441926090        367.78945760540267        534.91705878266873              490          26
 ../471_seed.dataconnected         208  0.13974740235214481       0.33677683217749216        29.067459689246121        70.049581092918373       0.18635259720830044        38.761340219326492        372.96255708646424        529.66683323366647              579          31
 ../472_seed.dataconnected         197  0.15228503926173437       0.35501609234683945        30.000152734561670        69.938170192327377       0.19669397822530860        38.748713710385793        348.93423054338120        456.35107629081472              628          85
 ../473_seed.dataconnected         208  0.18357302265296122       0.42976443676416848        38.183188711815930        89.391002846947046       0.23642758834118321        49.176938374966106        296.87069908148271        387.09514464442350              649          89
 ../474_seed.dataconnected         199  0.17069786705544276       0.39373869192671168        33.968875544033111        78.353999693415631       0.21746896007902397        43.276323055725769        278.63977003778461        363.11438162938532              597          57
 ../475_seed.dataconnected         292  0.21484787432239955       0.50549607386018869        62.735579302140664        147.60485356717510       0.26168518323938783        76.412073505901247        548.59859660121947        933.12740357398934              713          72
 ../476_seed.dataconnected         238  0.11859558542371119       0.27513397970727627        28.225749330843264        65.481887170331746       0.18811298519165201        44.770890475613179        434.68205429012369        693.41397672499932              660          83
 ../477_seed.dataconnected         276  0.14248841302453283       0.33525742050234858        39.326801994771060        92.531048058648210       0.18857375030202464        52.046355083358797        477.40542811145417        798.67929226823856              841         181
 ../478_seed.dataconnected         179  0.14486112263585707       0.34463478268161285        25.930140951818416        61.689626100008702       0.18282991403077323        32.726554611508405        302.69586795741731        402.87974795877534              549          40
 ../479_seed.dataconnected         180  0.23003404020306692       0.54271533689943285        41.406127236552045        97.688760641897915       0.26491167663673448        47.684101794612204        242.06487704327623        279.44706023930343              604          71
 ../480_seed.dataconnected         236  0.17579762265352245       0.41627233708349193        41.488238946231299        98.240271551704097       0.21354662870697946        50.397004374847157        427.74342847177974        644.08709762991509              644          82
 ../481_seed.dataconnected         226  0.17217411626770490       0.40108145501264753        38.911350276501310        90.644408832858346       0.23415176178525271        52.918298163467114        466.57764892048448        710.86559505246578              834         104
 ../482_seed.dataconnected         183  0.12464868478328028       0.29479797176275435        22.810709315340294        53.948028832584043       0.15649294837448149        28.638209552530114        336.65268870120707        426.51914341410617              802          76
 ../483_seed.dataconnected         227  0.17225108951298537       0.39773066140331359        39.100997319447679        90.284860138552190       0.21654100682299024        49.154808548818785        326.31234586422994        437.70867935881279              780         151
 ../484_seed.dataconnected         312  0.17366630770085728       0.40596205543771963        54.183888002667473        126.66016129656852       0.22749999053567074        70.979997047129274        524.84913225359116        926.53581738696766              734          51
 ../485_seed.dataconnected         200  0.16513976952488144       0.39374447597868445        33.027953904976286        78.748895195736893       0.22391965294868768        44.783930589737537        393.23782477034132        518.20358344570343              582          24
 ../486_seed.dataconnected         230  0.17024430036217028       0.40861114031772894        39.156189083299168        93.980562273077652       0.21003274163122676        48.307530575182156        335.90923708599462        483.87567836176919              733         147
 ../487_seed.dataconnected         267  0.15483266335542445       0.35852219452490802        41.340321115898327        95.725425938150437       0.18627528706375407        49.735501646022335        486.25101246962515        748.61905050791688              576          39
 ../488_seed.dataconnected         250  0.15604904160094990       0.36648357328244552        39.012260400237473        91.620893320611373       0.19055696117105148        47.639240292762871        410.58232688036315        590.46149908322082              741         149
 ../489_seed.dataconnected         216  0.23960462543263455       0.54972567372304193        51.754599093449066        118.74074552417706       0.28265993109568716        61.054545116668429        260.50309267049897        341.74430849571957              535          48
 ../490_seed.dataconnected         440   9.1044226289866415E-002  0.21543035184553519        40.059459567541225        94.789354812035484       0.11898166145694186        52.351931041054421        843.71255855985919        1916.2732169929875              750          32
 ../491_seed.dataconnected         219  0.13380893945072916       0.31625907585583268        29.304157739709687        69.260737612427363       0.16789237488257172        36.768430099283208        394.20100751261464        604.63654990668363              665          64
 ../492_seed.dataconnected         371  0.11974869460821656       0.27839828289784607        44.426765699648342        103.28576295510089       0.14871421356709663        55.172973233392852        735.56591661253685        1417.9599427815110              753          33
 ../493_seed.dataconnected         160  0.21569334441760088       0.51190201384971445        34.510935106816142        81.904322215954309       0.28242318110052794        45.187708976084473        231.33539996171882        265.52463487091001              722         149
 ../494_seed.dataconnected         247  0.25989895375365185       0.59352055601496623        64.195041577152011        146.59957733569667       0.31116052163648633        76.856648844212117        285.90349118332631        377.73834669106009              712          69
 ../495_seed.dataconnected         228  0.15684094560121142       0.36996208636107070        35.759735597076201        84.351355690324112       0.18924758935595870        43.148450373158582        388.69227393042604        542.14095858891790              657          40
 ../496_seed.dataconnected         260  0.11680795289549467       0.27669546808488243        30.370067752828614        71.940821702069428       0.13845015223488918        35.997039581071185        509.96781626561835        833.95276439769941              685          85
 ../497_seed.dataconnected         242  0.15723588478372408       0.37278044678629380        38.051084117661226        90.212868122283098       0.19157293702631928        46.360650760369268        426.76055867244622        650.95302217183553              712         132
 ../498_seed.dataconnected         223  0.15347970629926697       0.36371215758361541        34.225974504736534        81.107811141146243       0.19814535434662270        44.186414019296862        528.19302812970204        856.19750726874327              607          94
 ../499_seed.dataconnected         300  0.12043134243668818       0.29260380340395881        36.129402731006458        87.781141021187636       0.14371527338920320        43.114582016760963        626.42130000533143        1019.3269572288472              694          67
 ../500_seed.dataconnected         218  0.16831114879488537       0.37703392202855301        36.691830437285013        82.193395002224563       0.21193384201481380        46.201577559229406        359.55920813842636        512.38873893810171              651          81
 ../501_seed.dataconnected         211  0.13929908208200753       0.32331018552913848        29.392106319303590        68.218449146648226       0.17981513785973902        37.940994088404935        417.96150783363248        572.19265012540177              506          36
 ../502_seed.dataconnected         342  0.12233921719290072       0.28296631970820219        41.840012279972051        96.774481340205142       0.16102035426900607        55.068961160000079        684.90861392257921        1377.4202337981801              816         144
 ../503_seed.dataconnected         186  0.15037255166681182       0.35165015725290361        27.969294610026999        65.406929249040076       0.18717360415034284        34.814290371963772        325.74294145498106        409.38272342431128              688          78
 ../504_seed.dataconnected         202  0.12978774530726758       0.29884674667290378        26.217124552068050        60.367042827926568       0.17908596737118990        36.175365408980362        348.71280679505111        479.73344118702050              524          42
 ../505_seed.dataconnected         243  0.16529248008050046       0.38950539167157766        40.166072659561614        94.649810176193370       0.22247101983156170        54.060457819069491        522.63662436971765        872.90863359038940              684          70
 ../506_seed.dataconnected         216  0.10769120121680657       0.25459780706716045        23.261299462830220        54.993126326506655       0.15947477287886477        34.446550941834793        409.72335633544327        587.57713291547793              701          92
 ../507_seed.dataconnected         220  0.10259483535305752       0.24029283659127190        22.570863777672656        52.864424050079819       0.13522985421281430        29.750567926819148        460.87995379781120        719.55802465347347              619          90
 ../508_seed.dataconnected         214  0.14178742536491284       0.33642870337504743        30.342509028091349        71.995742522260144       0.17577602620979160        37.616069608895401        367.02320597761650        512.67098346956777              643          86
 ../509_seed.dataconnected         479   9.4242997084519595E-002  0.22068178778925140        45.142395603484886        105.70657635105142       0.12097458971898187        57.946828475392316        991.59297008706028        2106.7790777592577              744          31
 ../510_seed.dataconnected         199  0.15060114748291736       0.36038954566696613        29.969628349100557        71.717519587726258       0.20044462211673972        39.888479801231206        369.71779495067642        492.82446539947966              761         182
 ../511_seed.dataconnected         218  0.12852598627378004       0.29757045010208288        28.018665007684049        64.870358122254075       0.17574335460833473        38.312051304616972        471.28944984276114        719.89400988944510              591          72
 ../512_seed.dataconnected         274  0.15354243749890159       0.35533718862606467        42.070627874699035        97.362389683541721       0.20192542159357260        55.327565516638892        559.43759735766719        899.00515364478406              658          77
 ../513_seed.dataconnected         262  0.22977808903991295       0.53319097361369938        60.201859328457196        139.69603508678924       0.27569429347622909        72.231904890772029        351.59155686675280        445.48775820438038              581          32
 ../514_seed.dataconnected         167  0.22284257316343281       0.53379696701655155        37.214709718293278        89.144093491764110       0.28347903410245223        47.340998695109519        245.45493391661191        301.37379148590367              597          30
 ../515_seed.dataconnected         237  0.16700639591926322       0.39745666572250909        39.580515832865380        94.197229776234650       0.21764247992632191        51.581267742538294        316.38864700922284        415.86419589704849              744          65
 ../516_seed.dataconnected         194  0.10435610216735852       0.25310716978699349        20.245083820467553        49.102790938676740       0.14602339429696104        28.328538493610441        409.96650957539634        613.05206773535360              753         156
 ../517_seed.dataconnected         208  0.12454110498296628       0.29396226037089468        25.904549836456987        61.144150157146093       0.16167006676139919        33.627373886371032        388.93987311795723        553.70411968305132              611          64
 ../518_seed.dataconnected         240  0.15635960890148018       0.36548617388987426        37.526306136355245        87.716681733569828       0.21291804811073420        51.100331546576207        450.42423387797504        687.36448989113796              659         135
 ../519_seed.dataconnected         187  0.10912625197794064       0.26875565340953500        20.406609119874901        50.257307187583045       0.12651739472766138        23.658752814072677        402.17041088246179        535.24064474696547              576          60
 ../520_seed.dataconnected         215  0.13344724160837057       0.31016250165401110        28.691156945799673        66.684937855612390       0.17941470416197458        38.574161394824536        438.44535399595196        665.38704981699402              665          69
 ../521_seed.dataconnected         281  0.10286006363015465       0.23928845769466353        28.903677880073456        67.240056612200448       0.14926871430000244        41.944508718300682        640.86895572544563        1103.1820821705417              713          45
 ../522_seed.dataconnected         209  0.14219737893236534       0.32497881365048858        29.719252196864357        67.920572052952110       0.19219232933107341        40.168196830194340        374.49029943355771        557.81350429736574              551          24
 ../523_seed.dataconnected         197  0.22464827305612273       0.52726958571309313        44.255709792056180        103.87210838547935       0.28197164027326355        55.548413133832916        274.08417485126728        369.58563852770669              606          35
 ../524_seed.dataconnected         172  0.13428769477494765       0.31925257501080401        23.097483501290995        54.911442901858287       0.17542935061076606        30.173848305051763        314.41759827481491        362.62033542165233              596          98
 ../525_seed.dataconnected         215  0.23607162624933425       0.52266311901842311        50.755399643606864        112.37257058896097       0.28504389409095204        61.284437229554690        248.96143042018761        287.83738564938380              638          58
 ../526_seed.dataconnected         194  0.11878600949245914       0.27973935910421244        23.044485841537075        54.269435666217213       0.15584143203380521        30.233237814558212        384.27780362596650        516.35583215576185              732         174
 ../527_seed.dataconnected         334  0.11826557447920781       0.27736914855000583        39.500701876055409        92.641295615701949       0.14936559734669785        49.888109513797083        606.85233650103692        1169.3987021106800              650          55
 ../528_seed.dataconnected         216  0.13173239541311862       0.30682397744999967        28.454197409233622        66.273979129199930       0.17059204816079701        36.847882402732154        386.44795703447284        553.35115937456465              702         113
 ../529_seed.dataconnected         171  0.25866746635095672       0.58675993105036350        44.232136746013602        100.33594820961216       0.32319564215382601        55.266454808304246        213.53634780872218        251.51202065161681              625         106
 ../530_seed.dataconnected         214  0.18215684023356321       0.42962136769689191        38.981563809982525        91.938972687134864       0.23777195823458994        50.883199062202245        352.79093818962099        477.27965955199915              649          38
 ../531_seed.dataconnected         223  0.15752108873365372       0.37111938389322102        35.127202787604780        82.759622608188295       0.20063118095096930        44.740753352066150        458.74240649019623        706.04087717674315              667         102
 ../532_seed.dataconnected         174  0.17429649433925087       0.41552065193902271        30.327590015029653        72.300593437389949       0.21067332711824144        36.657158918574012        267.93195365706930        346.93564971201147              683          80
 ../533_seed.dataconnected         195  0.15008899864801734       0.35394861380020815        29.267354736363380        69.019979691040589       0.18348647938606003        35.779863480281705        353.51930852251593        463.40171474187474              611          49
 ../534_seed.dataconnected         188  0.19785228161911989       0.46411377626245931        37.196228944394541        87.253389937342348       0.24385511469863483        45.844761563343347        228.15502578296750        270.72330260954453              678          99
 ../535_seed.dataconnected         192  0.14435653161378553       0.34648832098144083        27.716454069846822        66.525757628436637       0.17903786009192740        34.375269137650065        291.50007795834267        371.98151605016898              704          64
 ../536_seed.dataconnected         267  0.19038342638645958       0.44418529076631108        50.832374845184709        118.59747263460505       0.23569012572951675        62.929263569780971        392.60164031901650        574.08257931234732              660          52
 ../537_seed.dataconnected         262  0.18922824111604097       0.44404011862103693        49.577799172402734        116.33851107871168       0.23302211183641894        61.051793301141764        447.45824750076702        670.32898829059491              714         228
 ../538_seed.dataconnected         221  0.19002561065643089       0.45178326472586766        41.995659955071226        99.844101504416756       0.22609615497865729        49.967250250283257        417.12512861630330        638.03531854521043              653          64
 ../539_seed.dataconnected         265  0.13939120060558380       0.33492061002021928        36.938668160479708        88.753961655358111       0.18591614759116329        49.267779111658271        553.17158531675250        964.08343212743023              593          42
 ../540_seed.dataconnected         211  0.19687354516395617       0.46895157666664922        41.540318029594751        98.948782676662987       0.24612440299293073        51.932249031508384        385.31351736880350        570.96675402216147              607          71
 ../541_seed.dataconnected         240  0.14466836280783493       0.33671550864412964        34.720407073880381        80.811722074591117       0.18821326052563009        45.171182526151220        514.33495643517415        847.84038906752096              582          59
 ../542_seed.dataconnected         213  0.14887558686489721       0.34485958366120933        31.710500002223107        73.455091319837592       0.18152863629259836        38.665599530323448        344.19753686094322        455.64751232264581              671          53
 ../543_seed.dataconnected         232  0.14868232816295787       0.35598933252882303        34.494300133806227        82.589525146686938       0.18817052525687003        43.655561859593845        393.08638131160058        585.33949341854066              656          56
 ../544_seed.dataconnected         147  0.24038983566017733       0.57854911710119239        35.337305842046064        85.046720213875275       0.28107569658784520        41.318127398413246        217.08488563245245        221.52568875530926              612          63
 ../545_seed.dataconnected         256  0.11828006448383503       0.27886686878490818        30.279696507861768        71.389918408936495       0.15760405019050649        40.346636848769663        585.60771611454368        937.35085820238976              589          24
 ../546_seed.dataconnected         201  0.20518939246077836       0.47742794087628115        41.243067884616451        95.963016116132508       0.25122791994100996        50.496811908143002        289.51060933288841        370.17975061241776              681         124
 ../547_seed.dataconnected         269   8.8700509783262327E-002  0.21603714874665045        23.860437131697566        58.113993012848972       0.10971155701008824        29.512408835713735        591.67180709664910        891.82884166042152              679          53
 ../548_seed.dataconnected         265  0.15442415657385253       0.35614039365010841        40.922401492070918        94.377204317278725       0.21811532908623169        57.800562207851399        466.47159313492620        790.56528966057306              777          88
 ../549_seed.dataconnected         240   9.1397330905643406E-002  0.21929529963807881        21.935359417354416        52.630871913138918       0.11950815244518197        28.681956586843672        548.22344340787356        855.36019089862668              587          64
 ../550_seed.dataconnected         183  0.14899795071004832       0.34937499600259903        27.266624979938843        63.935624268475621       0.18379924339064849        33.635261540488671        339.39458070355448        463.25550285564441              685         102
 ../551_seed.dataconnected         190  0.16458646360911253       0.39676074432442482        31.271428085731380        75.384541421640719       0.20795849716011494        39.512114460421841        349.33108104019550        488.71134445060540              584          71
 ../552_seed.dataconnected         180  0.16684202334930207       0.40185645226801625        30.031564202874371        72.334161408242920       0.20667242913226255        37.201037243807257        286.19931102999902        379.92089700447605              566          49
 ../553_seed.dataconnected         211  0.14245358997620217       0.32723963703512154        30.057707484978657        69.047563414410646       0.17883087911996198        37.733315494311981        301.89966913616996        412.76923533190057              794         123
 ../554_seed.dataconnected         126  0.18369714668304246       0.43847972310749012        23.145840482063349        55.248445111543752       0.24253802265810212        30.559790854920866        202.31190939843583        206.18183280112848              649          98
 ../555_seed.dataconnected         204  0.14866274545133326       0.35502765863421876        30.327200072071985        72.425642361380625       0.21404639917662105        43.665465432030693        373.63635539884120        531.05103303484543              543          33
 ../556_seed.dataconnected         206  0.19737855963986853       0.47155916333543896        40.659983285812913        97.141187647100423       0.23054218303411422        47.491689705027532        264.47344975187946        340.02342093464983              675          61
 ../557_seed.dataconnected         154  0.12293430910634150       0.29621878915237670        18.931883602376590        45.617693529466010       0.14201657988127678        21.870553301716622        304.15066200375469        398.24049841481849              756         140
 ../558_seed.dataconnected         319  0.15295151230888190       0.36396871950293425        48.791532426533330        116.10602152143602       0.17981378001976134        57.360595826303864        598.49175314126194        1111.2301520501069              696          57
 ../559_seed.dataconnected         186  0.13340149910571858       0.31603123163521701        24.812678833663657        58.781809084150368       0.18230972786645308        33.909609383160273        353.91307005835813        471.39003194789365              559          44
 ../560_seed.dataconnected         284  0.15839640647815051       0.35930698017581875        44.984579439794743        102.04318236993252       0.20491648236664703        58.196280992127754        451.53964472690160        638.90626923040622              735          71
 ../561_seed.dataconnected         215  0.14449957299563115       0.33955186529548892        31.067408194060697        73.003651038530123       0.18339365636104032        39.429636117623673        382.94722442867010        566.83859710441618              574          62
 ../562_seed.dataconnected         188  0.16119590012279467       0.37904079782257666        30.304829223085399        71.259669990644412       0.19996187865686024        37.592833187489724        265.01999241749860        327.92434916632618              596          36
 ../563_seed.dataconnected         177  0.17892863792646982       0.41733413326392288        31.670368912985158        73.868141587714348       0.23763146156590542        42.060768697165258        292.03594242685989        360.33488594401109              667         102
 ../564_seed.dataconnected         190  0.22617059212867102       0.52817547893111483        42.972412504447497        100.35334099691181       0.28020370765544095        53.238704454533782        331.55536500245069        444.91678248783512              647         112
 ../565_seed.dataconnected         230  0.11268372546704487       0.26417865702908333        25.917256857420320        60.761091116689165       0.15169105036675021        34.888941584352551        317.17653642263224        433.59914404413047              648          42
 ../566_seed.dataconnected         419  0.10923911477594594       0.25504410348341355        45.771189091121350        106.86347935955028       0.14821493875584946        62.102059338700926        708.60111902589790        1472.7064527383070              768          32
 ../567_seed.dataconnected         306  0.11201176349000058       0.25898420669378280        34.275599627940181        79.249167248297539       0.16201788902511596        49.577474041685484        614.26427543054297        1118.5476169300211              659          34
 ../568_seed.dataconnected         217  0.16013923370688382       0.37362462134408037        34.750213714393787        81.076542831665435       0.21056289461052269        45.692148130483424        338.37387692008457        458.71245149282703              737          98
 ../569_seed.dataconnected         293  0.14379286917861853       0.33733591135327112        42.131310669335228        98.839422026508444       0.17851649484551144        52.305332989734850        579.21599075410836        1002.2332803166792              641          45
 ../570_seed.dataconnected         240  0.20952833364821907       0.48546329570459640        50.286800075572579        116.51119096910314       0.27236956787838179        65.368696290811627        351.10830718594713        492.52997460916544              709          61
 ../571_seed.dataconnected         314   9.4485826028561926E-002  0.22123296095838918        29.668549372968446        69.467149740934204       0.12327561823655472        38.708544126278184        486.95123912232043        833.73073441746544              613          22
 ../572_seed.dataconnected         212  0.14991774197511873       0.35552536254475942        31.782561298725170        75.371376859488990       0.20371786524254909        43.188187431420410        490.97689480050701        734.70951934284835              705         127
 ../573_seed.dataconnected         150  0.15200279271514783       0.37505323955502989        22.800418907272174        56.257985933254481       0.22399802733116669        33.599704099675002        309.96232399998422        378.11660101970466              701          92
 ../574_seed.dataconnected         192  0.14280587237448736       0.33938560288102343        27.418727495901571        65.162035753156502       0.18999213549569166        36.478490015172795        390.67831826388118        506.91939799833239              555          71
 ../575_seed.dataconnected         185  0.22031060179179188       0.50819341535156404        40.757461331481494        94.015781840039352       0.28756275235114587        53.199109184961983        289.14264614298855        373.23488462786685              575          37
 ../576_seed.dataconnected         183  0.12612525657303478       0.30336744400975613        23.080921952865364        55.516242253785371       0.16585672134143425        30.351780005482468        404.82085561758379        581.57985628712697              640         106
 ../577_seed.dataconnected         194  0.16470098755345197       0.38940882692442652        31.951991585369683        75.545312423338743       0.19513984967834896        37.857130837599698        351.33343140146235        468.09456776876436              551          38
 ../578_seed.dataconnected         261  0.17506371460261433       0.41322400314564561        45.691629511282336        107.85146482101351       0.22635822497364025        59.079496718120105        612.42215394858601        1023.1940755301229              555          17
 ../579_seed.dataconnected         240  0.20068056674554680       0.46784331522934558        48.163336018931233        112.28239565504293       0.25444509387199149        61.066822529277957        363.40245437228975        528.89341922444839              720          44
 ../580_seed.dataconnected         170  0.15086280590562293       0.35972461292158464        25.646677003955897        61.153184196669386       0.19353307848381415        32.900623342248409        320.04364575586112        408.08305400689835              565          20
 ../581_seed.dataconnected         211  0.16604529755422898       0.39380050630420876        35.035557783942316        83.091906830188051       0.20970370400075800        44.247481544159939        383.67097743072412        574.93564095274905              576         106
 ../582_seed.dataconnected         199  0.14713354833198963       0.35283967409309502        29.279576118065936        70.215095144525904       0.16770631553283513        33.373556791034190        305.74809014029699        395.37903107122867              673          79
 ../583_seed.dataconnected         247  0.13416646630172763       0.31484525726828511        33.139117176526725        77.766778545266419       0.16811741832184116        41.525002325494768        449.58087531098323        737.10926573921370              647          47
 ../584_seed.dataconnected         208   9.7397473000689849E-002  0.22654773545548609        20.258674384143490        47.121928974741110       0.13344107241998140        27.755743063356132        495.40016693977691        813.12960025454345              561          38
 ../585_seed.dataconnected         243  0.13088609253988337       0.30538619004536799        31.805320487191658        74.208844181024418       0.16781993295284367        40.780243707541011        416.15860103243807        634.33074644313911              828          63
 ../586_seed.dataconnected         224  0.15044843045220915       0.34962584802096686        33.700448421294851        78.316189956696576       0.19708831792680401        44.147783215604100        338.47548651566058        483.60050282284254              626          48
 ../587_seed.dataconnected         251  0.13215759450242823       0.31836386944722384        33.171556220109487        79.909331231253176       0.17055213294004506        42.808585367951309        408.12925083974619        630.14493053370768              674          58
 ../588_seed.dataconnected         291  0.11509759168163890       0.27113164255197553        33.493399179356921        78.899307982624876       0.13796321972154119        40.147296938968488        582.83946513158980        1039.7230128695046              530          24
 ../589_seed.dataconnected         190  0.14478674690557397       0.33758253764205842        27.509481912059055        64.140682151991101       0.18394545680745594        34.949636793416630        291.84972638877321        334.85647100602318              637          55
 ../590_seed.dataconnected         267  0.13241966718698314       0.30959716973919477        35.356051138924499        82.662444320364997       0.17220243197475715        45.978049337260160        412.48891383940213        591.33595796795998              679          63
 ../591_seed.dataconnected         234  0.15919939063710539       0.37473530617823053        37.252657409082659        87.688061645705943       0.19765738950164621        46.251829143385216        470.21408679027542        772.03629881503275              695          98
 ../592_seed.dataconnected         219  0.20162989516794441       0.47052222075614625        44.156947041779823        103.04436634559603       0.24975703458563828        54.696790574254784        343.63638138009651        471.76964689693290              577          48
 ../593_seed.dataconnected         268  0.15822322476043585       0.36815997501531883        42.403824235796804        98.666873304105451       0.19916364910964476        53.375857961384796        556.12136400240854        1009.7459489194156              611          41
 ../594_seed.dataconnected         168  0.16491212397334262       0.38679616103125714        27.705236827521560        64.981755053251192       0.20823073439803769        34.982763378870331        304.28717850228225        383.16937526350858              548          26
 ../595_seed.dataconnected         248  0.15533777564596915       0.35945248028220339        38.523768360200350        89.144215109986447       0.21111519543011292        52.356568466668008        508.11820347114195        755.11960449030289              642          84
 ../596_seed.dataconnected         279  0.12769318942668426       0.29126743757170742        35.626399850044905        81.263615082506377       0.16991079406520121        47.405111544191136        488.62148859239829        824.79425854950989              761          72
 ../597_seed.dataconnected         261  0.14463536203985858       0.34219916394155703        37.749829492403087        89.313981788746389       0.18881088816627034        49.279641811396559        541.25902002769556        875.61969830690748              648          87
 ../598_seed.dataconnected         220  0.15586045300229115       0.36470699565998166        34.289299660504049        80.235539045195964       0.19319901893958974        42.503784166709742        452.01841376242498        664.20846872146205              605          45
 ../599_seed.dataconnected         213  0.19902226318609487       0.47677829296258284        42.391742058638208        101.55377640103015       0.24454815584483505        52.088757194949864        233.35200285899649        291.93927256773958              750          50
 ../600_seed.dataconnected         202  0.22374063813766379       0.52351319233606131        45.195608903808086        105.74966485188439       0.28644210505729051        57.861305221572685        358.09851494689894        473.69317660628133              618          50
 ../601_seed.dataconnected         254  0.11537087224781732       0.27405197832080558        29.304201550945599        69.609202493484617       0.15095231780365323        38.341888722127919        391.31499864400763        564.59173527486200              753         107
 ../602_seed.dataconnected         278  0.13431675087691339       0.31856461422366478        37.340056743781922        88.560962754178803       0.16031160920346907        44.566627358564403        504.38173940755206        798.31574219520769              677          46
 ../603_seed.dataconnected         196  0.13105404518796215       0.31167533647825463        25.686592856840583        61.088365949737906       0.17760278606261859        34.810146068273241        447.15883746369974        699.79972820071555              609          72
 ../604_seed.dataconnected         342  0.10734588414014881       0.25240244770691816        36.712292375930893        86.321637115766009       0.14596291551458626        49.919317105988505        744.06140985842376        1483.4587095467070              669          44
 ../605_seed.dataconnected         284  0.14305135273333319       0.33441842294577340        40.626584176266626        94.974832116599643       0.17699629395607150        50.266947483524305        457.45679273332462        700.84308913271366              791         105
 ../606_seed.dataconnected         170  0.16937306170077868       0.39699274768338766        28.793420489132377        67.488767106175899       0.21504583520495624        36.557791984842559        286.62383013134109        382.24410631940060              502          16
 ../607_seed.dataconnected         163  0.16446062960492017       0.39028546466446506        26.807082625601986        63.616530740307809       0.21639599846544968        35.272547749868302        321.57439806921610        403.03388082572292              552         107
 ../608_seed.dataconnected         220  0.13610413003955696       0.32120922573682315        29.942908608702531        70.666029662101096       0.18792434671344396        41.343356276957671        435.33907351813406        694.25075716116726              647          60
 ../609_seed.dataconnected         208  0.19997074929433589       0.45931167530413547        41.593915853221866        95.536828463260179       0.27001905061281190        56.163962527464875        381.58246507960826        539.09626245260438              559          38
 ../610_seed.dataconnected         223  0.16456192846330900       0.38552809760181073        36.697310047317906        85.972765765203789       0.22277597203495711        49.679041763795432        370.25089680022671        522.70313342822897              656         107
 ../611_seed.dataconnected         284  0.16295518387854932       0.37642457315010724        46.279272221508009        106.90457877463045       0.21277231409544378        60.427337203106035        514.04939805247147        828.31155002044727              723         118
 ../612_seed.dataconnected         287  0.18582513519753266       0.43484136141436541        53.331813801691872        124.79947072592287       0.22038570739055166        63.250698021088326        414.35617688919564        677.04177724058093              652          28
 ../613_seed.dataconnected         186  0.22476937408346040       0.52584263450957536        41.807103579523634        97.806730018781010       0.27908069919323325        51.909010049941386        308.25929514380522        416.70750750022466              685          91
 ../614_seed.dataconnected         163  0.21861016313531356       0.50048312894183133        35.633456591056110        81.578750017518502       0.28628178837491031        46.663931505110376        217.29512501090156        215.97862823032568              653         145
 ../615_seed.dataconnected         218  0.15568947381435894       0.36288466087741006        33.940305291530251        79.108856071275397       0.20331516081915166        44.322705058575060        397.57196425021908        552.38561866323232              610          42
 ../616_seed.dataconnected         305  0.10781136409403357       0.25956450854347424        32.882466048680236        79.167175105759640       0.14854978760813342        45.307685220480693        761.09871828443227        1536.8307635859503              646          38
 ../617_seed.dataconnected         260  0.12670864540935037       0.29931881357619256        32.944247806431093        77.822891529810065       0.15250078642449155        39.650204470367804        483.96502937147699        797.35418901379251              638          35
 ../618_seed.dataconnected         315  0.18465276036938943       0.43561626453204638        58.165619516357673        137.21912332759462       0.23965774505711737        75.492189692991971        594.86662182188491        1005.5573016371851              721          34
 ../619_seed.dataconnected         301  0.14675954044847050       0.34633380264196900        44.174621674989623        104.24647459523267       0.17499971209784140        52.674913341450264        542.62776167987806        922.38213200947939              745         140
 ../620_seed.dataconnected         194  0.14115909351306968       0.33789263218683552        27.384864141535520        65.551170644246085       0.18661182186820521        36.202693442431809        360.44870313154786        476.61924021525664              580          23
 ../621_seed.dataconnected         136  0.16529586151444120       0.39061614397654709        22.480237165964002        53.123795580810402       0.20509375021727680        27.892750029549646        256.81298771725238        277.76312429130263              678          44
 ../622_seed.dataconnected         219  0.14791201082530564       0.34988351005564355        32.392730370741937        76.624488702185943       0.20388329919296092        44.650442523258441        390.72202373714481        551.65918874127715              699         104
 ../623_seed.dataconnected         164  0.14101187259652345       0.34129302336390949        23.125947105829844        55.972055831681153       0.18522503627197096        30.376905948603238        274.89234494565289        302.59347750364913              658          69
 ../624_seed.dataconnected         333  0.15316230500783032       0.36153898452702954        51.003047567607496        120.39248184750083       0.21350790235759709        71.098131485079833        664.80238957578467        1172.3756056372306              669          28
 ../625_seed.dataconnected         254  0.13960937945578544       0.32435963685196423        35.460782381769505        82.387347760398910       0.16688081093236534        42.387725976820796        406.75072980501284        579.64147328916181              749          68
 ../626_seed.dataconnected         353  0.11534508514760823       0.27106091158103685        40.716815057105705        95.684501788106004       0.15272634696230095        53.912400477692231        673.67733618980151        1211.4988974366063              846          82
 ../627_seed.dataconnected         219  0.16571394764707001       0.39424036434603915        36.291354534708333        86.338639791782569       0.21380343570792421        46.822952420035399        348.10394073383986        487.82117503185987              686          56
 ../628_seed.dataconnected         258  0.19286430150586434       0.45109020219551099        49.758989788512999        116.38127216644183       0.23729503011374001        61.222117769344919        359.72707801392716        514.34652091912960              695          51
 ../629_seed.dataconnected         186  0.14449447187599940       0.33962493786920150        26.875971768935887        63.170238443671479       0.18373043538800857        34.173860982169593        342.19572079035589        485.72425212285225              571          59
 ../630_seed.dataconnected         232  0.17412609122220429       0.40728972257313256        40.397253163551397        94.491215636966757       0.23347743468256132        54.166764846354226        395.20723866917496        586.04482585990536              620          57
 ../631_seed.dataconnected         252   9.1822600443589822E-002  0.22319262405272000        23.139295311784636        56.244541261285441       0.12028737329716506        30.312418070885595        605.09881735117619        1047.5582696109443              659          34
 ../632_seed.dataconnected         236  0.11871065656367981       0.28032349426647718        28.015714949028435        66.156344646888613       0.15534059321613836        36.660379999008654        467.59969462900858        689.15297577607737              672          44
 ../633_seed.dataconnected         298  0.12678935356902096       0.29960470161440389        37.783227363568244        89.282201081092353       0.16937540153527567        50.473869657512147        689.42840797839176        1170.3151029680901              734          64
 ../634_seed.dataconnected         244  0.18826210405134461       0.43962286279540241        45.935953388528084        107.26797852207820       0.25441666730625290        62.077666822725703        635.00787592749805        1185.1484143089942              654          45
 ../635_seed.dataconnected         331  0.10219704854146168       0.24200585293917184        33.827223067223819        80.103937322865875       0.13259365812007151        43.888500837743671        664.98828160024300        1181.8007787784188              621          28
 ../636_seed.dataconnected         211  0.23372152009805400       0.52490077688573755        49.315240740689390        110.75406392289062       0.29860651561025114        63.005974793762988        275.09799070239944        352.26362763667305              699          78
 ../637_seed.dataconnected         324   7.5234904513184361E-002  0.18449750599946130        24.376109062271734        59.777191943825457       0.10503130378702766        34.030142426996960        740.91710759435205        1524.7099441520284              705          89
 ../638_seed.dataconnected         287   8.9153791024786877E-002  0.21305441087461927        25.587138024113834        61.146615921015730       0.13515788733969070        38.790313666491230        534.76662325830353        935.69788743205436              728          62
 ../639_seed.dataconnected         140  0.16199251597034584       0.38654335389782518        22.678952235848417        54.116069545695524       0.19545211826226172        27.363296556716641        225.56209566429430        267.52336086359924              615          56
 ../640_seed.dataconnected         167  0.20833169669242232       0.49188116017668715        34.791393347634525        82.144153749506756       0.27209528572097330        45.439912715402542        288.65608337547849        367.69750656489458              593          97
 ../641_seed.dataconnected         250  0.12663730793709807       0.30063686417248325        31.659326984274518        75.159216043120807       0.15154245818453699        37.885614546134249        392.33743827492771        599.42188913826908              623          40
 ../642_seed.dataconnected         270  0.10980130828885909       0.25574068870055189        29.646353237991953        69.049985949149004       0.14353442430417443        38.754294562127093        462.87022808713664        728.55284970352591              680          87
 ../643_seed.dataconnected         244  0.17306445866938300       0.40092086558071321        42.227727915329453        97.824691201694023       0.21800771048545486        53.193881358450987        391.66860674548087        509.14785882757775              677          82
 ../644_seed.dataconnected         258  0.13131432086108377       0.31013295803423285        33.879094782159612        80.014303172832072       0.16343717081250225        42.166790069625584        607.52993342788238        1081.2013830501510              700          69
 ../645_seed.dataconnected         322  0.13976184916241563       0.32951303310799818        45.003315430297832        106.10319666077541       0.19141951261299134        61.637083061383208        672.60483634942364        1270.4515169050242              612          37
 ../646_seed.dataconnected         279  0.13955391035737064       0.33045523533585713        38.935540989706411        92.197010658704144       0.18474853444725575        51.544841110784354        577.81547580073800        887.11504540017995              585          30
 ../647_seed.dataconnected         275  0.19643809241237592       0.45256101567748225        54.020475413403375        124.45427931130762       0.25319848858612787        69.629584361185167        317.39092933967629        445.99520463831379              681          47
 ../648_seed.dataconnected         224  0.10689132522450366       0.26014871863328803        23.943656850288821        58.273312973856520       0.13088101597816815        29.317347579109665        451.36459100717974        664.35071018986548              633          49
 ../649_seed.dataconnected         316  0.15634170951966980       0.36568809408315334        49.403980208215657        115.55743773027645       0.20272306357443381        64.060488089521087        506.71830771230924        878.45866505748927              725         124
 ../650_seed.dataconnected         291  0.11061659123438443       0.26129927665655911        32.189428049205866        76.038089507058700       0.14640328077159070        42.603354704532897        740.83880274290811        1551.4489192603787              629          46
 ../651_seed.dataconnected         186  0.17492540985322180       0.40363966178957150        32.536126232699253        75.076977092860304       0.22757234057328524        42.328455346631053        284.92283004229040        364.73049542625188              713          94
 ../652_seed.dataconnected         279   8.3363054815707271E-002  0.19641802951618759        23.258292293582329        54.800630235016335       0.10843224833541376        30.252597285580439        631.11974493457899        1190.4908353948015              575          24
 ../653_seed.dataconnected         220  0.14416996814961502       0.34541710873667508        31.717392992915304        75.991763922068515       0.18313821688172666        40.290407713979867        374.60802865602585        508.46457268211037              640          69
 ../654_seed.dataconnected         211  0.13763912770948361       0.31631723173776605        29.041855946701041        66.742935896668641       0.17395611445104076        36.704740149169602        445.74724528509978        707.60952165397794              690          45
 ../655_seed.dataconnected         245  0.12394028556441211       0.28848460997839126        30.365369963280969        70.678729444705866       0.16634708640217361        40.755036168532534        537.67381602195314        879.90312805312317              605          96
 ../656_seed.dataconnected         246  0.15176401271628895       0.35609902408814059        37.333947128207079        87.600359925682582       0.18220361203446894        44.822088560479358        429.89681267867269        649.27861791724399              601          28
 ../657_seed.dataconnected         296  0.16075637507359858       0.37660084736211097        47.583887021785181        111.47385081918485       0.20956454626671475        62.031105694947570        549.72247831261927        967.86449199023980              631          56
 ../658_seed.dataconnected         213  0.10363221660169808       0.24195246499318132        22.073662136161690        51.535875043547620       0.13647534027591904        29.069247478770755        402.21591875714029        617.50244809910612              679          46
 ../659_seed.dataconnected         250  0.12880385146718659       0.31152695560116594        32.200962866796651        77.881738900291481       0.16102166136730511        40.255415341826279        501.26213693630120        830.42283011948598              596          33
 ../660_seed.dataconnected         250  0.14447346326945276       0.34595809675707023        36.118365817363191        86.489524189267556       0.18556421427885836        46.391053569714586        437.30962433365914        643.43875396957401              600          26
 ../661_seed.dataconnected         274  0.12816915543792154       0.30373754139486114        35.118348589990504        83.224086342191953       0.16986846016430082        46.543958085018424        534.60229667360875        873.01948578990289              651          58
 ../662_seed.dataconnected         375  0.14145832625013316       0.32328645856661337        53.046872343799933        121.23242196248002       0.19046919462617198        71.425947984814499        622.25855501058879        1063.3243797993998              696          32
 ../663_seed.dataconnected         270  0.20798892202650379       0.48722030478590250        56.157008947156022        131.54948229219369       0.26997728899651363        72.893868029058680        439.31604971482199        695.87105402969360              692          54
 ../664_seed.dataconnected         280  0.10186772042295805       0.23861180969267062        28.522961718428256        66.811306713947772       0.12352030304590959        34.585684852854683        555.27386049721690        991.08370712238116              715         109
 ../665_seed.dataconnected         182  0.16478455547766926       0.38713956140553374        29.990789096935806        70.459400175807147       0.20409571764506190        37.145420611401263        366.15731657511765        489.94359410798216              620          75
 ../666_seed.dataconnected         196  0.11492454253386268       0.27273049393754240        22.525210336637084        53.455176811758307       0.14999627350449907        29.399269606881816        347.27585452805829        482.46531334971178              660          38
 ../667_seed.dataconnected         206  0.15583059282097508       0.36755233485791050        32.101102121120867        75.715780980729562       0.18075190327117918        37.234892073862909        275.72747793821640        353.08673437279145              679          64
 ../668_seed.dataconnected         206  0.14365025819339727       0.33551305411125287        29.591953187839838        69.115689146918086       0.20435485293725508        42.097099705074548        371.30187840315864        547.81523383579008              524          28
 ../669_seed.dataconnected         195  0.17331730950209145       0.40088063129460810        33.796875352907833        78.171723102448581       0.21000416864954927        40.950812886662106        357.07015306549454        477.06696132509666              605          68
 ../670_seed.dataconnected         251  0.11352238460529701       0.27029850289711621        28.494118535929548        67.844924227176165       0.13466359941200859        33.800563452414153        420.84210496890671        668.48273854708430              597          41
 ../671_seed.dataconnected         423  0.12135941913273461       0.28581553515516406        51.335034293146741        120.89997137063439       0.15852118676164945        67.054462000177722        852.34812822294339        1859.5103467097390              748          32
 ../672_seed.dataconnected         460   9.5312612976384450E-002  0.22826762954147264        43.843801969136848        105.00310958907741       0.12575652825347847        57.848002996600094        877.65849619865480        2051.5276327602824              736          44
 ../673_seed.dataconnected         286  0.15308757288414304       0.36176264232600275        43.783045844864908        103.46411570523679       0.19416508500851817        55.531214312436198        405.20729126056040        655.96441418595987              689          56
 ../674_seed.dataconnected         226  0.12708380043338474       0.30781090916397619        28.720938897944951        69.565265471058623       0.16837859671093236        38.053562856670716        442.48346339590080        664.71586414829699              532          51
 ../675_seed.dataconnected         147  0.15089221278986403       0.35133265633010763        22.181155280110012        51.645900480525825       0.18582526131936969        27.316313413947345        310.06300889262315        367.75137234328457              610          55
 ../676_seed.dataconnected         200  0.11186353155728500       0.26486623774083123        22.372706311456998        52.973247548166249       0.15425432350953450        30.850864701906900        486.51821380995904        737.34457634815749              498          33
 ../677_seed.dataconnected         241  0.16874467612277910       0.39827470105929885        40.667466945589766        95.984202955291025       0.21039364728783871        50.704868996369129        314.84404502274680        428.89229400468071              740         101
 ../678_seed.dataconnected         291  0.15097987187632458       0.36086528025948822        43.935142716010454        105.01179655551107       0.19242224884750547        55.994874414624093        544.23606169199456        964.48581048033657              760          91
 ../679_seed.dataconnected         175  0.15489337935177921       0.36980224163836611        27.106341386561361        64.715392286714064       0.19946518608222014        34.906407564388523        305.96252809348016        356.40062882373934              774         160
 ../680_seed.dataconnected         162  0.17290518384230372       0.41566591134537084        28.010639782453204        67.337877637950072       0.21059968313955491        34.117148668607896        277.35933398100974        337.01555329097943              702         108
 ../681_seed.dataconnected         224  0.11415337896293347       0.26666665428756042        25.570356887697098        59.733330560413535       0.14356957262210565        32.159584267351669        573.17640967085833        891.53443704505469              614         145
 ../682_seed.dataconnected         421  0.11266517871327809       0.26375996645224425        47.432040238290078        111.04294587639482       0.13426195424585982        56.524282737506987        816.67872257442480        1542.8129992077088              761          23
 ../683_seed.dataconnected         184  0.18589743923020552       0.44692536130351707        34.205128818357814        82.234266479847136       0.23316489716477559        42.902341078318706        282.57211457178545        374.41362550191712              625         133
 ../684_seed.dataconnected         231  0.10476558080406660       0.25111838876252129        24.200849165739385        58.008347804142417       0.13369929515024317        30.884537179706172        514.96722274108504        764.00240690710586              667          68
 ../685_seed.dataconnected         215  0.14372694352632898       0.34954991208997099        30.901292858160730        75.153231099343770       0.17052500615190286        36.662876322659116        427.32485346194164        634.78263713690296              676          38
 ../686_seed.dataconnected         242  0.14857100342912086       0.34924025501358158        35.954182829847248        84.516141713286743       0.18854770995047948        45.628545808016035        421.95379156044010        603.15746603716491              722         107
 ../687_seed.dataconnected         316  0.15381342481375293       0.36131092620261968        48.605042241145924        114.17425268002782       0.19501526514984605        61.624823787351353        550.98517149458132        841.84711550469353              707          62
 ../688_seed.dataconnected         216  0.13746174080412010       0.31911130896648565        29.691736013689940        68.928042736760901       0.16572181059458332        35.795911088429996        457.58573697043170        775.81918057475866              490          20
 ../689_seed.dataconnected         241  0.10923493073915505       0.25605790908620041        26.325618308136367        61.709956089774302       0.14714855628848714        35.462802065525402        546.42818797696191        1005.3968965743661              642          78
 ../690_seed.dataconnected         189  0.18515852170393157       0.43022947171879633        34.994960602043065        81.313370154852507       0.23573171480359803        44.553294097880027        299.46075619479382        352.73326932201866              563          75
 ../691_seed.dataconnected         246  0.13489852303364663       0.31778907515145682        33.185036666277071        78.176112487258379       0.17109609127839412        42.089638454484955        655.55542946949890        1170.5172893103811              693          42
 ../692_seed.dataconnected         284   8.4887270017369371E-002  0.20128114733996919        24.107984684932902        57.163845844551247       0.11439365091927757        32.487796861074827        561.19876700488180        876.70681443548881              637          72
 ../693_seed.dataconnected         213  0.17804814382860626       0.41620440204720616        37.924254635493135        88.651537636054911       0.21678722612056059        46.175679163679405        285.23675678524114        370.97823634294951              685          47
 ../694_seed.dataconnected         163  0.13851817369795244       0.32434376107641627        22.578462312766248        52.868033055455854       0.17467104129567809        28.471379731195530        366.39910231142596        523.74884500380483              575          48
 ../695_seed.dataconnected         189  0.18886672849435726       0.43002079956091205        35.695811685433526        81.273931117012381       0.23341904077079528        44.116198705680311        250.70263764458517        269.72064611499775              570          31
 ../696_seed.dataconnected         304  0.16640749797668664       0.39980769937255073        50.587879384912739        121.54154060925542       0.20819403863671387        63.290987745561019        527.57257235137649        872.94430987391206              640          30
 ../697_seed.dataconnected         202  0.16249132630612415       0.38181793103120831        32.823247913837079        77.127222068304079       0.21690872894569865        43.815563247031129        366.78622342051506        559.83467491454746              662          67
 ../698_seed.dataconnected         237  0.22906832947566941       0.52864565499986571        54.289194085733648        125.28902023496818       0.28796019916945276        68.246567203160311        292.75070485825222        376.28460929876485              745          58
 ../699_seed.dataconnected         243  0.15533625364898135       0.36646844520924327        37.746709636702469        89.051832185846109       0.19621451471592341        47.680127075969388        365.24042082116290        519.46652899469211              643          72
 ../700_seed.dataconnected         159  0.18793261959834531       0.44991824638031253        29.881286516136903        71.537001174469694       0.21325962770507678        33.908280805107211        228.65569250420390        261.28970937333423              655         116
 ../701_seed.dataconnected         208  0.10755616171511806       0.25584457404617716        22.371681636744555        53.215671401604851       0.12456562100708239        25.909649169473138        365.84069236179624        487.57759725607207              714         100
 ../702_seed.dataconnected         200  0.15570655551146115       0.36583713906765258        31.141311102292228        73.167427813530523       0.19733250119084730        39.466500238169459        366.28740743785391        501.00190722497661              628          78
 ../703_seed.dataconnected         215  0.15468507708997375       0.36827558700959778        33.257291574344357        79.179251207063530       0.20223127353439738        43.479723809895440        392.12586054689172        538.79472276340891              555          23
 ../704_seed.dataconnected         122  0.19054208998820940       0.45068667689015890        23.246134978561546        54.983774580599388       0.24149710183488182        29.462646423855581        184.58538999425937        171.08342135222992              578         107
 ../705_seed.dataconnected         274  0.16618251916944754       0.39518076223491322        45.534010252428629        108.27952885236623       0.20463920794820659        56.071142977808606        420.83517813772835        665.53412642782575              766          51
 ../706_seed.dataconnected         208   8.9716268944775107E-002  0.21204794933540899        18.660983940513223        44.105973461765068       0.11479975686379644        23.878349427669658        471.75490235712965        681.74676150977621              571          71
 ../707_seed.dataconnected         277  0.12028434142694444       0.28768873406618456        33.318762575263612        79.689779336333117       0.16538259963516044        45.810980098939446        657.75897655710446        1174.9059091839495              690          45
 ../708_seed.dataconnected         183  0.19249146642617460       0.44720253066330867        35.225938355989953        81.838063111385480       0.24110410883397210        44.122051916616897        342.42454321122477        428.65350594786440              516          86
 ../709_seed.dataconnected         245  0.15962871340412660       0.37455191188231990        39.109034784011016        91.765218411168377       0.18907904022500455        46.324364855126113        464.51058526473980        780.58691275815909              731         151
 ../710_seed.dataconnected         246  0.24890859425587253       0.57103274812006022        61.231514186944644        140.47405603753481       0.28109603742959477        69.149625207680316        279.00393566733305        368.92641745334515              647          55
 ../711_seed.dataconnected         325  0.12265653360143743       0.28420327998295286        39.863373420467163        92.366065994459674       0.16205254574996891        52.667077368739896        616.93786328610304        1116.7052252157271              732          42
 ../712_seed.dataconnected         191  0.18862932399593138       0.42516526044782871        36.028200883222894        81.206564745535289       0.22367044016429818        42.721054071380955        231.82060924749661        275.04762178146814              570          24
 ../713_seed.dataconnected         247   9.4220123382545373E-002  0.21704473722678144        23.272370475488707        53.610050095015019       0.12537818868401873        30.968412604952626        447.08370557813600        712.12363304579037              755         119
 ../714_seed.dataconnected         182  0.14945556082745945       0.35254844811763270        27.200912070597621        64.163817557409146       0.19238865214454881        35.014734690307883        414.12171158614649        560.50972057185629              554          55
 ../715_seed.dataconnected         272  0.15785428452177949       0.37703092455934578        42.936365389924021        102.55241148014206       0.19786270940341602        53.818656957729161        395.28041279249965        594.24590669995132              659          26
 ../716_seed.dataconnected         270  0.15260020810769595       0.36535616466534404        41.202056189077908        98.646164459642890       0.19954704676346055        53.877702626134351        538.91916701244224        984.80245275726077              604         124
 ../717_seed.dataconnected         192  0.14387295058452421       0.33724460558108527        27.623606512228648        64.750964271568364       0.17846150880251635        34.264609690083141        412.40900232957387        608.29054574026759              590          35
 ../718_seed.dataconnected         240  0.15224387706264583       0.36160390025084210        36.538530495034998        86.784936060202099       0.19698640888516419        47.276738132439405        406.71118140840781        642.09459708904444              689         209
 ../719_seed.dataconnected         277  0.13661887301122330       0.31349890550195358        37.843427824108858        86.839196824041139       0.18094245702131731        50.121060594904897        509.67614627100187        865.05373933888927              750         182
 ../720_seed.dataconnected         174  0.25235616827561963       0.57792093642930742        43.909973279957818        100.55824293869949       0.30720351622321151        53.453411822838802        208.26050370863734        234.85946845956207              639          45
 ../721_seed.dataconnected         384   8.7184884609757138E-002  0.20861181627171183        33.478995690146739        80.106937448337334       0.11363821203316844        43.637073420736684        734.81172614071193        1367.8331519939804              776          52
 ../722_seed.dataconnected         214  0.15818863433129174       0.38001066920903287        33.852367746896434        81.322283210733033       0.19674881119390872        42.104245595496465        274.48947180239736        338.14027522841315              704          66
 ../723_seed.dataconnected         200  0.14655694756084314       0.34869105919125643        29.311389512168628        69.738211838251289       0.17971530047554632        35.943060095109267        426.38327919359131        652.30181309745262              653          79
 ../724_seed.dataconnected         207  0.18947710393399689       0.43632222350707384        39.221760514337355        90.318700265964281       0.25129738589910305        52.018558881114330        282.45692438340649        345.62827953800416              625          79
 ../725_seed.dataconnected         254  0.12142749378878220       0.28622486865125035        30.842583422350678        72.701116637417584       0.17224777673969868        43.750935291883465        453.72641624243397        672.77698636365290              612          25
 ../726_seed.dataconnected         188  0.19049537003592540       0.44658240091558027        35.813129566753972        83.957491372129084       0.25462383251796111        47.869280513376687        339.59075857542535        425.63178149416115              559          49
 ../727_seed.dataconnected         181  0.16272209064234486       0.37927803744010036        29.452698406264417        68.649324776658162       0.21058055402675982        38.115080278843529        236.31812361492689        273.53890612487351              670          65
 ../728_seed.dataconnected         270  0.14495295922876966       0.34495545550641410        39.137298991767807        93.137972986731810       0.20106772811108431        54.288286589992765        563.87287182566502        1014.5172634409535              605          36
 ../729_seed.dataconnected         220  0.11937281473369420       0.28541681796740687        26.262019241412723        62.791699952829511       0.15305977641303392        33.673150810867462        451.79143204708129        658.54276364077691              597          47
 ../730_seed.dataconnected         176  0.19987231810308831       0.46056501392057547        35.177527986143545        81.059442450021280       0.25698827382631617        45.229936193431648        326.00986111130391        393.08550943437263              527          61
 ../731_seed.dataconnected         183  0.20861253008204120       0.48068274611487566        38.176093005013541        87.964942539022246       0.25325265302898442        46.345235504304149        283.41761204897381        350.34142981882883              538          43
 ../732_seed.dataconnected         284  0.13580254865511285       0.32091571617638126        38.567923818052051        91.140063394092280       0.17462191654375631        49.592624298426792        399.06514914976492        585.42472253497465              605          38
 ../733_seed.dataconnected         213  0.13829990224266914       0.32452218306127145        29.457879177688525        69.123224992050822       0.17777503249972457        37.866081922441332        422.00103661471746        671.22858522097260              597          43
 ../734_seed.dataconnected         195  0.21419856885191887       0.50371870659552020        41.768720926124182        98.225147786126442       0.25597705021303241        49.915524791541323        292.10780867165755        348.33991700565633              683          52
 ../735_seed.dataconnected         200  0.13023934728955441       0.30517156063187945        26.047869457910881        61.034312126375887       0.17931681292652429        35.863362585304856        355.59728542615483        516.05986138897038              694          93
 ../736_seed.dataconnected         298  0.10638556610996942       0.25999607883846454        31.702898700770888        77.478831493862430       0.13680791032433373        40.768757276651449        669.30296707258208        1201.8702454331797              864          76
 ../737_seed.dataconnected         202  0.17573970059094432       0.41856858218476223        35.499419519370754        84.550853601321975       0.22532416676713746        45.515481686961763        383.81400873822179        579.54303930440506              687          60
 ../738_seed.dataconnected         266  0.18364586388718493       0.42791141386883635        48.849799793991188        113.82443608911046       0.23090569484762202        61.420914829467456        354.79230482730020        487.57225987442706              799         100
 ../739_seed.dataconnected         176  0.13114743898725223       0.31799844984406117        23.081949261756392        55.967727172554767       0.16130495735893985        28.389672495173414        255.92236384218765        304.73255737847228              567          26
 ../740_seed.dataconnected         396  0.13515562046077972       0.31392516522568337        53.521625702468768        124.31436542937061       0.16625880498725218        65.838486774951861        833.76366627004052        1731.0015541772741              723          47
 ../741_seed.dataconnected         226  0.17870403070112398       0.41789972296117678        40.387110938454022        94.445337389225955       0.23856446322197045        53.915568688165322        365.78373728153059        532.67599296472883              739          50
 ../742_seed.dataconnected         270  0.15429770366237947       0.36598466308133643        41.660379988842458        98.815859031960841       0.18870288008242445        50.949777622254601        412.01415064940829        633.76218618385190              664          66
 ../743_seed.dataconnected         303  0.15240861769400221       0.35843208011716016        46.179811161282672        108.60492027549952       0.18679369143588717        56.598488505073810        528.09244193011136        875.17804038070869              680          59
 ../744_seed.dataconnected         214  0.16541869138755458       0.38907123916093816        35.399599956936683        83.261245180440767       0.21044264399394927        45.034725814705141        356.92761860452481        515.09886976002019              626          61
 ../745_seed.dataconnected         208  0.15613950569928381       0.36877496297226531        32.477017185451032        76.705192298231182       0.20367425373215889        42.364244776289048        330.46886592411767        445.75970852188914              716          65
 ../746_seed.dataconnected         215  0.14103412542209953       0.33413361947410780        30.322336965751401        71.838728186933182       0.17845478080373295        38.367777872802584        461.16398901745100        598.07966174374099              670          56
 ../747_seed.dataconnected         233  0.17166371207695350       0.39704563113922003        39.997644913930166        92.511632055438270       0.22193116595197063        51.709961666809157        378.98611430033947        587.14851488005627              581          26
 ../748_seed.dataconnected         210  0.20374542913250404       0.48588245576164890        42.786540117825851        102.03531570994627       0.25716632607074363        54.004928474856165        355.29742007634587        498.15411014176470              627          38
 ../749_seed.dataconnected         252  0.17268802066817934       0.40037039007159297        43.517381208381195        100.89333829804143       0.22036013772099564        55.530754705690903        490.04852691783958        695.79863604554907              758          94
 ../750_seed.dataconnected         231  0.14373686778450748       0.33463816354387599        33.203216458221227        77.301415778635359       0.17917158042359288        41.388635077849955        335.32830415565746        423.47643085525181              707          80
 ../751_seed.dataconnected         250  0.10713747131015283       0.25320641248568393        26.784367827538208        63.301603121420982       0.14584338089740981        36.460845224352454        499.54783467716425        810.39075938149460              782         220
 ../752_seed.dataconnected         279  0.12913276203400581       0.30426405147630714        36.028040607487618        84.889670361889685       0.17897496494367199        49.934015219284483        543.94681087183085        962.17243899799053              623          35
 ../753_seed.dataconnected         283  0.13250994273877312       0.30790890447145153        37.500313795072792        87.138219965420788       0.18456472019224790        52.231815814406154        556.03038831319009        893.50603291614937              709          55
 ../754_seed.dataconnected         251  0.19981260478306700       0.47021007337849852        50.152963800549820        118.02272841800313       0.23107009284567698        57.998593304264922        456.87163489990343        722.75466246960434              723         177
 ../755_seed.dataconnected         214  0.15115224513917971       0.35697116096189568        32.346580459784455        76.391828445845675       0.20509281958639541        43.889863391488618        397.69394533055987        534.92023087556902              683          62
 ../756_seed.dataconnected         178  0.21250782027479292       0.48593739190938406        37.826392008913139        86.496855759870357       0.25956601012345931        46.202749801975756        231.37804791027966        270.53259263357222              699          53
 ../757_seed.dataconnected         160  0.17067185333939067       0.40789226624373515        27.307496534302508        65.262762598997625       0.21979187189527311        35.166699503243699        308.97843518576769        401.70571032681954              619          88
 ../758_seed.dataconnected         205  0.17694346087214041       0.41039550573796568        36.273409478788786        84.131078676282968       0.22870740193699640        46.885017397084262        287.46266972143860        344.00348451111046              590          57
 ../759_seed.dataconnected         203  0.19082907774707877       0.44376698738032394        38.738302782656994        90.084698438205763       0.23963623192962055        48.646155081712969        252.64854105112676        322.19091478155929              645          71
 ../760_seed.dataconnected         257  0.15314115251506202       0.35853483942078562        39.357276196370940        92.143453731141904       0.19201227165659929        49.347153815746019        461.07219190628274        663.52774644923977              732          63
 ../761_seed.dataconnected         221  0.16536290145145155       0.39186923657586242        36.545201220770792        86.603101283265602       0.22114593761437587        48.873252212777068        372.82585592270499        543.33512203258317              557          22
 ../762_seed.dataconnected         418  0.12186489252009505       0.28816588797056902        50.939525073399729        120.45334117169786       0.15517679637949805        64.863900886630191        906.62506906536180        1948.1654882682474              737          35
 ../763_seed.dataconnected         185  0.18389789613844928       0.43231677756644626        34.021110785613118        79.978603849792563       0.24395233013525322        45.131181075021843        308.17910934329598        390.39626896977751              731          90
 ../764_seed.dataconnected         262   9.1923913687858697E-002  0.21534785299982689        24.084065386218978        56.421137485954645       0.11914060265348861        31.214837895214014        716.86795268116452        1208.0426543889314              716          95
 ../765_seed.dataconnected         194  0.19094372068515936       0.44712803953172542        37.043081812920917        86.742839669154733       0.25613144075277311        49.689499506037983        352.01596619323215        465.13496660978211              576          43
 ../766_seed.dataconnected         198  0.24117361804145798       0.57457405531100059        47.752376372208680        113.76566295157812       0.29037626558224655        57.494500585284818        294.12069595987634        394.99908044745132              665          64
 ../767_seed.dataconnected         298  0.17373503540174456       0.41414507862118882        51.773040549719880        123.41523342911427       0.20754866078517376        61.849500913981778        457.31982707578703        693.32246048856678              678          63
 ../768_seed.dataconnected         192  0.16414455450477725       0.38715193533455056        31.515754464917229        74.333171584233710       0.20612530292222031        39.576058161066300        347.66392676860551        479.30790336090877              598          77
 ../769_seed.dataconnected         227  0.13112812752886183       0.31315062558223189        29.766084949051635        71.085192007166640       0.17444431484565170        39.598859469962939        472.16300468944598        772.28633787006083              685          80
 ../770_seed.dataconnected         287  0.16705394684871513       0.39461711038435160        47.944482745581240        113.25511068030890       0.21002640863197414        60.277579277376574        476.81544444846025        742.70467069740732              613          34
 ../771_seed.dataconnected         216  0.15575156823419067       0.36850130570127965        33.642338738585188        79.596282031476406       0.20146566523433845        43.516583690617104        510.93733273310210        820.36373239388354              625          63
 ../772_seed.dataconnected         241  0.11771737195073392       0.28066171690007463        28.369886640126875        67.639473772917981       0.15314561556949385        36.908093352248017        653.04036647398368        1135.4691817208325              874         133
 ../773_seed.dataconnected         187  0.15671914540219242       0.36259786336404831        29.306480190209982        67.805800449077040       0.20599254158645600        38.520605276667268        306.27223320110386        410.08846353663944              651          63
 ../774_seed.dataconnected         325  0.13207875600198266       0.30923586728178831        42.925595700644365        100.50165686658120       0.16638163559842034        54.074031569486614        629.73171950158667        1170.5011349444637              710          39
 ../775_seed.dataconnected         225  0.13569069996031871       0.31699519112097518        30.530407491071710        71.323918002219415       0.16687991389604598        37.547980626610347        380.23728956859014        574.21165215608335              535          33
 ../776_seed.dataconnected         298  0.19837726246000392       0.46448114722944600        59.116424213081167        138.41538187437490       0.25220456562560267        75.156960556429595        527.27583815191554        890.69731492977883              692          35
 ../777_seed.dataconnected         269  0.13132518496468054       0.30945591427779534        35.326474755499063        83.243640940726948       0.16846976536790029        45.318366883965176        427.24791761835945        644.72288256891989              627          29
 ../778_seed.dataconnected         189  0.21557840321807670       0.50530817557826135        40.744318208216498        95.503245184291401       0.27311158024999549        51.618088667249147        432.40272838693016        608.80982217048881              555          39
 ../779_seed.dataconnected         221  0.10073975777592485       0.23749741455623580        22.263486468479392        52.486928616928111       0.14819596965228599        32.751309293155202        372.61827299129408        564.43523587864820              688          84
 ../780_seed.dataconnected         164  0.21577498758019112       0.51151580462795643        35.387097963151341        83.888591958984847       0.26335986460244709        43.191017794801326        218.35430436123346        238.22676880875153              593          64
 ../781_seed.dataconnected         268  0.13469394081794409       0.30780097747410284        36.097976139209017        82.490661963059566       0.17671339212488721        47.359189089469773        478.47190381208065        779.15726184654841              686          28
 ../782_seed.dataconnected         303  0.11960311288157786       0.28260796778219266        36.239743203118095        85.630214238004370       0.15997117368525746        48.471265626633006        636.55868302957094        1131.7496603399193              662          35
 ../783_seed.dataconnected         230  0.12016288657775280       0.28261015986113924        27.637463912883145        65.000336768062027       0.15492308082860948        35.632308590580180        456.71189163337084        660.85847780901997              638          66
 ../784_seed.dataconnected         175  0.17695575279287226       0.41304349146152902        30.967256738752646        72.282611005767578       0.23204256948405563        40.607449659709737        301.19082931901187        378.88517605361858              533          32
 ../785_seed.dataconnected         245   9.7362042022389642E-002  0.23027719589359261        23.853700295485464        56.417912993930187       0.12648826982698039        30.989626107610196        463.85203651112835        745.04813920460333              581          31
 ../786_seed.dataconnected         196  0.18116427505860550       0.42715709701319976        35.508197911486675        83.722791014587159       0.22901947682645063        44.887817457984326        321.31216430313128        420.66650322137502              561          38
 ../787_seed.dataconnected         221   9.4464133292881461E-002  0.22510205017295057        20.876573457726803        49.747553088222077       0.11657776327351456        25.763685683446717        464.04384231854590        671.50624467619878              569          74
 ../788_seed.dataconnected         256  0.22785645967944285       0.52564049933131385        58.331253677937369        134.56396782881635       0.27474596077924546        70.334965959486837        332.96409609305641        485.44621424697362              590          26
 ../789_seed.dataconnected         228  0.18104701505766763       0.41243279312640524        41.278719433148218        94.034676832820395       0.22624538214924703        51.583947130028321        341.20812052008301        450.42680470867140              638          50
 ../790_seed.dataconnected         238  0.17931761248610142       0.42075322363723727        42.677591771692136        100.13926722566246       0.22019773545984758        52.407061039443725        366.02210222477368        514.51215470074681              648          56
 ../791_seed.dataconnected         226  0.12482575561477813       0.29753685427386961        28.210620768939858        67.243329065894528       0.15909043170839224        35.954437566096644        592.69949282825678        983.10626664463700              548          25
 ../792_seed.dataconnected         199  0.13804799734156423       0.33253294131578137        27.471551470971281        66.174055321840498       0.18687847325195397        37.188816177138840        366.84125964179043        494.98099807947744              568          25
 ../793_seed.dataconnected         203  0.14353164561788853       0.33711569116320789        29.136924060431372        68.434485306131208       0.18810868985545598        38.186064040657563        399.27343013569055        608.73313239164611              537          24
 ../794_seed.dataconnected         185  0.15386270638663946       0.37369792753457998        28.464600681528299        69.134116593897289       0.19166266123726527        35.457592328894073        286.56203116013427        343.33862978843700              530          90
 ../795_seed.dataconnected         231  0.15248794816439704       0.35209481900959910        35.224716025975717        81.333903191217388       0.19079092559536265        44.072703812528772        505.70988761459859        764.66848770131389              677          55
 ../796_seed.dataconnected         175  0.14756537479855275       0.35497377443736589        25.823940589746730        62.120410526539033       0.20428527633727406        35.749923359022958        311.82226582001817        427.76290563186103              697          62
 ../797_seed.dataconnected         185  0.20309746179987770       0.47692793173183196        37.573030432977376        88.231667370388905       0.24800786703635244        45.881455401725205        363.27719684813064        477.31534056619728              571          55
 ../798_seed.dataconnected         231  0.17048317253719225       0.39082793366368734        39.381612856091408        90.281252676311780       0.23381563225585261        54.011411051101952        385.85734109516022        549.73186394623531              563          40
 ../799_seed.dataconnected         310  0.17558519821376165       0.40799141697719743        54.431411446266111        126.47733926293121       0.23266133378464587        72.125013473240216        705.58697374242456        1355.4378263008350              799         180
 ../800_seed.dataconnected         288  0.10053183761601697       0.24036453517342973        28.953169233412886        69.224986129947766       0.13721843810168677        39.518910173285789        668.58033868932489        1324.4789575166667              671          69
 ../801_seed.dataconnected         187  0.17698751535142820       0.40632992507709187        33.096665370717076        75.983695989416177       0.22156290610517687        41.432263441668077        308.88377372571347        397.93239059091007              611          46
 ../802_seed.dataconnected         209  0.17985348314579269       0.40682446939778244        37.589377977470676        85.026314104136532       0.22184681670635434        46.365984691628057        386.35411196492043        558.73426563742146              687          66
 ../803_seed.dataconnected         232  0.13003261511785891       0.30181423870270879        30.167566707343266        70.020903379028439       0.17391494734881374        40.348267784924786        448.78619081162901        635.74704605891463              667          37
 ../804_seed.dataconnected         251  0.17911461714787000       0.42784070420450587        44.957768904115369        107.38801675533098       0.22408501480005746        56.245338714814423        389.35394516125552        597.04568868579213              751          92
 ../805_seed.dataconnected         189  0.15665680123027881       0.37620187269999267        29.608135432522694        71.102153940298621       0.19358113388239964        36.586834303773536        287.74275126043801        362.24583501824708              725          99
 ../806_seed.dataconnected         241  0.14822677538893644       0.35313065053848663        35.722652868733682        85.104486779775286       0.16977851958842602        40.916623220810671        429.46903784558890        643.46653082035789              648          56
 ../807_seed.dataconnected         353   8.6615996613657764E-002  0.20271121477452470        30.575446804621190        71.557058815407217       0.11574765813178441        40.858923320519892        829.85049245484811        1585.5981215846500              759          91
 ../808_seed.dataconnected         219  0.15234368950998498       0.35917995744019054        33.363268002686709        78.660410679401735       0.20205835772873196        44.250780342592300        436.27686523194677        668.21201755000641              641          73
 ../809_seed.dataconnected         204  0.17334517246373363       0.41039178562689527        35.362415182601659        83.719924267886640       0.20619465681336743        42.063709989926956        410.17827095665109        580.91587966532370              631          83
 ../810_seed.dataconnected         182  0.12693106877559232       0.29784195751950693        23.101454517157801        54.207236268550261       0.15986909106530983        29.096174573886390        305.14670860025228        372.90938485841843              681          64
 ../811_seed.dataconnected         258  0.16321629894447617       0.37806319343779171        42.109805127674854        97.540303906950257       0.20549543557511779        53.017822378380387        335.92992091079572        495.30563620441615              571          54
 ../812_seed.dataconnected         228  0.20100813553568503       0.47101830023735791        45.829854902136184        107.39217245411760       0.25140262564544785        57.319798647162109        358.11632591056400        537.09677184737166              785          63
 ../813_seed.dataconnected         185  0.11976066332342024       0.29058345896146337        22.155722714832745        53.757939907870721       0.15422597838181104        28.531806000635044        436.41305082313329        567.46143285818380              583          55
 ../814_seed.dataconnected         214  0.17432391002962694       0.41618739533733645        37.305316746340168        89.064102602190005       0.21115057464349360        45.186222973707629        368.15540464657010        477.47727772470756              718          43
 ../815_seed.dataconnected         267  0.18074434424128499       0.42383005419057229        48.258739912423096        113.16262446888280       0.22295682721234431        59.529472865695929        435.33178669255898        705.10121183092531              677          60
 ../816_seed.dataconnected         237  0.15168552511766883       0.35787400950968967        35.949469452887513        84.816140253796448       0.18155054648282545        43.027479516429629        476.98023709751732        764.30091214874892              654          41
 ../817_seed.dataconnected         182  0.13651572587170344       0.32031132758072012        24.845862108650024        58.296661619691065       0.16496196916873410        30.023078388709607        257.43665251607666        332.59452909351086              622          98
 ../818_seed.dataconnected         217  0.15753978419346276       0.36951796008050453        34.186133169981417        80.185397337469482       0.19992777621523239        43.384327438705427        416.87966988654318        630.92462544374530              718          77
 ../819_seed.dataconnected         237  0.18442894394680825       0.43432570654046943        43.709659715393556        102.93519245009125       0.23712887056841211        56.199542324713669        403.56283853563860        589.10715930705396              590          28
 ../820_seed.dataconnected         184  0.16464334167594868       0.38085621585264312        30.294374868374558        70.077543716886339       0.21997712242733039        40.475790526628792        327.35644608390493        380.63491210828835              602          62
 ../821_seed.dataconnected         201  0.11117702046111573       0.26073612179083083        22.346581112684262        52.407960479956998       0.14157458204866138        28.456490991780939        304.99682556675833        386.35393290867484              603          65
 ../822_seed.dataconnected         248  0.13055768598760331       0.31401277874282496        32.378306124925622        77.875169128220591       0.17134904256841207        42.494562556966194        386.56260352707733        571.51185726294455              695          66
 ../823_seed.dataconnected         285  0.18705242948294276       0.44915820527167322        53.309942402638690        128.01008850242687       0.23817604522445116        67.880172888968573        537.72853060769762        877.18600154557600              730          62
 ../824_seed.dataconnected         306  0.13663608251766249       0.32181649150914049        41.810641250404721        98.475846401796986       0.17215650783906167        52.679891398752872        524.63274464943038        849.76452150356897              710          66
 ../825_seed.dataconnected         256  0.12665414109338358       0.29430139153732138        32.423460119906196        75.341156233554273       0.16371646153333200        41.911414152532991        650.26039932955393        1072.0203280724820              668          63
 ../826_seed.dataconnected         203  0.18299631047250575       0.42709060180661457        37.148251025918668        86.699392166742754       0.23452987359396965        47.609564339575840        368.35587717654465        508.97700100191787              632         138
 ../827_seed.dataconnected         315   9.8482803479163258E-002  0.23374892094555341        31.022083095936427        73.630910097849323       0.13705596367814171        43.172628558614640        695.07841702713790        1329.9731643400480              682          38
 ../828_seed.dataconnected         171  0.25425315367893270       0.59466288871529138        43.477289279097491        101.68735397031483       0.30325570225847753        51.856725086199660        234.65521471561485        268.94278722355375              606          55
 ../829_seed.dataconnected         205  0.11303608929609772       0.27397627099919625        23.172398305700032        56.165135554835231       0.14645791773187428        30.023873135034226        417.17422886671540        622.92880491611106              603          50
 ../830_seed.dataconnected         278  0.15747981046746867       0.37397085131841123        43.779387309956292        103.96389666651832       0.19989888907666148        55.571891163311889        390.21946775406639        632.40223363759810              747          90
 ../831_seed.dataconnected         224  0.14968952341297381       0.35071902579257153        33.530453244506134        78.561061777536025       0.19651876335989085        44.020202992615552        437.41875794694693        683.93253377278063              617          29
 ../832_seed.dataconnected         178  0.18330504237030074       0.42164009075349812        32.628297541913533        75.051936154122671       0.21821023982376767        38.841422688630644        231.11268461912735        257.07421546367777              666          84
 ../833_seed.dataconnected         202  0.19131023786589102       0.45715470634591959        38.644668048909985        92.345250681875754       0.24119336574235922        48.721059879956563        313.42488603335971        436.25563888696342              613          41
 ../834_seed.dataconnected         242  0.18634381767757194       0.42773698150310235        45.095203877972409        103.51234952375077       0.23695382064415407        57.342824595885283        339.26434974266647        465.64576910374035              685         108
 ../835_seed.dataconnected         318  0.15769616637188766       0.36620328449299394        50.147380906260274        116.45264446877208       0.20121339879386207        63.985860816448138        614.96478995773214        1080.3358401835319              700          28
 ../836_seed.dataconnected         299  0.18389201669455332       0.43552394064261424        54.983712991671446        130.22165825214165       0.24142319218732414        72.185534464009919        406.83916692247180        632.78590556858364              741          53
 ../837_seed.dataconnected         183   9.1219337385715804E-002  0.21948003728568813        16.693138741585994        40.164846823280925       0.13810629565547128        25.273452104951243        432.99711631057011        614.44703971609295              581          30
 ../838_seed.dataconnected         296  0.16536261082860429       0.38481119349206289        48.947332805266868        113.90411327365061       0.20926110994108130        61.941288542560066        576.53546595897194        1067.1142089092393              668          30
 ../839_seed.dataconnected         214  0.23252598653487924       0.54674397216102022        49.760561118464160        117.00321004245832       0.27063251968921354        57.915359213491698        240.54341692798795        285.91563157102172              634          53
 ../840_seed.dataconnected         261  0.14076213443028437       0.33412053266275321        36.738917086304220        87.205459024978595       0.18369778410823207        47.945121652248567        514.03840764349764        866.26484567060379              586          29
 ../841_seed.dataconnected         215  0.19133808379454215       0.44116426920801338        41.137688015826562        94.850317879722880       0.23456272212164667        50.430985256154031        270.48901815072469        345.35754754499936              705          71
 ../842_seed.dataconnected         271  0.14348224690328076       0.33542373961458039        38.883688910789090        90.899833435551287       0.18128826973740575        49.129121098836961        533.34290609279424        830.72515194725770              635          57
 ../843_seed.dataconnected         215  0.19695014319959164       0.45573764838273068        42.344280787912204        97.983594402287096       0.23826375198633917        51.226706677062921        260.66902393781055        310.44398133425778              690          53
 ../844_seed.dataconnected         172  0.17375969579895911       0.41151700845084366        29.886667677420967        70.780925453545109       0.21367763686623001        36.752553540991563        212.56380035770209        237.45531154081525              624          97
 ../845_seed.dataconnected         247  0.13292328264942929       0.30982222183165237        32.832050814409037        76.526088792418136       0.16747292901795205        41.365813467434158        421.48906539696259        612.65207593418972              619          33
 ../846_seed.dataconnected         256  0.12909564123214365       0.30193844421220950        33.048484155428774        77.296241718325632       0.16406993951798401        42.001904516603908        480.12250435967752        757.07902683457371              713         128
 ../847_seed.dataconnected         174  0.21401155860451501       0.49788236811022774        37.238011197185614        86.631532051179633       0.27266309447304449        47.443378438309743        252.69847717052039        299.22591865158063              633          74
 ../848_seed.dataconnected         240  0.15796680762544923       0.36754574785208549        37.912033830107816        88.210979484500513       0.21243096075865062        50.983430582076146        456.37918788513832        678.14899202408901              650          67
 ../849_seed.dataconnected         223  0.15805540697459236       0.36871634982546253        35.246355755334093        82.223746011078148       0.21820151339912894        48.658937488005755        433.68671082721113        622.35024829904592              650          59
 ../850_seed.dataconnected         196  0.10134770202967017       0.24666571884852859        19.864149597815352        48.346480894311604       0.13889983926948310        27.224368496818688        535.51051170176220        893.38790173807456              744         182
 ../851_seed.dataconnected         188  0.13772614621121620       0.32614843337746141        25.892515487708646        61.315905474962747       0.17391103078829040        32.695273788198598        359.16071443219374        515.06314900845246              696          95
 ../852_seed.dataconnected         203  0.12787673526179663       0.30495468905905360        25.958977258144717        61.905801878987880       0.17760704916050471        36.054230979582456        430.47326786569579        659.85330689508100              729         155
 ../853_seed.dataconnected         163  0.10654298844140705       0.25469474230239303        17.366507115949350        41.515242995290066       0.13396587840731192        21.836438180391841        303.50381116533788        403.41508694366422              646         121
 ../854_seed.dataconnected         259   9.4636520694668338E-002  0.22147154295036575        24.510858859919100        57.361129624144731       0.11006899773187134        28.507870412554677        501.54060275771337        801.03785419101951              669          62
 ../855_seed.dataconnected         215   9.7264281203794128E-002  0.22901537607190320        20.911820458815736        49.238305855459188       0.12710212230663989        27.326956295927577        391.07112012965331        573.29104153874255              638          68
 ../856_seed.dataconnected         250  0.10865025505769396       0.25450075612876472        27.162563764423492        63.625189032191180       0.14543195806926090        36.357989517315225        541.26778690221226        774.68679802734641              732         103
 ../857_seed.dataconnected         181  0.19423129348845733       0.46097515576359444        35.155864121410779        83.436503193210598       0.24650211296345867        44.616882446386022        322.67677562000068        438.81409235933495              573          61
 ../858_seed.dataconnected         201  0.16546149298365542       0.38894740184082155        33.257760089714743        78.178427770005129       0.21067404352255537        42.345482748033632        349.51269863061799        479.95354835811406              623          30
 ../859_seed.dataconnected         221  0.12865881210493429       0.29840674724867811        28.433597475190478        65.947891141957868       0.16856354883897204        37.252544293412818        576.79168645766606        942.43362055431032              730          63
 ../860_seed.dataconnected         207  0.16280774718717547       0.38280372783438027        33.701203667745325        79.240371661716722       0.22058356054780606        45.660797033395852        337.77345312942862        446.27829921023027              621          34
 ../861_seed.dataconnected         187  0.17899770933678666       0.41980085635165254        33.472571645979109        78.502760137759026       0.22963423035738206        42.941601076830445        289.45991976537647        371.34607721229690              674         103
 ../862_seed.dataconnected         196  0.20194530005955488       0.47285110304778849        39.581278811672760        92.678816197366544       0.24690907356717576        48.394178419166451        249.76884282160390        304.96133925249922              661          81
 ../863_seed.dataconnected         123  0.13181922882940830       0.32142193975784539        16.213765146017220        39.534898590214979       0.16282289278167075        20.027215812145503        286.23411785780155        330.18607687191809              558          65
 ../864_seed.dataconnected         102  0.21940961108571427       0.50741107545870123        22.379780330742857        51.755929696787526       0.28076514771265298        28.638045066690605        146.23979461804200        120.55291565236239              613          75
 ../865_seed.dataconnected         182   9.5829604291123291E-002  0.22396134334435330        17.440987980984438        40.760964488672300       0.13591462637128129        24.736461999573194        336.26827849424257        475.76247946036040              685         113
 ../866_seed.dataconnected         321  0.12309826726333128       0.28733797450434007        39.514543791529341        92.235489815893160       0.15590648951619410        50.045983134698304        699.65618931014865        1273.2771224460739              744          47
 ../867_seed.dataconnected         251  0.18769441929820158       0.43460910604894909        47.111299243848599        109.08688561828622       0.21655622090550300        54.355611447281255        242.19803840561289        310.18290342887605              723         131
 ../868_seed.dataconnected         206  0.15034921587604402       0.35408730110854492        30.971938470465069        72.941984028360253       0.19691242043914478        40.563958610463828        327.02218471843719        486.34980320832284              591          36
 ../869_seed.dataconnected         189   9.8488085350134078E-002  0.22887305567942007        18.614248131175341        43.257007523410394       0.12594472417695887        23.803552869445227        306.57496673963692        376.22288323623263              688          54
 ../870_seed.dataconnected         217  0.25641686330211849       0.59782077213593954        55.642459336559710        129.72710755349888       0.30124104830788007        65.369307482809972        245.61124973699478        303.72007424551640              649          76
 ../871_seed.dataconnected         215  0.17236979211487716       0.40758181673629884        37.059505304698590        87.630090598304250       0.21574013958409755        46.384130010580975        364.15318241791903        539.47834772581962              618          30
 ../872_seed.dataconnected         233  0.17717813800558482       0.41804570954406323        41.282506155301263        97.404650323766731       0.21399180242281834        49.860089964516675        367.82654208774863        511.80783248868175              728          75
 ../873_seed.dataconnected         179  0.24649826805743005       0.57960788826973864        44.123189982279982        103.74981200028321       0.29462997103283312        52.738764814877129        214.89790107005220        246.16744601832815              609          36
 ../874_seed.dataconnected         194  0.13992283772611727       0.32850254187870648        27.145030518866751        63.729493124469059       0.17807388014963482        34.546332749029155        411.38520402630695        554.97361516447688              608          65
 ../875_seed.dataconnected         199  0.17239066284403423       0.40648286650871335        34.305741905962812        80.890090435233958       0.23447054736692280        46.659638926017635        408.37317964950336        645.46257550100859              578          50
 ../876_seed.dataconnected         230  0.17195145104519766       0.40509786993680769        39.548833740395459        93.172510085465774       0.20977801187196193        48.248942730551242        414.20700191837102        585.01249862551219              676          48
 ../877_seed.dataconnected         393   9.1004096379097371E-002  0.21064524493319886        35.764609876985268        82.783581258747148       0.12211319352975994        47.990485057195656        1013.2449637810066        2164.3812474091060              720          99
 ../878_seed.dataconnected         158  0.17285111450742463       0.41394614803393781        27.310476092173090        65.403491389362173       0.21810241074131040        34.460180897127046        189.32118152125827        208.95559932596910              578          59
 ../879_seed.dataconnected         250  0.13087984875767589       0.31128380371196135        32.719962189418972        77.820950927990339       0.17823955717726778        44.559889294316946        483.20398133572775        760.56600439829367              609          47
 ../880_seed.dataconnected         275  0.12542174487789742       0.30302962212847323        34.490979841421790        83.333146085330142       0.16472401298262707        45.299103570222442        555.52151880759720        846.65482645959491              767          95
 ../881_seed.dataconnected         224  0.14900430938222062       0.35822381895354843        33.376965301617417        80.242135445594855       0.17193140871080462        38.512635551220235        440.60079457988030        688.18427667346702              617          86
 ../882_seed.dataconnected         245  0.12883413862266460       0.30299852155824653        31.564363962552829        74.234637781770402       0.17696681977215786        43.356870844178680        630.88869662904176        1077.3612852567042              635          71
 ../883_seed.dataconnected         246  0.11887606711023536       0.27525474128391042        29.243512509117899        67.712666355841961       0.15640621221431597        38.475928204721725        544.47177871391648        933.14095858592168              581          20
 ../884_seed.dataconnected         123  0.24272799663351524       0.56392920581913086        29.855543585922376        69.363292315753100       0.28733069731752625        35.341675770055730        171.65457779665527        160.85149773976298              700          78
 ../885_seed.dataconnected         247  0.11573490985497464       0.27379258843370752        28.586522734178736        67.626769343125758       0.15165605579732472        37.459045781939203        514.60062420343502        833.05973182589378              720          85
 ../886_seed.dataconnected         214  0.15063273697701360       0.36347063317192357        32.235405713080908        77.782715498791646       0.19061145738578059        40.790851880557042        406.73523170730499        630.62395717863922              600          38
 ../887_seed.dataconnected         120  0.17497326586033965       0.41419294925528433        20.996791903240759        49.703153910634121       0.23202156134698049        27.842587361637658        198.26229774996636        189.75997868936591              640          68
 ../888_seed.dataconnected         165  0.10393154881447464       0.24387406662445751        17.148705554388314        40.239220993035488       0.13645939521330855        22.515800210195909        382.48552509624983        470.58898906015969              687          56
 ../889_seed.dataconnected         182  0.16945998425572170       0.38947221334181753        30.841717134541351        70.883942828210792       0.22818166003277024        41.529062125964181        289.02492019336233        374.02075099311315              575          76
 ../890_seed.dataconnected         210  0.16728385628866504       0.39381348651570219        35.129609820619656        82.700832168297467       0.20490734674246291        43.030542815917215        366.01708876003477        512.04415115867528              666         108
 ../891_seed.dataconnected         194  0.23234565180530453       0.54420686267373108        45.075056450229077        105.57613135870383       0.26745648681653733        51.886558442408244        259.20005104450649        306.11565086805581              566          44
 ../892_seed.dataconnected         237  0.10826512405915437       0.25523783554832702        25.658834402019586        60.491367024953504       0.15176272776314215        35.967766479864686        552.79131158355744        968.97535322364683              610         150
 ../893_seed.dataconnected         247  0.12747649836337738       0.30186093277345893        31.486695095754211        74.559650395044358       0.17103613469430792        42.245925269494059        457.15059575197870        681.56867195873508              666          88
 ../894_seed.dataconnected         280  0.11903205854312682       0.27067442191276220        33.328976392075511        75.788838135573414       0.14711650804934259        41.192622253815927        571.74400864754466        1043.3101184112163              704          45
 ../895_seed.dataconnected         237   9.9361145569741793E-002  0.23640491763259047        23.548591500028806        56.027965478923939       0.12268891967992483        29.077273964142186        554.79758624147428        868.09908263471311              715          82
 ../896_seed.dataconnected         173  0.23449937651581049       0.56123863386478912        40.568392137235215        97.094283658608518       0.27258977259223399        47.158030658456482        229.19840643677037        256.61144179345251              593          37
 ../897_seed.dataconnected         320  0.16375791056864994       0.37905097807921029        52.402531381967982        121.29631298534730       0.21487931650960224        68.761381283072723        427.38786769320438        714.06082464996234              903         167
 ../898_seed.dataconnected         413   9.7880731719616573E-002  0.23433704191682778        40.424742200201642        96.781198311649874       0.11854826599094453        48.960433854260096        924.76409789717582        1977.2993823570321              748          43
 ../899_seed.dataconnected         176  0.20333013324647675       0.47524212415932443        35.786103451379908        83.642613852041094       0.24793127874038515        43.635905058307785        231.66846346497027        275.73514045125660              604          58
 ../900_seed.dataconnected         179  0.16346933651116732       0.38552078019276015        29.261011235498952        69.008219654504060       0.20471594342135474        36.644153872422500        377.15678401112626        530.27313948445510              713         126
 ../901_seed.dataconnected         170  0.16808911031225712       0.39543709631951762        28.575148753083710        67.224306374317990       0.22325887624668486        37.954008961936424        305.91016783884061        397.46867214437361              670         119
 ../902_seed.dataconnected         204  0.11940990290791902       0.28500062254254344        24.359620193215481        58.140126998678859       0.13972549474467102        28.504000927912887        360.38583119453733        537.99833348664606              567          39
 ../903_seed.dataconnected         257  0.16866893911576974       0.40339491558279622        43.347917352752823        103.67249330477863       0.21740335216623044        55.872661506721222        490.39264249425997        731.08603212386606              698          98
 ../904_seed.dataconnected         219  0.13710430619255193       0.31402255993862066        30.025843056168871        68.770940626557930       0.18507201398335968        40.530771062355768        405.69190180314263        567.68539604469538              752          61
 ../905_seed.dataconnected         221  0.24370924306181038       0.57880161745848346        53.859742716660094        127.91515745832484       0.28991039926775164        64.070198238173106        278.39804582526881        342.33361247729505              547          37
 ../906_seed.dataconnected         179  0.15330158917944078       0.35836380368401882        27.440984463119900        64.147120859439369       0.19994413209951295        35.789999645812820        289.38414187461109        363.67290273738774              747         126
 ../907_seed.dataconnected         183  0.17088911282928188       0.39299337314970689        31.272707647758583        71.917787286396361       0.22724461395449558        41.585764353672694        317.53523565974990        416.36483682686207              519          40
 ../908_seed.dataconnected         170  0.20909390416364840       0.48528154973324522        35.545963707820228        82.497863454651693       0.25844129047658476        43.935019381019409        250.90838384346969        299.92784266427185              616          46
 ../909_seed.dataconnected         169  0.13494674333123238       0.31476811866112214        22.805999622978273        53.195812053729640       0.17978143702354665        30.383062856979386        250.57922672371845        288.98574743295518              636          77
 ../910_seed.dataconnected         352  0.12193576363006579       0.28833786089748559        42.921388797783159        101.49492703591493       0.14817422628266175        52.157327651496935        741.10311089200195        1496.7231776737779              636          41
 ../911_seed.dataconnected         184  0.15061325141561416       0.36811776243332933        27.712838260473006        67.733668287732598       0.18179080984792392        33.449509012018005        398.85604646168389        592.87737824050987              552          31
 ../912_seed.dataconnected         239  0.15581076661107801       0.36340991442938136        37.238773220047648        86.854969548622151       0.19713539473362862        47.115359341337239        560.65156808232200        871.86779129456056              650          71
 ../913_seed.dataconnected         242  0.19882440129557671       0.46702359789766235        48.115505113529565        113.01971069123429       0.23749779162363319        57.474465572919229        407.54571307220345        603.16402776671328              738         121
 ../914_seed.dataconnected         272  0.15836162358676806       0.38116137037090198        43.074361615600914        103.67589274088533       0.19152437034511280        52.094628733870678        477.62004987223258        737.38722092097794              686          72
 ../915_seed.dataconnected         201  0.14061969670647742       0.32913232133020909        28.264559038001963        66.155596587372031       0.17431935386967173        35.038190127804022        327.86018547309033        445.84511040022761              752         174
 ../916_seed.dataconnected         153  0.19389016818457117       0.43412217010991294        29.665195732239390        66.420692026816681       0.25945961609228574        39.697321262119715        238.30193807549466        244.68900596616680              591          50
 ../917_seed.dataconnected         202  0.12343083008279079       0.28705575329111255        24.933027676723739        57.985262164804737       0.16214382976394817        32.753053612317530        329.25132953296026        447.26220910703626              617          44
 ../918_seed.dataconnected         281  0.12158608275669716       0.29484039101861304        34.165689254631900        82.850149876230262       0.16129420822438006        45.323672511050795        635.16948771071213        1197.9130188268234              662          45
 ../919_seed.dataconnected         184  0.13022069889054719       0.29688225474917918        23.960608595860684        54.626334873848968       0.18407101633295256        33.869067005263268        417.56290292665273        612.83361002851734              553          26
 ../920_seed.dataconnected         243  0.18063467991270610       0.42496939109002208        43.894227218787584        103.26756203487537       0.22059967972380654        53.605722172884988        445.62926952457838        650.65680273438579              581          45
 ../921_seed.dataconnected         172  0.13986979449261083       0.33289843092815025        24.057604652729061        57.258530119641840       0.17099272341307017        29.410748427048070        266.97924113347153        320.81940693544851              600          51
 ../922_seed.dataconnected         178  0.22333158849424412       0.52689690206093309        39.753022751975450        93.787648566846087       0.27921799077934384        49.700802358723202        344.45334300146345        406.98650169861708              639          78
 ../923_seed.dataconnected         305  0.15398833574426563       0.36423450202141955        46.966442402001015        111.09152311653297       0.19497816243104610        59.468339541469057        480.57415158738110        834.16994904321859              755          75
 ../924_seed.dataconnected         216  0.14218930804624813       0.33996738665676279        30.712890537989598        73.432955517860762       0.17451605380841845        37.695467622618388        389.89431878843590        517.79969225444518              674          66
 ../925_seed.dataconnected         178  0.12718294522105389       0.30357622468761641        22.638564249347592        54.036567994395725       0.15897985517121158        28.298414220475660        341.82340492482018        480.94147808384247              564          27
 ../926_seed.dataconnected         202  0.17201410941983489       0.40230236192625007        34.746850102806647        81.265077109102521       0.22793985798607808        46.043851313187773        430.90069118443057        669.38794866783633              553          32
 ../927_seed.dataconnected         215  0.15035059583262328       0.34211269780132442        32.325378104014007        73.554230027284746       0.20923982590480519        44.986562569533113        389.94744167146763        577.63288714569796              768         116
 ../928_seed.dataconnected         272  0.13945292615411972       0.32308793447148887        37.931195913920561        87.879918176244971       0.18689752969004103        50.836128075691164        752.68615061018158        1315.2652797060512              714          75
 ../929_seed.dataconnected         289  0.14657296658877425       0.34193380017612962        42.359587344155756        98.818868250901460       0.18194802443742134        52.582979062414765        416.20558620512014        636.20239618094649              690          71
 ../930_seed.dataconnected         244  0.18097154020469058       0.42428057616891296        44.157055809944502        103.52446058521477       0.23586608760525485        57.551325375682183        512.38150756085849        808.64104832689918              612          51
 ../931_seed.dataconnected         286  0.16285964046024690       0.37653835108572487        46.577857171630612        107.68996841051731       0.21340655179784906        61.034273814184836        547.84405394681698        893.33915632422304              699         116
 ../932_seed.dataconnected         191  0.15985357155736579       0.37829271163840328        30.532032167456865        72.253907922935028       0.21133400398477784        40.364794761092568        324.06446807759903        408.67109806968745              648          57
 ../933_seed.dataconnected         299  0.11833201933682432       0.27426806050503488        35.381273781710469        82.006150091005424       0.15869130592491404        47.448700471549294        619.00539760015647        1207.2194994372644              677          50
 ../934_seed.dataconnected         325   9.0544262479957893E-002  0.21329496465187142        29.426885305986314        69.320863511858207       0.11574492569582073        37.617100851141736        649.03221557788879        1211.0130159908701              734          70
 ../935_seed.dataconnected         120  0.21630128207215477       0.51726710576782531        25.956153848658573        62.072052692139039       0.26429518704699217        31.715422445639060        170.90475303032076        171.41972982113930              630          75
 ../936_seed.dataconnected         124  0.14160138465120833       0.33463657299577021        17.558571696749834        41.494935051475508       0.18644871614067740        23.119640801443996        213.02579052545596        213.76702252960010              559          83
 ../937_seed.dataconnected         237  0.14496338448891891       0.33884752536016927        34.356322123873781        80.306863510360117       0.21123903612853293        50.063651562462304        490.19290746589814        797.69427918810072              597          64
 ../938_seed.dataconnected         191  0.16177564105092387       0.38495626781549219        30.899147440726459        73.526647152759011       0.19882996220120097        37.976522780429384        307.27119484713580        376.58797123645530              761          82
 ../939_seed.dataconnected         180  0.20011528632351538       0.47604948042029305        36.020751538232773        85.688906475652743       0.24521127531057310        44.138029555903159        258.07836060596190        324.03798081469085              615          81
 ../940_seed.dataconnected         189  0.13796060281770153       0.31823545691297239        26.074553932545591        60.146501356551781       0.17338935593113713        32.770588270984916        354.07877190486084        501.14416638530599              575          48
 ../941_seed.dataconnected         207  0.16471440947664651       0.39094916373099486        34.095882761665827        80.926476892315932       0.20958703093201844        43.384515402927818        388.83092888346164        573.95876360517661              591          62
 ../942_seed.dataconnected         181  0.16973072847636489       0.41177594651907973        30.721261854222046        74.531446319953432       0.21976393114043366        39.777271536418489        313.94499552933542        430.03753112307078              582          39
 ../943_seed.dataconnected         184  0.13885151179415603       0.32814718506725321        25.548678170124710        60.379082052374592       0.17592338954664527        32.369903676582730        353.63795202596276        475.30469342076117              611          30
 ../944_seed.dataconnected         296  0.15097806958761850       0.35021735818570315        44.689508597935074        103.66433802296814       0.19276547192300691        57.058579689210049        524.55460069633250        867.62725957408134              726          51
 ../945_seed.dataconnected         187  0.21134214391278605       0.48949036806313678        39.520980911690991        91.534698827806579       0.25912081179567792        48.455591805791769        233.70638128085912        284.94842937584752              689          89
 ../946_seed.dataconnected         252  0.14925940370564894       0.34416893996490788        37.613369733823532        86.730572871156781       0.19229497394829922        48.458333434971408        316.03824604475932        430.49272056199834              634          33
 ../947_seed.dataconnected         216  0.11304240392492416       0.26537154700920867        24.417159247783619        57.320254153989076       0.15234703559263305        32.906959688008740        408.58270588077869        578.40005332696944              572          27
 ../948_seed.dataconnected         195  0.13228796838147006       0.31239537072212609        25.796153834386661        60.917097290814588       0.17560233569661632        34.242455460840183        442.16764936281015        652.05504496392530              660         110
 ../949_seed.dataconnected         369  0.14274962605473687       0.33983545334900211        52.674612014197905        125.39928228578178       0.19245931743731182        71.017488134368065        797.62065048181671        1598.6106460090614              777          61
 ../950_seed.dataconnected         199  0.11955714115720167       0.27579346563908969        23.791871090283134        54.882899662178851       0.16898651608745974        33.628316701404486        405.36341711106127        614.97777012109054              556          32
 ../951_seed.dataconnected         165  0.14915454135254660       0.34962675568691320        24.610499323170188        57.688414688340679       0.19186482752183015        31.657696541101974        311.85487986070325        374.79778383648392              592          44
 ../952_seed.dataconnected         175  0.13288236344893783       0.30874823511043037        23.254413603564121        54.030941144325311       0.16946804905466778        29.656908584566860        287.83672527641681        373.92665617281568              746          73
 ../953_seed.dataconnected         182  0.20386934176234872       0.48760912011742258        37.104220200747470        88.744859861370912       0.25414373639179966        46.254160023307534        288.33839256898540        365.39212778935075              493          25
 ../954_seed.dataconnected         272  0.12115011935445921       0.27855824760281112        32.952832464412907        75.767843347964629       0.16516647375405960        44.925280861104213        525.69040259060694        860.63865233750187              707          35
 ../955_seed.dataconnected         200  0.22852397543768072       0.52684259077088047        45.704795087536141        105.36851815417609       0.27763932562260585        55.527865124521171        296.32268891130673        356.92748897360207              569          39
 ../956_seed.dataconnected         240  0.14066930348909357       0.33581380601029598        33.760632837382460        80.595313442471038       0.18138006437821974        43.531215450772734        425.17251552446436        630.29820819131237              680          80
 ../957_seed.dataconnected         318  0.14986161169648909       0.35346250166273907        47.655992519483533        112.40107552875102       0.18388934006940247        58.476810142069986        479.62015171675426        824.39998487974242              759          76
 ../958_seed.dataconnected         206  0.14720918737183888       0.34518063237071095        30.325092598598811        71.107210268366458       0.19035752501999381        39.213650154118724        381.56933951123540        549.78310508232425              617          74
 ../959_seed.dataconnected         177  0.14283257331671045       0.33801625625910664        25.281365477057751        59.828877357861877       0.17076350222194303        30.225139893283917        338.59160416702628        402.08457498099676              647          71
 ../960_seed.dataconnected         230  0.13975040349580495       0.33092641505660730        32.142592804035139        76.113075463019683       0.18499927657621013        42.549833612528332        451.05002884349159        690.18900258941187              655          92
 ../961_seed.dataconnected         186  0.13525942982635134       0.31360924552594455        25.158253947701347        58.331319667825689       0.16247530479631206        30.220406692114043        420.10838100278795        566.62644909040682              596          56
 ../962_seed.dataconnected         271  0.16867526518099479       0.39344875584945627        45.710996864049591        106.62461283520265       0.21912525056801080        59.382942903930925        515.21707431186712        835.80285764373332              635          30
 ../963_seed.dataconnected         247  0.18433250426613282       0.41799439333453919        45.530128553734805        103.24461515363119       0.23616204802493301        58.332025862158453        377.51432963348446        548.26412149344549              740          92
 ../964_seed.dataconnected         204  0.16004748403078378       0.37520778844619673        32.649686742279890        76.542388843024128       0.20041614055498855        40.884892673217664        292.06779064971556        386.67567372931057              620          68
 ../965_seed.dataconnected         230  0.20247932380746261       0.47494996295716552        46.570244475716400        109.23849148014807       0.25597711247448929        58.874735869132536        370.63025394585947        538.31229947038776              614          63
 ../966_seed.dataconnected         184  0.14241325864469975       0.33064304039936177        26.204039590624756        60.838319433482567       0.17545213972912008        32.283193710158095        284.34007939620517        344.52076932201498              481          29
 ../967_seed.dataconnected         189  0.14797307722926492       0.34502694091981256        27.966911596331069        65.210091833844572       0.20257812785181281        38.287266163992619        317.17932844924252        409.75046021262426              617          63
 ../968_seed.dataconnected         250  0.16114104350316472       0.38120684373123376        40.285260875791181        95.301710932808433       0.22173151665009777        55.432879162524443        489.35486443143117        807.97478894498693              622          64
 ../969_seed.dataconnected         264  0.11001615009117059       0.25178293783535177        29.044263624069036        66.470695588532863       0.14979436976685648        39.545713618450108        444.08460609656311        729.30595447206508              759          58
 ../970_seed.dataconnected         165  0.21531871104662761       0.49663477536871686        35.527587322693556        81.944737935838276       0.26759837753491256        44.153732293260575        244.22755842564277        272.59000013874407              589          69
 ../971_seed.dataconnected         286  0.13004147121245385       0.30558088051405585        37.191860766761799        87.396131827019971       0.16214429506665656        46.373268389063774        494.04180722887571        783.75066299063394              703         110
 ../972_seed.dataconnected         217  0.16178340418855944       0.38171901742751385        35.106998708917395        82.833026781770499       0.19767784073735464        42.896091440005961        338.32838027916819        467.25313961079706              698          57
 ../973_seed.dataconnected         252  0.12221886636678687       0.28632094808472386        30.799154324430294        72.152878917350407       0.15416388978724666        38.849300226386156        583.59494414123992        989.23841245384097              589          27
 ../974_seed.dataconnected         323  0.10136313020042291       0.24245958450230345        32.740291054736602        78.314445794244023       0.13337590916063560        43.080418658885300        808.89676020790034        1746.4293801112676              739          45
 ../975_seed.dataconnected         209  0.12353565442415625       0.29505612173887996        25.818951774648657        61.666729443425915       0.16068550597213760        33.583270748176759        423.55034333629663        593.40048389764775              506          45
 ../976_seed.dataconnected         235  0.10754655554532989       0.25626185241033411        25.273440553152525        60.221535316428515       0.15207580294610226        35.737813692334029        470.73340802451230        738.45298329771038              706          95
 ../977_seed.dataconnected         189  0.13350647411751473       0.31956412000611428        25.232723608210286        60.397618681155599       0.17479733910790268        33.036697091393606        318.80870383961940        407.56045264257091              628          55
 ../978_seed.dataconnected         219  0.14605602857932626       0.34716399524037678        31.986270258872452        76.028914957642513       0.18097530532809347        39.633591866852470        364.50600177703018        506.90222334751815              609          70
 ../979_seed.dataconnected         187  0.13616519349618966       0.31824843619403942        25.462891183787466        59.512457568285370       0.17218276480811048        32.198177019116663        237.48239422394963        287.38238622280875              628          62
 ../980_seed.dataconnected         192  0.12555155288519565       0.29994064549241545        24.105898153957565        57.588603934543769       0.13863314365696991        26.617563582138224        446.41989779169194        625.43350188290788              716         105
 ../981_seed.dataconnected         330  0.18151014360509454       0.42025532396654408        59.898347389681199        138.68425690895955       0.24142423447735648        79.669997377527636        498.67011175788980        827.64095713808115              617          58
 ../982_seed.dataconnected         275  0.12571259227282450       0.29974609703789795        34.570962875026737        82.430176685421941       0.16553441320225853        45.521963630621094        593.46622953248482        1021.3425964267019              667          82
 ../983_seed.dataconnected         248  0.15482889005801220       0.36623844067778594        38.397564734387025        90.827133288090906       0.19618625739519388        48.654191834008081        414.55453232645419        634.94127127776267              609          71
 ../984_seed.dataconnected         183  0.15985200035975147       0.37622390383149373        29.252916065834519        68.848974401163346       0.21036305183087547        38.496438485050213        258.41315859476435        320.47345764098441              751         103
 ../985_seed.dataconnected         245  0.14928179939610439       0.35449883420123124        36.574040852045577        86.852214379301657       0.18510154013390431        45.349877332806557        398.05908936130788        522.54064879402961              749         145
 ../986_seed.dataconnected         156  0.19186625144906810       0.43620032091286409        29.931135226054625        68.047250062406803       0.24960135661479690        38.937811631908318        279.12459029733071        351.87040637448564              693          59
 ../987_seed.dataconnected         415   8.8470971922575192E-002  0.20712939353142187        36.715453347868703        85.958698315540076       0.11759151188638978        48.800477432851757        796.16848830622860        1637.7881360405236              760          32
 ../988_seed.dataconnected         198  0.15700160250350026       0.36578992924388049        31.086317295693050        72.426405990288330       0.20535246079307617        40.659787237029086        312.27006173833809        447.52186469434110              658          64
 ../989_seed.dataconnected         235  0.10425749220264678       0.24643021378465729        24.500510667621995        57.911100239394464       0.13916413063409264        32.703570699011770        618.82908149531227        1036.1120438557039              578          45
 ../990_seed.dataconnected         231  0.10916208657648732       0.26416895682952646        25.216441999168570        61.023029027620609       0.13928539409781471        32.174926036595195        526.07757084095306        898.43986202385224              643          94
 ../991_seed.dataconnected         315  0.10887174100253312       0.25955064355131507        34.294598415797935        81.758452718664245       0.13148014833564492        41.416246725728151        470.71725866833543        821.87231649678802              727          91
 ../992_seed.dataconnected         175  0.16292496891055741       0.38293281159444759        28.511869559347545        67.013242029028333       0.21485444391819181        37.599527685683569        385.40759324972061        501.46000154037006              549          34
 ../993_seed.dataconnected         201  0.13531337684162303       0.32454672682214036        27.197988745166231        65.233892091250212       0.17367121828851081        34.907914875990677        337.11990759384599        482.66071894117539              766          79
 ../994_seed.dataconnected         295   7.1119250229523354E-002  0.16645935433522888        20.980178817709390        49.105509528892519       0.11323846919288925        33.405348411902331        553.88714346753613        997.31199636982774              668          50
 ../995_seed.dataconnected         280  0.11823174895763962       0.27842939606383038        33.104889708139090        77.960230897872506       0.14741049705704470        41.274939175972520        608.39948044083098        1079.2099119516677              732         114
 ../996_seed.dataconnected         206  0.15026195749699708       0.35544230120958409        30.953963244381399        73.221114049174318       0.19877060263013582        40.946744141807983        416.32037703500873        595.29204698247190              684         187
 ../997_seed.dataconnected         182  0.25126906672664062       0.58335677396321717        45.730970144248595        106.17093286130553       0.30722597035839005        55.915126605226988        303.62577006914222        375.81950797421808              606         113
 ../998_seed.dataconnected         229  0.14812487094156387       0.35056516141948629        33.920595445618126        80.279421965062355       0.18308840157106251        41.927243959773314        410.25660726320552        642.62922885592434              594          29
 ../999_seed.dataconnected         182  0.14427146419483289       0.34195044165162536        26.257406483459587        62.234980380595815       0.18401186387694127        33.490159225603314        478.81709272057304        701.21757117666209              567          63
 ../1000_seed.dataconnected         376  0.15504097374503720       0.35225732598151216        58.295406128133983        132.44875456904856       0.19320299811006250        72.644327289383497        466.15416005833202        747.21480236701632              711          31
 ../1001_seed.dataconnected         447  0.11181343928080040       0.26381224890146554        49.980607358517780        117.92407525895510       0.14088892277640422        62.977348481052687        998.61628451878016        2230.7819586692090              815          71
 ../1002_seed.dataconnected         232  0.16751819256032272       0.39671201406853768        38.864220673994872        92.037187263900748       0.22502814473663238        52.206529578898710        338.96077657945841        457.03561038676236              616          40
 ../1003_seed.dataconnected         206  0.12000610701972293       0.28568105473939420        24.721258046062925        58.850297276315203       0.16416897270706893        33.818808377656197        435.39431007499564        631.44835570984606              640          66
 ../1004_seed.dataconnected         324  0.13038373064189143       0.30597271415911886        42.244328727972821        99.135159387554509       0.17662853328050410        57.227644782883324        592.56685785874436        1038.8608247500258              666          55
 ../1005_seed.dataconnected         209  0.23001614196123321       0.55061002470801290        48.073373669897741        115.07749516397470       0.26834302947333927        56.083693159927904        258.99010995319401        318.03542959122967              783         111
 ../1006_seed.dataconnected         199  0.16998590861574439       0.39410004911224616        33.827195814533134        78.425909773336983       0.21129086596636676        42.046882327306982        287.25973368143895        366.01978755145308              553          81
 ../1007_seed.dataconnected         176  0.14248871789147169       0.33319630300165326        25.078014348899018        58.642549328290976       0.18953648981443960        33.358422207341370        314.67332401941553        422.56101895148686              668          74
 ../1008_seed.dataconnected         197  0.14459765066255223       0.33766851165475475        28.485737180522790        66.520696795986680       0.19252473537523615        37.927372868921523        480.01647981422263        760.98545816612489              542          41
 ../1009_seed.dataconnected         183  0.14973754103867934       0.35701459114761497        27.401970010078319        65.333670180013542       0.20199152276582905        36.964448666146716        292.63774123330199        374.70226637196293              720         108
 ../1010_seed.dataconnected         292  0.11777977226818320       0.27428247754188340        34.391693502309494        80.090483442229953       0.14575901684506309        42.561632918758420        692.94065466343704        1266.7180888274088              653          41
 ../1011_seed.dataconnected         247  0.17307067918189550       0.39848148715673209        42.748457757928186        98.424927327712822       0.22312776504674864        55.112557966546916        516.59825646860168        762.87114288509656              607          83
 ../1012_seed.dataconnected         234  0.15155413171977883       0.36360891864785660        35.463666822428245        85.084486963598451       0.19170331710978167        44.858576203688912        503.21777232169779        776.47174297574736              649         119
 ../1013_seed.dataconnected         287  0.11608905479933575       0.27385541636083599        33.317558727409363        78.596504495559927       0.14439963884267815        41.442696347848631        523.31535676711644        899.72031904947892              618          54
 ../1014_seed.dataconnected         364   9.1597840522912991E-002  0.21706197457733239        33.341613950340331        79.010558746148988       0.11686154018916538        42.537600628856197        676.13174639498550        1290.3354906818668              647          31
 ../1015_seed.dataconnected         261  0.11242978293541651       0.26694467602116329        29.344173346143709        69.672560441523615       0.14606347830795219        38.122567838375524        802.39188395896656        1621.0764543855969              650          91
 ../1016_seed.dataconnected         188  0.15544946252068961       0.36347548100217142        29.224498953889647        68.333390428408222       0.21031682287431122        39.539562700370510        336.95033155475915        467.50100151783022              594          52
 ../1017_seed.dataconnected         190  0.11721096348861466       0.27805276446789889        22.270083062836786        52.830025248900789       0.14992169020905449        28.485121139720352        388.76841373166292        504.55699811841799              632          71
 ../1018_seed.dataconnected         238  0.15329475749804247       0.36216743431267373        36.484152284534112        86.195849366416354       0.21159684989329225        50.360050274603559        448.02955778364623        671.92614368697627              774         218
 ../1019_seed.dataconnected         280  0.17783842614328690       0.42293613156657678        49.794759320120335        118.42211683864150       0.21352231298019478        59.786247634454540        401.51039253040540        622.68901380287502              688          46
 ../1020_seed.dataconnected         228  0.14524645045930118       0.33857377806698213        33.116190704720665        77.194821399271930       0.17621883263651350        40.177893841125076        434.69921547085488        659.88920967369791              759          63
 ../1021_seed.dataconnected         177  0.15457913179916430       0.36215182951625119        27.360506328452082        64.100873824376464       0.20967990404371281        37.113343015737165        348.49499983540954        435.21418022860263              508          28
 ../1022_seed.dataconnected         215  0.15345662533158105       0.35658617232486134        32.993174446289927        76.666027049845184       0.19921705927320343        42.831667743738741        369.38158291597910        475.34379703536354              605          50
 ../1023_seed.dataconnected         248  0.18195236128206432       0.43184447396452252        45.124185597951950        107.09742954320159       0.22840792304337260        56.645164914756407        557.40682503341793        935.34569067746486              644          44
 ../1024_seed.dataconnected         224  0.12090333118177267       0.28887085444290617        27.082346184717078        64.707071395210988       0.14328900178278522        32.096736399343889        617.83997668148061        1158.3151730261461              610          47
 ../1025_seed.dataconnected         303  0.11333481670406020       0.26709387399326395        34.340449461330245        80.929443819958976       0.14538358005304092        44.051224756071399        586.11232531019709        1054.5968781612373              644          35
 ../1026_seed.dataconnected         237  0.12287917520395768       0.29469678838520952        29.122364523337968        69.843138847294654       0.16650261983966130        39.461120901999728        399.35091189032738        634.96961777544254              727          69
 ../1027_seed.dataconnected         177  0.15553134935217797       0.36357418831047811        27.529048835335502        64.352631330954623       0.20384039742609897        36.079750344419516        311.57467131342401        430.88245448557956              536          31
 ../1028_seed.dataconnected         201  0.16545971410424365       0.39133904267517661        33.257402534952973        78.659147577710499       0.19967625944640044        40.134928148726488        291.41908056841072        389.46886047464835              693          97
 ../1029_seed.dataconnected         209  0.13883016497114126       0.32940634551283793        29.015504478968523        68.845926212183130       0.17718102552104811        37.030834333899058        342.32963505603408        470.19868471158566              563          74
 ../1030_seed.dataconnected         201  0.19265103242630746       0.43628907199300776        38.722857517687800        87.694103470594555       0.24428789621190428        49.101867138592759        365.11863609010550        516.29478635461714              665          42
 ../1031_seed.dataconnected         198  0.16445573951679132       0.38854901228501759        32.562236424324681        76.932704432433482       0.21062670069592712        41.704086737793567        299.42069187112224        379.52601219253694              627          70
 ../1032_seed.dataconnected         174  0.23236905939901248       0.53629255190395808        40.432216335428173        93.314904031288705       0.27970749683551865        48.669104449380242        241.60237698830258        282.05315219063107              733          93
 ../1033_seed.dataconnected         195  0.14001838999824695       0.33811794776579801        27.303586049658154        65.932999814330614       0.18042232918289397        35.182354190664327        264.01641910291778        316.24300125432990              605          33
 ../1034_seed.dataconnected         203  0.14543052032407258       0.33343543436327727        29.522395625786736        67.687393175745285       0.18911698605373498        38.390748168908203        340.04409237099827        455.90481621923868              672          91
 ../1035_seed.dataconnected         210  0.18246760334957135       0.42075438598691495        38.318196703409981        88.358421057252144       0.22897463833042483        48.084674049389214        345.67894587087170        447.29788210032791              618          46
 ../1036_seed.dataconnected         240  0.16300889665173943       0.38661474347060054        39.122135196417460        92.787538432944132       0.20190092690623365        48.456222457496075        339.16014104084098        481.01789302448867              537          17
 ../1037_seed.dataconnected         215  0.13225493251339260       0.31048716673523735        28.434810490379409        66.754740848076025       0.16365082046008272        35.184926398917789        488.98539459623299        641.09724570175376              782         159
 ../1038_seed.dataconnected         262  0.14978738699140051       0.34545993777586120        39.244295391746931        90.510503697275638       0.19271221948904704        50.490601506130325        501.90516351685824        757.90537340146977              713          70
 ../1039_seed.dataconnected         227  0.19946518602247520       0.46177061279354487        45.278597227101869        104.82192910413468       0.24835299055693189        56.376128856423541        382.21765262133340        513.17835495508336              617          40
 ../1040_seed.dataconnected         212  0.22572737460264947       0.52742587763094650        47.854203415761688        111.81428605776065       0.26281554056173473        55.716894599087766        334.58017892773569        390.90974330100784              692          49
 ../1041_seed.dataconnected         183  0.13818221498446309       0.32446813411835357        25.287345342156748        59.377668543658700       0.18380258216561743        33.635872536307993        363.98194678066375        523.45715631352550              593          86
 ../1042_seed.dataconnected         284  0.16487343403593027       0.37563419376988166        46.824055266204198        106.68011103064639       0.21157602538957807        60.087591210640170        478.43512672636626        662.16409952932588              713          64
 ../1043_seed.dataconnected         298  0.14903304430389752       0.35422461531468274        44.411847202561461        105.55893536377546       0.18979662081414114        56.559393002614058        625.33906514985995        1150.4130993076665              685          51
 ../1044_seed.dataconnected         236  0.14333615960880219       0.33634170775204114        33.827333667677316        79.376643029481713       0.18921539453050346        44.654833109198819        447.85298553468419        705.84158499407579              603          48
 ../1045_seed.dataconnected         215  0.20161277746048165       0.47042402766324176        43.346747154003552        101.14116594759697       0.25734398252554319        55.328956242991786        360.03439512422983        538.12946486678300              641          60
 ../1046_seed.dataconnected         228  0.14986787631584236       0.34998080524390379        34.169875800012058        79.795623595610067       0.18373692556620155        41.892019029093952        519.17311925182014        896.50955527099609              774         109
 ../1047_seed.dataconnected         204  0.16636755523686131       0.38879387465677051        33.938981268319708        79.313950429981190       0.20080626748756425        40.964478567463104        360.42135522685260        506.05905413273513              739         121
 ../1048_seed.dataconnected         168  0.19564388556965506       0.46014019061130068        32.868172775702050        77.303552022698511       0.23953367903444056        40.241658077786013        204.40976571939999        208.82711181775167              657          68
 ../1049_seed.dataconnected         234  0.12649609242517881       0.29240251234544706        29.600085627491843        68.422187888834614       0.16168394234207525        37.834042508045613        398.21187691988291        592.70977737445003              645          33
 ../1050_seed.dataconnected         174  0.18454165661837840       0.44328740657377791        32.110248251597845        77.132008743837360       0.24640039810014183        42.873669269424681        254.80606122075966        321.52443754209668              557          58
 ../1051_seed.dataconnected         250  0.11427551266409820       0.26743825659638787        28.568878166024550        66.859564149096968       0.16219917140261511        40.549792850653780        585.00825588643943        1055.7418202847848              633          52
 ../1052_seed.dataconnected         162  0.25798382808295744       0.60170462655671264        41.793380149439109        97.476149502187454       0.30551964527973730        49.494182535317442        244.68450180549490        249.13941344977920              661          69
 ../1053_seed.dataconnected         242  0.16871899846303751       0.40386637342550485        40.829997628055075        97.735662368972172       0.20816177564098778        50.375149705119043        494.92626602275277        768.11386190060284              648          60
 ../1054_seed.dataconnected         214  0.17891318770376191       0.42025042125979345        38.287422168605048        89.933590149595801       0.23645279811365150        50.600898796321417        428.76330966342641        590.36332025223896              564          59
 ../1055_seed.dataconnected         200  0.17091240585298134       0.40049833319934985        34.182481170596269        80.099666639869966       0.21957561151172947        43.915122302345893        403.58659056381720        565.64112450211110              650          49
 ../1056_seed.dataconnected         181  0.15030622444263717       0.35734952321670577        27.205426624117326        64.680263702223741       0.17709001195023580        32.053292162992676        335.54707388989391        434.79078767790759              704         172
 ../1057_seed.dataconnected         172  0.20071776344814599       0.45587738997961524        34.523455313081108        78.410911076493818       0.24238396126044745        41.690041336796959        246.80544669869283        289.45936197938033              604          72
 ../1058_seed.dataconnected         204  0.13865863941580511       0.32238487195366339        28.286362440824242        65.766513878547329       0.18174091951379637        37.075147580814459        347.57287370899218        469.27917319645519              762          56
 ../1059_seed.dataconnected          99  0.17331783464832073       0.40117601352050136        17.158465630183752        39.716425338529632       0.22547581675340173        22.322105858586770        175.88996012570382        168.09608700617727              537          92
 ../1060_seed.dataconnected         169  0.16272982680069115       0.38709813207534188        27.501340729316805        65.419584320732781       0.21442272324494932        36.237440228396437        275.71134883138427        343.15845025971407              740         159
 ../1061_seed.dataconnected         218  0.16340874064226721       0.37670826083356979        35.623105460014251        82.122400861718219       0.21727988560505293        47.367015061901540        432.44772940935542        685.05761482126877              571          46
 ../1062_seed.dataconnected         257  0.12005030891857736       0.28212736097727148        30.852929392074383        72.506731771158769       0.15555606671991046        39.977909147016987        478.14753634890326        707.09465135420442              608          26
 ../1063_seed.dataconnected         224   9.5254919622525067E-002  0.22027938678103637        21.337101995445614        49.342582638952145       0.13465222086403283        30.162097473543355        536.08129878589364        695.00103626968962              639          57
 ../1064_seed.dataconnected         194   9.5022485635279236E-002  0.22790101064724955        18.434362213244171        44.212796065566415       0.13716014802752760        26.609068717340353        388.76594077702345        559.50312841986613              636          64
 ../1065_seed.dataconnected         233  0.13980340901275229       0.32330014727839596        32.574194299971282        75.328934315866263       0.18023675981899445        41.995165037825707        324.92870007139442        467.24336835853541              648          43
 ../1066_seed.dataconnected         152  0.18951749186547592       0.44422608920373791        28.806658763552342        67.522365558968161       0.24638563984682557        37.450617256717486        260.06140264973021        324.23685981153039              725         112
 ../1067_seed.dataconnected         218  0.14582652153514780       0.34606681673825784        31.790181694662220        75.442566048940208       0.17732135606922619        38.656055623091312        309.71170273743758        407.88623161211581              656         148
 ../1068_seed.dataconnected         330   8.8748666760330719E-002  0.21182192379167061        29.287060030909139        69.901234851251303       0.11049988208563108        36.464961088258256        754.82361797195540        1570.1108153880934              754          62
 ../1069_seed.dataconnected         198  0.20433502998267061       0.47637475962950265        40.458335936568780        94.322202406641523       0.24930766563652734        49.362917796032413        265.39166565379287        340.79716879611971              675          62
 ../1070_seed.dataconnected         199  0.20204958506976378       0.48185339113741327        40.207867428882992        95.888824836345236       0.25938543480265092        51.617701525727533        380.33512423300544        506.72643833626859              610          58
 ../1071_seed.dataconnected         239  0.15378072009297178       0.36571740834026117        36.753592102220253        87.406460593322421       0.20874045358934326        49.888968407853042        480.57172699378481        830.98961431620444              695          75
 ../1072_seed.dataconnected         267  0.11508272270394213       0.27288567504569783        30.727086961952548        72.860475237201314       0.15428172824224137        41.193221440678450        526.72183566673152        910.33884997165489              757         149
 ../1073_seed.dataconnected         276  0.13617773910178849       0.31515176842952636        37.585055992093622        86.981888086549276       0.16552209036566470        45.684096940923460        472.19947997922793        770.17483279163525              675          66
 ../1074_seed.dataconnected         190  0.16340875750992595       0.38457155793103048        31.047663926885932        73.068596006895788       0.21224449339906448        40.326453745822249        330.20351635106192        468.44770602664767              688         112
 ../1075_seed.dataconnected         161  0.13045915926142007       0.30852169155720660        21.003924641088631        49.671992340710261       0.17399597030605385        28.013351219274668        275.18922453977302        347.45781789516076              647          56
 ../1076_seed.dataconnected         198  0.16322622975646775       0.38359931103404599        32.318793491780617        75.952663584741103       0.21282422003915238        42.139195567752175        355.95343012121168        521.37576884982013              569          30
 ../1077_seed.dataconnected         278   8.6747450019301370E-002  0.20753616418308982        24.115791105365780        57.695053642898969       0.12249434125623153        34.053426869232368        736.64886708306312        1169.2727906058553              604          47
 ../1078_seed.dataconnected         183  0.27042898930536008       0.61436922295955987        49.488505042880895        112.42956780159946       0.31509324429177932        57.662063705395617        222.79479472334626        253.19234489658311              576          47
 ../1079_seed.dataconnected         187  0.13386164168368139       0.30894507452568409        25.032126994848422        57.772728936302926       0.18831332025225128        35.214590887170992        415.10936915200364        623.82604549376890              727         112
 ../1080_seed.dataconnected         172  0.21487466278649403       0.50726186251152050        36.958441999276971        87.249040351981520       0.27546091860488836        47.379278000040799        236.40106245348497        282.53192599179596              625          52
 ../1081_seed.dataconnected         239  0.17054698048419559       0.40342775963040695        40.760728335722746        96.419234551667259       0.21919603808316546        52.387853101876544        361.86896319447311        535.03427860174247              681          65
 ../1082_seed.dataconnected         326   7.4661780759411142E-002  0.17962119583420796        24.339740527568033        58.556509841951794       0.10050955320503513        32.766114344841455        791.38857034924877        1685.8876102846157              674          42
 ../1083_seed.dataconnected         278  0.12408521147775210       0.29132283123014668        34.495688790815088        80.987747081980771       0.16089663680719324        44.729265032399724        501.34382464262626        869.21185768444150              700          41
 ../1084_seed.dataconnected         186  0.13497507042939583       0.32373157708341566        25.105363099867624        60.214073337515309       0.16726981766272200        31.112186085266291        409.97512367463116        554.16647705211653              484          26
 ../1085_seed.dataconnected         171  0.16178389900383452       0.39314883858538541        27.665046729655703        67.228451398100901       0.20940023042540212        35.807439402743761        323.76604273153526        445.46399586589848              624          86
 ../1086_seed.dataconnected         261  0.13590667871758311       0.30899901266744834        35.471643145289192        80.648742306204014       0.19044243868463900        49.705476496690778        486.38404315326090        780.19169443594376              625          27
 ../1087_seed.dataconnected         234  0.14129331375334014       0.33748860230426486        33.062635418281594        78.972332939197983       0.18572948451038265        43.460699375429542        484.77749262612082        793.40781251202304              636          35
 ../1088_seed.dataconnected         266  0.15487828960161024       0.36239261302290227        41.197625034028320        96.396435064092003       0.18943071099203188        50.388569123880480        439.70946126979186        694.34016641489575              655          69
 ../1089_seed.dataconnected         193  0.13398643513463915       0.31801172504304603        25.859381980985354        61.376262933307885       0.17232426530142422        33.258583203174872        378.76828598134711        547.04654294635191              635         102
 ../1090_seed.dataconnected         205  0.19287717080021283       0.43979384829772367        39.539820014043627        90.157738901033355       0.24594663937565489        50.419061072009249        340.50942308367706        485.72116337607878              597          42
 ../1091_seed.dataconnected         195  0.12709463689844183       0.29780947088195431        24.783454195196157        58.072846821981088       0.16275143026230532        31.736528901149537        545.38951954904303        876.19870904224945              639          34
 ../1092_seed.dataconnected         302  0.11940934449787909       0.28112849184411304        36.061622038359481        84.900804536922138       0.14950495969646385        45.150497828332085        742.38753029603538        1443.2908491514315              654          33
 ../1093_seed.dataconnected         162  0.14439639237999666       0.35127374905981273        23.392215565559457        56.906347347689660       0.17184119211196083        27.838273122137654        245.48558102226795        285.72237077018792              564          43
 ../1094_seed.dataconnected         269  0.14290190410041129       0.34190771442475015        38.440612203010637        91.973175180257797       0.18481259142222084        49.714587092577403        473.07681720880709        749.43297093502827              745          74
 ../1095_seed.dataconnected         228  0.17299480242997217       0.39981044740476473        39.442814954033658        91.156782008286356       0.21098909168638283        48.105512904495285        333.08421098897657        434.57636717058386              644          56
 ../1096_seed.dataconnected         212  0.17918717010890242       0.41201579224666873        37.987680063087311        87.347347956293774       0.26054548327250826        55.235642453771753        439.93616494532171        630.19753763602193              660          59
 ../1097_seed.dataconnected         239  0.20468413199539948       0.47344758029457634        48.919507546900476        113.15397169040375       0.25848964188892171        61.779024411452291        329.16706277123780        439.19671749597609              810          70
 ../1098_seed.dataconnected         236  0.13384612137204979       0.31020606105399195        31.587684643803751        73.208630408742096       0.18529613573824086        43.729888034224842        445.45653611594247        666.51946791911257              676          94
 ../1099_seed.dataconnected         232  0.16490966718289010       0.38977085803402195        38.259042786430506        90.426839063893098       0.21788239429902173        50.548715477373044        463.11394014093651        712.79362424890280              521          44
 ../1100_seed.dataconnected         179   9.6153618573187785E-002  0.22850243075008475        17.211497724600612        40.901935104265171       0.11319931148837012        20.262676756418252        319.14050829833155        360.44071547669455              529          55
 ../1101_seed.dataconnected         312  0.12991637757100977       0.30791091809149834        40.533909802155044        96.068206444547485       0.17944723616079128        55.987537682166881        565.90247989793534        1000.5751011271931              675          23
 ../1102_seed.dataconnected         179  0.22686955039486098       0.52536904684115093        40.609649520680115        94.041059384566012       0.27910049215238292        49.958988095276545        266.41269398791610        319.94160139311487              666          98
 ../1103_seed.dataconnected         181  0.17419218240366813       0.40858528191461835        31.528785015063931        73.953936026545918       0.21842439911007117        39.534816238922879        410.61957696787198        574.36091949411036              645          83
 ../1104_seed.dataconnected         261  0.12500541098373560       0.29310846404616064        32.626412266754990        76.501309116047935       0.18013613495923672        47.015531224360785        462.19024475583967        741.91723498190811              710          62
 ../1105_seed.dataconnected         228  0.12649730649777838       0.29569228977609019        28.841385881493469        67.417842068948559       0.17489826815338597        39.876805138972003        359.84022939839963        523.52675140435952              596          56
 ../1106_seed.dataconnected         205  0.11766199667248116       0.27463215662942275        24.120709317858637        56.299592109031664       0.14445605286635552        29.613490837602882        582.16110942394482        921.79362589376410              683          91
 ../1107_seed.dataconnected         183  0.20285520574248400       0.47716774371994070        37.122502650874573        87.321697100749148       0.25917753652077102        47.429489183301101        292.39917219225265        361.81260114345923              607          36
 ../1108_seed.dataconnected         280  0.15916856720096567       0.37392126198168990        44.567198816270391        104.69795335487318       0.22535237205848951        63.098664176377063        589.10770707873257        996.34917192467060              612          65
 ../1109_seed.dataconnected         173  0.16102276878947183       0.38181100518739469        27.856939000578627        66.053303897419283       0.20967169085947485        36.273202518689146        338.59804552576458        467.55371774096693              592          34
 ../1110_seed.dataconnected         216  0.13389312482552293       0.31855567351081798        28.920914962312953        68.808025478336688       0.15735484233847499        33.988645945110598        273.58582884975419        352.91358973098386              773          61
 ../1111_seed.dataconnected         207  0.17096259192346047       0.40569932992818725        35.389256528156317        83.979761295134765       0.21893631296792826        45.319816784361151        319.90385042969228        439.23760896773018              667          49
 ../1112_seed.dataconnected         190  0.13049454030257837       0.31433830491886017        24.793962657489889        59.724277934583434       0.16542305528513734        31.430380504176096        347.37768582086557        486.48277805625679              639          58
 ../1113_seed.dataconnected         393  0.10849554800018066       0.25684493208261566        42.638750364071001        100.94005830846795       0.15441976946436894        60.686969399496995        843.62917272393076        1752.0942937062962              742         130
 ../1114_seed.dataconnected         233  0.17799785992352182       0.42338525303948626        41.473501362180585        98.648763958200306       0.23673576159868381        55.159432452493327        380.54253978737120        602.63525369998467              599          42
 ../1115_seed.dataconnected         359  0.14200833838232416       0.32592769896257923        50.980993479254373        117.00804392756594       0.17819507744384758        63.972032802341282        623.36357221194896        1108.0989308450855              702          44
 ../1116_seed.dataconnected         238  0.14364306354274980       0.33976603524987564        34.187049123174454        80.864316389470403       0.16933290037089796        40.301230288273715        310.45399360138219        409.16121096721145              724          51
 ../1117_seed.dataconnected         242  0.11867131167144818       0.28148651995232560        28.718457424490460        68.119737828462789       0.14294309719928935        34.592229522228024        732.87745907238400        1387.7748731550626              558          26
 ../1118_seed.dataconnected         256   9.9859590540110357E-002  0.23605941203985686        25.564055178268251        60.431209482203357       0.12699820164537653        32.511539621216393        327.51139764350654        458.90824005095254              711          53
 ../1119_seed.dataconnected         230  0.18712309113969974       0.43626522347142149        43.038310962130943        100.34100139842694       0.23201313786142713        53.363021708128244        372.81612132461947        561.76631989444854              767         188
 ../1120_seed.dataconnected         246   8.4069369391852597E-002  0.19297442116348054        20.681064870395740        47.471707606216214       0.11565112366715741        28.450176422120723        477.45169756130900        694.42247567249274              793          80
 ../1121_seed.dataconnected         184  0.14951670857458868       0.34340492939936768        27.511074377724317        63.186507009483655       0.18619912380560535        34.260638780231382        341.15436562257116        474.28421970126618              648          70
 ../1122_seed.dataconnected         189  0.14616692357642619       0.33891030498472163        27.625548555944551        64.054047642112394       0.19019002636265653        35.945914982542085        311.55341498829296        381.04974499436423              628          62
 ../1123_seed.dataconnected         264  0.11155079091655951       0.26318333488257412        29.449408801971710        69.480400408999571       0.14049122572939907        37.089683592561350        515.06185771462731        852.17684662475733              686          93
 ../1124_seed.dataconnected         259  0.12552373142424339       0.29894197983582949        32.510646438879036        77.425972777479842       0.15747371081246536        40.785691100428529        445.62560778152931        730.39951328593327              773         167
 ../1125_seed.dataconnected         163  0.23700465773774909       0.55670313366972302        38.631759211253105        90.742610788164853       0.28062597454643984        45.742033851069692        212.84891706594456        218.68149702272976              641          57
 ../1126_seed.dataconnected         284  0.13522717371857254       0.31738197695452558        38.404517336074605        90.136481455085260       0.18776554688441244        53.325415315173132        618.13025416649737        1034.0713224230676              602          25
 ../1127_seed.dataconnected         242  0.14591448495876416       0.34471516911782030        35.311305360020924        83.421070926512513       0.18250081101893406        44.165196266582043        477.09183220581303        687.90754385926289              645          72
 ../1128_seed.dataconnected         178  0.15392995349264715       0.36980636813319290        27.399531721691194        65.825533527708330       0.19464501398860312        34.646812489971353        305.64612201667177        411.67971441052202              708          81
 ../1129_seed.dataconnected         315  0.15970129757288679       0.37718470506036728        50.305908735459340        118.81318209401569       0.19856288611477746        62.547309126154900        517.54858314962826        928.55767656994112              815          68
 ../1130_seed.dataconnected         174  0.26381560461243664       0.61196610053020961        45.903915202563972        106.48210149225648       0.31203211916567747        54.293588734827878        185.53736313272577        198.38805545802808              716          87
 ../1131_seed.dataconnected         268  0.11366479029534002       0.27224700760596798        30.462163799151124        72.962198038399421       0.15034641927971207        40.292840366962835        906.92148147368380        1917.9190225908812              650          49
 ../1132_seed.dataconnected         239  0.12636062451543845       0.29070580673067586        30.200189259189788        69.478687808631534       0.15868687601717352        37.926163368104469        402.55940068501320        556.91535764532318              637          35
 ../1133_seed.dataconnected         180  0.22261304456386766       0.51726583841844553        40.070348021496180        93.107850915320199       0.26981667965130285        48.567002337234513        307.34814582769690        396.78936298929494              655          71
 ../1134_seed.dataconnected         167  0.22785508528116291       0.52679931777990263        38.051799241954207        87.975486069243743       0.29087575703798757        48.576251425343926        227.05186803076830        247.84205867776043              668          78
 ../1135_seed.dataconnected         240  0.19806958370275071       0.46930483473601686        47.536700088660169        112.63316033664405       0.23347147654075717        56.033154369781720        522.19648976156429        831.96712259148489              646          39
 ../1136_seed.dataconnected         219  0.13771276626423021       0.32876063516106180        30.159095811866415        71.998579100272536       0.18664877682520448        40.876082124719780        375.68240423101111        529.98762373691159              603          37
 ../1137_seed.dataconnected         313  0.11565617703928265       0.27251412775510875        36.200383413295469        85.296921987349037       0.15465577721370591        48.407258267889951        638.62825786838255        1135.2782017428060              597          24
 ../1138_seed.dataconnected         213  0.12850323319190418       0.30051809893804871        27.371188669875590        64.010355073804377       0.15254669975375237        32.492447047549256        414.22676023573990        630.05844422462405              617          63
 ../1139_seed.dataconnected         174  0.22835100789073282       0.53591262652104166        39.733075372987507        93.248797014661250       0.31260533284200664        54.393327914509157        276.61864626251003        349.31985771169769              617         106
 ../1140_seed.dataconnected         244  0.20871509211055470       0.49347694564807909        50.926482474975344        120.40837473813130       0.25215790252959558        61.526528217221319        370.24702118310813        552.72841686493484              625          57
 ../1141_seed.dataconnected         235  0.17822392759960634       0.41948666169277982        41.882622985907489        98.579365497803252       0.22372515133409435        52.575410563512172        391.12554788466343        617.62326685719700              630          57
 ../1142_seed.dataconnected         256   9.4532468984221796E-002  0.22678107959110538        24.200312059960780        58.055956375322978       0.12281986023646814        31.441884220535844        449.94485907303448        708.93188649603542              571          25
 ../1143_seed.dataconnected         246  0.20075391509678123       0.46072737491921772        49.385463113808179        113.33893423012756       0.25842984390031842        63.573741599478332        350.39778002414073        505.49962790391345              628          33
 ../1144_seed.dataconnected         210  0.17037477492288008       0.39486823291131667        35.778702733804820        82.922328911376496       0.21550794742212215        45.256668958645648        309.39115402335983        394.22564602464013              709         151
 ../1145_seed.dataconnected         213  0.10610090821448621       0.25726180240104113        22.599493449685564        54.796763911421763       0.14488802450528387        30.861149219625464        474.46850327465870        664.03416523239594              625          33
 ../1146_seed.dataconnected         283  0.17865091914129816       0.41725325832242688        50.558210116987382        118.08267210524680       0.23255746689733095        65.813763131944654        408.72813174421282        630.94744580027714              720          65
 ../1147_seed.dataconnected         209  0.15241499115435497       0.35608211410782903        31.854733151260188        74.421161848536272       0.17534627622643006        36.647371731323886        399.11062529801501        554.04949065142421              706          85
 ../1148_seed.dataconnected         294   9.2015803515078473E-002  0.21852327249856768        27.052646233433070        64.245842114578892       0.12921374794993551        37.988841897281041        549.26015373775795        933.86755897332773              761          65
 ../1149_seed.dataconnected         138  0.20272063382879676       0.47644014664356060        27.975447468373954        65.748740236811358       0.24912120467986831        34.378726245821824        207.73079882545730        227.80745833013543              629          71
 ../1150_seed.dataconnected         258  0.17201070426290579       0.40441307000527704        44.378761699829695        104.33857206136148       0.22389125830175319        57.763944641852319        455.51795854116028        719.17391028646944              622          38
 ../1151_seed.dataconnected         169  0.16383616460284742       0.39006108219186730        27.688311817881214        65.920322890425581       0.22351790673003100        37.774526237375241        330.10063730744963        437.18334145667751              630         113
 ../1152_seed.dataconnected         226  0.23526702831441082       0.55237645946870517        53.170348399056849        124.83707983992737       0.28176432057867185        63.678736450779837        273.56427265817587        347.58933305721206              668          53
 ../1153_seed.dataconnected         208  0.13326281624366818       0.30960821934366484        27.718665778682979        64.398509623482283       0.17604053076498125        36.616430399116098        417.86166279578237        623.13300203561857              624          38
 ../1154_seed.dataconnected         271  0.18851466873688677       0.43461055581229047        51.087475227696316        117.77946062513071       0.24429480369404225        66.203891801085447        412.67587054431618        581.44669759277133              635          36
 ../1155_seed.dataconnected         180  0.18277166900898859       0.42328479684272036        32.898900421617945        76.191263431689663       0.24025939345012820        43.246690821023073        273.83571721829617        360.27004655019340              663         102
 ../1156_seed.dataconnected         182  0.21285775704519957       0.47946900595145958        38.740111782226322        87.263359083165639       0.28297217230398680        51.500935359325595        303.51210156976282        402.49713583934192              579          40
 ../1157_seed.dataconnected         249  0.17627613799308917       0.42015860936156679        43.892758360279203        104.61949373103013       0.22997956536218542        57.264911775184167        468.83985038926437        715.77144863160743              608          54
 ../1158_seed.dataconnected         178  0.16703304978981950       0.38916729398102123        29.731882862587870        69.271778328621778       0.22541563434114886        40.123982912724500        312.77016157702360        421.49612853328694              568          65
 ../1159_seed.dataconnected         182  0.13710188796309156       0.31259251844761204        24.952543609282664        56.891838357465389       0.18258013256822186        33.229584127416381        358.44885929774728        498.44291886070346              548          34
 ../1160_seed.dataconnected         189  0.16569707683546089       0.39432635113840059        31.316747521902109        74.527680365157707       0.20141380488753829        38.067209123744739        350.61624076833539        469.11408429427297              639          79
 ../1161_seed.dataconnected         253  0.17357878390257708       0.40368524702074116        43.915432327352001        102.13236749624751       0.22576477372986481        57.118487753655799        406.09035408475540        602.57915493890232              752          76
 ../1162_seed.dataconnected         218  0.16709568052402818       0.39703489419325283        36.426858354238142        86.553606934129121       0.19629420041297288        42.792135690028090        444.30317350351697        708.20173158952809              752          64
 ../1163_seed.dataconnected         286  0.14835447810003696       0.35283413624790327        42.429380736610568        100.91056296690033       0.19107509569844411        54.647477369755016        538.67051229221488        899.06485052950313              690          84
 ../1164_seed.dataconnected         175  0.19869992519735832       0.46338098495608632        34.772486909537704        81.091672367315113       0.25100054144836348        43.925094753463611        254.76077297037537        310.13103836911853              593          74
 ../1165_seed.dataconnected         178  0.17305305964434992       0.41537589143291381        30.803444616694286        73.936908675058660       0.21374180689845929        38.046041627925753        289.77510607376354        360.01468058135936              539          18
 ../1166_seed.dataconnected         239  0.14080903224750790       0.32740746799090115        33.653358707154389        78.250384849825380       0.16390177407178114        39.172524003155694        432.45156840048185        606.89993309866668              596          34
 ../1167_seed.dataconnected         208  0.16650164463211448       0.38994357589143058        34.632342083479813        81.108263785417563       0.20694675928578657        43.044925931443608        399.55977598296613        569.86579682616912              546          57
 ../1168_seed.dataconnected         261  0.15073848770593570       0.35705882139965983        39.342745291249216        93.192352385311210       0.19465285862635601        50.804396101478915        638.08787995315288        1142.7452281193171              672          31
 ../1169_seed.dataconnected         177  0.19031313351863147       0.45077072524188194        33.685424632797769        79.786418367813098       0.24077817529576379        42.617737027350188        305.69151196077803        401.49019982682347              608          55
 ../1170_seed.dataconnected         175  0.22980320036164015       0.52957002891043370        40.215560063287029        92.674755059325904       0.29983920962058797        52.471861683602896        243.85157505410899        293.99572192602557              720          65
 ../1171_seed.dataconnected         274  0.12507922183283018       0.30479338342084683        34.271706782195473        83.513387057312030       0.14471827115334956        39.652806296017779        517.33356095178897        879.57495654213369              755          95
 ../1172_seed.dataconnected         193  0.16291985928144445       0.39382527425381342        31.443532841318778        76.008277930985983       0.19492455454278609        37.620439026757715        304.78490358325593        411.18790419632472              607          46
 ../1173_seed.dataconnected         181  0.21418398655879914       0.50447558540908888        38.767301567142646        91.310080959045081       0.26296016827933438        47.595790458559520        286.64780176475091        357.55825962118058              631          36
 ../1174_seed.dataconnected         289  0.12725188474719701       0.29653847362845132        36.775794691939936        85.699618878622431       0.16282477149845043        47.056358963052176        504.56984065341669        853.42528949804853              660          46
 ../1175_seed.dataconnected         282  0.14586347237625893       0.34324646233399109        41.133499210105022        96.795502378185489       0.20066916695172915        56.588705080387619        564.91387603153532        1014.2686049113398              739         126
 ../1176_seed.dataconnected         182  0.12752235766687486       0.30986815512955490        23.209069095371227        56.396004233578992       0.17745485433676417        32.296783489291080        311.97968928528525        419.94362429095440              631          51
 ../1177_seed.dataconnected         241   9.4756340737756628E-002  0.22715749408194605        22.836278117799349        54.744956073748995       0.13177993057478571        31.758963268523356        495.54845606775149        795.71526548911470              600          27
 ../1178_seed.dataconnected         325  0.11591362211494746       0.27257371775524325        37.671927187357923        88.586458270454060       0.14689733360152904        47.741633420496939        633.21049735756753        1085.1454251572354              692          62
 ../1179_seed.dataconnected         184  0.23656920820889435       0.53448385740493409        43.528734310436562        98.345029762507878       0.28262552388419054        52.003096394691063        203.29255805820233        233.96547162673639              583          31
 ../1180_seed.dataconnected         226  0.13028622905070367       0.30302897022464642        29.444687765459030        68.484547270770094       0.16286958796251114        36.808526879527520        450.02753652491191        620.83035751442048              830         135
 ../1181_seed.dataconnected         151  0.27677312911386992       0.63604467464062131        41.792742496194357        96.042745870733825       0.33997913956010506        51.336850073575867        208.79649393094459        216.69751439726713              575          63
 ../1182_seed.dataconnected         188  0.12474944571900182       0.29340093870363565        23.452895795172342        55.159376476283505       0.15173024972196425        28.525286947729278        355.67512741523592        487.51659255486419              652          94
 ../1183_seed.dataconnected         175  0.16846434713252767       0.40475078394612002        29.481260748192341        70.831387190571007       0.20704060468361551        36.232105819632714        264.87735608184084        322.33995097336754              643         117
 ../1184_seed.dataconnected         246  0.14414389806311492       0.34050532014360124        35.459398923526273        83.764308755325899       0.19294433038618056        47.464305275000420        376.26629238407884        538.45183458673910              699          73
 ../1185_seed.dataconnected         175  0.18591335040381374       0.43310808046424781        32.534836320667402        75.793914081243372       0.22938554245182730        40.142469929069776        318.99442607419746        409.76377031953842              610          91
 ../1186_seed.dataconnected         203  0.14604983899510407       0.35078919292119132        29.648117316006125        71.210206163001843       0.18300961174109656        37.150951183442601        307.45516690120354        387.67609613518312              601          37
 ../1187_seed.dataconnected         198  0.13507492018079084       0.31200615478178523        26.744834195796585        61.777218646793472       0.16836306770435006        33.335887405461314        355.15308893402209        479.72060635220009              600          56
 ../1188_seed.dataconnected         241  0.15513560112804289       0.35949723630737612        37.387679871858339        86.638833950077640       0.21264661082683642        51.247833209267576        392.23936095321255        549.83429668467272              712          83
 ../1189_seed.dataconnected         189  0.16455031400181977       0.39639526990783774        31.100009346343935        74.918706012581339       0.20111099925365936        38.009978858941615        294.93145929946928        383.98039671201178              774          78
 ../1190_seed.dataconnected         189  0.15192147773520018       0.35952468437214075        28.713159291952834        67.950165346334600       0.20001921380035637        37.803631408267350        387.90329043336430        502.25618206229910              589          57
 ../1191_seed.dataconnected         132  0.19026201007879368       0.43950756924961504        25.114585330400764        58.014999140949186       0.23647441573612996        31.214622877169155        224.72310934401648        258.03167940104584              732         112
 ../1192_seed.dataconnected         131  0.18752161174704138       0.43881488436192101        24.565331138862419        57.484749851411650       0.24245652199912424        31.761804381885273        211.73334382208128        224.97761440435391              605          53
 ../1193_seed.dataconnected         321  0.14997943979326495       0.34412008665130311        48.143400173638049        110.46254781506831       0.19505798843678271        62.613614288207252        449.32014772125865        729.36807127911254              663          21
 ../1194_seed.dataconnected         203  0.18200825424092762       0.43106558388535438        36.947675610908306        87.506313528726935       0.22588767198370793        45.855197412692711        322.56637290236546        427.15471981098432              594          67
 ../1195_seed.dataconnected         145  0.17679653696480072       0.41900206007995933        25.635497859896105        60.755298711594101       0.22418935354079358        32.507456263415072        240.61253221928783        277.76887355924663              681          88
 ../1196_seed.dataconnected         310  0.10922503680179101       0.25612838686771378        33.859761408555215        79.399799928991271       0.14419304206490027        44.699843040119084        575.42099631325186        1014.8495751897345              677          33
 ../1197_seed.dataconnected         222  0.12851463438612490       0.29677383604240282        28.530248833719728        65.883791601413421       0.16282927576685979        36.148099220242877        391.60872673144434        628.21341516125995              591          40
 ../1198_seed.dataconnected         196  0.19169945636627045       0.45268388619181632        37.573093447789006        88.726041693596002       0.23269737134604512        45.608684783824842        284.63375780857660        348.64278034726141              663          79
 ../1199_seed.dataconnected         158  0.21241078936702976       0.51069006941533501        33.560904719990702        80.689030967622926       0.26058621379821656        41.172621780118213        239.38793497909742        283.58876552658194              547          85
 ../1200_seed.dataconnected         220  0.11068693651074686       0.26620564481957570        24.351126032364309        58.565241860306656       0.14134817269807326        31.096597993576118        424.83289406829726        646.74962177221994              606          71
 ../1201_seed.dataconnected         223   8.9928305321793384E-002  0.21174549591497624        20.054012086759926        47.219245589039701       0.14223523421423714        31.718457229774884        552.15219273483558        833.78229832364741              632          31
 ../1202_seed.dataconnected         416  0.10469517516465340       0.24873439727531896        43.553192868495813        103.47350926653269       0.12700316114520455        52.833315036405089        723.13597222085718        1501.0059565680147              735          35
 ../1203_seed.dataconnected         209   9.4778666840565906E-002  0.22389205517720312        19.808741369678273        46.793439532035450       0.12283284412263061        25.672064421629798        466.37684042848366        717.15721859457381              667         182
 ../1204_seed.dataconnected         252  0.10562136747474948       0.25208153911394032        26.616584603636870        63.524547856712964       0.12778127760674363        32.200881956899394        439.92991045733356        660.37884888296253              685          46
 ../1205_seed.dataconnected         213  0.19414301629786146       0.46761176916284919        41.352462471444490        99.601306831686884       0.25328191542445105        53.949047985408072        386.45468644858698        567.29766303212989              658          55
 ../1206_seed.dataconnected         271  0.12868609950368085       0.30611022483745881        34.873932965497509        82.955870930951335       0.16149713198282559        43.765722767345736        433.21875663705720        650.12559172946624              671         138
 ../1207_seed.dataconnected         186  0.17284424804243545       0.39664802481026373        32.149030135892993        73.776532614709055       0.22162141442041838        41.221583082197817        206.85386555277316        241.77663161614385              644          44
 ../1208_seed.dataconnected         240  0.12155824394716726       0.28996575926081936        29.173978547320143        69.591782222596649       0.16020550535570552        38.449321285369322        561.30137316905689        931.32098578307352              603          40
 ../1209_seed.dataconnected         199  0.14649557754377338       0.35623758718365695        29.152619931210900        70.891279849547729       0.19370676088610375        38.547645416334646        559.59284322526719        873.88385449276529              568          30
 ../1210_seed.dataconnected         185  0.14760476227972474       0.35249068320589105        27.306881021749078        65.210776393089844       0.18315041591713144        33.882826944669318        286.23063247049481        364.32044563692114              564          30
 ../1211_seed.dataconnected         177  0.14850661879075533       0.34874567699513365        26.285671525963693        61.727984828138652       0.19075307262244201        33.763293854172232        345.41367861107176        500.05293856555545              582          61
 ../1212_seed.dataconnected         204  0.10575165865419990       0.24618424351697965        21.573338365456781        50.221585677463850       0.13399695906935924        27.335379650149285        413.74307462027537        647.84532679206063              563          34
 ../1213_seed.dataconnected         161  0.23165920813372065       0.54126498316901184        37.297132509529028        87.143662290210912       0.30119621921938666        48.492591294321251        247.93313676258450        304.04614339212628              601          60
 ../1214_seed.dataconnected         201  0.12533774482396681       0.30417366507702503        25.192886709617330        61.138906680482030       0.16093395504368727        32.347724963781140        288.15516997105993        390.86310027592953              642          76
 ../1215_seed.dataconnected         181  0.18692442165279383       0.43977769714875253        33.833320319155682        79.599763183924210       0.23490821131603812        42.518386248202901        363.81537016244511        463.64238160547296              699         165
 ../1216_seed.dataconnected         180  0.11953925613775650       0.27704809650228768        21.517066104796168        49.868657370411782       0.15777362267353340        28.399252081236011        337.03360746249774        411.26220969126513              616          63
 ../1217_seed.dataconnected         207  0.16425624511113318       0.38775489544884661        34.001042738004571        80.265263357911252       0.20037200609111272        41.477005260860331        329.27962827033849        450.35769218260634              740         117
 ../1218_seed.dataconnected         363   9.7639966553361865E-002  0.22614728547903964        35.443307858870355        82.091464628891387       0.12405758305704992        45.032902649709122        696.76310397747807        1302.5187724201664              723          45
 ../1219_seed.dataconnected         359  0.12795694810209943       0.29555945306323367        45.936544368653692        106.10584364970089       0.16702110131772105        59.960575373061857        567.07603437988575        1033.6049298220632              722          68
 ../1220_seed.dataconnected         162  0.20348986989462711       0.48319233222148350        32.965358922929589        78.277157819880330       0.25442948903437146        41.217577223568178        287.55507699112383        332.15501361558898              589          55
 ../1221_seed.dataconnected         317   9.2572400735987118E-002  0.21588235558325067        29.345451033307917        68.434706719890457       0.11665353231186706        36.979169742861856        689.15403475896335        1282.3126547155171              663          62
 ../1222_seed.dataconnected         187   9.7882058323643037E-002  0.22541325746147262        18.303944906521249        42.152279145295381       0.12008571391655935        22.456028502396599        311.14250314907019        428.69711840878682              654          69
 ../1223_seed.dataconnected         199  0.18121218219642601       0.42155208864139954        36.061224257088774        83.888865639638510       0.22665317060153628        45.103980949705722        432.51142762613409        570.20798705518928              576          44
 ../1224_seed.dataconnected         256  0.17650900613173282       0.42208867064040806        45.186305569723601        108.05469968394446       0.21898847173171046        56.061048763317878        458.28270653966405        735.34804566803962              715          69
 ../1225_seed.dataconnected         239  0.13427125363586437       0.31347529525756351        32.090829618971583        74.920595566557679       0.16885801525046823        40.357065644861905        586.46250615330769        1090.1750344284299              682          69
 ../1226_seed.dataconnected         257  0.14107691811299777       0.33279752775080784        36.256767955040431        85.528964631957621       0.18064939038052705        46.426893327795455        483.27206784186473        824.58395178217313              691          72
 ../1227_seed.dataconnected         271  0.14722330925259633       0.35355279811538681        39.897516807453606        95.812808289269825       0.19534417415554015        52.938271196151376        612.38582175761906        1036.6870870693569              625          28
 ../1228_seed.dataconnected         230  0.17293201339509884       0.40777920849636162        39.774363080872732        93.789217954163178       0.21099965596167763        48.529920871185858        370.35209411859489        524.52678166106875              755         136
 ../1229_seed.dataconnected         264  0.21707839729861073       0.50315752798101721        57.308696886833232        132.83358738698854       0.26758697096539313        70.642960334863787        438.00420712864036        677.44593453234017              665         128
 ../1230_seed.dataconnected         181  0.14423611094571467       0.33963157272594763        26.106736081174358        61.473314663396522       0.17985101310622151        32.553033372226096        402.83371194605337        564.11974480160029              609          89
 ../1231_seed.dataconnected         220  0.13126933727190562       0.30827222507655416        28.879254199819236        67.819889516841911       0.16921223371866728        37.226691418106803        410.60572288805264        601.97517901384867              753          99
 ../1232_seed.dataconnected         179  0.19101983367782913       0.45134583872002282        34.192550228331413        80.790905130884084       0.23532561337664090        42.123284794418723        276.54706128861784        289.58797119318388              696          49
 ../1233_seed.dataconnected         247  0.11291883248274394       0.26507666304581751        27.890951623237754        65.473935772316921       0.15159027915708179        37.442798951799205        511.13371037412708        806.54888702826554              627          48
 ../1234_seed.dataconnected         225  0.15010933804534074       0.36038810465761950        33.774601060201668        81.087323547964388       0.18707380699351564        42.091606573541021        407.65268429238432        629.18814839694323              725          50
 ../1235_seed.dataconnected         255  0.17895306308478715       0.41735564943466380        45.633031086620718        106.42569060583926       0.22858122421883956        58.288212175804084        408.97944937822183        626.95855544470089              704          66
 ../1236_seed.dataconnected         221  0.21259285013875073       0.48917772621779665        46.983019880663910        108.10827749413306       0.26333264971984016        58.196515588084672        364.11033643508671        488.93410487004894              810         140
 ../1237_seed.dataconnected         261  0.15334375968684019       0.35790785046659346        40.022721278265287        93.413948971780897       0.20067317004118629        52.375697380749621        407.02025211245666        613.77134658070668              697          52
 ../1238_seed.dataconnected         230  0.18664525142244606       0.43736138917346823        42.928407827162594        100.59311950989769       0.21594809494645043        49.668061837683595        407.73058988618578        583.64080127963177              656          77
 ../1239_seed.dataconnected         277  0.14009850290464934       0.32777825645020953        38.807285304587865        90.794577036708034       0.18764868649089353        51.978686157977506        598.96476330581766        1026.7900357237249              640          47
 ../1240_seed.dataconnected         284  0.13115644670101440       0.30859799111473085        37.248430863088089        87.641829476583567       0.17397087002201653        49.407727086252692        573.33346686680648        935.13040140866269              663          58
 ../1241_seed.dataconnected         185  0.17495349806989080       0.42080035704328012        32.366397142929799        77.848066053006818       0.22318069971868965        41.288429447957583        316.79190552580610        451.07808897349901              659          54
 ../1242_seed.dataconnected         160  0.20265121747466483       0.47120431760084297        32.424194795946370        75.392690816134873       0.26218897601610536        41.950236162576857        273.05178597183505        353.87723587349490              761         105
 ../1243_seed.dataconnected         313  0.14745520560557951       0.33874341121864493        46.153479354546384        106.02668771143587       0.21185849627246950        66.311709333282948        561.90087162971508        878.57047536623497              694          73
 ../1244_seed.dataconnected         286  0.10411443138621126       0.24601023394430171        29.776727376456421        70.358926908070288       0.13567486562759412        38.803011569491922        569.88700359264385        1031.4792177645345              766         142
 ../1245_seed.dataconnected         196  0.15068115706405433       0.34737211924501288        29.533506784554650        68.084935372022528       0.17589060877915080        34.474559320713560        322.45230413536575        438.18374657739383              710         105
 ../1246_seed.dataconnected         235  0.19180067375663218       0.44308524419027151        45.073158332808561        104.12503238471380       0.24844440186975572        58.384434439392592        454.51682248055494        705.33942693057020              537          32
 ../1247_seed.dataconnected         166  0.22204101968552309       0.53460840248266250        36.858809267796836        88.744994812121973       0.27653838784449064        45.905372382185448        238.52949229704350        292.03573742470650              485          22
 ../1248_seed.dataconnected         246  0.15330528829165577       0.35892798238915707        37.713100919747319        88.296283667732638       0.20157014384903568        49.586255386862781        380.50561228874449        576.48566772757852              700          72
 ../1249_seed.dataconnected         208  0.15799647174634990       0.37727540802447956        32.863266123240777        78.473284869091742       0.20144456210913286        41.900468918699637        255.36505471427893        305.96851855721667              699          86
 ../1250_seed.dataconnected         217  0.13808798840123696       0.32421119567541012        29.965093483068419        70.353829461564004       0.17290019506894796        37.519342329961709        421.46035545598568        621.20776607063078              615          51
 ../1251_seed.dataconnected         195  0.14755112332423034       0.34775099620214173        28.772469048224917        67.811444259417641       0.19897075174701007        38.799296590666962        428.84625214354048        653.19496069788488              588          34
 ../1252_seed.dataconnected         245  0.12434197329071436       0.29412050443094789        30.463783456225020        72.059523585582241       0.17673314481004840        43.299620478461854        491.70548949446589        725.63384531033569              668         104
 ../1253_seed.dataconnected         151  0.18787929353623881       0.44736390236819679        28.369773323972058        67.551949257597713       0.22879465808908511        34.547993371451852        209.31570277299537        230.20449685233982              677          94
 ../1254_seed.dataconnected         253  0.14931737926461219       0.34575737613466234        37.777296953946887        87.476616162069575       0.19494584687848945        49.321299260257831        370.95221566383810        533.60123432586647              746         109
 ../1255_seed.dataconnected         210  0.14772971248626535       0.34810263632816552        31.023239622115725        73.101553628914758       0.18980253107024725        39.858531524751925        420.32723863943153        623.21013079485942              557          41
 ../1256_seed.dataconnected         160  0.16703916963441137       0.38609367795658783        26.726267141505819        61.774988473054051       0.21032882733463246        33.652612373541196        244.45932325184296        275.18951084945718              561          47
 ../1257_seed.dataconnected         185  0.17979516576227653       0.42096547097561920        33.262105666021156        77.878612130489557       0.22758259328377320        42.102779757498041        328.13749135705825        398.79948798529551              597          39
 ../1258_seed.dataconnected         223  0.14592220283109836       0.35255767136128413        32.540651231334934        78.620360713566356       0.17652907573116960        39.365983888050820        441.53664371192815        682.88415981124865              649          44
 ../1259_seed.dataconnected         147  0.10953366244200548       0.26895664461167562        16.101448378974805        39.536626757916316       0.13817725260735866        20.312056133281725        248.30710437854626        302.33084460048860              604          57
 ../1260_seed.dataconnected         200  0.22788115052907257       0.52750562610506624        45.576230105814517        105.50112522101325       0.28075233470607464        56.150466941214930        299.71643212639344        340.63744449451229              623         119
 ../1261_seed.dataconnected         262  0.13131713734873141       0.31440372236535158        34.405089985367631        82.373775259722109       0.16335839507364283        42.799899509294420        508.18681635024723        859.00924789380190              727         103
 ../1262_seed.dataconnected         205  0.15191592424736983       0.35527201982791468        31.142764470710816        72.830764064722501       0.19638831863612247        40.259605320405107        337.18430862841217        481.74801395392984              713          84
 ../1263_seed.dataconnected         254  0.17099548615637858       0.39954885157777947        43.432853483720159        101.48540830075599       0.21370635293243534        54.281413644838580        446.09696555023453        709.38621425078520              676          93
 ../1264_seed.dataconnected         182  0.18638277539327452       0.43206266659802850        33.921665121575963        78.635405320841187       0.22437518925511238        40.836284444430454        248.84777081167394        307.06789238247120              574          72
 ../1265_seed.dataconnected         301  0.18348374859967290       0.43115579945153820        55.228608328501544        129.77789563491299       0.25096325691163812        75.539940330403070        503.97662133257859        883.07371295564349              667          33
 ../1266_seed.dataconnected         145  0.16500562310381606       0.38623066041450471        23.925815350053327        56.003445760103183       0.19615401785637365        28.442332589174178        255.51997616355209        276.64481526325591              645         109
 ../1267_seed.dataconnected         300  0.14114953548468584       0.33070704481369523        42.344860645405753        99.212113444108567       0.18856744694802399        56.570234084407197        660.30999748005127        1148.3096403587908              695          44
 ../1268_seed.dataconnected         206  0.18639673954446179       0.43849511636796606        38.397728346159127        90.329993971801002       0.23017947658050053        47.416972175583112        306.95593655527171        393.65924331592623              528          26
 ../1269_seed.dataconnected         285  0.15507157567256943       0.34813579167649394        44.195399066682292        99.218700627800771       0.21652897614469030        61.710758201236736        499.66951545217205        860.08796857821721              730         113
 ../1270_seed.dataconnected         218  0.14927158643113780       0.35158265623016322        32.541205841988038        76.645019058175578       0.19962992906085236        43.519324535265817        360.02537462172791        527.56960167648208              594          51
 ../1271_seed.dataconnected         206  0.17291830437610722       0.40084591763316924        35.621170701478086        82.574259032432863       0.22769140664865031        46.904429769621963        391.93827833336621        579.04012823012897              633          47
 ../1272_seed.dataconnected         214  0.15719802772866756       0.36149414231607302        33.640377933934857        77.359746455639623       0.19773380765306922        42.315034837756812        397.42607518228942        597.70538659724525              527          34
 ../1273_seed.dataconnected         169  0.19914595440149602       0.47067954894353065        33.655666293852825        79.544843771456684       0.25002890884254020        42.254885594389293        242.06502131520432        291.48597008041997              650          74
 ../1274_seed.dataconnected         194  0.15515122594280584       0.36438067320896972        30.099337832904332        70.689850602540119       0.19885547333989528        38.577961827939689        522.38166821739651        806.67368173615637              607          57
 ../1275_seed.dataconnected         251  0.21125095554255491       0.49861360915435288        53.023989841181283        125.15201589774257       0.26291452562281170        65.991545931325732        285.69123715612875        399.99585411372954              752         133
 ../1276_seed.dataconnected         225  0.13808713372273240       0.33129799475859961        31.069605087614789        74.542048820684911       0.17024001301406685        38.304002928165040        411.86855434811662        607.46760323802266              763         106
 ../1277_seed.dataconnected         207  0.14252466071320236       0.34340991490731243        29.502604767632889        71.085852385813666       0.19096723908836960        39.530218491292509        388.97500221368057        564.52235427245671              659          83
 ../1278_seed.dataconnected         177  0.17399697097041872       0.40849996214729239        30.797463861764115        72.304493300070760       0.21439952162291595        37.948715327256124        285.62107657906438        383.87297786394953              535          63
 ../1279_seed.dataconnected         179  0.18579147735791574       0.43166842649722315        33.256674447066914        77.268648343002937       0.22384971458030742        40.069098909875031        238.71130785255488        276.98298446849827              665          70
 ../1280_seed.dataconnected         175  0.17683946921322574       0.41110791950975295        30.946907112314506        71.943885914206760       0.22383404549448344        39.170957961534604        330.47866665937801        450.92317459546246              640         130
 ../1281_seed.dataconnected         334  0.11068792571912207       0.26202778348230227        36.969767190186772        87.517279683088958       0.14200943265724555        47.431150507520016        638.97886267888111        1233.8730645664868              694          49
 ../1282_seed.dataconnected         365  0.11749090176784609       0.27623242058325070        42.884179145263822        100.82483351288651       0.14601092682472724        53.293988291025443        698.95014665561064        1447.5150592312768              748          46
 ../1283_seed.dataconnected         298   9.8414007071817355E-002  0.22860363827912089        29.327374107401571        68.123884207178023       0.13650492199185646        40.678466753573225        571.64736754944886        1031.6250722159471              713          93
 ../1284_seed.dataconnected         288  0.17624447609324867       0.41517546902111746        50.758409114855617        119.57053507808183       0.22156559658573674        63.810891816692184        379.38358557315291        576.93011631898958              766          97
 ../1285_seed.dataconnected         324  0.10621105726156183       0.24945569348822902        34.412382552746031        80.823644690186200       0.13405963397116660        43.435321406657977        589.73309130264704        1102.8855896045948              725         159
 ../1286_seed.dataconnected         313  0.21140795332634987       0.49031247090066782        66.170689391147505        153.46780339190903       0.24355594385075616        76.233010425286679        511.91427455474781        867.82664946766590              825         240
 ../1287_seed.dataconnected         303  0.12980425939358112       0.31142180650577217        39.330690596255081        94.360807371248967       0.18195825674440089        55.133351793553466        437.11189863387278        683.30822736155267              636          20
 ../1288_seed.dataconnected         327  0.16919101800725939       0.39465545118582807        55.325462888373821        129.05233253776578       0.21689478411532281        70.924594405710565        580.74277871118625        1034.3060781406436              759          84
 ../1289_seed.dataconnected         282  0.15829482473192938       0.36494483123685606        44.639140574404088        102.91444240879341       0.20906620388533950        58.956669495665743        611.43761688070288        1129.9041662887046              770          86
 ../1290_seed.dataconnected         276  0.16021868373322493       0.37984333938778619        44.220356710370076        104.83676167102900       0.19376605945649994        53.479432409993983        469.46226116645050        716.38146886676554              730          80
 ../1291_seed.dataconnected         288  0.14910249517628504       0.34461176850016129        42.941518610770089        99.248189328046450       0.19030011590994372        54.806433382063794        492.51731081094056        830.36359099015624              654          39
 ../1292_seed.dataconnected         320  0.11991833073805724       0.28231750228329655        38.373865836178318        90.341600730654903       0.16037206818715230        51.319061819888738        682.46396691046778        1326.5989735752009              605          28
 ../1293_seed.dataconnected         319  0.13793223146166128       0.32701361290108155        44.000381836269952        104.31734251544502       0.18123687349819004        57.814562645922621        563.49900804683568        1022.9029344091275              781         104
 ../1294_seed.dataconnected         215  0.15650741453458270       0.37054700569204396        33.649094124935282        79.667606223789448       0.20497279969747931        44.069151934958050        346.27739908744087        485.12799305879713              817         190
 ../1295_seed.dataconnected         411   8.1221015549618969E-002  0.19292226067962784        33.381837390893395        79.291049139327043        9.5510188045986641E-002   39.254687286900513        777.63430623880299        1618.0803950291775              789         102
 ../1296_seed.dataconnected         265  0.16192144416322121       0.38071471488417719        42.909182703253620        100.88939944430696       0.20540892221862514        54.433364387935661        386.58780596502288        568.30214902675743              594          35
 ../1297_seed.dataconnected         371  0.16386925940611677       0.37594216565086697        60.795495239669322        139.47454345647165       0.21056468991519742        78.119499958538242        608.00916223756712        1102.3738235699063              762          51
 ../1298_seed.dataconnected         381  0.11364674420302168       0.26478524897298689        43.299409541351260        100.88317985870800       0.15360862549952856        58.524886315320380        675.95753249879738        1274.8236667616638              770          59
 ../1299_seed.dataconnected         296  0.12681358876664964       0.29331596149671735        37.536822274928291        86.821524603028337       0.16737618334344781        49.543350269660550        523.98941802749448        844.47485938988484              659          36
 ../1300_seed.dataconnected         328  0.13805964882084298       0.32387288439505274        45.283564813236495        106.23030608157730       0.16640407810065946        54.580537617016304        552.98115939211721        975.91686005437566              770          46
 ../1301_seed.dataconnected         230  0.14930168607394548       0.34457340601297232        34.339387797007461        79.251883382983635       0.19890689947212675        45.748586878589151        303.67047566470853        418.30595462699381              677          68
 ../1302_seed.dataconnected         245  0.15202590406523639       0.35758673306106731        37.246346495982912        87.608749599961484       0.20054780814776099        49.134212996201441        372.09216688434850        536.37082431349438              643          71
 ../1303_seed.dataconnected         240   9.8112103779499346E-002  0.23294857714608352        23.546904907079842        55.907658515060049       0.14454095129257954        34.689828310219092        454.95831236650679        734.47633598454127              588          46
 ../1304_seed.dataconnected         299  0.15453559522384425       0.36789792345328431        46.206142971929431        110.00147911253201       0.19937194845962974        59.612212589429291        654.56959543899359        1179.7226827149316              697          79
 ../1305_seed.dataconnected         292  0.13349317298238000       0.31082812843254748        38.980006510854963        90.761813502303866       0.16816040018031672        49.102836852652480        456.81453234462072        713.32615178966330              691          69
 ../1306_seed.dataconnected         358  0.10583602617345421       0.25167673284054537        37.889297370096607        90.100270356915246       0.14951291345586878        53.525623017201028        762.03756563876470        1584.7988184326964              690          47
 ../1307_seed.dataconnected         329  0.16252995230070169       0.37996973860204225        53.472354306930853        125.01004400007190       0.20277286449495849        66.712272418841337        637.11022152888938        1192.1443897560303              739          57
 ../1308_seed.dataconnected         373  0.11938771035987612       0.28063205808091696        44.531615964233794        104.67575766418203       0.15012758221014927        55.997588164385675        658.21090399881871        1282.1379676310200              768          51
 ../1309_seed.dataconnected         221  0.21400956362544094       0.50100623336116024        47.296113561222448        110.72237757281641       0.27166580803532103        60.038143575805947        328.69816694648750        447.64176014868673              600          57
 ../1310_seed.dataconnected         427   9.0601213002774073E-002  0.21259448171120179        38.686717952184530        90.777843690683170       0.10662908382750626        45.530618794345173        837.05767533344738        1678.0997735212604              791          89
 ../1311_seed.dataconnected         309  0.21152398644508461       0.49226330559811393        65.360911811531139        152.10936142981720       0.24950585301317454        77.097308581070934        421.37856273751635        611.05879683701778              798          59
 ../1312_seed.dataconnected         230  0.17194913035544759       0.39365173672317411        39.548299981752947        90.539899446330040       0.24198539222445029        55.656640211623568        378.88481840002362        546.46512520131421              683         136
 ../1313_seed.dataconnected         242  0.13703743321351494       0.31844099260588704        33.163058837670619        77.062720210624661       0.17916931475938772        43.358974171771827        460.17226288658236        711.48605272488157              633          75
 ../1314_seed.dataconnected         287   7.8936010130409462E-002  0.18430731449862106        22.654634907427514        52.896199261104243       0.11430973362259127        32.806893549683693        697.59789473557271        1406.9808020251683              693          31
 ../1315_seed.dataconnected         234  0.15645205981707580       0.37307785521072157        36.609781997195739        87.300218119308852       0.19674573265720516        46.038501441786003        399.45827739975954        639.70918269475897              813         187
 ../1316_seed.dataconnected         325  0.12546009521814747       0.28956684533931065        40.774530945897929        94.109224735275959       0.15828575372550066        51.442869960787718        608.07189088056919        1146.2019509091617              795          50
 ../1317_seed.dataconnected         388  0.11818935072886322       0.27417144718624242        45.857468082798931        106.37852150826205       0.15776581208447801        61.213135088777470        704.05276670033311        1379.8833113456949              808         106
 ../1318_seed.dataconnected         285  0.13713326070225554       0.32541188363776352        39.082979300142831        92.742386836762606       0.17063621106731214        48.631320154183960        429.01419297796929        672.57248394875182              657          74
 ../1319_seed.dataconnected         250  0.11635755014996561       0.27397443525632498        29.089387537491405        68.493608814081242       0.14788564270757565        36.971410676893910        545.50641509436366        936.64678610899000              635          77
 ../1320_seed.dataconnected         260  0.11950998598067726       0.28921198656526115        31.072596354976088        75.195116506967892       0.15609865734381456        40.585650909391788        454.72534890095886        707.91149861614144              628          49
 ../1321_seed.dataconnected         251  0.17719759622265033       0.41190102794465938        44.476596651885231        103.38715801410950       0.23581638309119582        59.189912155890148        307.77439883301651        425.97280688373576              654          27
 ../1322_seed.dataconnected         283  0.13062053780505956       0.30838798539936946        36.965612198831856        87.273799868021555       0.16291583325911382        46.105180812329209        604.82574173514638        1074.9998402858910              656          56
 ../1323_seed.dataconnected         277  0.15889761825393081       0.37614136731550407        44.014640256338836        104.19115874639463       0.19463910084479955        53.915030934009472        506.13680195655832        844.18864773810412              671          45
 ../1324_seed.dataconnected         241  0.20182518349117048       0.46211646186659422        48.639869221372088        111.37006730984920       0.26347709431697836        63.497979730391783        366.50861077498371        530.49774565251209              683          79
 ../1325_seed.dataconnected         208  0.27909482020058018       0.64858455861164910        58.051722601720677        134.90558819122302       0.31954962952790206        66.466322941803625        261.48162589283686        328.17434190841783              708          57
 ../1326_seed.dataconnected         263  0.16127166741831311       0.36203132386370945        42.414448531016347        95.214238176155590       0.22341032270384772        58.756914871111952        428.99008938488970        637.53086955890046              745         113
 ../1327_seed.dataconnected         208  0.15299733667431797       0.36488676511582990        31.823446028258140        75.896447144092619       0.20613810188542911        42.876725192169253        306.18689178720149        372.44777903217948              723          52
 ../1328_seed.dataconnected         233  0.17743302765177602       0.40223188326529485        41.341895442863809        93.720028800813708       0.22187429736349773        51.696711285694974        264.91160886284115        344.32613495817026              839         117
 ../1329_seed.dataconnected         230  0.12105746324294274       0.28878908142791698        27.843216545876832        66.421488728420911       0.14614010416196688        33.612223957252382        385.64322792159942        506.04412845052735              688          47
 ../1330_seed.dataconnected         222  0.15295122459084939       0.35604107849516331        33.955171859168566        79.041119425926254       0.20670674205560585        45.888896736344499        418.96759192338959        671.32442986900435              665          40
 ../1331_seed.dataconnected         291  0.14183558762845827       0.32699771877246464        41.274155999881359        95.156336162787213       0.18845486351738655        54.840365283559485        440.91968200575354        728.83212253427121              651          44
 ../1332_seed.dataconnected         257  0.12307107674802285       0.29355858894721376        31.629266724241873        75.444557359433944       0.16472916799410933        42.335396174486100        463.58784567942394        764.23677354678659              546          18
 ../1333_seed.dataconnected         249  0.15957178191014360       0.37265856646690548        39.733373695625758        92.791983050259461       0.19894464469480802        49.537216529007196        339.51831329713212        498.14834426212599              767         117
 ../1334_seed.dataconnected         233  0.16351436023355398       0.38190086658111699        38.098845934418080        88.982901913400255       0.19378342658431780        45.151538394146044        489.96725932614811        796.22025317595251              571          50
 ../1335_seed.dataconnected         311  0.14930057145406012       0.35515259822547796        46.432477722212695        110.45245804812365       0.20647585044162706        64.213989487346012        479.79960195703165        808.62264189297173              691          42
 ../1336_seed.dataconnected         263  0.13303906245442410       0.31150038723789042        34.989273425513538        81.924601843565185       0.16814917603581880        44.223233297420343        427.97707103673827        638.67208751520673              670         107
 ../1337_seed.dataconnected         221  0.18507040802654282       0.43586864595244940        40.900560173865962        96.326970755491317       0.22450005752111232        49.614512712165826        283.94043344568024        376.33890456276032              702          82
 ../1338_seed.dataconnected         277  0.14294714181030693       0.32753720719052520        39.596358281455018        90.727806391775488       0.17861901504507002        49.477467167484399        586.67730640103150        1059.8952346330020              716          50
 ../1339_seed.dataconnected         322  0.12645471908851239       0.29833378581285869        40.718419546500989        96.063479031740499       0.17276168725840813        55.629263297207416        521.27631027345433        932.70611570017650              909         203
 ../1340_seed.dataconnected         234  0.13855332848820134       0.32453821763038271        32.421478866239113        75.941942925509551       0.17315487066964766        40.518239736697552        411.45200833941442        618.41816354129276              637          64
 ../1341_seed.dataconnected         300  0.15291981023573875       0.35816299796443934        45.875943070721625        107.44889938933180       0.19068236368711988        57.204709106135965        424.73156234537987        660.94972185629058              782         179
 ../1342_seed.dataconnected         330  0.14600870963758497       0.34367996672569112        48.182874180403040        113.41438901947807       0.19773782050224034        65.253480765739312        484.24379115857761        804.10272745284192              709          23
 ../1343_seed.dataconnected         317  0.13896157351932881       0.33138235720980880        44.050818805627230        105.04820723550939       0.16761826628975321        53.134990413851767        496.18450899400585        825.00889876383576              720         107
 ../1344_seed.dataconnected         234  0.18046728315528146       0.41578911437510679        42.229344258335864        97.294652763774991       0.21780722392306623        50.966890397997496        295.67405855435754        383.65954214897943              805         206
 ../1345_seed.dataconnected         339  0.12985763341473694       0.30313739242184851        44.021737727595820        102.76357603100665       0.15835199515326268        53.681326356956049        749.18451220593204        1619.7302938220530              675          49
 ../1346_seed.dataconnected         326  0.12394768204282128       0.29546644623872093        40.406944345959737        96.322061473823027       0.16668327134246813        54.338746457644611        583.43216401588461        984.49588222711714              690          68
 ../1347_seed.dataconnected         289  0.22949965867114405       0.53124555054076095        66.325401355960636        153.52996410627992       0.28613213967339446        82.692188365611003        404.75690938021125        629.36067019875020              607          25
 ../1348_seed.dataconnected         318  0.21220099268259171       0.48357637276472021        67.479915673064170        153.77728653918103       0.26738782674553130        85.029328905078955        558.74719755244678        1022.9896476860534              711          86
 ../1349_seed.dataconnected         237  0.20102760616507709       0.46437115291509196        47.643542661123270        110.05596324087679       0.25861639350568399        61.292085260847109        323.40663238331166        429.62216412997515              693          41
 ../1350_seed.dataconnected         298  0.16295020917268979       0.38958883070801875        48.559162333461558        116.09747155098958       0.21270549558987867        63.386237685783840        491.54517689931680        729.24269601699859              663          68
 ../1351_seed.dataconnected         239  0.13564561014810847       0.31515622181989050        32.419300825397926        75.322337014953831       0.18593762429016494        44.439092205349418        484.23220529602435        811.78775992432384              627          51
 ../1352_seed.dataconnected         281  0.21295091572190880       0.49205772237312412        59.839207317856371        138.26821998684787       0.29240757680304835        82.166529081656591        439.52138471100392        632.03231489759025              647          56
 ../1353_seed.dataconnected         288  0.14955663405362801       0.34980039252966760        43.072310607444869        100.74251304854427       0.20595801451689122        59.315908180864668        626.16870323396802        1027.1563234911628              657          31
 ../1354_seed.dataconnected         246  0.13773726254070359       0.31848594154445142        33.883366585013086        78.347541619935043       0.18958670332689545        46.638329018416279        545.13236426836431        944.74224607281974              745         223
 ../1355_seed.dataconnected         250  0.14368396188205898       0.31942066305855132        35.920990470514745        79.855165764637832       0.18779369651331651        46.948424128329130        360.88183306974003        521.90927097012923              690          71
 ../1356_seed.dataconnected         339  0.15849346862738656       0.37233600848844634        53.729285864684044        126.22190687758331       0.20465933732225586        69.379515352244738        617.05526978767307        1141.1418230768675              804          63
 ../1357_seed.dataconnected         260  0.16156784753643177       0.38328763789547277        42.007640359472262        99.654785852822926       0.19695625138073009        51.208625358989821        387.95257904600243        583.65067818622697              649          28
 ../1358_seed.dataconnected         240  0.13947494709003613       0.32785999212169736        33.473987301608673        78.686398109207374       0.16951582384379466        40.683797722510718        576.08436156836240        913.35118640303676              765         221
 ../1359_seed.dataconnected         266  0.10831269873157286       0.25962268941884231        28.811177862598381        69.059635385412051       0.15843792840943352        42.144488956909314        534.99470289992144        899.00718548753036              548          34
 ../1360_seed.dataconnected         234  0.12350003867933892       0.29144110241498572        28.899009050965308        68.197217965106660       0.15591464170435582        36.484026158819262        480.92336453263232        763.52977686872816              740          64
 ../1361_seed.dataconnected         336  0.12260189326588666       0.28712573934995628        41.194236137337917        96.474248421585315       0.14535698006024680        48.839945300242924        798.35552955401602        1551.3089489827926              650          20
 ../1362_seed.dataconnected         269  0.21526420555602327       0.48906933404317132        57.906071294570260        131.55965085761309       0.25904462106360904        69.683003066110828        291.67888286803532        390.28779281653078              834          83
 ../1363_seed.dataconnected         291  0.19115694613538761       0.44540586714335806        55.626671325397794        129.61310733871719       0.24025080067151430        69.912982995410658        567.31020372644468        931.99441700178454              703          63
 ../1364_seed.dataconnected         249  0.15177995308818990       0.35838930160971716        37.793208318959287        89.238936100819572       0.19650491792972938        48.929724564502614        458.88708778568923        695.09629925197464              564          30
 ../1365_seed.dataconnected         228  0.24520296320971979       0.58132469194678560        55.906275611816113        132.54202976386711       0.28165961056227951        64.218391208199733        243.90513352394018        299.85734090847984              724          46
 ../1366_seed.dataconnected         262  0.12042642699396967       0.27620639401441505        31.551723872420055        72.366075231776748       0.17038132038771442        44.639905941581176        427.68869345809259        657.07536946438745              637          37
 ../1367_seed.dataconnected         229  0.14456282253987757       0.34085548336569937        33.104886361631962        78.055905690745163       0.16826396597683546        38.532448208695321        346.20159346459519        464.64888019546470              671          47
 ../1368_seed.dataconnected         510   9.5284765789196368E-002  0.22433937870592210        48.595230552490150        114.41308314002028       0.12699050526439723        64.765157684842592        1122.9132540426726        2584.6983538929189              817          42
 ../1369_seed.dataconnected         350  0.15347153246786249       0.36190280853409551        53.715036363751871        126.66598298693343       0.18719951170668273        65.519829097338956        611.92355229253201        1183.7517803385620              713          32
 ../1370_seed.dataconnected         201  0.21970043519916771       0.50823886762611170        44.159787475032708        102.15601239284845       0.26272941200218453        52.808611812439089        222.31996145060245        260.85082906212762              620          50
 ../1371_seed.dataconnected         294  0.17457790052893657       0.40763177741702217        51.325902755507350        119.84374256060451       0.23585571897057458        69.341581377348930        521.87653466996142        861.60144183480986              602          37
 ../1372_seed.dataconnected         249  0.11422709124979899       0.26849008745321734        28.442545721199949        66.854031775851112       0.17274367083059911        43.013174036819180        582.95637660163288        1056.5207449054442              840         237
 ../1373_seed.dataconnected         262  0.16618515536318867       0.39686570997492482        43.540510705155434        103.97881601343030       0.20342955353786901        53.298543026921678        536.42380737987992        987.70089193576189              635          29
 ../1374_seed.dataconnected         292  0.16604511540082301       0.38349020815805607        48.485173697040317        111.97914078215237       0.22382475836188709        65.356829441671024        596.79949456840313        1035.2458949978432              614          22
 ../1375_seed.dataconnected         194  0.16206621212320560       0.37849054893768425        31.440845151901886        73.427166493910747       0.20853461004770535        40.455714349254841        346.27037077136004        515.45497123703456              625          88
 ../1376_seed.dataconnected         186  0.13913794035661392       0.32923873955643423        25.879656906330190        61.238405557496769       0.17505729081061117        32.560656090773676        393.06738236816273        559.20966945785392              734          65
 ../1377_seed.dataconnected         264  0.14240826680712795       0.32428327152980990        37.595782437081780        85.610783683869812       0.19237913282398983        50.788091065533315        470.61408603747526        735.76307343431222              713          62
 ../1378_seed.dataconnected         285  0.20436986658695899       0.46901821065493515        58.245411977283311        133.67019003665652       0.26047913722101684        74.236554107989804        382.07105040006934        597.26690094614514              679          42
 ../1379_seed.dataconnected         288  0.23512077722279817       0.54859310650095328        67.714783840165879        157.99481467227454       0.29878862468741524        86.051123909975587        423.52980252747011        702.57855403861379              698          38
 ../1380_seed.dataconnected         389  0.11213406053451024       0.26722644942444668        43.620149547924484        103.95108882610975       0.14543248525854349        56.573236765573419        740.81933406550013        1516.5212144504969              832         108
 ../1381_seed.dataconnected         293  0.17526988281593864       0.41816011871435765        51.354075665070020        122.52091478330679       0.22527125935523781        66.004478991084682        581.48313245606994        918.55639515877635              620          28
 ../1382_seed.dataconnected         300  0.19637338508102625       0.46269957040409959        58.912015524307876        138.80987112122989       0.24918415232299906        74.755245696899721        434.66745397177579        684.40274607402273              691          48
 ../1383_seed.dataconnected         288  0.14473402772933541       0.33691721154068671        41.683399986048599        97.032156923717778       0.19330733214268739        55.672511657093970        418.63243493579603        650.39632602750044              717         102
 ../1384_seed.dataconnected         305  0.12052371339820424       0.28438167434676648        36.759732586452294        86.736410675763778       0.16106705138567767        49.125450672631693        419.89832559505368        701.09116562209033              745          85
 ../1385_seed.dataconnected         300  0.19499788879824700       0.45176376933557805        58.499366639474104        135.52913080067341       0.23385480718097748        70.156442154293245        450.64628358559577        659.45205109375615              706          94
 ../1386_seed.dataconnected         345  0.15115814571604039       0.35086360603877265        52.149560272033931        121.04794408337656       0.20450693206779619        70.554891563389688        734.29463688949261        1405.7831712816642              720          62
 ../1387_seed.dataconnected         238  0.11480517523960856       0.27088069597525405        27.323631707026838        64.469605642110466       0.14900625880214985        35.463489594911664        431.84333369640052        681.19400314086568              836          66
 ../1388_seed.dataconnected         234  0.23809102007809102       0.55522370422238276        55.713298698273299        129.92234678803757       0.29148541135193468        68.207586256352712        309.93980910126919        401.10967167238141              667          50
 ../1389_seed.dataconnected         206  0.14012391860574491       0.32946813469053254        28.865527232783453        67.870435746249697       0.18227085073753194        37.547795251931582        450.49360178728466        692.60409120195266              642          43
 ../1390_seed.dataconnected         263  0.15447390877407741       0.36179798012222775        40.626638007582358        95.152868772145894       0.20357653797558106        53.540629487577817        451.11429234005169        743.67255957761222              666          51
 ../1391_seed.dataconnected         211  0.17687378134592260       0.40717593598231283        37.320367863989667        85.914122492268007       0.23678713700094420        49.962085907199224        322.07546988605372        440.62871158932904              685          97
 ../1392_seed.dataconnected         278  0.14216508299635516       0.33049760049735477        39.521893072986735        91.878332938264620       0.18901605170638050        52.546462374373782        497.88901684256820        752.09038335940420              683         163
 ../1393_seed.dataconnected         277  0.11506805176507585       0.27396743784452093        31.873850338926012        75.888980282932295       0.14449193741766589        40.024266664693450        531.04021462893263        811.46377241986988              677          78
 ../1394_seed.dataconnected         217  0.20433696743426705       0.46192921855577074        44.341121933235947        100.23864042660225       0.26476350798595566        57.453681232952377        393.77207022088561        539.37682284659081              734         119
 ../1395_seed.dataconnected         272  0.11150726404059792       0.26339290949174954        30.329975819042634        71.642871381755867       0.14190245765475931        38.597468482094534        446.96854501505544        706.83549526741035              592          36
 ../1396_seed.dataconnected         223  0.14686153806007024       0.34453721741752469        32.750122987395663        76.831799484108004       0.18730998047877573        41.770125646766985        298.84298111897630        407.37543114992155              672          63
 ../1397_seed.dataconnected         235  0.14956088410215160       0.35369271072520297        35.146807764005622        83.117787020422696       0.20054114265662054        47.127168524305830        427.17932653553737        681.21737412067080              579          24
 ../1398_seed.dataconnected         293  0.11710908606075901       0.26988092577986261        34.312962215802393        79.075111253499742       0.17009893188521577        49.838987042368224        674.22261500173977        1208.9538223324394              669          47
 ../1399_seed.dataconnected         304   8.3438143065497586E-002  0.20066350388187776        25.365195491911265        61.001705180090838       0.11550225731481335        35.112686223703257        550.92895804638715        892.08064278835900              683          64
 ../1400_seed.dataconnected         284  0.13296590871827921       0.31307404529691363        37.762318075991296        88.913028864323465       0.17535456153981457        49.800695477307336        510.13601947230984        817.02676994706167              759          77
 ../1401_seed.dataconnected         260  0.13616606324271460       0.32088692257011797        35.403176443105799        83.430599868230672       0.16850537306211744        43.811396996150535        635.51059875632404        1115.7499881210299              616          75
 ../1402_seed.dataconnected         241  0.12828283610651450       0.28944597043275461        30.916163501669995        69.756478874293862       0.16931746948094775        40.805510144908411        465.93512977897109        710.45004814917422              560          32
 ../1403_seed.dataconnected         262  0.25124346277606324       0.56037465408233189        65.825787247328563        146.81815936957096       0.30833891920420942        80.784796831502874        322.46775876283152        445.51518869152630              626          28
 ../1404_seed.dataconnected         251  0.17623862104983148       0.40976097711505322        44.235893883507700        102.85000525587836       0.23610247607477597        59.261721494768771        439.71509699874122        681.16844618849166              705          55
 ../1405_seed.dataconnected         317  0.20042149580339194       0.47509473019662185        63.533614169675246        150.60502947232914       0.24581730195095486        77.924084718452690        632.88946751520859        1109.3065049657587              697          57
 ../1406_seed.dataconnected         299  0.11869534278868167       0.27547608429183501        35.489907493815821        82.367349203258669       0.15426289539282489        46.124605722454646        547.77618289184215        859.31304579187804              575          16
 ../1407_seed.dataconnected         269  0.10419445241588798       0.24347080540877955        28.028307699873867        65.493646654961694       0.12846458438277333        34.556973198966027        584.87019268020413        981.10273150984335              626          24
 ../1408_seed.dataconnected         292  0.15041602189756864       0.35381335364414745        43.921478394090045        103.31349926409106       0.20112818442938138        58.729429853379365        480.65926782416489        833.56065966124663              664          30
 ../1409_seed.dataconnected         282  0.19957341357984210       0.46341664138484034        56.279702629515469        130.68349287052499       0.25538803568313445        72.019426062643916        404.32160242492353        621.87476394972111              771         132
 ../1410_seed.dataconnected         309  0.13505194874687848       0.31600522195060016        41.731052162785453        97.645613582735450       0.16684204480077761        51.554191843440279        670.78500393192019        1204.7859654121958              776          78
 ../1411_seed.dataconnected         180  0.16624201510446265       0.38687730821792005        29.923562718803279        69.637915479225612       0.21542600134367651        38.776680241861769        357.94636925089219        498.29987101245814              639          79
 ../1412_seed.dataconnected         175  0.13968567749435107       0.34079620014967288        24.444993561511438        59.639335026192754       0.18008937659208588        31.515640903615029        294.82377773342211        372.30857905177021              711          85
 ../1413_seed.dataconnected         287  0.12579202124624955       0.29641839957877092        36.102310097673623        85.072080679107259       0.15804876557028444        45.359995718671634        465.33728334445880        743.98559731754949              657          30
 ../1414_seed.dataconnected         270  0.15345743072604304       0.36440974541221260        41.433506296031617        98.390631261297401       0.19685873602604168        53.151858727031254        409.12439476154333        624.12465252600646              624          30
 ../1415_seed.dataconnected         246  0.13614166908011019       0.31309133148328794        33.490850593707108        77.020467544888831       0.17581803185120323        43.251235835395995        482.88708058647774        786.77676746487430              748          76
 ../1416_seed.dataconnected         255  0.18957269055441475       0.44291865021159782        48.341036091375763        112.94425580395745       0.24301898792634513        61.969841921218006        378.60051177189018        530.86492675929139              612          28
 ../1417_seed.dataconnected         307  0.14829160048936857       0.33649374542869748        45.525521350236154        103.30357984661012       0.18110376081976046        55.598854571666458        528.02014199954806        779.41432901957990              672          54
 ../1418_seed.dataconnected         209  0.19791031315723390       0.46723455172645811        41.363255449861882        97.652021310829753       0.23841182087667379        49.828070563224820        300.12163347256853        383.41050234076766              744         114
 ../1419_seed.dataconnected         343  0.15839539175650980       0.37653059319682897        54.329619372482860        129.14999346651234       0.22786487213063572        78.157651140808056        565.26528933464624        1035.3339014233668              754         154
 ../1420_seed.dataconnected         279   9.1650750668609338E-002  0.21653987520566845        25.570559436542005        60.414625182381499       0.11612556429556138        32.399032438461624        538.60320791619097        953.63222736509545              662          76
 ../1421_seed.dataconnected         229  0.20878354046447525       0.47428340740585972        47.811430766364836        108.61090029594187       0.27897898411653638        63.886187362686833        338.74403899244368        463.67312773272101              601          60
 ../1422_seed.dataconnected         391  0.15193255666142752       0.35420538862946888        59.405629654618160        138.49430695412232       0.19227122479705269        75.178048895647606        648.70715236982232        1240.5995369596815              748          51
 ../1423_seed.dataconnected         303  0.10904103404438185       0.25104438000298124        33.039433315447702        76.066447140903321       0.14505726550010503        43.952351446531821        514.48251712301840        890.00001840139748              712          58
 ../1424_seed.dataconnected         313  0.11252355488891855       0.26223023808307688        35.219872680231504        82.078064520003068       0.13900670772259216        43.509099517171343        659.82144289488269        1250.3999862225628              688          41
 ../1425_seed.dataconnected         187  0.21774026660661558       0.51139146325200124        40.717429855437111        95.630203628124235       0.25805100543970350        48.255538017224552        201.65911707739207        217.07074642042173              700          61
 ../1426_seed.dataconnected         237  0.20269784332321705       0.45848170307864511        48.039388867602440        108.66016362963889       0.25045944635204431        59.358888785434502        400.05512648617429        588.64589945129103              567          56
 ../1427_seed.dataconnected         205  0.12886604970237528       0.30172916488067303        26.417540188986933        61.854478800537969       0.17697887782320440        36.280669953756899        412.39159929799121        647.01945661906757              693         112
 ../1428_seed.dataconnected         252  0.13809157059315716       0.31911513737686742        34.799075789475602        80.417014618970583       0.17276772141136701        43.537465795664488        369.71130361406102        513.32378355881940              733          54
 ../1429_seed.dataconnected         296  0.17552712036903273       0.41954697997984347        51.956027629233688        124.18590607403367       0.22617587854718915        66.948060049967992        614.90581432527199        1108.3044344637347              735         131
 ../1430_seed.dataconnected         297  0.11138698617559949       0.26006369669564749        33.081934894153051        77.238917918607299       0.14360208181025430        42.649818297645524        568.43826306073356        1050.4579184820809              687          33
 ../1431_seed.dataconnected         261  0.13775848746740330       0.32604064636512736        35.954965228992258        85.096608701298237       0.17528775486391260        45.750104019481185        501.90522723575873        886.33524984826840              669          44
 ../1432_seed.dataconnected         246  0.10466696154481100       0.24517086497330476        25.748072540023507        60.312032783432969       0.11806589415191043        29.044209961369965        444.13236550173610        718.21954200759797              626          41
 ../1433_seed.dataconnected         214  0.12195697183290259       0.28690364066484020        26.098791972241155        61.397379102275799       0.14049133141372286        30.065144922536692        285.48559806621665        375.62036492976682              529          32
 ../1434_seed.dataconnected         234  0.18237009329707504       0.42348565985908432        42.674601831515560        99.095644407025731       0.22019160628704967        51.524835871169621        320.94146877519336        444.98290065080431              660          36
 ../1435_seed.dataconnected         410  0.12862477430536792       0.30119420021711707        52.736157465200847        123.48962208901800       0.16290722843965255        66.791963660257551        1048.9635336265890        2513.4469573179490              753          84
 ../1436_seed.dataconnected         164  0.22387136591527607       0.53773435994790619        36.714904010105272        88.188435031456621       0.28090765953466806        46.068856163685560        238.06443981499206        268.35867103124940              542          77
 ../1437_seed.dataconnected         251  0.13190079518421041       0.30660669046181110        33.107099591236810        76.958279305914587       0.18363261395519936        46.091786102755037        435.80008670699254        722.29538386604293              680          88
 ../1438_seed.dataconnected         236   9.3829402784306695E-002  0.22536599412873923        22.143739057096379        53.186374614382459       0.12422915411666349        29.318080371532584        407.32102175766016        600.25664499095524              629          26
 ../1439_seed.dataconnected         235  0.17665439764200316       0.40422920392203276        41.513783445870743        94.993862921677703       0.22341319584202118        52.502101022874982        371.24810909444568        521.08187406402442              607          43
 ../1440_seed.dataconnected         329  0.14732806882973837       0.33797028860859779        48.470934644983920        111.19222495222867       0.20402017417971605        67.122637305126574        611.87368531996344        1143.2687884003392              769          71
 ../1441_seed.dataconnected         280  0.15286443930618981       0.36106966272020219        42.802043005733147        101.09950556165661       0.19559483488329896        54.766553767323707        507.61280748131901        778.79682591727601              668          44
 ../1442_seed.dataconnected         439  0.11892591822546747       0.28114155061197849        52.208478100980216        123.42114071865855       0.14795013370046387        64.950108694503641        841.65857133057455        1783.0286639598221              749          28
 ../1443_seed.dataconnected         236  0.13996809831703547       0.32655555302173306        33.032471202820368        77.067110513128995       0.17413372141229749        41.095558253302208        403.72394775057938        593.05890390259344              659          59
 ../1444_seed.dataconnected         249  0.15446493414470958       0.36840226461691467        38.461768602032684        91.732163889611755       0.20122642795348200        50.105380560417018        460.12096708268865        736.92760627807934              612          48
 ../1445_seed.dataconnected         280  0.22384726192925905       0.52320268518908408        62.677233340192537        146.49675185294353       0.26941842490390278        75.437158973092778        390.82833270514783        598.37085212569150              772         136
 ../1446_seed.dataconnected         363  0.12955197469357732       0.30217554485205955        47.027366813768566        109.68972278129762       0.15723881900241116        57.077691297875248        720.40342872852898        1403.9737357193399              658          22
 ../1447_seed.dataconnected         410  0.12648669910968893       0.29876170328468399        51.859546634972460        122.49229834672043       0.15305106426409998        62.750936348280995        689.40662911041227        1361.0209816924698              770         109
 ../1448_seed.dataconnected         397  0.13790965202915717       0.31694783579458874        54.750131855575397        125.82829081045173       0.18262857293665044        72.503543455850220        751.50074231860242        1460.8627368219361              699          36
 ../1449_seed.dataconnected         261  0.16178736134323324       0.37121827126935003        42.226501310583878        96.887968801300360       0.21562057169303983        56.276969211883397        347.00464790182355        504.12448266547523              686          36
 ../1450_seed.dataconnected         263  0.12615994200231706       0.29629984941095666        33.180064746609389        77.926860395081604       0.16674816059825356        43.854766237340691        423.44745246833332        642.98314399339620              861         135
 ../1451_seed.dataconnected         279  0.23097456069457273       0.52849058882822975        64.441902433785785        147.44887428307609       0.28650226551072400        79.934132077491995        330.19303408260441        460.44633922551708              679          64
 ../1452_seed.dataconnected         238  0.16652363848127952       0.38879570339207387        39.632625958544523        92.533377407313580       0.21582116412441024        51.365437061609640        393.60013901082516        566.09942148882908              608          34
 ../1453_seed.dataconnected         253  0.15824845596084064       0.36893311824132313        40.036859358092684        93.340078915054747       0.19110025438056624        48.348364358283263        480.14644561535982        776.52089680898916              643          41
 ../1454_seed.dataconnected         305   9.3720494592976364E-002  0.22295399245296479        28.584750850857791        68.000967698154255       0.12339279967574462        37.634803901102110        665.25124946925007        1124.5721009587232              707          92
 ../1455_seed.dataconnected         350  0.11392954426839166       0.26791501323840322        39.875340493937081        93.770254633441127       0.15873646404195824        55.557762414685385        660.86115176312114        1239.4280631291115              715          33
 ../1456_seed.dataconnected         253  0.14026563758629088       0.33025782202386056        35.487206309331590        83.555228972036716       0.19420974783521627        49.135066202309716        483.64094635159296        690.85849898602748              666          54
 ../1457_seed.dataconnected         280  0.17279890076750884       0.39693082862764506        48.383692214902474        111.14063201574062       0.22938747948689245        64.228494256329881        463.98519084879536        725.34848916128851              704          63
 ../1458_seed.dataconnected         283  0.16539855879194670       0.39532625748483169        46.807792138120917        111.87733086820737       0.21194377678085363        59.980088828981579        411.57100290390207        636.28531874277542              690          89
 ../1459_seed.dataconnected         176  0.12290858274124904       0.28827905562939088        21.631910562459829        50.737113790772796       0.15428567280030528        27.154278412853728        318.27651370563854        427.94803887466526              644          83
 ../1460_seed.dataconnected         330  0.12192882190778158       0.28874348074060502        40.236511229567924        95.285348644399662       0.16328786622845068        53.884995855388723        661.25434033722854        1268.3777117247332              826         114
 ../1461_seed.dataconnected         257  0.23278916259390164       0.55002079923557723        59.826814786632724        141.35534540354334       0.27129775712319015        69.723523580659872        341.49254219175037        465.27651143685233              791         144
 ../1462_seed.dataconnected         232  0.11727849481298019       0.27572272075859638        27.208610796611406        63.967671215994358       0.15540471143722354        36.053893053435857        475.55122276055226        768.61595095014206              720          71
 ../1463_seed.dataconnected         230  0.12516265597752427       0.29448821421562765        28.787410874830581        67.732289269594361       0.16457609347448951        37.852501499132586        379.49963454716595        590.44016849278080              603          38
 ../1464_seed.dataconnected         340   8.2571980701714509E-002  0.20003878427621707        28.074473438582935        68.013186653913806       0.11903186103842450        40.470832753064329        744.36193692032464        1435.2972218370730              642          35
 ../1465_seed.dataconnected         208  0.13206280561522046       0.31405584640478718        27.469063567965858        65.323616052195732       0.15790393308837838        32.844018082382703        344.86947988952369        465.57740628357095              508          17
 ../1466_seed.dataconnected         251  0.15722751177615615       0.37188243512363683        39.464105455815194        93.342491216032840       0.20069590537658294        50.374672249522320        398.86123752172233        624.04797120826026              657          55
 ../1467_seed.dataconnected         217  0.20854966648236559       0.47255062025962102        45.255277626673333        102.54348459633776       0.26583747902978683        57.686732949463739        269.49293969979635        317.52651335146646              644          93
 ../1468_seed.dataconnected         194   9.3248887778886513E-002  0.21626234389175772        18.090284229103982        41.954894715000997       0.10781928586324492        20.916941457469516        426.26368714282211        662.35695998068047              710         108
 ../1469_seed.dataconnected         231  0.22316419256566924       0.52280833639118995        51.550928482669597        120.76872570636488       0.27603146202398449        63.763267727540416        323.18424207734887        416.14495307219340              693          60
 ../1470_seed.dataconnected         307  0.17001449906403288       0.39174211428086730        52.194451212658095        120.26482908422626       0.22643403161948852        69.515247707182979        630.13768643694220        1207.5934283988961              654          30
 ../1471_seed.dataconnected         274  0.14537999028293952       0.34257855685210448        39.834117337525427        93.866524577476625       0.18376016618752694        50.350285535382383        385.75321560460486        598.00338613180634              778         102
 ../1472_seed.dataconnected         293  0.16077607135738595       0.38270468616234071        47.107388907714082        112.13247304556583       0.19551550870847706        57.286044051583779        485.86622462201058        795.79378732819157              748          38
 ../1473_seed.dataconnected         266  0.20733727406514568       0.47765047536844923        55.151714901328752        127.05502644800750       0.25299456643595819        67.296554671964884        362.43506940843088        503.29939466389885              685          59
 ../1474_seed.dataconnected         302  0.11950158362077141       0.28087238809145965        36.089478253472969        84.823461203620809       0.15336772439326743        46.317052766766764        651.47453730434040        1135.5362274536117              627          29
 ../1475_seed.dataconnected         261  0.21931793799897151       0.51765962153674983        57.241981817731563        135.10916122109171       0.25621862331628875        66.873060685551366        320.23372031880382        439.72379925699624              786          77
 ../1476_seed.dataconnected         316  0.14042298626232327       0.32065387322031946        44.373663658894152        101.32662393762095       0.19945492578345270        63.027756547571052        667.92599168020183        1254.2513144668128              671          52
 ../1477_seed.dataconnected         165  0.16703171286840027       0.38563646900792325        27.560232623286044        63.630017386307337       0.20897525888672969        34.480917716310401        266.99814472363624        333.46992806285931              715          82
 ../1478_seed.dataconnected         241  0.15342347943128853       0.36139420164841374        36.975058542940538        87.096002597267713       0.20561377532266722        49.552919852762798        379.42834152165506        533.96972742214473              587          35
 ../1479_seed.dataconnected         244  0.12847158890054414       0.30179888420961443        31.347067691732768        73.638927747145914       0.17002829594157642        41.486904209744651        472.20471522439721        770.15480406905704              667          92
 ../1480_seed.dataconnected         292   9.6684920791354351E-002  0.22452337645822967        28.231996871075470        65.560825925803059       0.13164980149888578        38.441742037674643        409.39599213408445        567.70397560634251              748          62
 ../1481_seed.dataconnected         216  0.19506584750926489       0.46264875036583453        42.134223062001219        99.932130079020254       0.22605713442141193        48.828341035024977        340.21542946400302        429.49880524454522              681         102
 ../1482_seed.dataconnected         225  0.12305687793826657       0.29005164358708579        27.687797536109979        65.261619807094306       0.15288524119677999        34.399179269275500        435.01622357578395        679.64005743694668              632          62
 ../1483_seed.dataconnected         283  0.11204314906580869       0.25885706102232431        31.708211185623860        73.256548269317776       0.13453733588108122        38.074066054345984        444.95826005153151        708.64902951477745              683          64
 ../1484_seed.dataconnected         273  0.16514136327720264       0.38093068243506512        45.083592174676319        103.99407630477278       0.21287754560234076        58.115569949439028        444.15334244486149        720.77957224181910              606          35
 ../1485_seed.dataconnected         217  0.20414880933879162       0.46555923013021150        44.300291626517783        101.02635293825590       0.26241298299181792        56.943617309224486        281.80539216994396        358.81520945540041              606          28
 ../1486_seed.dataconnected         240  0.26770195914001066       0.60914562948748341        64.248470193602557        146.19495107699601       0.32566796868438275        78.160312484251861        289.67760932663936        349.59764356335995              607          59
 ../1487_seed.dataconnected         244  0.17955422519795725       0.40863070362713150        43.811230948301571        99.705891685020092       0.25836501003811863        63.041062449300945        411.66077188328990        599.32395175961904              573          49
 ../1488_seed.dataconnected         321  0.13053762631904103       0.30796172130108063        41.902578048412174        98.855712537646880       0.18046264532759304        57.928509150157367        698.18760981809066        1289.5782035838738              648          30
 ../1489_seed.dataconnected         286  0.16594030550615024       0.39753208130490320        47.458927374758971        113.69417525320232       0.22040080999772746        63.034631659350055        562.42151572063722        1018.4420861737617              609          33
 ../1490_seed.dataconnected         182  0.21471378957381484       0.50655530928355452        39.077909702434305        92.193066289606918       0.26773556317019848        48.727872496976126        269.16439402740167        329.28680642326788              678          73
 ../1491_seed.dataconnected         269   8.9135656458071200E-002  0.21211224498738107        23.977491587221152        57.058193901605506       0.10791264875965331        29.028502516346741        560.85161712979436        945.03420897075569              684          65
 ../1492_seed.dataconnected         394  0.17252386292453464       0.41249954505863418        67.974401992266650        162.52482075310186       0.23293235462082990        91.775347720606973        743.89948300400681        1520.6854268573441              712          21
 ../1493_seed.dataconnected         295  0.15863642467676506       0.37450140908292662        46.797745279645696        110.47791567946335       0.20672489368370117        60.983843636691844        696.23962841086438        1292.0830401548849              647          29
 ../1494_seed.dataconnected         274  0.10036871536068792       0.23773716448516280        27.501028008828492        65.139983068934612       0.12544681788528605        34.372428100568378        644.30561550431389        1152.1811690386683              614          42
 ../1495_seed.dataconnected         264  0.12584673413210687       0.29627899943683772        33.223537810876216        78.217655851325162       0.16738249002612296        44.188977366896459        482.58202865732937        808.58626759320771              694          95
 ../1496_seed.dataconnected         185  0.27380484839653935       0.62687697448166502        50.653896953359776        115.97224027910802       0.32352065810005531        59.851321748510230        220.14092826914700        238.64608992684941              725         136
 ../1497_seed.dataconnected         397  0.12896882294130180       0.30080548314722738        51.200622707696816        119.41977680944927       0.15063335513683485        59.801441989323436        780.88185974992609        1575.1708835339502              688          25
 ../1498_seed.dataconnected         412  0.10515887759939226       0.24994055259137929        43.325457570949609        102.97550766764827       0.14763887257571903        60.827215501196243        714.10022803934601        1377.4429847428635              750          26
 ../1499_seed.dataconnected         327  0.13572898973569389       0.32396657419616598        44.383379643571899        105.93706976214628       0.18406616381707841        60.189635568184642        550.90643459034413        914.66058929746191              684          27
 ../1500_seed.dataconnected         254  0.24814097496887344       0.56677028767248605        63.027807642093855        143.95965306881146       0.30478638217370907        77.415741072122103        293.74144348575322        397.57568584238862              665          57
 ../1501_seed.dataconnected         289  0.19954144263982335       0.46743559518058286        57.667476922908946        135.08888700718845       0.24930434410200775        72.048955445480232        477.36278770402697        749.25308724772867              793          91
 ../1502_seed.dataconnected         322  0.12428201205245480       0.29634458203650627        40.018807880890449        95.422955415755013       0.15813508945434693        50.919498804299714        763.98098978845655        1471.2870412427249              670          42
 ../1503_seed.dataconnected         291  0.20404201759913046       0.47248276253291227        59.376227121346965        137.49248389707748       0.24485887465238260        71.253932523843332        321.37792816563012        436.99485593909111              672          86
 ../1504_seed.dataconnected         322  0.11174845317922383       0.26772499222221618        35.983001923710070        86.207447495553609       0.14918021761987893        48.036030073601019        752.61794742937104        1323.4619597707215              685          31
 ../1505_seed.dataconnected         246  0.11200790880008239       0.27001745549775485        27.553945564820268        66.424294052447692       0.12865731698793259        31.649699979031418        358.26706693449802        477.47304166963437              743          56
 ../1506_seed.dataconnected         279  0.18496728416326938       0.42677091202127121        51.605872281552159        119.06908445393466       0.23142274555903442        64.566946010970597        464.68522421012381        703.53267547630480              726          54
 ../1507_seed.dataconnected         342  0.11993787161301465       0.28266248719606063        41.018752091651010        96.670570621052732       0.17171291920359122        58.725818367628200        737.38919344092994        1541.9064609140737              626          43
 ../1508_seed.dataconnected         260  0.19991953404582699       0.46567756674788741        51.979078851915020        121.07616735445073       0.26216613356294172        68.163194726364850        483.58438809109964        783.15354041354362              596          49
 ../1509_seed.dataconnected         348  0.11000682882860049       0.25969962351672982        38.282376432352969        90.375468983821975       0.14605042309180646        50.825547235948648        569.08428632507548        1080.8095039850625              734         135
 ../1510_seed.dataconnected         282  0.23012436841293216       0.53136156793410549        64.895071892446865        149.84396215741776       0.29001433691517908        81.784043010080495        359.64089323849407        529.95856732979644              774          49
 ../1511_seed.dataconnected         234  0.17952326026278853       0.40502248152674708        42.008442901492515        94.775260677258814       0.23477835550309009        54.938135187723084        311.15025960572774        448.26416199642426              752         110
 ../1512_seed.dataconnected         283  0.15632032623810038       0.36994036322426332        44.238652325382411        104.69312279246653       0.19726480170985658        55.825938883889414        453.09976782427691        731.60972274608298              736          65
 ../1513_seed.dataconnected         229  0.21657116564741244       0.49291148957286751        49.594796933257449        112.87673111218666       0.26685258393769257        61.109241721731600        268.58479583477794        339.68072806403205              614          99
 ../1514_seed.dataconnected         284  0.12547456479887387       0.29228683024654462        35.634776402880178        83.009459790018667       0.17940300395029024        50.950453121882425        621.72777960106316        1051.1002559590152              701          50
 ../1515_seed.dataconnected         459  0.12312297115096227       0.29068242026712704        56.513443758291679        133.42323090261132       0.16867686324709055        77.422680230414571        1058.2029011951054        2394.4118727803830              890          69
 ../1516_seed.dataconnected         248  0.19210516584676338       0.43485157132358676        47.642081129997315        107.84318968824951       0.25545310072809929        63.352368980568627        357.42570627884459        517.84602207213584              755          80
 ../1517_seed.dataconnected         259  0.25601728113934841       0.58539905719987029        66.308475815091242        151.61835581476640       0.31918371825769398        82.668583028742745        304.29676448011844        404.51217597616551              705          69
 ../1518_seed.dataconnected         327  0.14314953349847204       0.33819689069487457        46.809897454000357        110.59038325722399       0.18131655199054847        59.290512500909351        487.96883358988089        890.49292949442520              707          48
 ../1519_seed.dataconnected         267  0.18643580378719743       0.42650770022016887        49.778359611181713        113.87755595878509       0.23932381018446094        63.899457319251070        515.33575312800008        850.58097737936441              701          62
 ../1520_seed.dataconnected         217  0.20579423297378763       0.48903251115640839        44.657348555311913        106.12005492094062       0.25215879436961797        54.718458378207096        319.50520030022466        389.06908677373207              616          45
 ../1521_seed.dataconnected         244  0.11805871161508888       0.27881300399381614        28.806325634081688        68.030372974491144       0.14907102328516261        36.373329681579676        386.78368346028594        608.18743888785571              703          49
 ../1522_seed.dataconnected         336  0.15930729510202066       0.36825618736813287        53.527251154278943        123.73407895569264       0.20877175054531236        70.147308183224951        567.10193749654150        1015.8615792875116              709          73
 ../1523_seed.dataconnected         262  0.15229047433925458       0.36162365702815846        39.900104276884697        94.745398141377521       0.19857332358814606        52.026210780094267        457.13991758046973        697.73203887501938              714          64
 ../1524_seed.dataconnected         320  0.12227349518687070       0.28204215333505550        39.127518459798623        90.253489067217757       0.15310215481729225        48.992689541533522        790.22814874434039        1518.9520383908362              616          26
 ../1525_seed.dataconnected         287   9.7692189353862369E-002  0.22267783168842167        28.037658344558501        63.908537694577021       0.12763236404955253        36.630488482221573        481.86743503715718        812.25598699818499              701          46
 ../1526_seed.dataconnected         215  0.15174287858775276       0.35649962336641100        32.624718896366844        76.647419023778369       0.20701120296653197        44.507408637804375        368.31967570949462        532.79603633827287              679          99
 ../1527_seed.dataconnected         277   9.5457109380582730E-002  0.22578146015585560        26.441619298421415        62.541464463171998       0.13913410826192402        38.540147988552953        626.74608570854764        1116.7315232651549              662          47
 ../1528_seed.dataconnected         245  0.23875703496545497       0.55470954917955084        58.495473566536468        135.90383954898996       0.28938181891893733        70.898545635139641        323.96238721746147        448.53481640615172              730          96
 ../1529_seed.dataconnected         278  0.13992315691606180       0.32398322620253844        38.898637622665184        90.067336884305689       0.20638380682392662        57.374698297051602        563.12188697917782        1036.8978516870736              804         221
 ../1530_seed.dataconnected         231  0.17482383171664456       0.42196387551482734        40.384305126544895        97.473655243925108       0.21840860864731906        50.452388597530707        472.38734142057842        699.02556159499932              730          87
 ../1531_seed.dataconnected         256  0.13206467285339155       0.31362155704698291        33.808556250468236        80.287118604027626       0.17039149633753589        43.620223062409188        464.54693819001500        728.57528501975526              630          59
 ../1532_seed.dataconnected         245  0.11094995154182696       0.26212919334892582        27.182738127747605        64.221652370486822       0.13968339109949376        34.222430819375973        485.28903671008493        715.53393768039564              605          59
 ../1533_seed.dataconnected         216  0.19146624660743491       0.44917867537616230        41.356709267205943        97.022593881251055       0.23733977912017876        51.265392289958612        309.22845245051735        418.65299944508564              569          25
 ../1534_seed.dataconnected         266  0.23982787607875394       0.55251135029376963        63.794215036948550        146.96801917814273       0.29926843970691647        79.605404962039785        287.57734046020101        399.11237578591653              761          57
 ../1535_seed.dataconnected         503  0.10496276797552329       0.24774396368643717        52.796272291688211        124.61521373427790       0.13656028076217358        68.689821223373315        910.90309393815767        2094.7140179653325              794          47
 ../1536_seed.dataconnected         290  0.13559051713197709       0.32090505031472594        39.321249968273357        93.062464591270526       0.18020590897898819        52.259713603906576        831.88553298365002        1757.8329925016171              761         104
 ../1537_seed.dataconnected         231  0.15846571454972150       0.37597759152285970        36.605580060985666        86.850823641780593       0.19946695783523571        46.076867259939448        338.49352656296827        478.52990082675007              613          31
 ../1538_seed.dataconnected         359   9.8677475900487130E-002  0.23799538050702995        35.425213848274879        85.440341602023750       0.12239171575108670        43.938625954640131        828.14210145694551        1595.9139551913806              723          91
 ../1539_seed.dataconnected         280  0.14522671093693201       0.34280950218633982        40.663479062340961        95.986660612175143       0.18559155072855066        51.965634203994185        468.41560099641868        674.28735670388448              720          44
 ../1540_seed.dataconnected         321  0.10395905607736074       0.24474111962443612        33.370857000832800        78.561899399444002       0.15130979061506622        48.570442787436257        684.03859998197038        1318.8520124714155              654          48
 ../1541_seed.dataconnected         310  0.11576563221873748       0.27193445211325401        35.887345987808615        84.299680155108746       0.15613297573375604        48.401222477464373        503.02587173923689        850.04947084033506              858         223
 ../1542_seed.dataconnected         226   9.7110851905045328E-002  0.23292694942724126        21.947052530540244        52.641490570556527       0.13651557535466988        30.852520030155393        411.73915047815410        638.48287774908113              753         107
 ../1543_seed.dataconnected         322  0.14305833864599621       0.33279172722319489        46.064785044010776        107.15893616586875       0.18069028725772687        58.182272496988055        589.75341278984126        987.63508098031821              668          87
 ../1544_seed.dataconnected         254  0.20904128964595611       0.48333597351522667        53.096487570072853        122.76733727286758       0.27326571978914810        69.409492826443611        365.00301108268673        545.19423814083461              664          32
 ../1545_seed.dataconnected         282  0.14327982269232745       0.33133487865978811        40.404909999236338        93.436435782060244       0.18637804725998827        52.558609327316695        493.00466336956811        830.33484084731356              722          67
 ../1546_seed.dataconnected         317  0.18030205188104786       0.43197437047794135        57.155750446292174        136.93587544150742       0.23301771486608891        73.866615612550191        452.05118500307316        754.17004018334455              748         155
 ../1547_seed.dataconnected         274  0.11918374303112600       0.28049773344123341        32.656345590528524        76.856378962897949       0.14971325985149714        41.021433199310216        520.29280481969283        793.70579260972852              737          99
 ../1548_seed.dataconnected         160  0.15587239284854901       0.36538679954684267        24.939582855767842        58.461887927494828       0.20951627521508012        33.522604034412822        373.34126424939649        441.85696252158448              669         124
 ../1549_seed.dataconnected         251  0.22891229474298294       0.52348621255138972        57.456985980488717        131.39503935039883       0.29751090894094701        74.675238144177698        365.25953462899287        502.26742187977982              746         118
 ../1550_seed.dataconnected         228  0.18827113848822177       0.43736409843541851        42.925819575314563        99.719014443275427       0.22899664376967466        52.211234779485821        263.85005369801695        334.28385601280229              639          59
 ../1551_seed.dataconnected         237  0.13717634207587412       0.32031726139042938        32.510793071982164        75.915190949531762       0.16203826554515202        38.403068934201031        394.11038293169736        612.92287072158842              665          89
 ../1552_seed.dataconnected         224  0.16928450164576658       0.39575931377288875        37.919728368651718        88.650086285127088       0.22356113147465817        50.077693450323430        327.05869417076968        436.11287805654382              638          53
 ../1553_seed.dataconnected         241  0.18407865311022906       0.43093225845972072        44.362955399565202        103.85467428879269       0.23474244464930311        56.572929160482047        394.18452024910232        561.70661405698377              555          52
 ../1554_seed.dataconnected         250  0.22629554923824738       0.52800340117780320        56.573887309561847        132.00085029445080       0.27348776788888518        68.371941972221293        347.48458991627058        460.41318894566848              769          80
 ../1555_seed.dataconnected         202  0.19150627516702651       0.43774593165341524        38.684267583739356        88.424678193989877       0.23430978743856540        47.330577062590208        240.69330009903913        291.89731479014176              600          50
 ../1556_seed.dataconnected         302  0.15545429029745622       0.37018797593616698        46.947195669831778        111.79676873272243       0.18618677869308325        56.228407165311140        597.87312412626943        950.36877437892804              720         106
 ../1557_seed.dataconnected         216  0.21201345629791715       0.48631146000859482        45.794906560350107        105.04327536185649       0.25727951290741352        55.572374788001319        269.59057714437512        329.79335353367730              563          41
 ../1558_seed.dataconnected         342  0.13424336047101812       0.31959270885686597        45.911229281088197        109.30070642904816       0.17206106295803758        58.844883531648854        777.01890525890644        1655.8166493066287              743          66
 ../1559_seed.dataconnected         292  0.18345235818241032       0.42950672465960538        53.568088589263816        125.41596360060477       0.23198569308973985        67.739822382204039        444.59005316845162        738.33023180185478              675          38
 ../1560_seed.dataconnected         316  0.16308367441866847       0.37869717185886076        51.534441116299234        119.66830630740000       0.20533411992691078        64.885581896903801        417.78747245130882        630.41123299107130              643          28
 ../1561_seed.dataconnected         288  0.18493390434309628       0.42957931418875711        53.260964450811727        123.71884248636205       0.23697298960943583        68.248221007517515        454.01318689106523        673.33732051207073              699          67
 ../1562_seed.dataconnected         289  0.16454827025617294       0.37920388395715160        47.554450104033982        109.58992246361682       0.22360439622391187        64.621670508710537        562.12683237711622        1015.1504329342621              635          48
 ../1563_seed.dataconnected         231  0.17641539990315863       0.41141078623425414        40.751957377629644        95.035891620112707       0.22210243934127638        51.305663487834842        382.89440044994871        555.42967933638613              601          48
 ../1564_seed.dataconnected         248  0.14832088345295932       0.34939520066580460        36.783579096333909        86.650009765119535       0.18593157810516764        46.111031370081577        425.22647783186119        569.98117892668165              710          31
 ../1565_seed.dataconnected         196  0.16462873220730637       0.38320722492751441        32.267231512632051        75.108616085792818       0.20337104878605311        39.860725562066406        402.92239618147164        578.00099358249884              628         120
 ../1566_seed.dataconnected         229  0.12352723726809105       0.29035929245343356        28.287737334392851        66.492277971836288       0.17006275067264920        38.944369904036670        344.02087189291399        486.03310555110835              676          31
 ../1567_seed.dataconnected         216  0.22260084072682354       0.51659251356979530        48.081781596993885        111.58398293107578       0.26342382194878983        56.899545540938604        240.94250486660394        296.92445533082918              656          90
 ../1568_seed.dataconnected         217  0.23066710722334344       0.51876972268049215        50.054762267465527        112.57302982166679       0.27752414997661873        60.222740544926260        242.77487436601331        282.12648567778666              795          75
 ../1569_seed.dataconnected         272  0.17701710308224761       0.41800136432096902        48.148652038371353        113.69637109530358       0.21944524867384740        59.689107639286490        494.27625385977814        791.79863945097179              767         104
 ../1570_seed.dataconnected         426  0.12441507289668298       0.28697911923460129        53.000821053986947        122.25310479394015       0.17825064410121771        75.934774387118750        849.28802883185301        1777.1622302595381              819         131
 ../1571_seed.dataconnected         289  0.17455843279677674       0.40968987347618713        50.447387078268477        118.40037343461807       0.22596961852014005        65.305219752320468        505.04988366195431        771.71319533482711              768          85
 ../1572_seed.dataconnected         311  0.18125479132096320       0.43154949990970121        56.370240100819558        134.21189447191708       0.22836153355851843        71.020436936699227        442.28642893387962        733.45270400276047              660          43
 ../1573_seed.dataconnected         237  0.17613117190956562       0.40604727331720425        41.743087742567049        96.233203776177405       0.21841483296086917        51.764315411725995        428.48033635933632        574.31409915969186              644         103
 ../1574_seed.dataconnected         264  0.15548640370160019       0.36495415859467234        41.048410577222448        96.347897868993499       0.19162293688137022        50.588455336681740        425.84277458630828        659.52837867399614              676          98
 ../1575_seed.dataconnected         268  0.12015025448446050       0.29039683428222307        32.200268201835414        77.826351587635784       0.14352935888691506        38.465868181693239        481.14845571740278        740.89244193240847              606          40
 ../1576_seed.dataconnected         205  0.15711359657924004       0.36521971043760132        32.208287298744210        74.870040639708265       0.20567460156101830        42.163293320008755        373.37417852383135        520.48176737629944              559          22
 ../1577_seed.dataconnected         235  0.15675591494177354       0.37166814843302964        36.837640011316786        87.342014881761969       0.19923106587814926        46.819300481365076        400.43816935614609        612.26262242597909              635          57
 ../1578_seed.dataconnected         253  0.18396408675723719       0.42482362219311032        46.542913949581006        107.48037641485691       0.23600319352482979        59.708807961781936        478.30109940360188        817.10807857174393              497          15
 ../1579_seed.dataconnected         356   9.3032023969443406E-002  0.21581844281125290        33.119400533121855        76.831365640806027       0.14142100748566408        50.345878664896411        868.88656262226107        1901.8099082460612              693          28
 ../1580_seed.dataconnected         223  0.18725940106394329       0.44557343644586345        41.758846437259351        99.362876327427543       0.24193082161425206        53.950573219978210        273.96135825232523        369.12578343405875              585          32
 ../1581_seed.dataconnected         293  0.12493753275738113       0.30133495042200342        36.606697097912672        88.291140473647005       0.16079712875018567        47.113558723804402        442.08137705628792        725.88205547785731              697          56
 ../1582_seed.dataconnected         313  0.17258110922131564       0.40390352601081875        54.017887186271793        126.42180364138626       0.21771706727379508        68.145442056697860        557.61876329776965        947.76938029651615              691          36
 ../1583_seed.dataconnected         246  0.14924980693144149       0.34905240966291851        36.715452505134607        85.866892777077950       0.19080070354092513        46.936973071067584        377.58964980672914        570.63191801401854              742          81
 ../1584_seed.dataconnected         267  0.17954358348292526       0.41541328132254712        47.938136789941048        110.91534611312008       0.25094678568380746        67.002791777576590        570.31565298461260        975.00886585265562              654          38
 ../1585_seed.dataconnected         373  0.15285150042859122       0.35742328642561105        57.013609659864528        133.31888583675291       0.20652294480374297        77.033058411796134        600.53627982032162        1132.7437313142859              751          38
 ../1586_seed.dataconnected         270  0.14617489970538727       0.33894363552163886        39.467222920454567        91.514781590842489       0.17862954046999993        48.229975926899982        526.88180091049048        880.75561037075033              744          54
 ../1587_seed.dataconnected         257  0.16724753550307209       0.39687401249166454        42.982616624289527        101.99662121035779       0.21946741822314680        56.403126483348728        398.43945741690555        609.59402291323352              677          59
 ../1588_seed.dataconnected         237  0.13986253450601668       0.32789074486875308        33.147420677925957        77.710106533894475       0.19217724999012573        45.546008247659799        375.94618642738442        531.39133557119328              656          45
 ../1589_seed.dataconnected         270  0.16635376275882446       0.39687670013353521        44.915515944882607        107.15670903605451       0.20293522371744224        54.792510403709407        372.22694857236280        548.59452395788890              688          90
 ../1590_seed.dataconnected         262  0.17398740067744745       0.39646622057807795        45.584698977491229        103.87414979145642       0.21826202849195137        57.184651464891260        440.83502011814562        666.81182514809768              736         126
 ../1591_seed.dataconnected         302  0.15057049488155180       0.35397680771475548        45.472289454228644        106.90099592985615       0.20185435682572606        60.960015761369270        566.61185922966945        954.59303032250091              664          26
 ../1592_seed.dataconnected         521  0.15560887117430489       0.36521623747640913        81.072221881812851        190.27765972520916       0.19372336364858983        100.92987246091531        854.65680192063394        1864.1128609828868              919          83
 ../1593_seed.dataconnected         157  0.22574546769855558       0.53330415487034610        35.442038428673229        83.728752314644339       0.26475784527808510        41.566981708659362        222.52334058580252        245.25732235617716              644         104
 ../1594_seed.dataconnected         269  0.14398254766467919       0.33924094748038669        38.731305321798700        91.255814872224022       0.18713980996347890        50.340608880175822        440.05312031802538        667.67340752131349              790         130
 ../1595_seed.dataconnected         385  0.13106150902373798       0.31156889813001115        50.458680974139121        119.95402578005429       0.17083877204595527        65.772927237692784        601.87952844321762        1068.0219464674635              756          61
 ../1596_seed.dataconnected         254  0.16819626349829175       0.39533789602762709        42.721850928566106        100.41582559101728       0.23019342655774175        58.469130345666407        497.50220240748865        766.54368309809695              737          99
 ../1597_seed.dataconnected         213  0.19212605601212357       0.45391464547826865        40.922849930582323        96.683819486871229       0.23409519176271998        49.862275845459358        268.19176368234008        325.52360010055992              800         161
 ../1598_seed.dataconnected         296  0.18502929022705089       0.43945754463530179        54.768669907207062        130.07943321204934       0.24493487497181102        72.500722991656062        645.00251861420782        1208.1459483171989              701          34
 ../1599_seed.dataconnected         295  0.16952459575946058       0.39958776924321643        50.009755749040870        117.87839192674885       0.20648633208090611        60.913467963867305        508.54358242628331        863.19540110448133              753         109
 ../1600_seed.dataconnected         290  0.15450696539134079       0.36454052605808401        44.807019963488827        105.71675255684437       0.19150546905043989        55.536586024627567        507.32409876255770        830.43647764121727              641          39
 ../1601_seed.dataconnected         303  0.13566305868769671       0.31966892882142373        41.105906782372102        96.859685432891382       0.17238045592570855        52.231278145489689        453.74000516165080        759.71266973469938              688          64
 ../1602_seed.dataconnected         270  0.11653392572170625       0.27818965903254783        31.464159944860686        75.111207938787913       0.15453266126787732        41.723818542326875        510.70558952424096        825.11169710376987              597          22
 ../1603_seed.dataconnected         309  0.13307719096616033       0.30571358595306281        41.120852008543544        94.465498059496412       0.18555554607263117        57.336663736443029        550.75260851008773        917.27350711030454              679          52
 ../1604_seed.dataconnected         214  0.18564300481897139       0.42089217045361493        39.727603031259875        90.070924477073589       0.22511252648603450        48.174080668011385        255.20135388901403        309.67971799686148              750          73
 ../1605_seed.dataconnected         292  0.14067790079847556       0.33172920572649778        41.077947033154864        96.864928072137346       0.17354816183021518        50.676063254422836        493.77480765833280        774.12497537836703              731          79
 ../1606_seed.dataconnected         239  0.15414836367316995       0.34472893113627368        36.841458917887614        82.390214541569406       0.20525660232326232        49.056327955259697        373.46375569423185        584.71054853417263              662          49
 ../1607_seed.dataconnected         254  0.14602865091246842       0.34067355659639670        37.091277331766975        86.531083375484755       0.19982420512717766        50.755348102303124        416.95071403707334        635.79254395729822              644          84
 ../1608_seed.dataconnected         270  0.15540280692588743       0.37142115592645869        41.958757869989604        100.28371210014384       0.19033710689690916        51.391018862165474        467.15969780572220        749.82819985456729              672          33
 ../1609_seed.dataconnected         226  0.12002684939670448       0.28246903091342895        27.126067963655213        63.838000986434942       0.15375064908933439        34.747646694189569        520.33585465562192        729.50335645898804              750         122
 ../1610_seed.dataconnected         315  0.16766529098318755       0.39257488563441173        52.814566659704077        123.66108897483970       0.21587505874514545        68.000643504720813        580.59644061777988        809.52400788316322              717          52
 ../1611_seed.dataconnected         292  0.15806124172197453       0.37081624175525835        46.153882582816564        108.27834259253544       0.20169949084668792        58.896251327232875        438.54928216431608        710.06368419003422              785         170
 ../1612_seed.dataconnected         234  0.28180703931774731       0.63545808724864528        65.942847200352873        148.69719241618299       0.32580822968950834        76.239125747344957        272.90803200516569        337.55140167997041              651          69
 ../1613_seed.dataconnected         246  0.16410916594570377       0.38750935365236150        40.370854822643125        95.327300998480922       0.19995536855235430        49.189020663879155        360.72478942553658        557.72555606991091              742          56
 ../1614_seed.dataconnected         408  0.12850254715146781       0.29942301456706788        52.429039237798861        122.16458994336369       0.17112993516769298        69.821013548418733        784.72673692352839        1700.1663551918859              832          76
 ../1615_seed.dataconnected         347  0.11083300166592147       0.26311396300704148        38.459051578074750        91.300545163443388       0.13141285942442724        45.600262220276250        980.87061661325890        2216.6633268621390              687          36
 ../1616_seed.dataconnected         211  0.17420613253083425       0.40040354675388778        36.757493964006024        84.485148365070316       0.21708166053835204        45.804230373592283        381.33379800296495        555.10918588350330              614          54
 ../1617_seed.dataconnected         240  0.18995303283880735       0.43708362877296664        45.588727881313766        104.90007090551200       0.24327079911932795        58.384991788638708        389.17844416674552        513.84406863684103              724          60
 ../1618_seed.dataconnected         290  0.20643799227057885       0.48523893997788858        59.867017758467867        140.71929259358768       0.25847691364747771        74.958304957768533        436.80115124433780        701.42200967471229              758          66
 ../1619_seed.dataconnected         184  0.15463457065726902       0.37515124824168411        28.452761000937500        69.027829676469878       0.20648783839558976        37.993762264788515        314.46501095780877        400.54939617397793              633          94
 ../1620_seed.dataconnected         177  0.20397510473666949       0.47825612282422220        36.103593538390498        84.651333739887335       0.24400891294823668        43.189577591837889        280.63626055599843        345.42597089538197              591         108
 ../1621_seed.dataconnected         241  0.28624283050350402       0.66208420669206003        68.984522151344464        159.56229381278646       0.34327079581519626        82.728261791462302        264.86788186503617        318.49334752067972              811         180
 ../1622_seed.dataconnected         335  0.12720996578466096       0.29483175790042943        42.615338537861419        98.768638896643864       0.16256234574018874        54.458385822963230        843.89297724795028        1816.5308997201439              623          32
 ../1623_seed.dataconnected         329  0.16394557636150967       0.38067750612209345        53.938094622936681        125.24289951416874       0.22274933126664492        73.284529986726184        595.75131571200166        1020.0960922955627              716          39
 ../1624_seed.dataconnected         266  0.15141452864601732       0.35304432710806782        40.276264619840603        93.909791010746048       0.20433500114295519        54.353110304026082        476.65699259909690        826.20603936067300              622          42
 ../1625_seed.dataconnected         305  0.14640896147845889       0.34983289308272542        44.654733250929958        106.69903239023125       0.19131164253038974        58.350050971768873        530.25395797625708        919.04342587619840              756          69
 ../1626_seed.dataconnected         256  0.16170962802968081       0.37086246423400970        41.397664775598287        94.940790843906484       0.21854405502174398        55.947278085566460        431.60603433228414        660.76151171057404              680          61
 ../1627_seed.dataconnected         266  0.17732199808357632       0.41341701651677165        47.167651490231300        109.96892639346126       0.22305574314965448        59.332827677808091        387.58570591651744        563.16910153129572              740          43
 ../1628_seed.dataconnected         242  0.22472133499797317       0.53178736599119369        54.382563069509509        128.69254256986886       0.28995780786747688        70.169789503929408        433.68616800128495        669.38674043205458              641          35
 ../1629_seed.dataconnected         230  0.20590054766065496       0.46678709252604339        47.357125961950644        107.36103128098998       0.26005450793562440        59.812536825193611        265.82233787768217        336.00468628758279              692          96
 ../1630_seed.dataconnected         341  0.11658644257508428       0.27698787536390718        39.755976918103741        94.452865499092354       0.16153048688695226        55.081896028450721        685.84949544978326        1299.3666597252309              751          49
 ../1631_seed.dataconnected         196  0.23526927754044233       0.53415008680453901        46.112778397926697        104.69341701368964       0.28240627383755051        55.351629672159902        283.95906385258030        360.76035986550090              730         106
 ../1632_seed.dataconnected         183  0.17847801299773922       0.41118181225305217        32.661476378586279        75.246271642308542       0.23153386455733899        42.370697213993033        290.99736404883760        385.22296925155075              581          31
 ../1633_seed.dataconnected         303  0.13941493406334732       0.31930129322714590        42.242725021194239        96.748291847825215       0.19354924434719817        58.645421037201046        518.55355063038064        898.92171157200062              792          63
 ../1634_seed.dataconnected         223  0.17715740533257221       0.40971127250478823        39.506101389163604        91.365613768567769       0.24022903907991089        53.571075714820125        415.56665614535422        617.99567437592157              695         210
 ../1635_seed.dataconnected         225  0.11147430911471638       0.26562292877771515        25.081719550811187        59.765158974985908       0.13500921751112524        30.377073940003179        362.01883741113767        509.35295993700657              659          37
 ../1636_seed.dataconnected         298  0.15451389641930585       0.35911074186160846        46.045141132953141        107.01500107475933       0.21149548747102262        63.025655266364744        565.09496789699642        993.55126626044535              736          54
 ../1637_seed.dataconnected         229  0.16307577560126640       0.37499347589333987        37.344352612690010        85.873505979574830       0.19868130108132645        45.498017947623758        349.39692531063747        487.67414183574226              773         114
 ../1638_seed.dataconnected         292  0.11275348308816588       0.26506022113697947        32.924017061744436        77.397584571998010       0.15073588320058121        44.014877894569715        629.14843071195503        1050.7822534718653              599          30
 ../1639_seed.dataconnected         235  0.14669285028307230       0.35329119159130312        34.472819816521991        83.023430023956237       0.18078299242474821        42.484003219815833        432.90414341976964        699.11606803719724              691          83
 ../1640_seed.dataconnected         205  0.16621611809424852       0.38713689803231843        34.074304209320950        79.363064096625280       0.23645900336796968        48.474095690433785        467.33653249584074        709.86572572487432              647         174
 ../1641_seed.dataconnected         168  0.17635881560818067       0.41544533549276541        29.628281022174352        69.794816362784587       0.21634892844685430        36.346619979071519        363.33038738756517        475.84170965601413              645         149
 ../1642_seed.dataconnected         199  0.19722216782478369       0.46643362794023852        39.247211397131956        92.820291960107468       0.23886296961322026        47.533730953030833        279.45593786068923        349.35579130740854              669          44
 ../1643_seed.dataconnected         278  0.14094877501366343       0.33517709408669882        39.183759453798430        93.179232156102273       0.19005014173724874        52.833939402955153        614.33146202562682        1142.5777055333349              724          30
 ../1644_seed.dataconnected         259  0.16618172591207817       0.39004525387333228        43.041067011228243        101.02172075319307       0.20455441804814345        52.979594274469150        348.95538096854892        501.85317296834285              627         128
 ../1645_seed.dataconnected         245  0.15006477733405896       0.34054676501365061        36.765870446844445        83.433957428344399       0.20581016486846479        50.423490392773871        457.62352458535690        664.18016189385173              703          90
 ../1646_seed.dataconnected         215  0.24382944779825558       0.54749591016250976        52.423331276624950        117.71162068493960       0.31546467154403901        67.824904381968381        293.97643208422801        386.74816491943068              660          40
 ../1647_seed.dataconnected         278  0.13008502681670422       0.31027596862973067        36.163637455043776        86.256719279065123       0.18397768213872512        51.145795634565580        642.63671601553995        1289.6475241732624              652          50
 ../1648_seed.dataconnected         261  0.15413567900501976       0.35537266695232811        40.229412220310159        92.752266074557639       0.20169471296592958        52.642320084107624        441.29243482650014        734.22413598693436              746         109
 ../1649_seed.dataconnected         391  0.11823057015733252       0.28296788421430946        46.228152931517016        110.64044272779500       0.14398632818737581        56.298654321263939        699.56997186548335        1337.7666629375237              774          43
 ../1650_seed.dataconnected         398  0.12074319315888565       0.28455768362757911        48.055790877236490        113.25395808377648       0.15293137877099763        60.866688750857058        920.14573917718349        1921.8235191317594              714          26
 ../1651_seed.dataconnected         244  0.15863322154793050       0.37814879871261486        38.706506057695044        92.268306885878033       0.21462085336857567        52.367488221932462        432.50608105277945        672.24244394475829              563          18
 ../1652_seed.dataconnected         264  0.10637421093678039       0.25588913350844994        28.082791687310021        67.554731246230787       0.13534216346050243        35.730331153572642        589.98451609553786        1004.1643497287664              649          39
 ../1653_seed.dataconnected         198  0.28352441801975303       0.64415179178988125        56.137834767911102        127.54205477439649       0.34414285017401819        68.140284334455600        216.95134398272046        246.56825117688717              598          51
 ../1654_seed.dataconnected         327  0.12046344552223980       0.28577049125971565        39.391546685772411        93.446950641927018       0.15433298673587981        50.466886662632696        643.79251910528319        1204.4819015722985              699          69
 ../1655_seed.dataconnected         226  0.14631180649352268       0.34759516866166001        33.066468267536123        78.556508117535159       0.18434142323029851        41.661161650047461        443.37410969204262        634.89328552847735              618          88
 ../1656_seed.dataconnected         218  0.19078619816136119       0.45318870210894041        41.591391199176741        98.795137059749010       0.25834818191639408        56.319903657773907        294.34415009990954        388.73278465857004              566          24
 ../1657_seed.dataconnected         257  0.13074164729529175       0.31008208939056470        33.600603354889984        79.691096973375124       0.18252409483274293        46.908692372014933        523.29654938780243        895.52733505387368              599          39
 ../1658_seed.dataconnected         216  0.12244873013026436       0.28844173767592413        26.448925708137104        62.303415337999610       0.16718947981984519        36.112927641086564        422.47812758083160        570.46671724163298              614          43
 ../1659_seed.dataconnected         259  0.10819798616662717       0.26105973862686294        28.023278417156437        67.614472304357506       0.14123059983373956        36.578725356938548        716.73054144371383        1271.9487524852425              506          20
 ../1660_seed.dataconnected         352  0.14849941737399322       0.35271976636142477        52.271794915645614        124.15735775922153       0.18863863606468292        66.400799894768383        596.21814560331416        1037.3365918026179              743          50
 ../1661_seed.dataconnected         275  0.18394301989650874       0.42526186784264453        50.584330471539907        116.94701365672725       0.24309694818488548        66.851660750843507        424.49273701800280        670.39868473085312              727          64
 ../1662_seed.dataconnected         412   9.3878843210924268E-002  0.21888377456148181        38.678083402900796        90.180115119330509       0.11911718239286587        49.076279145860738        886.31586291038866        1947.1288041540347              755          61
 ../1663_seed.dataconnected         278  0.17868854742136928       0.41855099330344669        49.675416183140662        116.35717613835818       0.22479196676683136        62.492166761179121        457.35355971416396        691.89480425296642              691          53
 ../1664_seed.dataconnected         296  0.11092254895730877       0.25830496381227758        32.833074491363398        76.458269288434167       0.12476801265889026        36.931331747031514        583.82607534471572        1069.2924821104427              663          29
 ../1665_seed.dataconnected         299  0.14082917427227792       0.32997797103277504        42.107923107411096        98.663413338799742       0.17790994400718702        53.195073258148916        651.40419516236454        1109.1350713018539              715          88
 ../1666_seed.dataconnected         257  0.11999570922524075       0.28487972862893512        30.838897270886871        73.214090257636329       0.14509271368889184        37.288827418045202        472.98347415932113        775.55334863515156              595          44
 ../1667_seed.dataconnected         238  0.14472700567109317       0.33542998033994537        34.445027349720178        79.832335320906992       0.20169918868850076        48.004406907863178        439.77361941450039        637.02521442758166              685          51
 ../1668_seed.dataconnected         360  0.12493541389831439       0.28762393827888283        44.976749003393181        103.54461778039781       0.16922599457682605        60.921358047657378        799.72710022303909        1647.8070624542856              783         108
 ../1669_seed.dataconnected         250  0.16132477090831748       0.37810782898170248        40.331192727079369        94.526957245425621       0.21073343416026419        52.683358540066045        364.86456147883297        524.31376729084093              620          32
 ../1670_seed.dataconnected         268  0.17336358906520602       0.39159902106000938        46.461441869475216        104.94853764408251       0.21681318311270822        58.105933074205801        379.46723568646155        540.71356359829679              696          88
 ../1671_seed.dataconnected         283  0.17791596410010949       0.41959920939385731        50.350217840330984        118.74657625846162       0.23811748292338036        67.387247667316643        553.49821120900458        955.51075335882558              671          28
 ../1672_seed.dataconnected         307  0.18327207654328317       0.43538564697505044        56.264527498787935        133.66339362134048       0.23294828774514542        71.515124337759644        492.63245541551328        818.54094577163733              689          46
 ../1673_seed.dataconnected         267  0.15376324118930262       0.35429100000843866        41.054785397543803        94.595697002253118       0.20026740753548772        53.471397811975223        401.42656864063792        622.31177577793756              714         103
 ../1674_seed.dataconnected         253  0.14566567989785453       0.34494084726916180        36.853417014157195        87.270034359097934       0.19778168856642217        50.038767207304808        644.05044519012529        1165.8999558135868              622          56
 ../1675_seed.dataconnected         408  0.12192697063868189       0.28395723011864832        49.746204020582212        115.85454988840851       0.16412093828724245        66.961342821194918        925.06125439799598        1792.5973883895022              653          30
 ../1676_seed.dataconnected         229  0.20668193659905779       0.48800014187935720        47.330163481184236        111.75203249037280       0.26330184571286402        60.296122668245864        411.82644489447853        655.15897100785753              551          20
 ../1677_seed.dataconnected         258  0.13127988076195343       0.29907454111647980        33.870209236583989        77.161231608051793       0.16454939342749489        42.453743504293683        294.57864739911309        414.41197778649422              662          35
 ../1678_seed.dataconnected         315  0.12742231403226048       0.30391593621061586        40.138028920162050        95.733519906344000       0.16181170671743378        50.970687615991643        500.91860749179949        848.09076992972655              629          24
 ../1679_seed.dataconnected         265  0.14057081238896074       0.32583315684091479        37.251265283074595        86.345786562842420       0.17569099941118771        46.558114843964745        344.33490032525918        525.33193933770713              553          25
 ../1680_seed.dataconnected         263  0.16907998983811331       0.39661200597125501        44.468037327423801        104.30895757044007       0.20893361384041126        54.949540440028159        499.67721415761156        798.33996993849155              650          38
 ../1681_seed.dataconnected         269  0.14786461722036895       0.34887933474382093        39.775582032279246        93.848541046087831       0.19341220590759509        52.027883389143078        434.52592041736858        665.59330705446314              609          42
 ../1682_seed.dataconnected         243  0.17018429978512642       0.40543158647028327        41.354784847785723        98.519875512278830       0.20099174769777994        48.840994690560528        468.11390256812558        687.09048965281670              798         170
 ../1683_seed.dataconnected         226  0.14583144265202175       0.34282330291769147        32.957906039356914        77.478066459398278       0.18269736383862514        41.289604227529281        345.70353494897438        458.66128087349568              601          53
 ../1684_seed.dataconnected         268  0.11778528567749062       0.28071316967265608        31.566456561567488        75.231129472271832       0.14961637330777544        40.097188046483815        491.31482586291634        842.31341583098481              629          48
 ../1685_seed.dataconnected         259   9.2599535832471797E-002  0.21648493908288716        23.983279780610196        56.069599222467772       0.11966993656103407        30.994513569307824        507.55276306034710        832.46020453049994              634          97
 ../1686_seed.dataconnected         270  0.13748137093308829       0.32602635192832125        37.119970151933842        88.027115020646733       0.17321095173959117        46.766956969689616        472.36370302884677        756.90801109199492              663          41
 ../1687_seed.dataconnected         222  0.10319269898496439       0.23821135070754798        22.908779174662094        52.882919857075649       0.14835042483770161        32.933794313969756        442.72734881430057        696.72719685683785              556          45
 ../1688_seed.dataconnected         350  0.20461155862010505       0.47614100108089746        71.614045517036772        166.64935037831413       0.25723124754121707        90.030936639425974        495.01485043019323        807.10653674185482              819         141
 ../1689_seed.dataconnected         319  0.14260394993597894       0.32692722400691615        45.490660029577285        104.28978445820626       0.19348491391370451        61.721687538471741        446.12444439377873        720.19092191658035              676          53
 ../1690_seed.dataconnected         242  0.17925309932930480       0.41739803006977588        43.379250037691762        101.01032327688576       0.22421731570573727        54.260590400788423        358.37934634278059        528.00751943167654              759         153
 ../1691_seed.dataconnected         284  0.12754582699483374       0.30233669415546832        36.223014866532786        85.863621140153001       0.15969535752350578        45.353481536675638        481.53616845523470        840.58318788233669              672          57
 ../1692_seed.dataconnected         383  0.15258264991074000       0.35869521822446876        58.439154915813418        137.38026857997153       0.19467354149475485        74.559966392491106        620.87521302670189        1135.3450410062660              762          49
 ../1693_seed.dataconnected         280  0.14264025471285746       0.32743016073272835        39.939271319600088        91.680445005163932       0.17986627786403614        50.362557801930116        448.68483275449239        659.24039795016233              841         229
 ../1694_seed.dataconnected         334  0.10739176985304945       0.25010696061891852        35.868851130918515        83.535724846718779       0.14434930254453771        48.212667049875591        525.17565116604089        935.27680697779283              877         256
 ../1695_seed.dataconnected         249  0.15663291693614306       0.36561497830777645        39.001596317099626        91.038129598636331       0.21795633477708268        54.271127359493583        507.90180478404750        819.61515146179761              652          28
 ../1696_seed.dataconnected         240  0.12350166130650635       0.28863105164759556        29.640398713561524        69.271452395422941       0.14725324599033265        35.340779037679837        367.69510216950732        532.85227249118952              630          39
 ../1697_seed.dataconnected         361  0.17612805885894650       0.41395277456864116        63.582229248079685        149.43695161927945       0.23111429899859426        83.432261938492530        642.75595513274698        1281.8869312506952              724          64
 ../1698_seed.dataconnected         268  0.14532241897863865       0.34020264245002202        38.946408286275158        91.174308176605905       0.19443639117289899        52.108952834336925        602.25702542282977        1177.3552368820688              717          80
 ../1699_seed.dataconnected         212  0.23450510063927427       0.55182961202873126        49.715081335526143        116.98787775009103       0.28998084871914098        61.475939928457890        264.44820286201144        351.03295873773305              597          28
 ../1700_seed.dataconnected         249  0.18797580973660105       0.44050823392919430        46.805976624413660        109.68655024836939       0.24272067748622017        60.437448694068820        330.45868503088957        416.86866985376491              711          34
 ../1701_seed.dataconnected         288  0.18476155613729292       0.43279910301483393        53.211328167540358        124.64614166827218       0.22959638401134883        66.123758595268455        503.17557265506349        869.11097392847489              731         165
 ../1702_seed.dataconnected         216  0.18346177138688094       0.43455027824634157        39.627742619566284        93.862860101209776       0.23155417901144348        50.015702666471796        313.93866812293157        385.07052985860378              606          42
 ../1703_seed.dataconnected         251  0.16585261206187943       0.38911343281542632        41.629005627531740        97.667471636672005       0.19997460652395402        50.193626237512461        350.43763965544264        513.24303715041424              710          70
 ../1704_seed.dataconnected         247  0.16189269885597288       0.37506654929772276        39.987496617425300        92.641437676537521       0.21092998549863079        52.099706418161809        430.69961606729805        657.67127156778758              702         110
 ../1705_seed.dataconnected         295  0.13193855814396588       0.31728591249457344        38.921874652469931        93.599344185899170       0.17240842429343237        50.860485166562547        730.49020828488381        1353.5822619893161              776          58
 ../1706_seed.dataconnected         225  0.16704552708292539       0.39719571615722737        37.585243593658213        89.369036135376163       0.22680779102218643        51.031752979991950        443.61021957268417        600.10489196362403              505          39
 ../1707_seed.dataconnected         223  0.15999643265064531       0.37293644509055074        35.679204481093905        83.164827255192819       0.21307393978120584        47.515488571208905        382.96920891664467        569.08292949654458              662          60
 ../1708_seed.dataconnected         235  0.12988156879001178       0.30441721596513532        30.522168665652767        71.538045751806806       0.17068281571959781        40.110461694105489        430.75228901551708        636.82805286884229              668         123
 ../1709_seed.dataconnected         238  0.17205755957873392       0.39510811838769616        40.949699179738673        94.035732176271679       0.22830777684306039        54.337250888648370        354.94321782978841        493.63827396306527              621          59
 ../1710_seed.dataconnected         243  0.14295793737757617       0.33263457706148691        34.738778782751012        80.830202225941321       0.19378017416364007        47.088582321764541        386.09720398514065        562.02624668167073              796         113
 ../1711_seed.dataconnected         236  0.11022231885826135       0.26208833706192058        26.012467250549680        61.852847546613255       0.14425503428514849        34.044188091295041        301.65364158329618        423.76511366134991              634          52
 ../1712_seed.dataconnected         218  0.13788924558962659       0.32508987129450051        30.059855538538596        70.869591942201112       0.18032361868080432        39.310548872415339        493.90787111042653        736.90636642668369              652          44
 ../1713_seed.dataconnected         257  0.22401852707077924       0.51011413257892879        57.572761457190268        131.09933207278470       0.27753182355287043        71.325678653087706        311.87713172384048        418.92960138156758              646          61
 ../1714_seed.dataconnected         312  0.12575509364088094       0.29938819555292684        39.235589215954853        93.409117012513178       0.17409089904301608        54.316360501421016        615.06888988627804        1083.7784677539787              541          31
 ../1715_seed.dataconnected         248  0.13602077415577052       0.32342578664308530        33.733151990631086        80.209595087485155       0.16095479302288898        39.916788669676464        435.06387238134653        653.95052043679311              692         131
 ../1716_seed.dataconnected         272  0.17087084043390346       0.39826591665766592        46.476868598021746        108.32832933088513       0.21346392950130083        58.062188824353825        412.27319286143586        658.97678979046475              765          33
 ../1717_seed.dataconnected         255  0.17763817122668241       0.41879992548683370        45.297733662804013        106.79398099914259       0.24072173109431766        61.384041429051003        353.19566965041582        516.29845641367694              777          80
 ../1718_seed.dataconnected         294  0.11642897722322018       0.27863237360627879        34.230119303626736        81.917917840245963       0.15492985145284441        45.549376327136258        575.52993031000165        1046.0684622395402              651          41
 ../1719_seed.dataconnected         306  0.11147006360200556       0.26334700062745980        34.109839462213699        80.584182192002700       0.12452881139017084        38.105816285392279        556.83648584580260        975.24478838868049              687          47
 ../1720_seed.dataconnected         327  0.17349203463245774       0.40197155547722890        56.731895324813685        131.44469864105386       0.23228278712568895        75.956471390100290        559.75748393875392        1023.4564531853046              620          48
 ../1721_seed.dataconnected         183  0.13547952905819396       0.31611228646089895        24.792753817649494        57.848548422344507       0.16581810658797352        30.344713505599156        358.24620078980894        450.52390009620763              577          45
 ../1722_seed.dataconnected         321  0.11712119676490182       0.27873037385645538        37.595904161533483        89.472450007922177       0.14401073219758287        46.227445035424104        779.71780648159529        1581.4148009128594              653          36
 ../1723_seed.dataconnected         221  0.13226482965061309       0.30584936071531948        29.230527352785494        67.592708718085603       0.16691762482793812        36.888795086974326        324.92930980495470        470.62111883887775              561          25
 ../1724_seed.dataconnected         610   7.6869762851934739E-002  0.18507809062821523        46.890555339680191        112.89763528321129        9.7637770034480473E-002   59.559039721033088        1147.1262451197304        2683.6044505719051              904          35
 ../1725_seed.dataconnected         233  0.13959683694865238       0.32508218826688834        32.526063009036008        75.744149866184983       0.17016805780880093        39.649157469450614        452.42982986963295        663.22610184398741              634          54
 ../1726_seed.dataconnected         192   9.6121003912360781E-002  0.22919023001999661        18.455232751173270        44.004524163839349       0.13919053540736234        26.724582798213568        324.16263916672585        454.98898671053200              597          75
 ../1727_seed.dataconnected         305   8.2328665441063251E-002  0.19463287054727063        25.110242959524292        59.363025516917546       0.11176030388234422        34.086892684114986        752.73654034369167        1477.1975457711676              566          33
 ../1728_seed.dataconnected         252  0.14421331906022805       0.32281532680981467        36.341756403177470        81.349462356073303       0.22369201661128599        56.370388186044067        389.04295496622046        579.65222343598805              697          58
 ../1729_seed.dataconnected         321  0.18622965386154683       0.43748805549016334        59.779718889556534        140.43366581234244       0.23738218996483429        76.199682978711806        450.20869146942886        731.02947988589813              753          24
 ../1730_seed.dataconnected         239  0.15316538055791293       0.36068748332482020        36.606525953341190        86.204308514632032       0.19353845260398511        46.255690172352445        464.88811324583679        728.19824147801285              659          46
 ../1731_seed.dataconnected         215  0.15445610543990179       0.34967258555932967        33.208062669578887        75.179605895255875       0.19857479093607514        42.693580051256156        264.31495686167563        349.27781281929140              682          68
 ../1732_seed.dataconnected         316  0.12564219018026976       0.29367875628293366        39.702932096965242        92.802486985407043       0.16071226413810127        50.785075467640006        582.45149248320524        948.52740384654226              737          53
 ../1733_seed.dataconnected         208  0.24211182626625330       0.56291030099338013        50.359259863380686        117.08534260662307       0.29353803231511333        61.055910721543569        262.38778388857179        330.33195593082314              606          67
 ../1734_seed.dataconnected         208  0.14508599801230745       0.33658744464213958        30.177887586559951        70.010188485565038       0.18579593791347263        38.645555086002304        257.80337355375025        301.08154084562932              638          77
 ../1735_seed.dataconnected         207  0.18544996625512164       0.43369036711356790        38.388143014810183        89.773905992508560       0.23699180398488881        49.057303424871982        306.27600272279602        385.44293924615397              548          41
 ../1736_seed.dataconnected         225  0.15925106934966587       0.37012943933497827        35.831490603674823        83.279123850370112       0.20871203708529146        46.960208344190576        325.91231429839200        473.25108506261279              704          91
 ../1737_seed.dataconnected         350  0.14533136773351998       0.33987121252512192        50.865978706731994        118.95492438379267       0.18233106060440735        63.815871211542571        634.95015808831806        1236.2621991846602              686          39
 ../1738_seed.dataconnected         304  0.16310027241997122       0.38587542228872035        49.582482815671248        117.30612837577098       0.21291686840106683        64.726727993924314        543.91305268596079        895.53418185890450              754          85
 ../1739_seed.dataconnected         238  0.12581510843406382       0.30041715446588407        29.943995807307189        71.499282762880412       0.16138273224460684        38.409090274216425        448.07059039353135        724.53651043380182              695          88
 ../1740_seed.dataconnected         203  0.23906197597616963       0.56694115058237693        48.529581123162437        115.08905356822251       0.28417245093258603        57.687007539314962        294.77770385036882        385.15000409992263              589          88
 ../1741_seed.dataconnected         316  0.13750274928716072       0.32278245394373151        43.450868774742787        101.99925544621915       0.17604695639026871        55.630838219324914        556.07004746021664        1048.8003320757693              768          68
 ../1742_seed.dataconnected         264  0.17261844694527467       0.39430007596720307        45.571269993552512        104.09522005534161       0.21822792859460630        57.612173148976062        496.83481422921454        736.32629162392186              688         104
 ../1743_seed.dataconnected         251  0.12591182566585446       0.30330988230816386        31.603868242129469        76.130780459349126       0.16613223359507359        41.699190632363468        394.35672812952885        628.39959451709387              627          49
 ../1744_seed.dataconnected         416   8.5363149777880010E-002  0.20253938268571628        35.511070307598082        84.256383197257975       0.11711558978188140        48.720085349262661        968.30505478412817        2068.9879273205715              821          83
 ../1745_seed.dataconnected         244  0.15797816973260109       0.37292498343599206        38.546673414754665        90.993695958382062       0.20296927258275826        49.524502510193017        387.03668519821917        567.65630826308484              761         110
 ../1746_seed.dataconnected         270  0.14792938708997083       0.34534776629510200        39.940934514292124        93.243896899677537       0.17940039489148529        48.438106620701028        534.57091776077618        942.29487959508469              707          54
 ../1747_seed.dataconnected         261  0.22346470246444050       0.52201909096566301        58.324287343218970        136.24698274203806       0.27365420268939289        71.423746901931537        353.28438213019859        492.44920239596809              660          71
 ../1748_seed.dataconnected         290  0.11534598445536555       0.26777780456571137        33.450335492056013        77.655563324056303       0.14976805436814511        43.432735766762079        399.68023461155633        615.94518156785171              755          62
 ../1749_seed.dataconnected         241  0.22161190518876078       0.50444413716469128        53.408469150491349        121.57103705669060       0.27610442478532082        66.541166373262314        332.69779579284653        465.78463932969061              661          33
 ../1750_seed.dataconnected         253  0.11453269326247027       0.27115477025879070        28.976771395404977        68.602156875474051       0.15817975633398274        40.019478352497629        499.53793544173038        857.61553088792175              683          50
 ../1751_seed.dataconnected         254  0.13262123633841771       0.30710954656483930        33.685794029958096        78.005824827469183       0.18129827645714805        46.049762220115603        498.56182755787739        831.33902956762699              677          74
 ../1752_seed.dataconnected         301  0.12852639846437633       0.30651821767361398        38.686445937777272        92.261983519757806       0.15806145674401390        47.576498479948185        690.45146917725151        1306.4849188883891              715          66
 ../1753_seed.dataconnected         270  0.16714606007921784       0.39846235223102650        45.129436221388815        107.58483510237716       0.20079121164309824        54.213627143636522        448.66092517084121        731.15166902623912              730          81
 ../1754_seed.dataconnected         229  0.19517187903168132       0.46291240619859808        44.694360298255020        106.00694101947896       0.24918171471143896        57.062612668919520        440.55692630598759        667.34651083665256              621          72
 ../1755_seed.dataconnected         321  0.13863355473540187       0.32171567095090742        44.501371070064003        103.27073037524129       0.18439673186727223        59.191350929394389        652.16857017264010        1176.6950412476117              752          76
 ../1756_seed.dataconnected         342  0.16169375334688338       0.37187402328674901        55.299263644634117        127.18091596406816       0.20714965644837638        70.845182505344724        605.31795407840855        1180.0625497765325              678          44
 ../1757_seed.dataconnected         274  0.13408498430942201       0.31364846781063282        36.739285700781629        85.939680180113399       0.16930915365195345        46.390708100635244        377.73175348595919        558.50831502243136              646          52
 ../1758_seed.dataconnected         252  0.14218763833975540       0.32654639127317175        35.831284861618357        82.289690600839279       0.19307808535190013        48.655677508678835        490.38513196870906        743.10744718373280              704         122
 ../1759_seed.dataconnected         371  0.19782969761832730       0.45665083422049024        73.394817816399424        169.41745949580189       0.24991423919305075        92.718182740621828        570.68842487040342        862.65816144289431              846          80
 ../1760_seed.dataconnected         305   9.9159572488175585E-002  0.23014761465572839        30.243669608893555        70.195022469997156       0.13223559192021361        40.331855535665149        898.79502813078648        1685.6546483135660              605          23
 ../1761_seed.dataconnected         273  0.12368726156071853       0.29681352536669853        33.766622406076159        81.030092425108691       0.15558584564845870        42.474935862029227        597.50703819748048        996.21068648941491              660          72
 ../1762_seed.dataconnected         279  0.11489009112598671       0.26781728594357229        32.054335424150288        74.721022778256668       0.14104973389701683        39.352875757267697        490.00758932834572        835.22476679340980              732          52
 ../1763_seed.dataconnected         291  0.14592538548973327       0.34774693982954447        42.464287177512382        101.19435949039745       0.17867277487814123        51.993777489539099        505.25329532917624        791.22160180303717              668          88
 ../1764_seed.dataconnected         333   9.9534885937040019E-002  0.23507730910376895        33.145117017034323        78.280743931555065       0.13449104361808170        44.785517524821209        559.79141506994529        1017.9895118902226              727          44
 ../1765_seed.dataconnected         216  0.16216840801611415       0.38298333876410684        35.028376131480655        82.724401173047085       0.19333017891183021        41.759318644955329        373.90663174629930        509.50790586904242              536          38
 ../1766_seed.dataconnected         342  0.10259833498630558       0.23724692368247008        35.088630565316507        81.138447899404767       0.14844395335370514        50.767832046967158        889.33043753704305        1952.5904093059546              666          32
 ../1767_seed.dataconnected         216  0.16808924301086400       0.39297701639436045        36.307276490346624        84.883035541181854       0.21259554954294690        45.920638701276530        411.88588308315269        574.49956543984740              540          47
 ../1768_seed.dataconnected         232  0.14557404064144994       0.34280406630947990        33.773177428816382        79.530543383799341       0.19832794397351983        46.012083001856602        417.53600242679028        642.46519422446363              693         195
 ../1769_seed.dataconnected         234  0.22999854401237849       0.50988155424558157        53.819659298896568        119.31228369346609       0.30562278458542202        71.515731592988757        303.26786238699611        384.60311807947619              712          38
 ../1770_seed.dataconnected         288  0.11739748409821416       0.27643850953952637        33.810475420285677        79.614290747383592       0.16048850267348810        46.220688769964575        500.92745932609910        852.59223754655341              749          46
 ../1771_seed.dataconnected         262  0.14819270856060093       0.34813220226902652        38.826489642877448        91.210636994484943       0.17861160127556333        46.796239534197589        517.29581926934077        880.91980240484634              697         116
 ../1772_seed.dataconnected         322  0.11582107625199994       0.28191136958959573        37.294386553143980        90.775461007849827       0.14204136958749858        45.737321007174543        662.55662569916444        1268.3018715015294              697          84
 ../1773_seed.dataconnected         302  0.16872836361878840       0.39276742963949285        50.955965812874098        118.61576375112683       0.21949224542019169        66.286658116897897        520.03033614345668        896.00367214441633              791          95
 ../1774_seed.dataconnected         246  0.15183138691983300       0.35423342825935983        37.350521182278918        87.141423351802516       0.19087199766599222        46.954511425834085        481.44921495825940        652.98153558132708              875         194
 ../1775_seed.dataconnected         311  0.11605079941844268       0.27368440643219222        36.091798619135673        85.115850400411773       0.15450164852790277        48.050012692177759        796.88631425458732        1474.1000248609830              645          59
 ../1776_seed.dataconnected         270   7.5956158512688832E-002  0.18003953355469468        20.508162798425985        48.610674059767561       0.10034293606866591        27.092592738539796        478.67573362798333        794.90941840452297              573          23
 ../1777_seed.dataconnected         203  0.13695958092672206       0.32160173840753853        27.802794928124577        65.285152896730324       0.17124323041286924        34.762375773812458        385.47367716996661        565.43579635208062              761          66
 ../1778_seed.dataconnected         285  0.13649258998987213       0.32090925722249736        38.900388147113553        91.459138308411752       0.16817747080699291        47.930579179992982        701.11464679446294        1211.9469981452958              739          96
 ../1779_seed.dataconnected         250  0.12059615264686992       0.28213062772152991        30.149038161717478        70.532656930382473       0.13507984842382481        33.769962105956203        393.36742370957364        589.38286817044457              544          18
 ../1780_seed.dataconnected         267  0.12474197995108023       0.29665378306469553        33.306108646938419        79.206560078273711       0.14532294079386815        38.801225191962793        484.57052076128178        783.66861418245378              664          49
 ../1781_seed.dataconnected         216  0.17589020878652795       0.41758477918892406        37.992285097890033        90.198312304807601       0.21945101969154748        47.401420253374255        247.37458786643055        291.40776170491978              680         166
 ../1782_seed.dataconnected         240  0.11870606598499352       0.28094271077562882        28.489455836398445        67.426250586150914       0.15468362282207140        37.124069477297134        452.09111609862805        732.55610598434441              832         201
 ../1783_seed.dataconnected         319  0.11040665565422128       0.26043662539800960        35.219723153696592        83.079283501965065       0.13571473321035699        43.292999894103879        789.20650203856451        1690.2518615919344              656          54
 ../1784_seed.dataconnected         278  0.11197508444901115       0.26287514439231091        31.129073476825099        73.079290141062430       0.14721336920790429        40.925316639797394        480.13001443191473        754.48446514920670              615          28
 ../1785_seed.dataconnected         271  0.15147799785942545       0.35727925350139417        41.050537419904295        96.822677698877825       0.19165922972998237        51.939651256825222        351.50436363758388        495.45404965868875              656          78
 ../1786_seed.dataconnected         224  0.19991868632780682       0.45797040246809018        44.781785737428727        102.58537015285219       0.24926624060655495        55.835637895868309        335.52996412217880        461.29805685556244              612          79
 ../1787_seed.dataconnected         270  0.17336228691650532       0.40296330293236199        46.807817467456438        108.80009179173774       0.22437150892590907        60.580307409995449        356.62488133332022        532.44013154707227              618          42
 ../1788_seed.dataconnected         236  0.22959717683951841       0.52614976106679423        54.184933734126346        124.17134361176343       0.27965804452287768        65.999298507399132        244.05814587549139        292.74717955318260              612          50
 ../1789_seed.dataconnected         162  0.22517035084688516       0.53298432160847964        36.477596837195399        86.343460100573708       0.27268228451395421        44.174530091260579        249.09753599319657        262.96715259092326              716          96
 ../1790_seed.dataconnected         315  0.17359558666596409       0.40653062455518257        54.682609799778689        128.05714673488251       0.23415692613668052        73.759431733054356        558.27004460370301        910.63512596870919              670          38
 ../1791_seed.dataconnected         301  0.11682437514214616       0.27044137350830283        35.164136917785996        81.402853425999155       0.16098701849252653        48.457092566250488        534.10588116302040        860.67496194334478              656          39
 ../1792_seed.dataconnected         391  0.11167878029744696       0.26676412771527847        43.666403096301764        104.30477393667388       0.13501588800093739        52.791212208366517        872.23650432254055        1661.3664404115991              778         121
 ../1793_seed.dataconnected         243  0.15161903115324518       0.35842668439764680        36.843424570238582        87.097684308628175       0.18846977048233299        45.798154227206915        564.59660208646119        1002.0578539480163              744         113
 ../1794_seed.dataconnected         455   8.3773414417953038E-002  0.19643518457824605        38.116903560168630        89.378008983101950       0.11744791389469407        53.438800822085803        914.84139350708097        1993.6296331243159              841          52
 ../1795_seed.dataconnected         276  0.20299588575539004       0.47474642299876513        56.026864468487652        131.03001274765919       0.25885007851504127        71.442621670151397        459.85151577989012        751.83627889044374              695         111
 ../1796_seed.dataconnected         403  0.11134455346015974       0.26179482254385961        44.871855044444374        105.50331348517543       0.13207824260581030        53.227531770141553        684.04751961724651        1353.8421971158375             1010         153
 ../1797_seed.dataconnected         313  0.17492863469381151       0.40646600076981559        54.752662659163001        127.22385824095228       0.22140170288369057        69.298733002595142        544.64891551891594        956.19071828507083              696          42
 ../1798_seed.dataconnected         239  0.10898965663261247       0.25666106812509010        26.048527935194379        61.341995281896530       0.14680502355954908        35.086400630732228        374.73704583201248        510.32968395924047              661          52
 ../1799_seed.dataconnected         231  0.15390802387634223       0.36712119953564304        35.552753515435057        84.804997092733544       0.19452245612264499        44.934687364330991        358.26216369085614        495.29072886799707              733         171
 ../1800_seed.dataconnected         260  0.16666057117750641       0.39651490044533771        43.331748506151662        103.09387411578781       0.22220272261720223        57.772707880472581        473.76564154398432        800.82615434609079              699          47
 ../1801_seed.dataconnected         278  0.23131137006751354       0.53801676460986469        64.304560878768768        149.56866056154237       0.28861310680238844        80.234443691063987        362.06378310409258        536.36885591296459              820          97
 ../1802_seed.dataconnected         298  0.18438357549269599       0.43076668382414213        54.946305496823406        128.36847177959436       0.24914665895530580        74.245704368681132        456.73516035825025        770.36101833486748              667          54
 ../1803_seed.dataconnected         266  0.21385912323770104       0.49096790059644013        56.886526781228476        130.59746155865307       0.26438785389235464        70.327169135366333        363.38936271277095        491.33037939363152              637          43
 ../1804_seed.dataconnected         254  0.18314739437797828       0.42717811640456022        46.519438172006481        108.50324156675829       0.22107554663751744        56.153188845929428        440.22058245525341        650.98461244034036              643          34
 ../1805_seed.dataconnected         337  0.13516388778078053       0.30909151099223092        45.550230182123038        104.16383920438182       0.18260806646577055        61.538918398964675        500.96532422592031        847.23851318815150              802         112
 ../1806_seed.dataconnected         291  0.12987201620932423       0.30545398231444204        37.792756716913352        88.887108853502639       0.16170957817113574        47.057487247800502        502.52140455446192        847.21065584352891              642          39
 ../1807_seed.dataconnected         332  0.10786617807266626       0.26106463791570861        35.811571120125194        86.673459788015265       0.13718236803133715        45.544546186403934        854.49517145049708        1712.7090644835810              895         140
 ../1808_seed.dataconnected         468   7.7001373330327041E-002  0.17884001676518729        36.036642718593058        83.697127846107648        9.0103071092575690E-002   42.168237271325424        837.29860571144150        1814.7593707627448              813          78
 ../1809_seed.dataconnected         253  0.14333544099605863       0.33974391246534158        36.263866572002833        85.955209853731418       0.18094110190652266        45.778098782350234        513.43940690472732        810.24546018291562              680          55
 ../1810_seed.dataconnected         296  0.12168937891870502       0.28719740365815871        36.020056159936686        85.010431482814980       0.14607536689125450        43.238308599811333        561.87245329601262        986.51184553588973              732          89
 ../1811_seed.dataconnected         262  0.19237592660547495       0.44655015499260453        50.402492770634439        116.99614060806239       0.23854439284058901        62.498630924234320        347.96574448532647        490.48082469946718              678          89
 ../1812_seed.dataconnected         258  0.12430300587348346       0.29339901831564846        32.070175515358734        75.696946725437300       0.15237448339636342        39.312616716261765        523.57188370388189        854.18821348833490              695         175
 ../1813_seed.dataconnected         223  0.20669932501991972       0.48265078075554602        46.093949479442095        107.63112410848676       0.26180815247504907        58.383218001935944        363.97057611324630        517.88473208775963              794          73
 ../1814_seed.dataconnected         225  0.19735333468252661       0.46691827615378861        44.404500303568490        105.05661213460243       0.23873811877521342        53.716076724423019        352.87627380027612        469.19848639203320              565          37
 ../1815_seed.dataconnected         260  0.22022120797465947       0.51168048912925468        57.257514073411464        133.03692717360622       0.27465187072149311        71.409486387588203        345.34949788539706        462.98316167100177              571          29
 ../1816_seed.dataconnected         289  0.11212658445636459       0.26946280965913832        32.404582907889363        77.874751991490982       0.15645767691983614        45.216268629832648        667.07447811276995        1208.5454789312696              596          19
 ../1817_seed.dataconnected         446   9.0197386687627723E-002  0.21203404032609341        40.228034462681961        94.567181985437657       0.12293684161018073        54.829831358140609        942.45853406875483        1955.8260090891270              722          33
 ../1818_seed.dataconnected         264  0.15227509186694882       0.36503205562986246        40.200624252874491        96.368462686283692       0.17715901234306669        46.769979258569606        534.50381352390639        909.32433468808654              619         105
 ../1819_seed.dataconnected         345  0.16847470547921942       0.39252777888394524        58.123773390330697        135.42208371496110       0.21865170814456555        75.434839309875116        518.38862403633914        881.93691318472099              785          58
 ../1820_seed.dataconnected         366  0.11869508556520421       0.27602541874775677        43.442401316864739        101.02530326167897       0.15270361166890803        55.889521870820339        637.64764239074475        1163.1371734081008              733          73
 ../1821_seed.dataconnected         241  0.13290562548060350       0.31409282938077954        32.030255740825446        75.696371880767870       0.17272286817029739        41.626211229041672        423.05988991996247        605.94668688762010              672          63
 ../1822_seed.dataconnected         288  0.17863656541556552       0.41513979883927843        51.447330839682870        119.56026206571218       0.22664032211409182        65.272412768858445        482.45252836976863        737.33029720742627              643          44
 ../1823_seed.dataconnected         267  0.21317558832631503       0.49475381890075210        56.917882083126116        132.09926964650080       0.26621190505308701        71.078578649174233        336.19007469282786        481.64828498652514              601          47
 ../1824_seed.dataconnected         364  0.12172230105656122       0.28222945882678124        44.306917584588284        102.73152301294837       0.14464155808470491        52.649527142832589        690.49078918428268        1308.7763776236079              770          63
 ../1825_seed.dataconnected         218  0.12129345511814855       0.28410670330205118        26.441973215756384        61.935261319847157       0.17742454414644745        38.678550623925545        385.01674199486871        591.22180669032082              774         117
 ../1826_seed.dataconnected         253  0.18534912861147379       0.44080129988476047        46.893329538702872        111.52272887084440       0.23376133530939336        59.141617833276520        534.64089377741175        746.28729495908374              690          41
 ../1827_seed.dataconnected         322  0.13770276269892479       0.32354877878102173        44.340289589053782        104.18270676748899       0.18371568717193312        59.156451269362464        719.24748477746959        1313.9049749563576              718          51
 ../1828_seed.dataconnected         236  0.19647843932393266       0.46445001066379765        46.368911680448107        109.61020251665624       0.24232276207789963        57.188171850384315        329.46642256619054        456.50399406906507              636          30
 ../1829_seed.dataconnected         195  0.15332326770313445       0.35842848345943540        29.898037202111219        69.893554274589903       0.19752081540410329        38.516559003800140        352.59671356435570        462.63362355722222              783          72
 ../1830_seed.dataconnected         232  0.15205926737333378       0.35534702119424078        35.277750030613440        82.440508917063866       0.19292543674359142        44.758701324513211        434.98585362138215        637.76060917433290              676          62
 ../1831_seed.dataconnected         261  0.11608751252494830       0.27090605596745188        30.298840769011505        70.706480607504943       0.15966910837281603        41.673637285304984        370.81137404235892        521.32745335047946              648          72
 ../1832_seed.dataconnected         288  0.19521433419517270       0.44597530207325919        56.221728248209736        128.44088699709866       0.27073203059280437        77.970824810727663        523.98796391440453        824.16323132227433              772         102
 ../1833_seed.dataconnected         269  0.14173023504067739       0.34063692729535083        38.125433225942217        91.631333442449375       0.17689624633132256        47.585090263125771        515.24428526398219        798.10643382760747              725          97
 ../1834_seed.dataconnected         248  0.21283877247533395       0.48918091116523854        52.784015573882819        121.31686596897916       0.25803225795208118        63.991999972116133        306.97053046920615        402.60110424196006              759          57
 ../1835_seed.dataconnected         237  0.14266103081303630       0.33772006380704939        33.810664302689602        80.039655122270702       0.18829146337043912        44.625076818794071        389.06009389783850        558.75476449199027              578          36
 ../1836_seed.dataconnected         241  0.16010994508310056       0.37750310493248890        38.586496765027235        90.978248288729830       0.20667993597137679        49.809864569101805        413.84690775979084        634.30656818469913              634         145
 ../1837_seed.dataconnected         339  0.13830229121200580       0.32005786981841966        46.884476720869962        108.49961786844426       0.19041814886963679        64.551752466806875        659.63602163704354        1164.4697416280339              790          78
 ../1838_seed.dataconnected         380   8.7144637177530376E-002  0.20237955705579500        33.114962127461546        76.904231681202091       0.10833746635489264        41.168237214859204        729.10790489557075        1412.0173211482272              661          23
 ../1839_seed.dataconnected         224  0.16565789183009100       0.39273092984769448        37.107367769940382        87.971728285883557       0.22121734917740424        49.552686215738547        344.02257724955894        495.79189115688911              679         132
 ../1840_seed.dataconnected         204  0.22493422785818176       0.51960386679292370        45.886582483069077        105.99918882575643       0.27608103241694099        56.320530613055958        262.00499060535526        332.38582582615828              734          56
 ../1841_seed.dataconnected         244  0.11625794259618384       0.26984320834685938        28.366937993468856        65.841742836633685       0.15017934532062427        36.643760258232319        284.81795977600376        378.18872294137219              702          47
 ../1842_seed.dataconnected         271  0.14064175567052825       0.32455809839593114        38.113915786713157        87.955244665297343       0.17491609739136910        47.402262393061022        417.74279728505110        667.02701469556894              643          25
 ../1843_seed.dataconnected         344  0.12788428467717855       0.30230631692045012        43.992193928949419        103.99337302063485       0.17987897091693775        61.878365995426584        805.47771758355236        1723.0712894049259              640          28
 ../1844_seed.dataconnected         244  0.16623932354650733       0.38467934255514152        40.562394945347791        93.861759583454528       0.19693048997576909        48.051039554087659        347.73751159347393        496.99784425887168              708          64
 ../1845_seed.dataconnected         260  0.15068694748421574       0.36175604003238326        39.178606345896092        94.056570408419645       0.19411578086506001        50.470103024915602        442.25601256032417        682.21474494490349              631          50
 ../1846_seed.dataconnected         300  0.12199631166480486       0.28809600844124322        36.598893499441459        86.428802532372970       0.15977513719711026        47.932541159133073        642.69644395186958        1012.7503203390377              703          63
 ../1847_seed.dataconnected         285  0.12735507175189573       0.29332589521904229        36.296195449290281        83.597880137427055       0.16686168264299206        47.555579553252734        584.87816536140622        1056.7607098755013              701          47
 ../1848_seed.dataconnected         299  0.17280354573726087       0.40449080893201828        51.668260175440999        120.94275187067346       0.21754021008870242        65.044522816522019        604.15042099059906        1014.8970621884207              681          55
 ../1849_seed.dataconnected         290  0.19979163299850891       0.46257999529720206        57.939573569567585        134.14819863618860       0.25070878360252308        72.705547244731690        569.01752262685147        898.98161853374836              799          59
 ../1850_seed.dataconnected         230  0.14935655444955437       0.35727838116143257        34.352007523397504        82.174027667129494       0.19954279128252986        45.894841994981867        366.00367403049768        524.33322782281289              624          68
 ../1851_seed.dataconnected         206  0.23745289201767025       0.54512739137929056        48.915295755640074        112.29624262413385       0.29570618707316082        60.915474537071127        287.27152467455687        367.97378000302132              667          89
 ../1852_seed.dataconnected         246  0.13272396235459155       0.31828205774270418        32.650094739229523        78.297386204705234       0.18290808502554656        44.995388916284455        378.36486239513368        555.16174904583579              596          76
 ../1853_seed.dataconnected         258  0.19902854390851932       0.47255377185793940        51.349364328397982        121.91887313934836       0.25103637796534256        64.767385515058379        394.16824855781465        571.32839504321930              720          42
 ../1854_seed.dataconnected         201  0.23608287211628770       0.54895723194323176        47.452657295373825        110.34040362058958       0.28412498717852785        57.109122422884099        236.57937242858117        261.58601689439439              661          55
 ../1855_seed.dataconnected         256  0.13313201458341450       0.31301535719482537        34.081795733354113        80.131931441875295       0.17499318368592010        44.798255023595544        432.93267950002036        659.81100438746739              794         156
 ../1856_seed.dataconnected         319  0.14938510413181497       0.35595781666483506        47.653848218048971        113.55054351608239       0.19742915038046110        62.979898971367092        582.14566235269990        1016.6184604480782              753          39
 ../1857_seed.dataconnected         221  0.17182858322949379       0.39722919553284081        37.974116893718126        87.787652212757820       0.21901642334262014        48.402629558719049        433.48860437124881        624.63452227186497              762         117
 ../1858_seed.dataconnected         257   9.1400627588933928E-002  0.22316864761244937        23.489961290356021        57.354342436399484       0.12868987996948764        33.073299152158320        649.60753539412758        1211.4454341712353              605          42
 ../1859_seed.dataconnected         301  0.14402841237705008       0.34219800141461720        43.352552125492075        103.00159842579978       0.18281221364102426        55.026476305948300        511.55816597779756        841.89029230451717              646          52
 ../1860_seed.dataconnected         282  0.14769921473306769       0.34619254960214668        41.651178554725085        97.626298987805370       0.20091597930815885        56.658306164900800        574.48406159253921        1035.4996468215552              681          46
 ../1861_seed.dataconnected         231  0.17810558174663407       0.41609263390942247        41.142389383472469        96.117398433076588       0.23126959895168456        53.423277357839133        396.78047670336832        578.09994085263088              618         110
 ../1862_seed.dataconnected         292  0.12016851570194251       0.27963577804057077        35.089206584967215        81.653647187846659       0.14959368325491337        43.681355510434706        551.06210088906857        904.50925909680996              693          49
 ../1863_seed.dataconnected         234  0.15069589814166973       0.35932769244957780        35.262840165150713        84.082680033201200       0.17965326818292227        42.038864754803811        358.56711982570494        527.93184099845655              651          58
 ../1864_seed.dataconnected         230  0.19777811845782986       0.46184692004760730        45.488967245300870        106.22479161094968       0.24057232521038743        55.331634798389111        349.03793716560835        474.87505238056889              726         170
 ../1865_seed.dataconnected         295  0.21357928850942884       0.49244622557138523        63.005890110281506        145.27163654355866       0.26252395089542402        77.444565514150085        355.26073747094443        497.32463569986646              739          50
 ../1866_seed.dataconnected         298  0.19892677000861544       0.46519232676293526        59.280177462567401        138.62731337535470       0.23834647214988577        71.027248700665965        413.46942990699068        604.66080309328026              686          76
 ../1867_seed.dataconnected         277  0.13668465653977738       0.31453912326149891        37.861649861518330        87.127337143435199       0.16695009773415631        46.245177072361301        508.02776563797761        887.40846400509702              646          36
 ../1868_seed.dataconnected         226  0.15625589085591760       0.35949771425292426        35.313831333437378        81.246483421160889       0.18236478908912851        41.214442334143044        329.54398400546478        456.92445059269096              575          41
 ../1869_seed.dataconnected         354  0.13590427831234167       0.31594178191768091        48.110114522568949        111.84339079885905       0.17535396039596904        62.075301980173037        640.47054965478810        1248.5789228368233              686          40
 ../1870_seed.dataconnected         211  0.16750261362604246       0.39036267762130900        35.343051475094960        82.366524978096194       0.19639883822355000        41.440154865169049        261.91749506088138        324.38473583738937              695          87
 ../1871_seed.dataconnected         216  0.11619526546091648       0.27899920351232305        25.098177339557960        60.263827958661778       0.14239602241895763        30.757540842494848        377.69289872179075        591.82221833366077              723         119
 ../1872_seed.dataconnected         257  0.15689783292807130       0.36880733611221683        40.322743062514327        94.783485380839721       0.19875421953732592        51.079834421092762        327.68515847079601        475.18996544708699              713         133
 ../1873_seed.dataconnected         275  0.17315852908208867       0.40717185293838704        47.618595497574383        111.97225955805644       0.22952494806662152        63.119360718320920        418.42506816362214        679.18045791132465              701          83
 ../1874_seed.dataconnected         230  0.19894548847522567       0.45852023432378985        45.757462349301903        105.45965389447167       0.24301784612952809        55.894104609791462        328.61318659558469        453.61936439011885              635          55
 ../1875_seed.dataconnected         233  0.18494371330853299       0.43834184185407488        43.091885200888186        102.13364915199945       0.22882120287050747        53.315340268828244        291.43471931637060        367.83886851042644              673          82
 ../1876_seed.dataconnected         233  0.17334757009568721       0.40451104883200417        40.389983832295123        94.251074377856966       0.22185841424635039        51.693010519399643        334.77655849985319        484.67120966170279              605          47
 ../1877_seed.dataconnected         265  0.14615419921981093       0.32894537026976245        38.730862793249898        87.170523121487051       0.20832124622956805        55.205130250835531        504.97407511384341        833.98492440389521              688          36
 ../1878_seed.dataconnected         237  0.18242964247436880       0.42901469337880754        43.235825266425408        101.67648233077739       0.23844726519644011        56.512001851556306        454.84103185759687        641.73717977210288              678          41
 ../1879_seed.dataconnected         281  0.19641431575868090       0.45323016344324801        55.192422728189335        127.35767592755269       0.25347661294159929        71.226928236589401        385.67176905985758        535.40128867102055              729          35
 ../1880_seed.dataconnected         315  0.12841562617678373       0.30415311638845866        40.450922245686876        95.808231662364477       0.16773774672385666        52.837390218014846        682.69405638035528        1258.2184473274046              794         217
 ../1881_seed.dataconnected         322  0.10684081316744264       0.24766722228868679        34.402741839916530        79.748845576957152       0.15263316096119492        49.147877829504765        660.38997390659620        1151.2024431607026              705          81
 ../1882_seed.dataconnected         211  0.21930157479803242       0.51319600773930973        46.272632282384841        108.28435763299436       0.26442893434270598        55.794505146310961        306.78992954467515        426.99291258747854              867         119
 ../1883_seed.dataconnected         270   9.0702306878773453E-002  0.21239520648888141        24.489622857268831        57.346705751997980       0.11703130135547547        31.598451365978377        363.89638077947700        533.72978936195909              703          73
 ../1884_seed.dataconnected         359  0.15261735946185859       0.36152147958497005        54.789632046807235        129.78621117100425       0.18898782597733144        67.846629525861985        676.75270884557051        1298.1008805306762              799          64
 ../1885_seed.dataconnected         304  0.14806307315565445       0.34957438927818046        45.011174239318954        106.27061434056687       0.17883325774490172        54.365310354450123        533.58522429073537        873.51586159434567              742          71
 ../1886_seed.dataconnected         356  0.19343056593990182       0.45182875409532774        68.861281474605050        160.85103645793669       0.25248630404946332        89.885124241608935        546.13197441162106        972.36576934366940              808          67
 ../1887_seed.dataconnected         241  0.12810066021425306       0.29952208962054466        30.872259111634989        72.184823598551262       0.16152438169393610        38.927375988238602        386.36309475701080        548.11580181042132              761          88
 ../1888_seed.dataconnected         247  0.18593741844633860       0.42190113853464856        45.926542356245633        104.20958121805819       0.24834850308256737        61.342080261394138        392.59556743534932        601.55956582854571              876         220
 ../1889_seed.dataconnected         288  0.11508195464558883       0.26846201192583014        33.143602937929586        77.317059434639077       0.16336856862199509        47.050147763134582        437.50356911752056        690.30930478265157              630          24
 ../1890_seed.dataconnected         275  0.15491555116805220       0.35190428517450106        42.601776571214351        96.773678422987786       0.19539964967524073        53.734903660691202        434.30701137210764        683.17709005906204              796         115
 ../1891_seed.dataconnected         313  0.13049519519835512       0.30468793395776972        40.844996097085151        95.367323328781922       0.16130845410120698        50.489546133677784        686.37737800041327        1214.4828898773492              732          44
 ../1892_seed.dataconnected         281   8.4294331621540639E-002  0.19999632054525229        23.686707185652921        56.198966073215892       0.11282056136657992        31.702577744008956        475.10079178580963        796.24225699544388              672          91
 ../1893_seed.dataconnected         244  0.20033067875136421       0.45879334759063645        48.880685615332865        111.94557681211529       0.25551353228988105        62.345301878730979        345.58432315806039        450.94852925029119              732          96
 ../1894_seed.dataconnected         243  0.19121909135516424       0.43365951223217963        46.466239199304908        105.37926147241966       0.23934003956276848        58.159629613752742        332.09676013296030        438.36657459236824              598          84
 ../1895_seed.dataconnected         283  0.14634500799844335       0.33966045588778110        41.415637263559468        96.123909016242052       0.18251290287156824        51.651151512653811        456.99684406078291        712.51497931571919              659          23
 ../1896_seed.dataconnected         238  0.16390561624443212       0.39456315490188409        39.009536666174846        93.906030866648408       0.20454527599865088        48.681775687678908        407.86358763812478        656.30039657614032              607          52
 ../1897_seed.dataconnected         366  0.14833989295363709       0.34585258842696759        54.292400821031173        126.58204736427014       0.19484089972064608        71.311769297756470        789.30497414513115        1558.2990548386438              640          30
 ../1898_seed.dataconnected         225  0.20753879550528193       0.47009410084986292        46.696228988688432        105.77117269121915       0.28683886704220340        64.538745084495773        364.15691953274370        532.18345839155791              578          53
 ../1899_seed.dataconnected         252  0.21585801328647630       0.50245338080735824        54.396219348192027        126.61825196345427       0.26418364629827273        66.574278867164736        311.32114328155478        425.70751171004952              718          78
 ../1900_seed.dataconnected         343  0.11729554088794696       0.27743228378977386        40.232370524565809        95.159273339892437       0.15007289918296465        51.475004419756878        840.92495096860682        1718.1483870621059              787          85
 ../1901_seed.dataconnected         278  0.13130936983651229       0.30477988131363393        36.504004814550413        84.728807005190234       0.16614356495598151        46.187911057762861        428.55388334342103        656.51432640295627              632          48
 ../1902_seed.dataconnected         211  0.17221820762082768       0.39893729577844100        36.338041807994642        84.175769409251046       0.21884969309870880        46.177285243827555        369.70060717632015        481.69065063929713              709          56
 ../1903_seed.dataconnected         207  0.19153139860947316       0.43959189030815432        39.646999512160946        90.995521293787945       0.24531888632306376        50.781009468874196        298.89330244799584        413.16142132386005              640          56
 ../1904_seed.dataconnected         201  0.24972297503325333       0.57699561555687029        50.194317981683916        115.97611872693093       0.29536084776538013        59.367530400841403        251.88175111804210        319.32788378210608              595          52
 ../1905_seed.dataconnected         227  0.15178595804833483       0.35363777436676702        34.455412476972008        80.275774781256118       0.20296710116984654        46.073531965555162        292.12439655418336        385.08266229621654              587          46
 ../1906_seed.dataconnected         167  0.27263694044241249       0.61300115707903147        45.530369053882886        102.37119323219825       0.34761182877929564        58.051175406142370        214.20198382910337        232.06988589492499              781          97
 ../1907_seed.dataconnected         152  0.19552412001996478       0.44870407462514661        29.719666243034645        68.203019343022291       0.24516375692233394        37.264891052194756        238.33731664750394        256.67060274221296              660         130
 ../1908_seed.dataconnected         373   7.1534590565231940E-002  0.16751259851037781        26.682402280831514        62.482199244370925       0.10020376316588722        37.376003660875931        608.09405200070012        1177.6529415410364              719          57
 ../1909_seed.dataconnected         309  0.10067125678739207       0.23714239221439309        31.107418347304151        73.276999194247466       0.12321512332859071        38.073473108534529        540.63944088782659        996.43668972989576              606          40
 ../1910_seed.dataconnected         404   9.6838919273178323E-002  0.22645728099868118        39.122923386364043        91.488741523467198       0.12413356283317740        50.149959384603669        779.62722844836890        1556.4728891244868              641          22
 ../1911_seed.dataconnected         391  0.17459652732868722       0.40666850760854234        68.267242185516707        159.00738647494006       0.21343624958000901        83.453573585783516        634.79435016317666        1122.8257847186878              754          70
 ../1912_seed.dataconnected         330  0.10516494177381866       0.25169815383517491        34.704430785360159        83.060390765607721       0.12879739561689818        42.503140553576401        763.13297549407503        1496.5940034371349              664          23
 ../1913_seed.dataconnected         295  0.13229077141172185       0.31345665380766463        39.025777566457947        92.469712873261059       0.18128780533699879        53.479902574414645        595.89026412488511        1025.8087900947489              676          56
 ../1914_seed.dataconnected         239  0.17874143775011989       0.40621721208737782        42.719203622278656        97.085913688883295       0.23179235809763241        55.398373585334149        399.15892648995214        587.86003877957239              592          37
 ../1915_seed.dataconnected         319  0.11250808444028793       0.26466819011891152        35.890078936451850        84.429152647932767       0.14508090890519124        46.280809940756001        663.70702463955490        1248.9460095038212              719         113
 ../1916_seed.dataconnected         263  0.18075683947905904       0.41865533753264783        47.539048782992531        110.10635377108638       0.22838232824382881        60.064552328126979        400.57575239251975        618.26964785123039              747         106
 ../1917_seed.dataconnected         217  0.17572289688871218       0.41194950553646287        38.131868624850540        89.393042701412440       0.22539046281162134        48.909730430121833        373.02277745481041        485.53617803108330              625          28
 ../1918_seed.dataconnected         263  0.26483161879311895       0.60548288277937656        69.650715742590279        159.24199817097605       0.31229138179315125        82.132633411598775        317.14038090504977        412.41529354477723              622          50
 ../1919_seed.dataconnected         271  0.20402462065126212       0.48205515109565922        55.290672196492032        130.63694594692365       0.25022456658199005        67.810857543719308        357.38513333681573        507.10826638737200              697         133
 ../1920_seed.dataconnected         302   9.6374937605894884E-002  0.22898576940851056        29.105231156980256        69.153702361370193       0.12656245727484650        38.221862097003644        417.57344168162825        672.27837090254195              662          38
 ../1921_seed.dataconnected         288  0.16754130892599237       0.38668084543025977        48.251896970685799        111.36408348391481       0.21824521491979296        62.854621896900369        489.24282183888181        778.79226778094949              579          32
 ../1922_seed.dataconnected         324  0.13388564613005727       0.31706419977160305        43.378949346138555        102.72880072599939       0.17601934077177722        57.030266410055823        449.03950697853429        730.20424821482641              779          64
 ../1923_seed.dataconnected         216  0.15499953614105991       0.37227965992494072        33.479899806468943        80.412406543787199       0.21282801784356803        45.970851854210693        405.40243662109799        574.27377147845732              680         150
 ../1924_seed.dataconnected         253  0.12821895104822681       0.30039720402769504        32.439394615201380        76.000492619006849       0.17407293020980766        44.040451343081337        503.52983003777200        760.44592214890827              783         239
 ../1925_seed.dataconnected         247  0.10221284600486895       0.24193477367606137        25.246572963202631        59.757889097987160       0.13777597484342624        34.030665786326281        444.44116394157709        706.15021055214049              630          57
 ../1926_seed.dataconnected         113  0.21988253425095730       0.51626589592665240        24.846726370358176        58.338046239711723       0.27678220464632225        31.276389125034413        140.75873283430693        124.30597069088920              668          71
 ../1927_seed.dataconnected         318  0.13716911698780157       0.31676014649789946        43.619779202120903        100.72972658633203       0.17855053072262919        56.779068769796083        658.93682794680603        1188.7968854205988              804          72
 ../1928_seed.dataconnected         282  0.17266610968784168       0.39864831808807111        48.691842931971358        112.41882570083605       0.20764623627680157        58.556238630058040        426.50571193566833        631.17304447248887              692          84
 ../1929_seed.dataconnected         292  0.15290288076315181       0.35461697413421100        44.647641182840331        103.54815644718961       0.19282477107292942        56.304833153295391        451.47197316183673        730.22790562308830              722          60
 ../1930_seed.dataconnected         310  0.16376662142888807       0.38454920093377792        50.767652642955298        119.21025228947116       0.21871950598209425        67.803046854449221        581.86189686051591        1062.5805195039843              683          28
 ../1931_seed.dataconnected         247  0.14354623193964480       0.34401845785156415        35.455919289092265        84.972559089336343       0.17784783393051809        43.928414980837971        401.37470200751881        585.07453168517145              640          64
 ../1932_seed.dataconnected         229  0.22133539913021283       0.50838562031312429        50.685806400818741        116.42030705170546       0.25607403510349619        58.640954038700627        248.38007738133606        290.61284396203519              737          58
 ../1933_seed.dataconnected         243  0.13102850757593165       0.31360474620353906        31.839927340951391        76.205953327459994       0.14397936855897331        34.986986559830513        460.34821025495739        650.67296859663907              752         140
 ../1934_seed.dataconnected         228  0.19738835345426270       0.44827706914689830        45.004544587571893        102.20717176549282       0.24421735133131436        55.681556103539677        288.78262619293099        355.58846241040186              609          29
 ../1935_seed.dataconnected         284  0.16857084175101242       0.40196632100517521        47.874119057287530        114.15843516546975       0.20726743002063946        58.863950125861606        406.38981304713110        639.39766556545408              914         192
 ../1936_seed.dataconnected         250  0.17829557281344313       0.42261841370092507        44.573893203360782        105.65460342523127       0.21987144256512142        54.967860641280353        301.71810467010118        420.09099263707742              743          83
 ../1937_seed.dataconnected         347   8.8612448153366899E-002  0.21672397402917268        30.748519509218315        75.203218988122913       0.11246129792992210        39.024070381682968        705.60087829029874        1358.8370612819479              654          36
 ../1938_seed.dataconnected         424  0.13171962478872482       0.30673582325267074        55.849120910419323        130.05598905913240       0.18414659671151187        78.078157005681035        685.66926900754765        1446.0305015728729              689          35
 ../1939_seed.dataconnected         231  0.10411952732235884       0.24804759100541837        24.051610811464890        57.298993522251642       0.14286937488891055        33.002825599338337        360.80252072427010        540.86760968040539              673          75
 ../1940_seed.dataconnected         287  0.14709521605104872       0.34445866416136017        42.216327006650985        98.859636614310375       0.19731002736925618        56.627977854976521        590.86104811928669        1075.0668444410683              636          23
 ../1941_seed.dataconnected         486   8.6515308532587765E-002  0.20099696616887097        42.046439946837651        97.684525558071286       0.12379909207465074        60.166358748280260        892.38956178855926        1963.8668559179794              831          49
 ../1942_seed.dataconnected         295  0.11302877996368023       0.26785999832419805        33.343490089285666        79.018699505638423       0.14229125235547710        41.975919444865745        600.35503181470688        1067.5781337826536              664          53
 ../1943_seed.dataconnected         310  0.17793661079176445       0.41343687583039634        55.160349345446981        128.16543150742288       0.22583416817180427        70.008592133259327        413.52309868691543        624.40299800772254              866          80
 ../1944_seed.dataconnected         289  0.19755567329822601       0.45681470728274520        57.093589583187317        132.01945040471335       0.24709843951187277        71.411449018931236        418.96116617657492        641.32614900925705              757          72
 ../1945_seed.dataconnected         371   7.9512255759062456E-002  0.19075739521988633        29.499046886612170        70.770993626577834       0.10762748254455480        39.929796024029834        1046.6645371543409        2577.5608754653285              653          26
 ../1946_seed.dataconnected         354  0.10962888382512172       0.25864863826180345        38.808624874093091        91.561617944678417       0.15418869217247186        54.582797029055037        631.58483673289948        1219.8750067806991              728          74
 ../1947_seed.dataconnected         246  0.17447646410892140       0.41266755205238748        42.921210170794666        101.51621780488732       0.22690560009061392        55.818777622291023        473.18847206925545        781.13408210188061              591          72
 ../1948_seed.dataconnected         336  0.18838824323935524       0.43180561177703497        63.298449728423364        145.08668555708374       0.23106152785413497        77.636673358989356        441.23839586908610        721.61386138099874              773          40
 ../1949_seed.dataconnected         278  0.12891795779613804       0.30161578999285221        35.839192267326375        83.849189618012915       0.16905593980011357        46.997551264431571        644.20442180365035        1132.2001074444115              712          70
 ../1950_seed.dataconnected         246  0.10590380748172423       0.24948323368125302        26.052336640504162        61.372875485588246       0.15241561358755468        37.494240942538454        539.25273860209313        819.70606345732517              611          27
 ../1951_seed.dataconnected         242  0.20181933013769376       0.45030360879822046        48.840277893321890        108.97347332916935       0.26755220378026134        64.747633314823247        424.58807763390450        587.84331539011225              706         121
 ../1952_seed.dataconnected         299  0.15568053966809875       0.36294414374460510        46.548481360761528        108.52029897963692       0.19637508684093066        58.716150965438267        453.84926343287094        698.53704018529947              818         210
 ../1953_seed.dataconnected         319  0.13991040744129321       0.33071172346055649        44.631419973772537        105.49703978391751       0.17779357280766264        56.716149725644385        712.42251120234232        1375.6133574327034              708          58
 ../1954_seed.dataconnected         242  0.22607201501914692       0.51662671908208901        54.709427634633556        125.02366601786554       0.28792920503161856        69.678867617651690        345.63201736344996        477.21390565869541              594          31
 ../1955_seed.dataconnected         229  0.15926238836578929       0.37719358235860484        36.471086935765747        86.377330360120510       0.20528276138979829        47.009752358263810        358.95256292762980        478.00657445364004              748         116
 ../1956_seed.dataconnected         264  0.13875580578020311       0.32163205774795411        36.631532725973621        84.910863245459893       0.17869716130442115        47.176050584367182        401.78812446491168        607.94753884923216              674          71
 ../1957_seed.dataconnected         270   9.4658878065404059E-002  0.21974357360973337        25.557897077659096        59.330764874628009       0.12819736541186938        34.613288661204734        615.16023662112195        1109.1342542184479              697          79
 ../1958_seed.dataconnected         311  0.13418017643343247       0.31354042966421986        41.730034870797496        97.511073625572379       0.16931915972010492        52.658258672952627        585.92434421025155        922.59544935204849              757          64
 ../1959_seed.dataconnected         258  0.21051287345541925       0.47493868423304952        54.312321351498163        122.53418053212678       0.26484653464383162        68.330405938108555        339.77089989213385        492.02317949083607              724         134
 ../1960_seed.dataconnected         273  0.14927717145837019       0.35517570102306423        40.752667808135058        96.962966379296532       0.19274522935980190        52.619447615225916        479.56938954570165        754.93729779383921              658          66
 ../1961_seed.dataconnected         465  0.10954088519049190       0.25467823144883317        50.936511613578737        118.42537762370742       0.15784972232037719        73.400120878975400        1019.5304975696683        2434.2983253292014              825          94
 ../1962_seed.dataconnected         225  0.18595058985025015       0.43620761618703424        41.838882716306280        98.146713642082702       0.23148314647006388        52.083707955764375        335.87222516695186        437.99944663439919              616          26
 ../1963_seed.dataconnected         226  0.23350084542946276       0.54105219126491366        52.771191067058581        122.27779522587049       0.28856829830138880        65.216435416113868        273.65532297304009        336.35632420364925              654         116
 ../1964_seed.dataconnected         266  0.12053152220477678       0.28792244914967724        32.061384906470622        76.587371473814144       0.15271727467005147        40.622795062233692        518.23569244161649        802.31320661302948              704          58
 ../1965_seed.dataconnected         272  0.19624700513699966       0.45500887049229510        53.379185397263910        123.76241277390427       0.25803803647954054        70.186345922435024        440.18187553318364        664.10417388079213              776         177
 ../1966_seed.dataconnected         220  0.12477199158220262       0.29427500972584736        27.449838148084577        64.740502139686413       0.17160359398189323        37.752790676016510        356.82592862545249        513.92500739978379              693          86
 ../1967_seed.dataconnected         389  0.13247763538798848       0.30806413180118686        51.533800165927524        119.83694727066168       0.18511800096952000        72.010902377143282        859.94486455306890        1940.4201769989040              828         103
 ../1968_seed.dataconnected         241  0.19679456844231863       0.45340800497311434        47.427490994598791        109.27132919852056       0.24348016181468668        58.678718997339487        304.13454814841896        414.85965889464723              665          49
 ../1969_seed.dataconnected         234  0.16784187406909176       0.38873851095295958        39.274998532167473        90.964811562992537       0.19964427379400632        46.716760067797480        356.24677695275722        493.09831583949187              696          32
 ../1970_seed.dataconnected         271  0.17127655432759123       0.40275671291158188        46.415946222777222        109.14706919903870       0.21584762485304046        58.494706335173966        398.34630310222582        577.84231357325416              689          47
 ../1971_seed.dataconnected         311  0.14207817427612149       0.33219299343957764        44.186312199873782        103.31202095970865       0.17891720801515301        55.643251692712589        594.29902850110500        1134.3470200676022              648          28
 ../1972_seed.dataconnected         234  0.16976433802607116       0.39738699017712070        39.724855098100655        92.988555701446245       0.21279286857938451        49.793531247575977        459.32259135976443        690.44600400826926              599          56
 ../1973_seed.dataconnected         256  0.12713550240602520       0.29819507325711275        32.546688615942450        76.337938753820865       0.16764432024541329        42.916945982825801        481.90783528123825        753.07882259513929              595          57
 ../1974_seed.dataconnected         213  0.12993190300199425       0.31135754415420036        27.675495339424774        66.319156904844675       0.16312061049495347        34.744690035425087        329.47214659707510        411.56468420750645              610          42
 ../1975_seed.dataconnected         313  0.15527291311591465       0.36581516769655087        48.600421805281286        114.50014748902042       0.19515497139179111        61.083506045630621        708.04412064151029        1265.6727452905998              686          45
 ../1976_seed.dataconnected         281  0.19292412249224930       0.44817509000914230        54.211678420322052        125.93720029256899       0.24341191832062625        68.398749048095979        333.63344691563765        495.58746721046299              700          53
 ../1977_seed.dataconnected         216  0.14152062173765895       0.32424330260321194        30.568454295334334        70.036553362293773       0.18150241270954723        39.204521145262198        288.04987246514412        348.83179897469495              700         113
 ../1978_seed.dataconnected         244  0.19277817606057043       0.45847599305774639        47.037874958779184        111.86814230609012       0.24005133850248089        58.572526594605336        395.67540352876819        519.24848389656370              605          43
 ../1979_seed.dataconnected         259  0.19223395267946317       0.45272951644907944        49.788593743980961        117.25694476031157       0.23444981452362570        60.722501961619059        372.84710539973594        535.76612217813317              638          47
 ../1980_seed.dataconnected         277  0.13759379218525811       0.32132281097340964        38.113480435316497        89.006418639634475       0.17354978924884534        48.073291621930160        432.54953508954566        739.10465456940767              730          59
 ../1981_seed.dataconnected         259  0.14000816476277592       0.32668326141338261        36.262114673558962        84.610964706066099       0.19125684815545962        49.535523672264041        368.51402112141318        540.37801063923735              785         136
 ../1982_seed.dataconnected         266  0.14934150586470094       0.35362115823761814        39.724840560010449        94.063228091206426       0.20849667004519570        55.460114232022057        497.43597167648187        856.26440582203463              612          52
 ../1983_seed.dataconnected         244  0.10275482357318491       0.24238132427511741        25.072176951857120        59.141043123128647       0.13875904507841674        33.857206999133687        503.47187769127839        853.19598230343263              626          54
 ../1984_seed.dataconnected         362  0.10467530519541203       0.24622379065739594        37.892460480739153        89.133012217977324       0.15006683928743372        54.324195822051010        799.54906910122645        1564.3170184908840              732          49
 ../1985_seed.dataconnected         258  0.17723430204383983       0.40865317449991168        45.726449927310675        105.43251902097721       0.24313620722868678        62.729141465001192        413.87459824706974        623.90656415679848              590          94
 ../1986_seed.dataconnected         303  0.11209320401691907       0.26424838704934323        33.964240817126473        80.067261275950997       0.14450417826045978        43.784766012919313        606.19019429646482        1061.2055463235192              762          68
 ../1987_seed.dataconnected         272  0.13064605994844805       0.31026927575063401        35.535728305977869        84.393243004172447       0.18951835344273987        51.548992136425248        484.08673834489531        750.11884906366186              670          61
 ../1988_seed.dataconnected         233  0.13097852360518172       0.30989032388824261        30.517996000007340        72.204445465960532       0.16248038714156071        37.857930203983649        373.29743168127834        550.93272947200126              733          77
 ../1989_seed.dataconnected         330   8.7558879680347701E-002  0.21214835373928018        28.894430294514741        70.008956733962464       0.11002642364025617        36.308719801284532        661.99626091882055        1229.6614652580060              688          53
 ../1990_seed.dataconnected         268  0.12930815407530449       0.30838011411239447        34.654585292181608        82.645870582121717       0.15576581568968761        41.745238604836281        594.36865381687778        1034.5528448680559              663          37
 ../1991_seed.dataconnected         170  0.13782388683791116       0.32358883130141552        23.430060762444899        55.010101321240640       0.18706496869605835        31.801044678329919        375.55974229197153        439.53650903215407              614          49
 ../1992_seed.dataconnected         280  0.22848948999211771       0.53681662902574168        63.977057197792959        150.30865612720766       0.29863732758563438        83.618451723977628        341.65647355998101        495.72244497344133              781         171
 ../1993_seed.dataconnected         242  0.20114470186258629       0.45464520788994645        48.677017850745884        110.02414030936704       0.24451790400192355        59.173332768465499        288.67854657475601        364.03370040408595              749          31
 ../1994_seed.dataconnected         331  0.12188894154120768       0.29051904984205501        40.345239650139739        96.161805497720209       0.16668617256921867        55.173123120411375        622.46102993374234        1164.7532053549760              672          29
 ../1995_seed.dataconnected         294  0.21456851925589851       0.48551139373445146        63.083144661234165        142.74034975792873       0.27579730107712497        81.084406516674747        464.37989116611254        777.50758386498615              865         152
 ../1996_seed.dataconnected         202  0.14876644601750794       0.34735633061698934        30.050822095536603        70.165978784631847       0.18957182669929595        38.293508993257781        319.97978384719738        415.12595956877897              707          67
 ../1997_seed.dataconnected         282  0.20457654110195558       0.47334722729450290        57.690584590751477        133.48391809704981       0.25298388444990444        71.341455414873053        318.30087101672706        431.09542238114489              675          54
 ../1998_seed.dataconnected         196  0.16393531577768422       0.38759559578023944        32.131321892426108        75.968736772926931       0.20074553215346400        39.346124302078941        280.51565866903769        344.41779617816576              665          63
 ../1999_seed.dataconnected         215  0.22888955143585793       0.52248439418459736        49.211253558709458        112.33414474968843       0.28354463915971795        60.962097419339358        227.23341411485538        278.65865214452333              764         118
 ../2000_seed.dataconnected         323  0.16378741549720555       0.38362716453791046        52.903335205597394        123.91157414574508       0.20613651418954340        66.582094083222515        667.36812500765018        1281.1642902534634              742          66
 ../2001_seed.dataconnected         294  0.14575604970734815       0.34014794530420173        42.852278613960358        100.00349591943531       0.18140539061682240        53.333184841345783        484.67652877957977        771.07624963035482              700          25
 ../2002_seed.dataconnected         266  0.12114726564630220       0.28824591818340212        32.225172661916382        76.673414236784964       0.15024377532572869        39.964844236643835        529.43289930337824        878.84078896098174              644          81
 ../2003_seed.dataconnected         314  0.21080830460446009       0.48428150359541233        66.193807645800476        152.06439212895947       0.25975676126403674        81.563623036907529        495.67861566771415        809.18889256465422              747          96
 ../2004_seed.dataconnected         356  0.13060216363168989       0.30894444837447527        46.494370252881602        109.98422362131319       0.17595078473094303        62.638479364215719        651.55641325758984        1229.7328911458417              895         104
 ../2005_seed.dataconnected         259  0.14900093700148556       0.35689478098733357        38.591242683384763        92.435748275719391       0.18312773961361503        47.430084559926293        353.04465054282366        543.19715869392712              669          64
 ../2006_seed.dataconnected         198  0.19654083310018614       0.46716122525880960        38.915084953836853        92.497922601244298       0.24142339061710394        47.801831342186581        291.85201770664958        343.34261241201870              610          42
 ../2007_seed.dataconnected         198  0.14903943497184441       0.35163817030161038        29.509808124425192        69.624357719718859       0.17891736180067125        35.425637636532905        404.27568825308390        535.11344369803362              660          66
 ../2008_seed.dataconnected         220  0.13041762315718447       0.30543136038358015        28.691877094580583        67.194899284387631       0.15799941170240261        34.759870574528577        334.09852063414957        452.98459485425741              652          97
 ../2009_seed.dataconnected         248   8.2654629752131850E-002  0.19075980509978979        20.498348178528698        47.308431664747872       0.10359786959555878        25.692271659698577        409.54413657956786        615.89886280876408              598          31
 ../2010_seed.dataconnected         209  0.13305565804327549       0.31633159354790491        27.808632531044577        66.113303051512119       0.16355075007117739        34.182106764876075        297.85309160860061        389.50007492900727              668          93
 ../2011_seed.dataconnected         511  0.10019437032651905       0.24017407325786608        51.199323236851235        122.72895143476957       0.11895664100594031        60.786843554035499        1074.3603670804039        2508.8820353226683              922         123
 ../2012_seed.dataconnected         286  0.20809924620765377       0.49025165184504615        59.516384415388977        140.21197242768321       0.25700830039835959        73.504373913930849        361.87732963497865        543.80560586202080              627          50
 ../2013_seed.dataconnected         149  0.22473713982390919       0.50716719736818905        33.485833833762470        75.567912407860163       0.29475656791094035        43.918728618730114        231.05808681629264        265.66850493930889              795         107
 ../2014_seed.dataconnected         134  0.19544396278234394       0.45989169287938014        26.189491012834086        61.625486845836939       0.25206407969657152        33.776586679340582        209.01121225801216        216.99851523251724              664          97
 ../2015_seed.dataconnected         296  0.14615659794651897       0.34438410866532448        43.262352992169617        101.93769616493604       0.18840442224500173        55.767708984520510        546.65624905862853        913.58728028229348              713          44
 ../2016_seed.dataconnected         196  0.15154611733798357       0.34545505902063928        29.703038998244779        67.709191568045298       0.19988268950260649        39.177007142510874        304.66235813840984        408.94543626174334              670          54
 ../2017_seed.dataconnected         269  0.16113300709792627       0.37763846807300439        43.344778909342168        101.58474791163817       0.20477006031533895        55.083146224826180        368.79521940367738        552.24556091590352              662          47
 ../2018_seed.dataconnected         213  0.21806497663029475       0.50425513691208090        46.447840022252784        107.40634416227323       0.27467067839390114        58.504854497900943        288.10078275831006        366.60872297563969              753         168
 ../2019_seed.dataconnected         349  0.16238717447736112       0.37777078328322578        56.673123892599030        131.84200336584578       0.20090146351842939        70.114610767931850        507.86525438250663        913.95786501508360              771          98
 ../2020_seed.dataconnected         271  0.18219081644309446       0.41897083280262037        49.373711256078600        113.54109568951012       0.23978075199080012        64.980583789506838        503.28433226936659        791.06713319557571              684          48
 ../2021_seed.dataconnected         256  0.16261636528990295       0.37617366863626006        41.629789514215155        96.300459170882576       0.20449993758562623        52.351984021920316        441.01007004338339        741.15475292206236              799         150
 ../2022_seed.dataconnected         263  0.16368651443882409       0.39183394771216445        43.049553297410739        103.05232824829925       0.19860932188640776        52.234251656125238        436.28808794995672        647.39465326856612              568          76
 ../2023_seed.dataconnected         275  0.16971940719216946       0.39537436632951484        46.672836977846600        108.72795074061658       0.20947218697944056        57.604851419346154        457.64116513162838        752.19911220041502              595          29
 ../2024_seed.dataconnected         234  0.12630418319929640       0.30106458376140627        29.555178868635359        70.449112600169073       0.15218064497941514        35.610270925183144        541.58346368843377        913.37653662586126              714          94
 ../2025_seed.dataconnected         230  0.10736281189969042       0.24488767291637520        24.693446736928799        56.324164770766295       0.15124967727318014        34.787425772831433        501.59978599951222        774.50101141547430              610          53
 ../2026_seed.dataconnected         246  0.10361260967764702       0.24534253322678021        25.488701980701165        60.354263173787928       0.13593392910423160        33.439746559640973        444.99188094750275        696.31558832816938              677          57
 ../2027_seed.dataconnected         343  0.14429429669240743       0.33573196970887237        49.492943765495745        115.15606561014322       0.19548425508875591        67.051099495443282        686.45429332881417        1253.1961117445405              735          56
 ../2028_seed.dataconnected         229  0.14758739538930998       0.34618852390560018        33.797513544151990        79.277171974382441       0.16488611521996616        37.758920385372249        372.07350957325656        553.72510693947004              561          28
 ../2029_seed.dataconnected         206  0.19609472343192960       0.45363984215031122        40.395513026977497        93.449807482964118       0.23820263403772995        49.069742611772369        273.06269473976118        350.85131487068708              646          45
 ../2030_seed.dataconnected         399   8.8222842555247039E-002  0.20948248764869307        35.200914179543567        83.583512571828535       0.10248072040233339        40.889807440531023        729.19181428404318        1383.1122996771596              762          64
 ../2031_seed.dataconnected         270  0.17781961622996487       0.42131567731588471        48.011296382090514        113.75523287528887       0.23051675170219640        62.239522959593032        596.67182317248717        1014.4528432414445              718          79
 ../2032_seed.dataconnected         274   7.8534388405687355E-002  0.18264600745900006        21.518422423158334        50.045006043766016       0.10673080024252216        29.244239266451071        506.20902742910584        851.11619407522005              777         104
 ../2033_seed.dataconnected         269  0.21313326515911074       0.49004948803629522        57.332848327800789        131.82331228176341       0.24637714618198858        66.275452322954933        328.37840598043346        453.09235073976748              638          36
 ../2034_seed.dataconnected         248  0.19738476248627146       0.46757496073736771        48.951421096595325        115.95859026286719       0.24791133656299141        61.482011467621874        356.21131255624840        458.48023121797672              689          80
 ../2035_seed.dataconnected         327   8.3952311677289018E-002  0.19893278578243873        27.452405918473509        65.051020950857463        9.6013806926374373E-002   31.396514864924420        686.70901874337176        1390.1382150805860              693          36
 ../2036_seed.dataconnected         333  0.11577324308395129       0.26950397295838374        38.552489946955781        89.744822995141789       0.15232301129925332        50.723562762651355        715.01467019472045        1376.9509855014855              707          72
 ../2037_seed.dataconnected         365  0.10859952473671700       0.25162444026320180        39.638826528901703        91.842920696068660       0.13868253354376858        50.619124743475531        732.40002555388185        1510.6817209953788              835          74
 ../2038_seed.dataconnected         250  0.14210303747964037       0.33873766397727395        35.525759369910091        84.684415994318485       0.17913637641965879        44.784094104914701        400.11105886370916        547.53396567277139              735          63
 ../2039_seed.dataconnected         188  0.21573104800833254       0.50093462369667707        40.557437025566514        94.175709254975288       0.27384191904387173        51.482280780247883        270.14505283295370        312.20198242727110              603          51
 ../2040_seed.dataconnected         193  0.13038755062260707       0.31112670662698827        25.164797270163163        60.047454379008734       0.17512645412394515        33.799405645921411        308.00071291423205        395.63240245029630              577          73
 ../2041_seed.dataconnected         217  0.14346548083729210       0.33602454734093956        31.132009341692385        72.917326772983884       0.17502001543368420        37.979343349109470        458.59692169646883        674.18273480876178              598          54
 ../2042_seed.dataconnected         276  0.11205909182897217       0.25393275449978470        30.928309344796318        70.085440241940574       0.14677686359912659        40.510414353358939        448.73211802397321        691.54925584454202              654          61
 ../2043_seed.dataconnected         305   9.1441585858083235E-002  0.21585531299555388        27.889683686715387        65.835870463643928       0.11165990293745220        34.056270395922922        694.81142470281088        1350.3801724401251              722          44
 ../2044_seed.dataconnected         220  0.11982055805185740       0.28327400032064864        26.360522771408629        62.320280070542701       0.15275305711750595        33.605672565851307        471.35449647720623        727.46262269022611              768         103
 ../2045_seed.dataconnected         288  0.14142316680036784       0.32929980290118610        40.729872038505938        94.838343235541601       0.18483388493746333        53.232158861989440        514.36011308072875        896.92364339238065              701          49
 ../2046_seed.dataconnected         256  0.14052665214160792       0.32609981584321324        35.974822948251628        83.481552855862589       0.18168651124767657        46.511746879405202        419.44559123142523        675.56148549292038              738          76
 ../2047_seed.dataconnected         316  0.13397169080973620       0.31680895038697982        42.335054295876638        100.11162832228563       0.16811535633989855        53.124452603407939        474.48607876844204        672.60846055539071              683          59
 ../2048_seed.dataconnected         210  0.16756900288107429       0.39971486663311034        35.189490605025604        83.940121992953166       0.20203123936913464        42.426560267518276        281.33869412250505        372.98237953825736              620          72
 ../2049_seed.dataconnected         315  0.13362787865867162       0.30680169931289664        42.092781777481562        96.642535283562438       0.17592267697386840        55.415643246768546        740.41963322723313        1460.1014166153780              686          68
 ../2050_seed.dataconnected         221  0.12411065806591010       0.28927086604137536        27.428455432566132        63.928861395143954       0.16240976791674519        35.892558709600685        525.53357379882470        830.05018018062117              615          60
 ../2051_seed.dataconnected         250  0.13565364668170921       0.32113996190036298        33.913411670427301        80.284990475090751       0.18565624227365723        46.414060568414307        519.88016412909758        931.10389834594935              597          47
 ../2052_seed.dataconnected         264  0.18346352415837044       0.42409835152516967        48.434370377809799        111.96196480264479       0.21771182722789320        57.475922388163802        460.08076206047389        634.60344906335354              656          33
 ../2053_seed.dataconnected         253  0.15430151682505450       0.36885531563466079        39.038283756738785        93.320394855569177       0.19043958829269306        48.181215838051344        396.69527095729086        601.27897256022925              661          52
 ../2054_seed.dataconnected         203  0.24221062034878105       0.57189598132307151        49.168755930802554        116.09488420858352       0.28356031991258418        57.562744942254589        197.83211950305059        227.65512245460963              647          27
 ../2055_seed.dataconnected         289   7.3795610175135612E-002  0.17456334713179539        21.326931340614191        50.448807321088864        9.5771814849979819E-002   27.678054491644168        591.92430577169182        1064.4259236042412              721          83
 ../2056_seed.dataconnected         378  0.11880619620795112       0.28285617754622050        44.908742166605521        106.91963511247135       0.14644114649089404        55.354753373557948        1037.4907134698428        2374.3479535556298              658          52
 ../2057_seed.dataconnected         300  0.12388414940638477       0.29666301018471258        37.165244821915429        88.998903055413777       0.17253213788291111        51.759641364873332        528.21603659863149        953.64519331103315              615          58
 ../2058_seed.dataconnected         281  0.11241507961722828       0.26883130520531034        31.588637372441148        75.541596762692208       0.14434751745686863        40.561652405380087        557.81771414036473        845.32170766628371              650          68
 ../2059_seed.dataconnected         271  0.13800838449533898       0.32439953429129259        37.400272198236863        87.912273792940297       0.17902134601026928        48.514784768782974        470.22960714761604        708.60430642145502              715          74
 ../2060_seed.dataconnected         232  0.13404814838980517       0.31598191178245677        31.099170426434799        73.307803533529977       0.17940107708575029        41.621049883894067        378.09823683232020        508.90070597940536              599          31
 ../2061_seed.dataconnected         142  0.16816450642932684       0.40244954127000698        23.879359912964411        57.147834860340993       0.20829272795934775        29.577567370227381        274.01611739050662        349.58454594217380              637          99
 ../2062_seed.dataconnected         181  0.20904411345861723       0.49614684013110044        37.836984536009716        89.802578063729186       0.26864407049284145        48.624576759204302        291.53267980489380        370.94686689017067              757          50
 ../2063_seed.dataconnected         363  0.14480390558468537       0.33585615746793562        52.563817727240789        121.91578516086064       0.18427929487389197        66.893384039222781        868.23264318343388        1759.8678852553960              697         114
 ../2064_seed.dataconnected         236  0.19315470708941368       0.44997794860090162        45.584510873101628        106.19479586981278       0.24450468338062328        57.703105277827092        303.28040884804267        409.10429390604895              714         109
 ../2065_seed.dataconnected         224  0.15074756376838558       0.34072481036955377        33.767454284118372        76.322357522780038       0.19455930203022051        43.581283654769393        275.49469730623525        352.51273552390450              699          72
 ../2066_seed.dataconnected         222  0.16185413793009010       0.37086871400687660        35.931618620480002        82.332854509526598       0.20974714429832797        46.563866034228809        390.01213376686241        535.35042757320389              626          93
 ../2067_seed.dataconnected         197  0.13254276854779526       0.31022669649426282        26.110925403915665        61.114659209369776       0.16810736849985508        33.117151594471451        348.07081951604687        477.33149065289200              695          85
 ../2068_seed.dataconnected         244  0.21510103971042016       0.49442136160216738        52.484653689342522        120.63881223092883       0.27165451218265413        66.283700972567601        332.86204700425066        477.65946979850969              615          38
 ../2069_seed.dataconnected         269  0.13537201441034930       0.31047145182470393        36.415071876383962        83.516820540845359       0.18810282509715676        50.599659951135166        536.25332406402106        907.52279665974561              673          50
 ../2070_seed.dataconnected         435  0.11350431680029924       0.26853612086645118        49.374377808130170        116.81321257690627       0.13409237698885365        58.330183990151340        768.31889407420169        1652.3477068815773              758          29
 ../2071_seed.dataconnected         224  0.22879758244709364       0.52705713076933658        51.250658468148977        118.06079729233139       0.27790850723532223        62.251505620712180        279.35754093919741        339.04542525987659              842         111
 ../2072_seed.dataconnected         339  0.10872458889929737       0.25945324846402151        36.857635636861808        87.954651229303295       0.14139370478279900        47.932465921368859        742.74321199602684        1344.3755544005419              688          38
 ../2073_seed.dataconnected         287  0.21155456911811088       0.47489859015809877        60.716161336897819        136.29589537537436       0.26095356853165058        74.893674168583715        389.14798114004890        577.05791164746699              677          41
 ../2074_seed.dataconnected         282  0.10730389363067480       0.25683504058389389        30.259698003850293        72.427481444658071       0.15407644280593691        43.449556871274211        632.67528366339309        1123.9777393777970              686          75
 ../2075_seed.dataconnected         247  0.17655776727264910       0.41477435110522487        43.609768516344332        102.44926472299055       0.22128377333752103        54.657092014367691        444.04214590500544        714.03304600630611              564          30
 ../2076_seed.dataconnected         354  0.15769201473840352       0.37654477085336152        55.822973217394846        133.29684888208999       0.21459402053603355        75.966283269755877        627.11236794472813        1144.6873904136780              808         108
 ../2077_seed.dataconnected         344  0.12065566470380870       0.28713622158240065        41.505548658110193        98.774860224345829       0.16307817331501023        56.098891620363517        613.33006456600890        1186.7931336732661              744          58
 ../2078_seed.dataconnected         140  0.16637840051061076       0.38248966240430210        23.292976071485505        53.548552736602296       0.22465859947979372        31.452203927171119        319.98611662217695        411.03159104163637              659         139
 ../2079_seed.dataconnected         355  0.19712302368353754       0.45660452022410075        69.978673407655833        162.09460467955577       0.24787198229650603        87.994553715259642        522.77643912412918        891.00074642270033              772          53
 ../2080_seed.dataconnected         308  0.14693544034980613       0.33029921710626881        45.256115627740286        101.73215886873079       0.19117840591831040        58.882949022839604        572.69322516070952        980.37564677786156              737          88
 ../2081_seed.dataconnected         274  0.10923102104966020       0.25771774012184884        29.929299767606896        70.614660793386577       0.14871328727643415        40.747440713742961        616.88173133400903        1104.9017206097374              715          37
 ../2082_seed.dataconnected         339  0.13860458109115528       0.33096782501263539        46.986952989901638        112.19809267928339       0.17466896970739967        59.212780730808490        637.46302303766504        1198.1512000163727              684          46
 ../2083_seed.dataconnected         412  0.12374662343880581       0.29098523577830787        50.983608856787995        119.88591714066284       0.14184561727830639        58.440394318662229        681.24561801573020        1323.6761636640606              837          62
 ../2084_seed.dataconnected         221  0.12641176053167183       0.29158718510532766        27.936999077499475        64.440767908277408       0.16053207039178205        35.477587556583835        367.18664364982294        540.54973890417489              630          36
 ../2085_seed.dataconnected         116  0.19678882686955626       0.44978881162848966        22.827503916868526        52.175502148904798       0.25845683903125222        29.980993327625256        184.40385172289555        177.13857299043181              657         101
 ../2086_seed.dataconnected         194  0.13938450174899861       0.32101522346610611        27.040593339305730        62.276953352424584       0.16721974764010045        32.440631042179490        253.91787128462340        308.31434377199747              539          42
 ../2087_seed.dataconnected         203  0.19041953602781772       0.44236188883099842        38.655165813646995        89.799463432692676       0.23649602272952039        48.008692614092638        285.79219101839482        369.61259259311225              560          32
 ../2088_seed.dataconnected         265  0.12644893712166480       0.29418970305801417        33.508968337241171        77.960271310373756       0.16408685184575536        43.483015739125172        551.24367441084473        897.20947064638642              747          80
 ../2089_seed.dataconnected         305  0.14061180129236744       0.32846617446621490        42.886599394172073        100.18218321219554       0.18493556134592326        56.405346210506593        779.39915082920845        1433.0158413209081              665          41
 ../2090_seed.dataconnected         282  0.10870718900277614       0.25823253025079340        30.655427298782872        72.821573530723740       0.13392904727480137        37.767991331493988        518.78494287033300        837.31028166793703              700          72
 ../2091_seed.dataconnected         215  0.14914099157536290       0.35423061464317218        32.065313188703023        76.159582148282013       0.20222529131136599        43.478437631943684        481.43654887844286        702.66746019289553              591          30
 ../2092_seed.dataconnected         348  0.12174298331001815       0.28829615969050071        42.366558191886313        100.32706357229425       0.15624856757772881        54.374501517049630        779.06759087539081        1593.6879625617271              746          66
 ../2093_seed.dataconnected         272  0.14706175195758897       0.34409827905318041        40.000796532464200        93.594731902465071       0.19729552168708450        53.664381898886987        462.40494630252670        765.07227556637383              599          28
 ../2094_seed.dataconnected         252  0.17726567097272480       0.42194928110782765        44.670949085126651        106.33121883917256       0.22256578374770025        56.086577504420461        429.46476541016250        641.01017185952571              795          83
 ../2095_seed.dataconnected         233  0.19628131843310168       0.44342738230136103        45.733547194912688        103.31858007621712       0.25294699715431951        58.936650336956447        300.82992037515879        404.48210994729004              565          59
 ../2096_seed.dataconnected         201  0.27109908229506219       0.61093111803719047        54.490915541307501        122.79715472547528       0.32338256124737463        64.999894810722296        215.65176899915886        246.95630131042594              585          41
 ../2097_seed.dataconnected         279  0.12574395667142310       0.30381005450027948        35.082563911327043        84.763005205577969       0.16615490943788130        46.357219733168883        537.79727256919227        900.76440214589229              761         122
 ../2098_seed.dataconnected         262  0.22496089968535499       0.51948984123198327        58.939755717563010        136.10633840277961       0.27535726759489587        72.143604109862721        376.45117598391727        535.10973633403114              644          64
 ../2099_seed.dataconnected         185  0.17901651877428601       0.41615221259229895        33.118055973242910        76.988159329575311       0.22016330858995209        40.730212089141133        445.15453604013157        641.41015106814325              820         146
 ../2100_seed.dataconnected         220  0.17603295772510552       0.41226796116083841        38.727250699523218        90.698951455384446       0.22215839293919085        48.874846446621987        320.81701175044986        439.89566477606502              553          29
 ../2101_seed.dataconnected         245  0.15125617597325539       0.35716445975316624        37.057763113447571        87.505292639525734       0.18469535916208552        45.250362994710954        324.49653660225670        448.38978790586305              670          47
 ../2102_seed.dataconnected         219  0.25910254865819193       0.60713135943260488        56.743458156144037        132.96176771574048       0.30845559074708007        67.551774373610527        277.55596226967236        343.90809503195499              570          27
 ../2103_seed.dataconnected         329  0.11721016189776080       0.28118765526962336        38.562143264363307        92.510738583706086       0.14044638869704218        46.206861881326880        616.77658316984650        1107.2099350950371              624          25
 ../2104_seed.dataconnected         209  0.13970671202038606       0.32767724229178052        29.198702812260688        68.484543638982132       0.17661684138331307        36.912919849112434        296.83747781680535        376.91467519580090              730         101
 ../2105_seed.dataconnected         274  0.18083042478659880       0.40698460111066620        49.547536391528070        111.51378070432254       0.24343483775996802        66.701145546231231        366.37249665972701        545.21073303802734              656          42
 ../2106_seed.dataconnected         171  0.21851344148557236       0.51298245001334697        37.365798494032873        87.719998952282339       0.28171082056999447        48.172550317469053        234.42639097798573        269.80392714258284              616          67
 ../2107_seed.dataconnected         249  0.11838973158608328       0.27467092664363801        29.479043164934737        68.393060734265859       0.15892313492807503        39.571860597090684        412.05253736411123        599.62677170744064              730          80
 ../2108_seed.dataconnected         337   8.7215007508233758E-002  0.20774088523441864        29.391457530274778        70.008678323999078       0.11923075484520605        40.180764382834440        557.13413278939538        1020.1784757072444              755         151
 ../2109_seed.dataconnected         307  0.13187274746969488       0.30163234220002727        40.484933473196328        92.601129055408379       0.17480323905707221        53.664594390521167        429.28448219416498        676.79102239033261              634          42
 ../2110_seed.dataconnected         369   7.6001605420845997E-002  0.18057512103181941        28.044592400292174        66.632219660741370        9.4447994625486101E-002   34.851310016804369        997.66206481768529        2260.8313430394123              688          26
 ../2111_seed.dataconnected         228  0.21106311641765221       0.48575739038931232        48.122390543224704        110.75268500876321       0.26295389766334837        59.953488667243427        282.23747336240302        356.54651930521118              605          30
 ../2112_seed.dataconnected         262  0.11179414302399913       0.26112393470729844        29.290065472287772        68.414470893312199       0.14709425649364763        38.538695201335678        380.97820458195918        566.03357331236123              721          52
 ../2113_seed.dataconnected         273  0.13204258981100161       0.30347783299154635        36.047627018403439        82.849448406692147       0.16220560308841001        44.282129643135931        402.73087982423431        611.88780124272830              750          66
 ../2114_seed.dataconnected         287  0.11461972411982366       0.26818777008646061        32.895860822389388        76.969890014814197       0.13205882647766620        37.900883199090202        690.20324194550051        1303.3118531419832              645          39
 ../2115_seed.dataconnected         311   9.4573951374357618E-002  0.21986820542524166        29.412498877425218        68.379011887250158       0.13040623370018414        40.556338680757271        600.83062387550729        1076.1100127443970              696          41
 ../2116_seed.dataconnected         408  0.10147480064171727       0.23611859804639043        41.401718661820645        96.336388002927293       0.13878540337325085        56.624444576286344        826.48307115606406        1613.2248737471430              741          42
 ../2117_seed.dataconnected         177  0.23032145796946235       0.54308744414065802        40.766898060594833        96.126477612896466       0.28319341846759083        50.125235068763580        308.27403064993285        397.00727874914861              699         114
 ../2118_seed.dataconnected         258  0.17736662844836618       0.41333325820471989        45.760590139678470        106.63998061681774       0.21962299937065241        56.662733837628323        402.45260142868165        585.81023497134561              717         155
 ../2119_seed.dataconnected         223  0.23866971586919750       0.53624416054857615        53.223346638831039        119.58244780233248       0.29086396765400968        64.862664786844164        223.78584939145611        272.02012438878899              583          39
 ../2120_seed.dataconnected         391   5.4521374663770418E-002  0.12817959378091362        21.317857493534234        50.118221168337229        6.7569080821985747E-002   26.419510601396428        837.23276865740547        1712.7848377286896              715          64
 ../2121_seed.dataconnected         261  0.12657990844419209       0.30020794922349664        33.037356103934137        78.354274747332624       0.17004001138585714        44.380442971708717        527.63524048196768        834.30686684766533              702         146
 ../2122_seed.dataconnected         295  0.18053916077773693       0.41264517455205396        53.259052429432394        121.73032649285592       0.23028498487234197        67.934070537340887        488.79231436134427        786.09588788613667              782         142
 ../2123_seed.dataconnected         241  0.19952728497003622       0.46689085030430238        48.086075677778730        112.52069492333688       0.24735228246337390        59.611900073673112        300.75154861496014        412.85063388434446              711          64
 ../2124_seed.dataconnected         222  0.20886547150172796       0.46355552856774634        46.368134673383608        102.90932734203969       0.25661527071157192        56.968590097968963        282.76862848561075        358.37189857986959              572          37
 ../2125_seed.dataconnected         334  0.11683283662223354       0.27281711025914812        39.022167431825999        91.120914826555477       0.15679209990115556        52.368561366985958        595.81594555312267        1035.5457948587057              670          45
 ../2126_seed.dataconnected         343  0.15857594795444754       0.36717597293137272        54.391550148375508        125.94135871546084       0.21680310409277936        74.363464703823325        621.96389514038913        1214.3855480328236              688          69
 ../2127_seed.dataconnected         257  0.12268702797821293       0.29237458420532847        31.530566190400723        75.140268140769422       0.14393003756003667        36.990019652929426        464.55727624095186        759.44088914944598              581          37
 ../2128_seed.dataconnected         213  0.22300864552112670       0.52670377357658693        47.500841495999985        112.18790377181301       0.27652121528587803        58.899018855892024        321.14984050524163        422.20090089622607              590          35
 ../2129_seed.dataconnected         317  0.17723466201072047       0.41428014586306366        56.183387857398387        131.32680623859119       0.22446843330754099        71.156493358490494        528.93968145162205        875.44652052027345              668          28
 ../2130_seed.dataconnected         392  0.13156293716993353       0.30705846841203349        51.572671370613946        120.36691961751713       0.17168007878910402        67.298590885328778        944.10833279694509        2048.3600544035130              709          33
 ../2131_seed.dataconnected         412  0.15639859768903810       0.36899090187571676        64.436222247883705        152.02425157279529       0.20269052895998627        83.508497931514341        805.86164820141016        1639.7076849328266              768          61
 ../2132_seed.dataconnected         241  0.18091462406893949       0.42493710759601588        43.600424400614415        102.40984293063983       0.23307306803233732        56.170609395793292        392.94264494646660        550.34996347033143              740          89
 ../2133_seed.dataconnected         371  0.10637425570398351       0.25173491154310940        39.464848866177881        93.393652182493582       0.14322708539949236        53.137248683211666        887.61736486961877        1751.3898733504420              736          57
 ../2134_seed.dataconnected         230  0.19908405463297482       0.45507207930978216        45.789332565584210        104.66657824124989       0.25099774908643308        57.729482289879606        305.88185273587584        418.16356456326008              650          55
 ../2135_seed.dataconnected         212  0.16757984421621366       0.39351493081030064        35.526926973837298        83.425165331783731       0.21943261707482636        46.519714819863189        369.09026290771419        484.24895154007328              677          92
 ../2136_seed.dataconnected         324  0.14158331083290990       0.33488141492994183        45.872992709862807        108.50157843730115       0.17673303935085477        57.261504749676945        568.19899886760470        1007.7910624892527              738          48
 ../2137_seed.dataconnected         264  0.14718692757490226       0.34821434260328510        38.857348879774193        91.928586447267264       0.19434921798536359        51.308193548135989        531.69022078376702        903.30577937567932              708          32
 ../2138_seed.dataconnected         239  0.17231225907273592       0.40072796043875275        41.182629918383888        95.773982544861909       0.20389165367219864        48.730105227655471        309.56209087387919        421.53917772656121              768         109
 ../2139_seed.dataconnected         265  0.14562999978191740       0.34059966916896289        38.591949942208110        90.258912329775171       0.18575021845294687        49.223807890030919        598.06517890023451        982.18952970307441              734          57
 ../2140_seed.dataconnected         406   9.9125346617539259E-002  0.23403478942204917        40.244890726720939        95.018124505351963       0.13446697482223977        54.593591777829346        722.08547362927709        1462.7223296209643              750          72
 ../2141_seed.dataconnected         316  0.12462311059171692       0.30284456675335503        39.380902946982545        95.698883094060193       0.15563064155689321        49.179282731978255        503.08240213111890        871.82866672927798              767          58
 ../2142_seed.dataconnected         226  0.20066084183554683       0.47389645092062205        45.349350254833581        107.10059790806058       0.24658747042268356        55.728768315526487        384.47165484429689        514.79195518749657              690          58
 ../2143_seed.dataconnected         306  0.13180771682265865       0.30709415905745746        40.333161347733551        93.970812671581982       0.17943735664338428        54.907831132875593        643.43144581619458        1160.5356436571558              653          39
 ../2144_seed.dataconnected         195  0.15343575159278555       0.36398443686162679        29.919971560593183        70.976965188017218       0.19668786022919238        38.354132744692514        311.62661604398505        417.50766119262403              662          35
 ../2145_seed.dataconnected         355   7.6271400601583911E-002  0.18262245398086652        27.076347213562290        64.830971163207607        9.8111039067086597E-002   34.829418868815743        809.39354953139116        1690.0412341183253              729          38
 ../2146_seed.dataconnected         225  0.22495754612126137       0.52430353806876562        50.615447877283806        117.96829606547226       0.26283256941676947        59.137328118773134        239.11425631071950        302.53791238667861              671          53
 ../2147_seed.dataconnected         274  0.16917760349683869       0.38832577464252460        46.354663358133799        106.40126225205174       0.22227679995919630        60.903843188819785        481.81179039992622        777.09339128253885              729          67
 ../2148_seed.dataconnected         222  0.20286357690323631       0.47635086383243741        45.035714072518459        105.74989177080110       0.23898595707263964        53.054882470126003        290.25438511725230        374.59553637298268              766         112
 ../2149_seed.dataconnected         153  0.20915142283698926       0.49428865605854827        32.000167694059357        75.626164376957888       0.26589765205200350        40.682340763956532        226.79526822796146        264.18534776605838              725          92
 ../2150_seed.dataconnected         159  0.15185089038661720       0.35854009411893589        24.144291571472134        57.007874964910805       0.17741398100485503        28.208822979771949        278.17801675290480        312.73543815043172              586         109
 ../2151_seed.dataconnected         264  0.10303456305402646       0.24128053178627831        27.201124646262986        63.698060391577478       0.12637288803822702        33.362442442091933        478.20144043187253        792.57435488342026              659          94
 ../2152_seed.dataconnected         327  0.22233136411504173       0.50961651324504831        72.702356065618645        166.64459983113079       0.26573224317946870        86.894443519686263        434.89553964049372        704.50400349552945              671          82
 ../2153_seed.dataconnected         301  0.11982281690899009       0.28169692250750744        36.066667889606016        84.790773674759734       0.14806145819841143        44.566498917721844        640.05490980321576        1188.9004713345853              629          46
 ../2154_seed.dataconnected         254   9.7754979979904191E-002  0.23776789254757372        24.829764914895666        60.393044707083725       0.15072787241232583        38.284879592730761        580.83699869479540        978.56862900041335              522          38
 ../2155_seed.dataconnected         317  0.18896252879716022       0.43357737600443730        59.901121628699791        137.44402819340664       0.24523125201365145        77.738306888327514        521.01239521232253        787.87153481960252              690          42
 ../2156_seed.dataconnected         284  0.13330209075647345       0.31044005552483006        37.857793774838463        88.164975769051736       0.16683576761780308        47.381358003456079        562.60730733631203        986.56488238845236              582          49
 ../2157_seed.dataconnected         218  0.20703676869800530       0.48409231590893581        45.134015576165154        105.53212486814800       0.25941827916272814        56.553184857474733        273.29408771714799        365.09782824811685              689          68
 ../2158_seed.dataconnected         282  0.10395806677247380       0.24620901417860910        29.316174829837610        69.430941998367771       0.15220257246194677        42.921125434268987        523.86109786081136        927.38778322802523              573          34
 ../2159_seed.dataconnected         267   9.5384526325319879E-002  0.22331559546468113        25.467668528860408        59.625263989069865       0.12381469248019084        33.058522892210952        431.05068029296592        652.76885869997989              735          48
 ../2160_seed.dataconnected         235  0.15000045557705538       0.35742374371758301        35.250107060608016        83.994579773632012       0.18258671975736424        42.907879142980597        298.70680781077931        420.55101734379969              780         127
 ../2161_seed.dataconnected         325  0.12530026600220090       0.29505918244290441        40.722586450715291        95.894234293943938       0.18363316743658870        59.680779416891326        480.00366790871033        829.51144189537331              621          40
 ../2162_seed.dataconnected         220  0.14464129205722076       0.33483771166512044        31.821084252588566        73.664296566326499       0.17773027265385211        39.100659983847464        431.62459413612862        656.54164443237119              665          74
 ../2163_seed.dataconnected         253  0.11882697297343409       0.27587035386481890        30.063224162278825        69.795199527799184       0.16391139815565933        41.469583733381810        625.82659751939855        1042.3406521745633              604          23
 ../2164_seed.dataconnected         282  0.13655370588358390       0.32102911973463372        38.508145059170658        90.530211765166712       0.16202344279855241        45.690610869191779        514.00424490973012        851.91811496020750              654          50
 ../2165_seed.dataconnected         281  0.14396652816865346       0.33548582201768706        40.454594415391625        94.271515986970059       0.19688647170572607        55.325098549309025        377.66277261658854        564.89762648361989              730          45
 ../2166_seed.dataconnected         305  0.10280847157157455       0.24677176746754489        31.356583829330237        75.265389077601199       0.13904574860185814        42.408953323566735        639.31690903311949        1177.3093971116905              731         118
 ../2167_seed.dataconnected         224  0.19858846003048128       0.45457749978968126        44.483815046827807        101.82535995288860       0.23971809804625602        53.696853962361345        262.30506497632462        343.81081252865079              755         139
 ../2168_seed.dataconnected         232   9.9552205534639795E-002  0.23912202566504123        23.096111684036433        55.476309954289569       0.12457885016225562        28.902293237643303        516.12679986558021        831.65694690663202              618          40
 ../2169_seed.dataconnected         275  0.13195730891411228       0.30383858113752593        36.288259951380880        83.555609812819625       0.16299682787925895        44.824127666796215        463.11787790689345        718.55274338455695              550          33
 ../2170_seed.dataconnected         384  0.14527631901442070       0.34233277970135295        55.786106501537546        131.45578740531954       0.19647153015520727        75.445067579599595        628.87303716099700        1187.7052765310782              721          47
 ../2171_seed.dataconnected         226  0.12199681822193277       0.28924854922180121        27.571280918156805        65.370172124127080       0.16150736548539077        36.500664599698311        421.37335308551212        628.03382766834454              605          31
 ../2172_seed.dataconnected         264  0.10786473788695355       0.26121921211340693        28.476290802155738        68.961871997939426       0.12665130285061033        33.435943952561125        567.10486468266913        1004.7778255285692              712          47
 ../2173_seed.dataconnected         293  0.14007776040186951       0.32361972974652181        41.042783797747767        94.820580815730892       0.18029789014733202        52.827281813168284        481.54699401518786        826.87365898935275              736          85
 ../2174_seed.dataconnected         338  0.16067863858034828       0.37633845413659645        54.309379840157717        127.20239749816960       0.20245430428500213        68.429554848330724        528.88669608279213        914.31508191513558              782          73
 ../2175_seed.dataconnected         244  0.19327674619595453       0.44049836499142925        47.159526071812905        107.48160105790873       0.24829697919553220        60.584462923709857        296.22347888936116        378.25550939994872              695          52
 ../2176_seed.dataconnected         344  0.12820851718783333       0.30798798165799879        44.103729912614668        105.94786569035158       0.14627703260933445        50.319299217611047        595.66037882868966        973.95569590740320              773          56
 ../2177_seed.dataconnected         286  0.12851899726243496       0.29946785653538505        36.756433217056397        85.647806969120126       0.15694890560819694        44.887387003944326        531.58179755877075        881.85546193720995              747         182
 ../2178_seed.dataconnected         217  0.15376663213620567       0.35601095293023366        33.367359173556629        77.254376785860700       0.20505240710551631        44.496372341897036        342.11049358594278        495.80316710160224              522          33
 ../2179_seed.dataconnected         290  0.18544847180780996       0.41804248930138610        53.780056824264889        121.23232189740197       0.24322285958187920        70.534629278744973        515.05759297563031        879.17483866015959              842         208
 ../2180_seed.dataconnected         231  0.22538224722257247       0.50960205516814261        52.063299108414242        117.71807474384094       0.29429125028403685        67.981278815612512        297.58916457408975        392.24887239642266              622          53
 ../2181_seed.dataconnected         260  0.12241568182568084       0.28888687104560723        31.828077274677018        75.110586471857886       0.17447207484628438        45.362739460033936        502.40429370102703        875.79716702113637              699         131
 ../2182_seed.dataconnected         282  0.10725688374219278       0.25052803573045784        30.246441215298361        70.648906075989117       0.14250078173234884        40.185220448522372        521.84057653105708        911.27419335780951              590          40
 ../2183_seed.dataconnected         330  0.15606058600824244       0.36666546659052313        51.499993382720007        120.99960397487263       0.21064473678311202        69.512763138426962        594.95384972417639        1135.0952214980173              702          63
 ../2184_seed.dataconnected         243  0.17039820378360385       0.40271102672025555        41.406763519415733        97.858779493022098       0.20930421292966814        50.860923741909360        344.99640224415765        479.91246214331090              647          79
 ../2185_seed.dataconnected         269  0.11675825989708447       0.27307885451571118        31.407971912315720        73.458211864726309       0.14593093234438897        39.255420800640636        468.42500387409541        770.76286847763970              772         169
 ../2186_seed.dataconnected         282  0.16357516989849391       0.37712334057017760        46.128197911375281        106.34878204079008       0.20391528601188974        57.504110655352903        621.45175529168534        1073.7670049809101              617          28
 ../2187_seed.dataconnected         251  0.13862687450168965       0.33352492631047231        34.795345499924103        83.714756503928555       0.18941143420817491        47.542269986251902        381.40580111540874        575.06509678492375              744          75
 ../2188_seed.dataconnected         212  0.18401672342718450       0.42807386133098957        39.011545366563112        90.751658602169783       0.22877964933019054        48.501285658000398        256.28257451688330        318.15019929960545              612          27
 ../2189_seed.dataconnected         283  0.17744315248810855       0.41443755759823575        50.216412154134716        117.28582880030072       0.20525042999982146        58.085871689949471        430.64683115447212        649.87780098348208              618          38
 ../2190_seed.dataconnected         276  0.15703788185217687       0.37045112373210742        43.342455391200815        102.24451015006164       0.19443905178930690        53.665178293848705        348.43558190541518        538.09754166484549              669          40
 ../2191_seed.dataconnected         305  0.13876805658285959       0.32688800199397899        42.324257257772175        99.700840608163588       0.17939247259203259        54.714704140569935        500.16711812780102        872.92595386398943              694          47
 ../2192_seed.dataconnected         427   9.6909804165162691E-002  0.22924448894638982        41.380486378524466        97.887396780108460       0.13276809412809756        56.691976192697659        1026.6773842319328        2280.5544087867956              787          55
 ../2193_seed.dataconnected         340   9.7557379016081455E-002  0.22879482986133443        33.169508865467698        77.790242152853708       0.13256257036915398        45.071273925512351        571.52097079021394        1068.0514839131222              729          80
 ../2194_seed.dataconnected         223   7.1103644164914021E-002  0.16151462108771489        15.856112648775827        36.017760502560421        9.1227491474070860E-002   20.343730598717801        525.20726529848730        908.78011899351691              631          80
 ../2195_seed.dataconnected         267  0.13279490702032068       0.30768267595860438        35.456240174425623        82.151274480947365       0.17312928786638790        46.225519860325569        493.73786631222714        767.94144587027006              702          74
 ../2196_seed.dataconnected         313  0.14051128338675822       0.32961609555836024        43.980031700055321        103.16983790976676       0.18550303393048292        58.062449620241154        522.75750464421515        936.09367255155541              827         104
 ../2197_seed.dataconnected         255  0.14089199960680185       0.32667549492501080        35.927459899734473        83.302251205877752       0.20214647508990438        51.547351147925617        444.87646663877075        702.77842459960345              708         104
 ../2198_seed.dataconnected         281  0.14681623689525530       0.34338443506333044        41.255362567566742        96.491026252795848       0.19946826208994944        56.050581647275791        528.37508196804197        832.77814014366118              603          38
 ../2199_seed.dataconnected         371  0.11238311278174221       0.26560915481310604        41.694134842026358        98.540996435662336       0.15469867860135739        57.393209761103591        690.59062981984084        1364.6902004797748              700          46
 ../2200_seed.dataconnected         231  0.13671358348102480       0.31100777051472278        31.580837784116728        71.842794988900962       0.18720131720056146        43.243504273329698        430.58296152801466        634.31224362785633              666          42
 ../2201_seed.dataconnected         217  0.11233045898401554       0.27041118387187985        24.375709599531373        58.679226900197925       0.14752515530844668        32.012958701932931        418.53119473542608        628.77173908323391              637          40
 ../2202_seed.dataconnected         294  0.18888714091752520       0.44871019533735568        55.532819429752408        131.92079742918256       0.23362712688860920        68.686375305251104        399.74991758058013        606.54955609233627              710          45
 ../2203_seed.dataconnected         264  0.11733593105898341       0.28116559077703823        30.976685799571619        74.227715965138088       0.14676196489014251        38.745158730997623        488.53155923146585        813.54303637870055              629          29
 ../2204_seed.dataconnected         150  0.20583502406478751       0.48600541119849172        30.875253609718126        72.900811679773753       0.26790682216048162        40.186023324072245        238.77140772655082        287.44776398961784              604          95
 ../2205_seed.dataconnected         203  0.20862265583283515       0.49674361516335486        42.350399134065533        100.83895387816104       0.25860440570050169        52.496694357201847        266.66400605113273        343.56371157163113              629          66
 ../2206_seed.dataconnected         228  0.17220697622391123       0.40031998972341737        39.263190579051759        91.272957656939155       0.23067049135070813        52.592872027961455        369.41517969870273        513.82225626570221              663         113
 ../2207_seed.dataconnected         225  0.19058709217359024       0.44871421301463349        42.882095739057803        100.96069792829253       0.24649721375406877        55.461873094665471        320.81139046324637        441.78248556776879              669          83
 ../2208_seed.dataconnected         274  0.18727522791990442       0.43373979464044632        51.313412450053811        118.84470373148230       0.24009470979321024        65.785950483339604        434.70138425960636        634.62351110401789              681          78
 ../2209_seed.dataconnected         197  0.20013381264281346       0.46539998751788864        39.426361090634252        91.683797541024063       0.26526472729108097        52.257151276342952        252.15250293237619        318.03770198649897              698          89
 ../2210_seed.dataconnected         241  0.11857400080486277       0.27507951205246584        28.576334193971928        66.294162404644268       0.15324014765500263        36.930875584855634        402.28811324393536        596.69146278916310              648          42
 ../2211_seed.dataconnected         257  0.13128765710366827       0.30953755547028006        33.740927875642747        79.551151755861980       0.16604113549467289        42.672571822130934        447.33445855182106        656.82329171278741              718          78
 ../2212_seed.dataconnected         230  0.22649971160022669       0.51933177149302345        52.094933668052143        119.44630744339540       0.27250774737346584        62.676781895897143        279.67009569617233        349.67057251453389              606          70
 ../2213_seed.dataconnected         264  0.17997648838493130       0.41928554900733545        47.513792933621865        110.69138493793656       0.22731251975681016        60.010505215797885        397.95033774848474        566.68789935086068              627          33
 ../2214_seed.dataconnected         406  0.12228064427386744       0.28889330788833933        49.645941575190179        117.29068300266577       0.15373099499297893        62.414783967149447        719.45087521640528        1448.5803157210769              665          50
 ../2215_seed.dataconnected         359  0.10509580204609537       0.24847375611192571        37.729392934548237        89.202078444181325       0.12800031711504245        45.952113844300243        767.72908064200021        1479.4832203360268              739          42
 ../2216_seed.dataconnected         237  0.19829954693287660       0.46081021629952285        46.996992623091757        109.21202126298691       0.24119491900230011        57.163195803545129        342.55061252552525        449.99218012131126              761          67
 ../2217_seed.dataconnected         308  0.15913013318456173       0.37243284475006333        49.012081020845017        114.70931618301951       0.19913191705156932        61.332630451883354        588.16644135455863        978.28490729602731              679          25
 ../2218_seed.dataconnected         336  0.19403273612493929       0.45271899904377882        65.194999337979596        152.11358367870969       0.25351755235767404        85.181897592178473        620.34938218602349        1051.9919641419929              712          53
 ../2219_seed.dataconnected         320   8.1807524443441249E-002  0.19240513320654368        26.178407821901200        61.569642626093980       0.11471088430655281        36.707482978096898        665.64614371706239        1196.8247662618110              628          51
 ../2220_seed.dataconnected         393  0.13963938719809454       0.32672607590631714        54.878279168851158        128.40334783118263       0.18181674277342558        71.453979909956246        1061.2681566958938        2427.2087379049608              787         103
 ../2221_seed.dataconnected         242  0.23385620824887721       0.54482134254240433        56.593202396228286        131.84676489526186       0.30726759470339360        74.358757918221244        348.37002490291138        493.84937164242893              616          33
 ../2222_seed.dataconnected         296  0.12275044120360969       0.28704811840642686        36.334130596268466        84.966243048302346       0.16606442991221632        49.155071254016029        593.66675818296710        946.58206802248617              680          42
 ../2223_seed.dataconnected         257  0.15486993943313135       0.36500852228776176        39.801574434314759        93.807190227954777       0.18465997499594550        47.457613573957993        582.33553227403661        847.93609974912579              628          35
 ../2224_seed.dataconnected         258  0.12429721409592624       0.29344355667280814        32.068681236748972        75.708437621584494       0.16958681110156817        43.753397264204587        369.88550785820445        543.91053578940841              790         116
 ../2225_seed.dataconnected         154  0.16937662749366586       0.39489575551120365        26.084000634024541        60.813946348725359       0.20617174219930537        31.750448298693026        196.93579797190688        215.59178916756275              599          78
 ../2226_seed.dataconnected         205  0.24329085781414725       0.55732350246817863        49.874625851900184        114.25131800597661       0.29603666632784681        60.687516597208592        230.24114812428118        269.52138562159587              625          53
 ../2227_seed.dataconnected         233  0.22713336879955628       0.52833236445783616        52.922074930296617        123.10144091867582       0.29064559272497403        67.720423104918950        367.68600791101329        515.81706409644744              759         219
 ../2228_seed.dataconnected         347  0.13574709799108398       0.32398282099259085        47.104243002906138        112.42203888442903       0.18467633898958538        64.082689629386124        460.75840550790446        710.62402806255807              613          20
 ../2229_seed.dataconnected         262  0.15691321729104163       0.37007772986274717        41.111262930252906        96.960365224039762       0.19256669582805394        50.452474306950130        425.82657098893770        636.68831084086514              742          48
 ../2230_seed.dataconnected         288  0.18319141645738393       0.44070657050423717        52.759127939726575        126.92349230522031       0.23128643732091178        66.610493948422587        442.14082269788662        720.28816081601155              675          36
 ../2231_seed.dataconnected         265  0.10993177308795192       0.25333908794975235        29.131919868307257        67.134858306684379       0.15566390934999139        41.250935977747716        485.78208980421971        818.37582288355054              730          73
 ../2232_seed.dataconnected         301  0.11784835991241448       0.26956596252432646        35.472356333636760        81.139354719822265       0.16267087309942929        48.963932802928220        446.08565061913214        736.56685012698551              688          68
 ../2233_seed.dataconnected         246  0.15407303420534937       0.35294463935318532        37.901966414515947        86.824381280883586       0.23154511903556027        56.960099282747827        492.97152252615376        820.52230241334769              606          26
 ../2234_seed.dataconnected         261  0.14181970472725827       0.33418997614085083        37.014942933814410        87.223583772762069       0.17923916772772344        46.781422776935820        500.17797484429946        782.01767411148194              616          67
 ../2235_seed.dataconnected         283  0.19769171197449620       0.46016270170190426        55.946754488782425        130.22604458163892       0.24595312446793133        69.604734224424561        405.83193236459226        619.99517489695916              726          75
 ../2236_seed.dataconnected         218  0.17581472852246194       0.40917319596310309        38.327610817896705        89.199756719956468       0.22273763602015079        48.556804652392870        399.48173853881138        572.58165801957477              571          75
 ../2237_seed.dataconnected         219  0.17594109087175755       0.39976450288561538        38.531098900914905        87.548426131949768       0.23959436992819166        52.471167014273973        390.50702448009724        543.45663348418555              627          50
 ../2238_seed.dataconnected         410  0.13673658622434615       0.32367580836195786        56.062000351981922        132.70708142840272       0.16687713352104547        68.419624743628646        611.60704431308432        1074.9972755674676              767          54
 ../2239_seed.dataconnected         236  0.13461863792845602       0.31643197684854202        31.769998551115620        74.677946536255916       0.16670253080190034        39.341797269248481        454.16145220683973        730.32711554644106              598         112
 ../2240_seed.dataconnected         316  0.11111925411308334       0.26192923624331277        35.113684299734331        82.769638652886840       0.13408450010325934        42.370702032629950        767.02027297989639        1334.9983468247890              737         118
 ../2241_seed.dataconnected         286  0.10261172221910680       0.23886882349662547        29.346952554664547        68.316483520034879       0.13291090441706410        38.012518663280332        510.41283841637210        833.52716919567433              694          48
 ../2242_seed.dataconnected         296  0.10683235141657488       0.25003178370492352        31.622376019306163        74.009407976657357       0.13302505178258694        39.375415327645733        758.69325105258281        1529.7760224128394              585          36
 ../2243_seed.dataconnected         256  0.16687320670667835       0.39163089406815321        42.719540916909658        100.25750888144722       0.21101259218701110        54.019223599874842        457.19198320487413        693.61202206672249              649          44
 ../2244_seed.dataconnected         180  0.13085182098257922       0.31614024298853605        23.553327776864261        56.905243737936487       0.16147080000736630        29.064744001325934        422.42284735701463        546.81391297820289              600          37
 ../2245_seed.dataconnected         320  0.10845059226185078       0.25638488190768094        34.704189523792252        82.043162210457893       0.15807825704524250        50.585042254477599        818.51236338295564        1647.6841399985385              581          46
 ../2246_seed.dataconnected         404  0.16269722771504203       0.37468502522649594        65.729679996876982        151.37275019150437       0.21680544457388670        87.589399607850225        785.34956479711354        1707.8499588663926              782         106
 ../2247_seed.dataconnected         164  0.14171023834855789       0.33524837771231908        23.240479089163493        54.980733944820329       0.17434491688512238        28.592566369160071        299.43458412529702        371.70358513950896              690          74
 ../2248_seed.dataconnected         244  0.13603691400856685       0.32218925565503143        33.193007018090313        78.614178379827663       0.16387450010793653        39.985378026336512        403.95290533186960        540.74857300947974              695          61
 ../2249_seed.dataconnected         293  0.10774979006363514       0.24781287005466540        31.570688488645096        72.609170926016958       0.14371733179844115        42.109178216943256        501.40005744814164        780.72727319083117              734          80
 ../2250_seed.dataconnected         261  0.14695044531874141       0.33950580246692064        38.354066228191506        88.611014443866281       0.18945879768082585        49.448746194695545        379.73100942696857        554.72438927219730              619          69
 ../2251_seed.dataconnected         322  0.11816966081119462       0.27874167464717048        38.050630781204667        89.754819236388897       0.14380477598459129        46.305137867038397        591.69932496684964        1064.6547998392368              758          94
 ../2252_seed.dataconnected         262  0.15941359808491637       0.37057242432295273        41.766362698248088        97.089975172613620       0.20379597957708032        53.394546649195043        450.76168613431724        772.96269757283346              611          53
 ../2253_seed.dataconnected         239  0.18343329373470132       0.42782236754636088        43.840557202593615        102.24954584358025       0.23168202935929635        55.372005016871832        394.46178960769623        621.80095731358881              684          44
 ../2254_seed.dataconnected         354  0.15226697582201998       0.35237149494127257        53.902509440995075        124.73950920921048       0.21056408093412066        74.539684650678709        587.90810066679182        1036.6987611980558              764          93
 ../2255_seed.dataconnected         180  0.17878003635320455       0.40539571877709235        32.180406543576822        72.971229379876618       0.23435721551798858        42.184298793237943        246.56413453124270        297.01584931477544              630          68
 ../2256_seed.dataconnected         292  0.12637000346388341       0.29489763567689437        36.900041011453958        86.110109617653151       0.14726972089024271        43.002758499950872        499.10477321926595        758.33751508616228              659          44
 ../2257_seed.dataconnected         274  0.19907544669526045       0.46720747483696445        54.546672394501364        128.01484810532827       0.23785312440449566        65.171756086831806        336.18692212660079        451.00623263403202              720          93
 ../2258_seed.dataconnected         194  0.17467855748233993       0.39926651177398814        33.887640151573947        77.457703284153695       0.21522115641756775        41.752904345008147        304.78285854448251        376.39509109881868              518          37
 ../2259_seed.dataconnected         226  0.24774355977238482       0.57803347883577383        55.990044508558974        130.63556621688488       0.28862205168494937        65.228583680798550        220.78145673919718        259.28734532700798              694          75
 ../2260_seed.dataconnected         318  0.23690219817683067       0.55032245851009542        75.334899020232157        175.00254180621033       0.28388760049940770        90.276256958811643        429.20567174191814        653.08718722658352              703          33
 ../2261_seed.dataconnected         281  0.13903105963791079       0.32657978266240645        39.067727758252936        91.768918928136216       0.18319990303319683        51.479172752328310        570.82810373149709        950.97941042040486              684          45
 ../2262_seed.dataconnected         279  0.20778216211544581       0.48182910019373115        57.971223230209382        134.43031895405099       0.25948671549315422        72.396793622590025        478.62199337715418        644.53291786979105              746         108
 ../2263_seed.dataconnected         265  0.15679405376603392       0.37094629155821895        41.550424247998990        98.300767262928019       0.20634454983087031        54.681305705180634        490.62460519691166        828.46598553739864              648          47
 ../2264_seed.dataconnected         258  0.20079903659344533       0.45891334929288707        51.806151441108895        118.39964411756486       0.25488888955224098        65.761333504478173        313.19598899717323        445.41640576916762              665          45
 ../2265_seed.dataconnected         326   9.7900878465045471E-002  0.23033165074852802        31.915686379604825        75.088118144020129       0.12593771652280272        41.055695586433686        668.64028217557620        1232.8669669153198              688          58
 ../2266_seed.dataconnected         227  0.17612582435644078       0.41228577186856047        39.980562128912055        93.588870214163222       0.21832106885497338        49.558882630078955        280.42301574520855        325.54012302369279              684          42
 ../2267_seed.dataconnected         382  0.12128925187946912       0.28706001741318160        46.332494217957205        109.65692665183538       0.15880999808126145        60.665419267041877        712.73107948052848        1287.4362165065961              735          23
 ../2268_seed.dataconnected         166  0.15311716509017118       0.35789938315192127        25.417449404968416        59.411297603218934       0.20213159249233925        33.553844353728316        279.65018240984227        329.26190412998108              624          55
 ../2269_seed.dataconnected         248  0.14037193526410280       0.33214300806077324        34.812239945497495        82.371465999071759       0.17672799348894705        43.828542385258871        386.98157678595891        577.52026108934388              736          43
 ../2270_seed.dataconnected         260  0.17175217705030094       0.40000225255064709        44.655566033078244        104.00058566316824       0.22570029940617928        58.682077845606614        381.14826737417684        539.79832666141294              673          44
 ../2271_seed.dataconnected         242  0.12968501481170253       0.29914632838357158        31.383773584432010        72.393411468824326       0.16332807872247393        39.525395050838689        520.79493745734851        858.62521925773115              680          60
 ../2272_seed.dataconnected         205  0.18691615982891030       0.43433514583887578        38.317812764926614        89.038704896969534       0.22876172846737097        46.896154335811048        354.49481255123249        483.90828662028071              619          55
 ../2273_seed.dataconnected         242  0.18832943618725870       0.43393693824075469        45.575723557316607        105.01273905426264       0.24375228402082175        58.988052733038863        359.25238291805533        511.57116515544641              825         193
 ../2274_seed.dataconnected         360  0.11750690561543160       0.27812188451160802        42.302486021555374        100.12387842417888       0.15097517418481871        54.351062706534734        699.65069468461138        1456.8971225286041              752          67
 ../2275_seed.dataconnected         208  0.14555197990388802       0.33994467879585794        30.274811820008708        70.708493189538444       0.17454788034959334        36.305959112715414        317.86052209295281        429.41868764402295              562          36
 ../2276_seed.dataconnected         267  0.16177069648649137       0.37994138493249963        43.192775961893197        101.44434977697740       0.19838305029996314        52.968274430090162        391.59964650790448        598.72767760904867              577          28
 ../2277_seed.dataconnected         320  0.16497799671339672       0.38513265086081627        52.792958948286952        123.24244827546121       0.20938928045817892        67.004569746617250        576.23289165611823        998.87274669941291              806          76
 ../2278_seed.dataconnected         308  0.15797463722766614       0.37577747468216266        48.656188266121170        115.73946220210610       0.19244952873192406        59.274454849432608        416.29121985542912        683.04789539557066              734          69
 ../2279_seed.dataconnected         294  0.13450158149017324       0.31975826020873171        39.543464958110931        94.008928501367123       0.17596622444169624        51.734069985858696        558.19674352146671        957.68728177487708              650          27
 ../2280_seed.dataconnected         273  0.12382456443112864       0.28867986766415327        33.804106089698116        78.809603872313843       0.16854324831655595        46.012306790419778        538.25358237493060        930.24841815241257              618          43
 ../2281_seed.dataconnected         271  0.20598796411606290       0.48318903035657651        55.822738275453048        130.94422722663222       0.25802469677151008        69.924692825079234        458.15164384276386        695.64634788822036              718          82
 ../2282_seed.dataconnected         532  0.12548029945000952       0.28815301028698875        66.755519307405066        153.29740147267802       0.15564687463911878        82.804137308011192        951.63809763728216        2131.1230977524879              802          32
 ../2283_seed.dataconnected         298  0.17984241716083332       0.41867226661878115        53.593040313928327        124.76433545239678       0.24004696877408763        71.533996694678109        569.41007390840957        989.46019049187248              600         101
 ../2284_seed.dataconnected         330  0.13336793918336623       0.31371845656542435        44.011419930510854        103.52709066659004       0.18191712812615776        60.032652281632060        533.74145876775447        970.71941276925725              652          32
 ../2285_seed.dataconnected         255  0.18631433964635655       0.43683259793986345        47.510156609820918        111.39231247466518       0.23632506927445590        60.262892664986254        422.63810721694676        638.78297031434363              688         125
 ../2286_seed.dataconnected         258  0.15821167072140099       0.37821757956599938        40.818611046121454        97.580135528027839       0.19632108167766696        50.650839072838075        466.40995320826227        778.91887251009598              742         114
 ../2287_seed.dataconnected         306  0.17555901537138607       0.40618881870530893        53.721058703644140        124.29377852382453       0.21988075119433675        67.283509865467053        648.23694634137109        1170.5054704053678              664          40
 ../2288_seed.dataconnected         276  0.12308847752981288       0.28840870516660966        33.972419798228351        79.600802625984272       0.15464020700133171        42.680697132367555        560.46650563229878        934.47462105617490              623          56
 ../2289_seed.dataconnected         284  0.19328134141339920       0.44946622274371206        54.891900961405369        127.64840725921422       0.24552248523715539        69.728385807352126        409.68556142854453        634.65790452545991              647          33
 ../2290_seed.dataconnected         235  0.16809233603661339       0.38837112580446315        39.501698968604146        91.267214564048842       0.22267051705176399        52.327571507164535        444.59574741829721        701.35948574272493              621          36
 ../2291_seed.dataconnected         254  0.13501252648345058       0.31586325826219463        34.293181726796448        80.229267598597431       0.16754393712819851        42.556160030562424        472.82043658443177        692.45103705275483              716          39
 ../2292_seed.dataconnected         290  0.11591211550524035       0.27775950544541222        33.614513496519699        80.550256579169542       0.14000655952002328        40.601902260806753        656.27363490814594        1121.6525433849754              690          42
 ../2293_seed.dataconnected         161  0.15548913684198076       0.36213078911120056        25.033751031558904        58.303057046903291       0.19984815354276608        32.175552720385340        278.91036720190323        353.18576552657606              645          88
 ../2294_seed.dataconnected         250  0.23594569233858664       0.53193130950091239        58.986423084646660        132.98282737522808       0.27955559696245780        69.888899240614450        249.18746134213671        316.21468237293232              626          77
 ../2295_seed.dataconnected         260  0.18005907652305125       0.42159001610725372        46.815359895993325        109.61340418788596       0.23143925013723676        60.174205035681560        400.03389654546163        612.35035457101162              713          65
 ../2296_seed.dataconnected         248  0.23536145374901585       0.54455727566059231        58.369640529755927        135.05020436382688       0.29011203982867140        71.947785877510512        288.58103837528432        374.84698440590120              667          46
 ../2297_seed.dataconnected         363   9.5288238358046784E-002  0.21828127498607014        34.589630523970982        79.236102819943454       0.12929853115088855        46.935366807772539        518.16803175031419        888.24554061610786              663          29
 ../2298_seed.dataconnected         352  0.12936813353662752       0.30386929928893452        45.537583004892888        106.96199334970495       0.17135188392291364        60.315863140865602        724.85520781048899        1507.7819180854763              779         102
 ../2299_seed.dataconnected         231  0.14705563326877616       0.35364422739667140        33.969851285087294        81.691816528631094       0.18803684473489299        43.436511133760277        380.75764406377999        575.59164340880193              632         103
 ../2300_seed.dataconnected         305  0.21811157079836982       0.49838925840668402        66.524029093502790        152.00872381403863       0.27238513231080019        83.077465354794057        499.43288709198026        759.50334396734149              674          74
 ../2301_seed.dataconnected         335  0.12760566830845396       0.30448247473911982        42.747898883332077        102.00162903760514       0.15053035462787273        50.427668800337365        703.44522788924826        1346.3735738919536              771          59
 ../2302_seed.dataconnected         362   9.7182165726432151E-002  0.23265274523042029        35.179943992968440        84.220293773412138       0.12538520906846010        45.389445682782558        733.17057920513741        1420.2026422642909              703          55
 ../2303_seed.dataconnected         298  0.15720725152295778       0.36513863798038210        46.847760953841416        108.81131411815386       0.21298054284873924        63.468201768924295        563.53691130155437        1015.0911070441184              605          48
 ../2304_seed.dataconnected         214  0.15210529491262606       0.35717200649220615        32.550533111301974        76.434809389332116       0.20681042054493468        44.257429996616018        467.63158206631084        701.08234764899919              567          39
 ../2305_seed.dataconnected         241  0.20753859219226101       0.48145954956285753        50.016800718334906        116.03175144464866       0.26191377717702008        63.121220299661836        341.63258167343065        483.63819704094396              780          97
 ../2306_seed.dataconnected         344  0.13460272679506649       0.31458179719601831        46.303338017502874        108.21613823543029       0.16508821640806123        56.790346444373064        735.51612975917703        1507.7897776796451              784         114
 ../2307_seed.dataconnected         274  0.14032711293542252       0.33146600953765648        38.449628944305772        90.821686613317880       0.19955918557935184        54.679216848742406        603.27594886730026        1060.1576321691759              692         118
 ../2308_seed.dataconnected         230  0.18315172399073831       0.43563317648330985        42.124896517869814        100.19563059116126       0.22378104848832531        51.469641152314821        320.32396935002191        460.77459932569991              588          38
 ../2309_seed.dataconnected         198  0.20067480947460997       0.47903943255428710        39.733612275972774        94.849807645748839       0.25205225319707431        49.906346133020712        301.99953942105702        367.18719498928158              692          73
 ../2310_seed.dataconnected         224  0.17751456695857401       0.40461685662044833        39.763262998720577        90.634175882980429       0.21886607295950014        49.026000342928029        314.68878177682694        442.87812419987540              693          46
 ../2311_seed.dataconnected         212  0.20644526855027576       0.48505585762487868        43.766396932658459        102.83184181647428       0.25317398142756081        53.672884062642893        258.65247753177027        317.25560165732730              621          41
 ../2312_seed.dataconnected         217  0.17584514007349999       0.41123462036444958        38.158395395949498        89.237912619085563       0.24447946153968833        53.052043154112368        422.33273562320852        636.53139768734968              637          40
 ../2313_seed.dataconnected         333  0.15485027507886376       0.36997771170270038        51.565141601261629        123.20257799699922       0.19833068106282664        66.044116793921276        659.71130545713322        1208.3913767168240              689          48
 ../2314_seed.dataconnected         276  0.15324822758843198       0.36357263460068251        42.296510814407227        100.34604714978838       0.20406047712608413        56.320691686799222        445.55275297807361        703.99731048848798              626          57
 ../2315_seed.dataconnected         326  0.11236369749931015       0.27021163568087986        36.630565384775110        88.088993231966839       0.15352806578917405        50.050149447270741        728.91696940075349        1425.4817460048096              657          29
 ../2316_seed.dataconnected         265  0.19105634048204317       0.44919155364180308        50.629930227741440        119.03576171507781       0.23164926829317353        61.387056097690987        372.63458949616046        550.06900656093808              667          48
 ../2317_seed.dataconnected         297  0.15948176934355543       0.37519420191046071        47.366085495035961        111.43267796740683       0.21721338915269806        64.512376578351322        569.34169479331990        1029.1886811371621              598          55
 ../2318_seed.dataconnected         270  0.16207941230846371       0.37990824007350832        43.761441323285197        102.57522481984725       0.20121717847492818        54.328638188230606        500.53010201606912        786.96979396960455              657          34
 ../2319_seed.dataconnected         275  0.16122933717391305       0.37828484152156794        44.338067722826089        104.02833141843118       0.20527788242640943        56.451417667262596        488.87996245225270        787.65197296006704              788          56
 ../2320_seed.dataconnected         404  0.11733904234160200       0.27314704848080634        47.404973106007212        110.35140758624576       0.13918626150629129        56.231249648541684        768.51394333295389        1487.9762294220434              779         106
 ../2321_seed.dataconnected         300  0.11832203936372680       0.27748175318653773        35.496611809118043        83.244525955961322       0.15646790313353520        46.940370940060561        518.97192287621385        921.63555489535327              595          22
 ../2322_seed.dataconnected         364  0.11955941774014198       0.28803009390517270        43.519628057411680        104.84295418148287       0.15433449435054272        56.177755943597553        674.20485975835993        1338.1546857519759              682          28
 ../2323_seed.dataconnected         264  0.15672826564024742       0.35650242979010643        41.376262129025321        94.116641464588099       0.20545472229151887        54.240046684960980        478.04772842070656        760.30799731814193              628          65
 ../2324_seed.dataconnected         311  0.11365032381229077       0.26534163194456856        35.345250705622433        82.521247534760818       0.15343202524244351        47.717359850399930        748.82676842349258        1390.9017829802958              670          60
 ../2325_seed.dataconnected         248  0.21545585183273336       0.50443976847049787        53.433051254517871        125.10106258068348       0.25822739664145422        64.040394367080651        305.36127281199776        411.56410661807689              703          73
 ../2326_seed.dataconnected         281  0.17396130784396374       0.39164448974937477        48.883127504153812        110.05210161957432       0.24096561123474142        67.711336756962339        487.65889111712204        795.33046384664590              654          54
 ../2327_seed.dataconnected         245  0.14145428270803120       0.32941663401610011        34.656299263467645        80.707075333944530       0.18629378607920824        45.641977589406018        330.27505513932692        486.32108732188919              703          52
 ../2328_seed.dataconnected         229  0.16787446833377426       0.38915570518217596        38.443253248434303        89.116656486718298       0.20717667589303040        47.443458779503963        402.35737171016939        582.45610183013412              604          61
 ../2329_seed.dataconnected         253  0.14552854365482396       0.34696286772091256        36.818721544670460        87.781605533390874       0.18182113776144018        46.000747853644363        413.76066647566239        653.64302238506514              627          42
 ../2330_seed.dataconnected         294  0.14945062825493186       0.35394764449034677        43.938484706949964        104.06060748016195       0.20856873166426385        61.319207109293572        545.36548732291362        941.14426381534622              768          57
 ../2331_seed.dataconnected         272  0.14306861913900865       0.33988479266597249        38.914664405810349        92.448663605144517       0.17053644545194629        46.385913162929391        591.29086683359162        1017.8648010926535              595          46
 ../2332_seed.dataconnected         222  0.20360170944859163       0.46444481777619279        45.199579497587344        103.10674954631480       0.25649345590642331        56.941547211225974        332.93870390256274        434.99062104907841              736          50
 ../2333_seed.dataconnected         276  0.21315740482945286       0.48427788760507628        58.831443732928989        133.66069697900105       0.27241045727789631        75.185286208699381        351.07222771112282        501.70751922378804              728          74
 ../2334_seed.dataconnected         336   7.4152449619941205E-002  0.17746045965502560        24.915223072300243        59.626714444088606        9.6668657440963479E-002   32.480668900163728        698.97328104615838        1352.7270526231944              665          33
 ../2335_seed.dataconnected         270  0.13706017085529917       0.32153649718235838        37.006246130930776        86.814854239236766       0.19300986979919085        52.112664845781531        487.42291243065893        717.03051737347209              628          64
 ../2336_seed.dataconnected         327  0.13083444992418453       0.30953175696556756        42.782865125208339        101.21688452774059       0.16824436503878243        55.015907367681855        615.29315356771906        1170.7311626178941              658         109
 ../2337_seed.dataconnected         278   9.9388829453470856E-002  0.23516185260110573        27.630094588064900        65.374995023107388       0.12013505174152049        33.397544384142698        582.86507187911309        974.95373645756467              701          57
 ../2338_seed.dataconnected         290  0.16134681730156464       0.37226057636427357        46.790577017453742        107.95556714563934       0.20628424361494041        59.822430648332720        466.15912639241918        754.61486459282889              756          90
 ../2339_seed.dataconnected         253  0.14641126974603935       0.34998500525760395        37.042051245747956        88.546206330173803       0.19049627286367396        48.195557034509513        379.60085673347334        561.25500177912522              773         138
 ../2340_seed.dataconnected         277  0.16454162771875117       0.38158544287213370        45.578030878094076        105.69916767558104       0.21438181438125065        59.383762583606426        496.13381237800650        826.35310624756210              655          89
 ../2341_seed.dataconnected         325  0.14920328366929853       0.34508787306884675        48.491067192522024        112.15355874737520       0.20805036421695727        67.616368370511111        554.10404653437047        862.50413716028504              730          88
 ../2342_seed.dataconnected         212   9.5081159904550211E-002  0.22671110400491964        20.157205899764644        48.062754049042965       0.13479174618518111        28.575850191258397        487.71719911915790        824.88886309637860              555          32
 ../2343_seed.dataconnected         277  0.18591463538321823       0.43421752977376521        51.498354001151448        120.27825574733296       0.23832653456807740        66.016450075357440        376.06087803119851        546.39900655771248              732          69
 ../2344_seed.dataconnected         324  0.12381784511119914       0.29130560891160656        40.116981816028520        94.383017287360531       0.15961566317538892        51.715474868826007        565.80254723077758        991.29349271181047              712          42
 ../2345_seed.dataconnected         245  0.16938891222191077       0.39850616422938767        41.500283494368141        97.634010236199984       0.20540863239475898        50.325114936715948        532.64198676958335        750.03458548827780              635          29
 ../2346_seed.dataconnected         283  0.13455251222496822       0.31543181731850667        38.078360959666007        89.267204301137383       0.18760482557782984        53.092165638525849        351.74425853780156        518.03067411678796              644          47
 ../2347_seed.dataconnected         260  0.16793149965047602       0.39175139778880391        43.662189909123768        101.85536342508902       0.20772291346299174        54.007957500377849        358.00615974415911        527.67080123090454              699          74
 ../2348_seed.dataconnected         216  0.19248831605731004       0.43558999163747031        41.577476268378966        94.087438193693586       0.23681624820963898        51.152309613282021        261.10929619110806        335.79665536933209              735          73
 ../2349_seed.dataconnected         285  0.13880009702493795       0.33018585031870429        39.558027652107313        94.102967340830716       0.17919115160411461        51.069478207172665        538.21769957449953        954.87853542928588              756          75
 ../2350_seed.dataconnected         322  0.10060259619958055       0.23458227213156252        32.394035976264938        75.535491626363125       0.13959453452364598        44.949440116614007        619.43754985443866        1126.4213111617014              685          76
 ../2351_seed.dataconnected         378  0.10652251870957370       0.25508948590526204        40.265512072218861        96.423825672189054       0.13625109136452593        51.502912535790799        862.96408798925768        1831.0063139186805              802          38
 ../2352_seed.dataconnected         267  0.13587706888821185       0.32297360314438739        36.279177393152565        86.233952039551440       0.17694712866338244        47.244883353123114        541.22087920924957        971.46656247502744              610          41
 ../2353_seed.dataconnected         287  0.13098782552420898       0.31039447794424013        37.593505925447978        89.083215169996919       0.16904132845435590        48.514861266400146        384.94326112534696        594.13032792513854              656          41
 ../2354_seed.dataconnected         264  0.14171384037417986       0.33212572082522074        37.412453858783486        87.681190297858279       0.17725794191744293        46.796096666204932        418.63711306674975        627.36232354345009              509          45
 ../2355_seed.dataconnected         221  0.14252922700388568       0.33564666045168845        31.498959167858736        74.177911959823149       0.17480756889826174        38.632472726515843        364.42299142961781        545.15735338217576              661          42
 ../2356_seed.dataconnected         324  0.20594760880509624       0.48630798191899183        66.727025252851178        157.56378614175335       0.26605136467210005        86.200642153760413        606.09764004610167        1206.0506290170665              714         104
 ../2357_seed.dataconnected         169  0.17920972609273192       0.42614331831290420        30.286443709671694        72.018220794880804       0.20106552548947121        33.980073807720636        328.17260516258034        424.98158057472500              695          74
 ../2358_seed.dataconnected         265  0.19824610048999969       0.45313051426826223        52.535216629849920        120.07958628108949       0.26787703675268304        70.987414739461002        398.21355650736081        604.53072415919144              664          68
 ../2359_seed.dataconnected         237  0.18473098872192478       0.44323461920759771        43.781244327096175        105.04660475220066       0.23280970906223902        55.175901047750649        370.17004321586001        512.98312088807506              591          22
 ../2360_seed.dataconnected         264  0.14125239813846199       0.33754469670771919        37.290633108553969        89.111799930837861       0.17194264190637615        45.392857463283306        405.67473868504720        624.22599544964874              775         125
 ../2361_seed.dataconnected         209  0.13601819930663753       0.32416655675376788        28.427803655087242        67.750810361537489       0.18267351597946721        38.178764839708649        498.87377286675309        765.17585218785371              546          45
 ../2362_seed.dataconnected         226  0.19856535194154179       0.47441492102822191        44.875769538788447        107.21777215237815       0.26169933729964040        59.144050229718729        287.84113190645610        378.22198503984475              677         122
 ../2363_seed.dataconnected         294  0.12414095803913712       0.29800619328812983        36.497441663506315        87.613820826710167       0.16219797194846414        47.686203752848456        467.59208820942098        792.34118115931915              728          77
 ../2364_seed.dataconnected         569   9.5254463862339420E-002  0.22067454298178890        54.199789937671127        125.56381495663788       0.12319495070544768        70.097926951399728        1098.1216470920460        2846.2842255192704              937          84
 ../2365_seed.dataconnected         238  0.13606081574666201       0.32142297433999034        32.382474147705558        76.498667892917695       0.19379369326450469        46.122898996952117        418.32631899824736        625.45221862837548              697          67
 ../2366_seed.dataconnected         309  0.13832930267546562       0.32638909693789386        42.743754526718874        100.85423095380921       0.17023817330212626        52.603595550357014        574.43075968573999        1077.9123092268464              734          59
 ../2367_seed.dataconnected         259  0.12588898687284875       0.29952844378550336        32.605247600067827        77.577866940445375       0.15908825760172937        41.203858718847904        454.49313217564912        654.49355349085295              671          89
 ../2368_seed.dataconnected         356  0.12634651085896600       0.30347371609753931        44.979357865791897        108.03664293072400       0.15395199035947901        54.806908567974531        599.05118989353332        1088.3747782738417              712          50
 ../2369_seed.dataconnected         265  0.17218911730908470       0.40787349636996356        45.630116086907449        108.08647653804034       0.22424104486900598        59.423876890286586        442.77276700711457        689.31622106189604              654          35
 ../2370_seed.dataconnected         258  0.19441949512690745       0.46250350883858155        50.160229742742125        119.32590528035404       0.25525908488256388        65.856843899701488        423.13477728571070        659.84977848837764              693          95
 ../2371_seed.dataconnected         306  0.13781947563051686       0.32524632719535040        42.172759542938159        99.525376121777228       0.17881101986461587        54.716172078572455        504.70584207073523        830.17323023573442              790          72
 ../2372_seed.dataconnected         279  0.13930058206972978       0.33636347117186333        38.864862397454608        93.845408456949869       0.17643051100554122        49.224112570545998        388.01332884858732        595.33732925561264              799          54
 ../2373_seed.dataconnected         281  0.14255746337914171       0.33205223208751988        40.058647209538819        93.306677216593087       0.19449573032776651        54.653300222102388        523.52485247566403        881.10566352150977              590          53
 ../2374_seed.dataconnected         371  0.16758620727925497       0.39281190010753769        62.174482900603593        145.73321493989647       0.21498841846153197        79.760703249228357        775.45400457862331        1438.6044042539174              788          51
 ../2375_seed.dataconnected         287  0.19095366277420431       0.43923497192951111        54.803701216196636        126.06043694376969       0.24263003270683531        69.634819386861736        438.62704094593056        714.46752320971257              709          45
 ../2376_seed.dataconnected         226  0.11222760605059796       0.26495753372040154        25.363438967435140        59.880402620810749       0.13385344339264874        30.250878206738616        352.31798856601790        545.50431553040778              659          38
 ../2377_seed.dataconnected         246  0.15878750458168092       0.37698731242012118        39.061726127093507        92.738878855349810       0.18954143114196556        46.627192060923527        309.02707499861162        416.00974023798466              871         144
 ../2378_seed.dataconnected         153  0.15898755956771629       0.36894648819795445        24.325096613860591        56.448812694287028       0.20124855341593881        30.791028672638639        268.60569818770949        280.84873638746558              662          95
 ../2379_seed.dataconnected         283  0.18955674889566956       0.43288077140918674        53.644559937474483        122.50525830879985       0.24954367868252991        70.620861067155971        481.64270101369857        808.80475351242785              670          87
 ../2380_seed.dataconnected         230  0.22197394084915270       0.50657592846891553        51.054006395305123        116.51246354785057       0.27523143475416711        63.303229993458437        283.80357840562709        361.79959919263956              597          32
 ../2381_seed.dataconnected         268  0.19022395631598837       0.44331809035577024        50.980020292684884        118.80924821534643       0.23474097741247632        62.910581946543651        465.11623545585832        711.85545670553290              696          67
 ../2382_seed.dataconnected         255  0.12682204513999168       0.30011096393430448        32.339621510697881        76.528295803247644       0.16552434791655274        42.208708718720949        578.26832158921775        980.69816112991759              598          60
 ../2383_seed.dataconnected         298   8.0488269571052679E-002  0.19463984095326542        23.985504332173697        58.002672604073098       0.11606732824823127        34.588063817972916        575.86942034151548        1007.8512633114144              664          63
 ../2384_seed.dataconnected         310  0.12206834269534789       0.28456952858503842        37.841186235557842        88.216553861361916       0.14884802543775447        46.142887885703885        540.63546795420689        962.67695958055663              695          61
 ../2385_seed.dataconnected         240  0.19095189486978709       0.43885917999389851        45.828454768748898        105.32620319853564       0.23685373152920172        56.844895567008415        291.49746727925424        374.87558927811506              654          32
 ../2386_seed.dataconnected         252  0.24021848074438024       0.55819411880862813        60.535057147583821        140.66491793977428       0.29936792397498607        75.440716841696485        341.31186945936088        476.13363630103487              624          51
 ../2387_seed.dataconnected         260  0.21223182465928200       0.50258909732159884        55.180274411413322        130.67316530361569       0.27157052399360626        70.608336238337628        403.00813706915164        630.02253065148216              672          75
 ../2388_seed.dataconnected         266  0.21878663076587149       0.51061627403322629        58.197243783721817        135.82392889283818       0.27511608966006318        73.180879849576812        428.95628573776264        694.74181566938262              644          66
 ../2389_seed.dataconnected         298  0.15298596389706026       0.36089990705417224        45.589817241323956        107.54817230214333       0.20862344012796510        62.169785158133600        494.07883611244250        814.19917863771821              629          24
 ../2390_seed.dataconnected         411  0.11608740899596280       0.27266505084927201        47.711925097340711        112.06533589905079       0.15270516814399107        62.761824107180331        905.08204144998956        1905.1891854589969              703          21
 ../2391_seed.dataconnected         325  0.22590821049903950       0.51877863209454023        73.420168412187834        168.60305543072556       0.28586909081233797        92.907454514009842        631.84336086397514        1158.2582998084292              866         119
 ../2392_seed.dataconnected         234  0.20531306344065359       0.47398311081830147        48.043256845112943        110.91204793148255       0.26283728431822362        61.503924530464325        353.61116817124599        492.12993793887807              626          26
 ../2393_seed.dataconnected         299  0.13084917976519433       0.30511947193228095        39.123904749793105        91.230722107752001       0.16510524374169486        49.366467878766763        563.47167704892320        943.88674487444223              726         116
 ../2394_seed.dataconnected         253  0.21601092134513625       0.50283642362460812        54.650763100319473        127.21761517702585       0.27330111800283680        69.145182854717703        369.15756034807259        531.67406289014991              683          71
 ../2395_seed.dataconnected         312  0.12461048751832167       0.29328143623596464        38.878472105716362        91.503808105620962       0.15870535729687832        49.516071476626038        625.11679547216215        1247.4252364105889              697          66
 ../2396_seed.dataconnected         369  0.12115757044636298       0.28574200760778140        44.707143494707942        105.43880080727133       0.16561119478553551        61.110530875862608        718.52395781646351        1427.9064043428964              694          37
 ../2397_seed.dataconnected         276   9.8573426755998075E-002  0.23509180266312782        27.206265784655468        64.885337535023282       0.12078773728617863        33.337415490985300        456.51935535315346        691.59799642050984              623          42
 ../2398_seed.dataconnected         255  0.17968160292601007       0.42764899169116027        45.818808746132568        109.05049288124587       0.22853997318818731        58.277693162987767        501.41217131173460        766.89240353891159              695          85
 ../2399_seed.dataconnected         259  0.15945333291173766       0.37801098701288938        41.298413224140056        97.904845636338351       0.20253373731729515        52.456237965179447        374.45646324947023        497.06776927428740              815         143
 ../2400_seed.dataconnected         236  0.13793259906371302       0.32648467805065101        32.552093379036272        77.050384019953640       0.16369259906834360        38.631453380129088        374.25149381212736        510.13073052336148              752         173
 ../2401_seed.dataconnected         305  0.14282940349006143       0.32682268471937936        43.562968064468734        99.680918839410708       0.20459322430738594        62.400933413752711        556.42888951046177        989.51704759560539              736          44
 ../2402_seed.dataconnected         255  0.13653082410168629       0.32604134036449117        34.815360145930008        83.140541792945243       0.18439929079375578        47.021819152407723        431.96121539205575        685.63476081832289              688          54
 ../2403_seed.dataconnected         239  0.11301013986903037       0.27237872923976941        27.009423428698259        65.098516288304893       0.14770923247705148        35.302506562015303        388.18189207956055        481.14756191238541              723         121
 ../2404_seed.dataconnected         444  0.12905804735814649       0.30370179161082128        57.301773027017042        134.84359547520464       0.15926092436573916        70.711850418388181        891.81770965091812        1929.1117178830405              811          40
 ../2405_seed.dataconnected         208  0.18600524369701785       0.43892312292425012        38.689090688979711        91.296009568244031       0.24181190406156874        50.296876044806297        334.83008356173201        410.09507251877886              559          31
 ../2406_seed.dataconnected         254  0.13041722525212934       0.29884908597313542        33.125975214040857        75.907667837176390       0.17858533587104236        45.360675311244762        312.09179346238591        442.47036115563270              741          76
 ../2407_seed.dataconnected         279  0.11534725750527858       0.27118713146531020        32.181884843972725        75.661209678821550       0.13735956226377594        38.323317871593488        523.07349762033289        899.36916111475148              695          70
 ../2408_seed.dataconnected         263  0.17994997524860579       0.42602815916395048        47.326843490383325        112.04540586011898       0.22519007416016448        59.224989504123258        395.85861728788888        594.74240810816036              663          53
 ../2409_seed.dataconnected         335  0.11221068129466887       0.26712173855929194        37.590578233714069        89.485782417362799       0.14315162306666795        47.955793727333763        869.56458102948898        1579.9323775956016              717          42
 ../2410_seed.dataconnected         305  0.17482327513136661       0.39978114246030061        53.321098915066820        121.93324845039169       0.22243832801104674        67.843690043369250        424.97833754363825        625.49915116225770              698          55
 ../2411_seed.dataconnected         274  0.16827252755320954       0.39152506847057544        46.106672549579415        107.27786876093766       0.21005359513522986        57.554685067052986        472.14569266261066        708.65914149589139              698          47
 ../2412_seed.dataconnected         201  0.22060826752709026       0.50527478566675976        44.342261772945143        101.56023191901872       0.26206028772706286        52.674117833139633        266.70710899432260        310.80081036987082              619          32
 ../2413_seed.dataconnected         235  0.12542725700155474       0.30186573386961041        29.475405395365364        70.938447459358443       0.15981442628154802        37.556390176163781        452.34676020922160        714.11916373659187              677          81
 ../2414_seed.dataconnected         255  0.20580604700343805       0.48694287480471293        52.480541985876705        124.17043307520180       0.25939878229417224        66.146689485013923        412.64771800880686        573.64222681517401              692          88
 ../2415_seed.dataconnected         247  0.25337711090951215       0.58285824445827861        62.584146394649501        143.96598638119482       0.30456061932633782        75.226472973605439        331.94534655617571        451.27081726009254              704          65
 ../2416_seed.dataconnected         241  0.20012974212976067       0.45920293156852704        48.231267853272321        110.66790650801502       0.25191363623979479        60.711186333790543        351.05385106075636        427.37475499779350              741          39
 ../2417_seed.dataconnected         266  0.16130880628993471       0.38443680209728875        42.908142473122631        102.26018935787882       0.21496421977706515        57.180482460699331        591.89681074163411        935.92989788440013              845         196
 ../2418_seed.dataconnected         253  0.14242548945679007       0.33310175103833123        36.033648832567884        84.274743012697797       0.18533304659301481        46.889260788032743        450.02328989862082        724.90408069239800              723         170
 ../2419_seed.dataconnected         323  0.11170405380456770       0.26210271263983120        36.080409378875366        84.659176182665476       0.13929210265384204        44.991349157190974        461.02668131668634        762.75844980967429              687         120
 ../2420_seed.dataconnected         260  0.12774115719435322       0.30361578099994246        33.212700870531840        78.940103059985034       0.17746108541428862        46.139882207715040        456.07805062294045        779.88160176067890              665          29
 ../2421_seed.dataconnected         316  0.19211371350692144       0.44937264775298397        60.707933468187179        142.00175668994294       0.24913471784878680        78.726570840216624        543.60245931200427        879.23653369097372              594          22
 ../2422_seed.dataconnected         225  0.21046553869038392       0.49746371413394386        47.354746205336383        111.92933568013737       0.26130960160264788        58.794660360595770        266.68628715640125        334.09252531260336              638          40
 ../2423_seed.dataconnected         282  0.12767612628883343       0.30499568718694092        36.004667613451026        86.008783786717345       0.17525220206234693        49.421120981581836        488.96522690157161        670.56894690080605              659          43
 ../2424_seed.dataconnected         217  0.16163540504289164       0.37091364772732366        35.074882894307486        80.488261556829229       0.20222729819471416        43.883323708252973        344.62091470641855        465.61122246786766              634          86
 ../2425_seed.dataconnected         211  0.21109027806281230       0.48442899407555096        44.540048671253395        102.21451774994125       0.26451379639594230        55.812411039543825        304.98499486203337        396.64347673582949              638          63
 ../2426_seed.dataconnected         257  0.21011889464769343       0.48127827792305272        54.000555924457210        123.68851742622455       0.26825371882845306        68.941205738912430        312.34743900026371        431.99366159484208              880         135
 ../2427_seed.dataconnected         225  0.18327397039389456       0.43332480993343292        41.236643338626280        97.498082235022409       0.22884753298800045        51.490694922300101        317.06282178188150        448.36582461324468              590          46
 ../2428_seed.dataconnected         267  0.19197721814392135       0.45264400715801828        51.257917244426999        120.85594991119088       0.23316827609841673        62.255929718277265        509.22887183871171        828.05010455178194              671          43
 ../2429_seed.dataconnected         280  0.16265730534677478       0.38020964705327431        45.544045497096938        106.45870117491681       0.19113209767794215        53.516987349823800        459.66702146146105        774.91595429485176              688          48
 ../2430_seed.dataconnected         186  0.18744803694472945       0.42563108522915022        34.865334871719675        79.167381852621943       0.24736840038385663        46.010522471397330        309.47249933793677        403.42388351453462              603          38
 ../2431_seed.dataconnected         289  0.14751632771980597       0.34137393618579387        42.632218711023924        98.657067557694432       0.17815355681755751        51.486377920274123        439.82478105495210        693.18570581139215              699          53
 ../2432_seed.dataconnected         237  0.13392817994370410       0.31363823799996671        31.740978646657872        74.332262405992111       0.17544459322163222        41.580368593526835        297.25506869947037        407.86637021965669              662          67
 ../2433_seed.dataconnected         267  0.17413264472032161       0.40522344753116279        46.493416140325870        108.19466049082047       0.21885871789421948        58.435277677756602        428.43464568180565        674.94512397037442              659          73
 ../2434_seed.dataconnected         295  0.12296793930544610       0.29398161166388048        36.275542095106601        86.724575440844745       0.15595973337095778        46.008121344432546        493.54100176825426        861.81911581710915              688          69
 ../2435_seed.dataconnected         238  0.16508274821977956       0.38377116741337558        39.289694076307534        91.337537844383391       0.20869518684309274        49.669454468656070        433.66922710535442        668.15885104145798              590          42
 ../2436_seed.dataconnected         235  0.19080896005635239       0.44826683426823027        44.840105613242812        105.34270605303412       0.23202168078044036        54.525094983403484        350.47018299077837        484.90329116893298              675          57
 ../2437_seed.dataconnected         291  0.10605214221065508       0.24722395878236827        30.861173383300628        71.942172005669164       0.15359033508512052        44.694787509770073        480.54794224584600        709.94207411919638              750          50
 ../2438_seed.dataconnected         141  0.21727173335421324       0.51078098304899677        30.635314402944065        72.020118609908550       0.28535133528247641        40.234538274829177        263.96550771883710        290.71216788199922              664          70
 ../2439_seed.dataconnected         181  0.17061971843221443       0.39667331828339158        30.882169036230813        71.797870609293881       0.22368932717957932        40.487768219503856        331.54682795266058        424.90340501152662              655          98
 ../2440_seed.dataconnected         281  0.17311825221455560       0.41367000139346405        48.646228872290123        116.24127039156340       0.22033278669306935        61.913513060752486        488.71214749744587        805.56005072199525              643          72
 ../2441_seed.dataconnected         268  0.17008249433191508       0.39448647889052058        45.582108480953238        105.72237634265952       0.19555939151500665        52.409916926021779        266.44189381654485        358.00985137513942              739          44
 ../2442_seed.dataconnected         233  0.15874052712318967       0.37417384555492667        36.986542819703196        87.182506014297914       0.19339080933945110        45.060058576092104        320.05357444002738        408.61657575024890              534          22
 ../2443_seed.dataconnected         254   8.9839383492117592E-002  0.21484051618170336        22.819203406997868        54.569491110152654       0.11405811206662805        28.970760464923526        520.54172317607367        823.13910820816022              800         104
 ../2444_seed.dataconnected         276  0.19596204802371453       0.45676133635628696        54.085525254545210        126.06612883433520       0.25220147175280572        69.607606203774381        391.77562707521469        595.97490307545695              819         226
 ../2445_seed.dataconnected         266  0.12432663138057663       0.28578449270578221        33.070883947233384        76.018675059738072       0.14717710074049947        39.149108796972861        433.87331764857976        694.68478853834699              587          27
 ../2446_seed.dataconnected         245  0.13514307211470192       0.32138374787173063        33.110052668101972        78.739018228574011       0.18345876751344881        44.947398040794958        507.61475829237645        878.50806298136240              705          84
 ../2447_seed.dataconnected         256  0.15198250467731708       0.35539466804059927        38.907521197393173        90.981035018393413       0.18809249105189860        48.151677709286041        361.22321241376227        525.60051209375899              767          54
 ../2448_seed.dataconnected         273  0.20866359476249061       0.49085894266802899        56.965161370159933        134.00449134837191       0.24439723657476844        66.720445584911786        479.37173874299475        754.36091106704930              620          22
 ../2449_seed.dataconnected         313  0.14679051129515011       0.34421021443398864        45.945430035381982        107.73779711783844       0.18498440256295373        57.900118002204515        869.39718505662120        1753.4952893626057              674          55
 ../2450_seed.dataconnected         287  0.11852010014006965       0.28061248608521333        34.015268740199993        80.535783506456227       0.17138903453980001        49.188652912922599        465.26827412651545        713.37413592624659              637          27
 ../2451_seed.dataconnected         433  0.10574465489442218       0.24707465889417646        45.787435569284803        106.98332730117841       0.14126352389864955        61.167105848115256        767.96816305515472        1444.2588421443438              809         122
 ../2452_seed.dataconnected         235  0.18756175915304599       0.45280229546371553        44.077013400965804        106.40853943397315       0.23731398626843955        55.768786773083292        380.81132312936876        570.42401689975668              599          32
 ../2453_seed.dataconnected         255  0.12019559923501461       0.28359803445205428        30.649877804928725        72.317498785273841       0.15402996854405124        39.277641978733065        513.53818498932878        813.76325311470498              599          42
 ../2454_seed.dataconnected         223  0.19782967984721217       0.46810889199232814        44.116018605928311        104.38828291428918       0.24115774659484299        53.778177490649988        324.72758117842073        431.85399741097069              658          95
 ../2455_seed.dataconnected         373  0.11992643422628187       0.27984586751765106        44.732559966403137        104.38250858408385       0.17759323595408996        66.242277010875554        683.50664905806968        1390.9775258351794              711          32
 ../2456_seed.dataconnected         264  0.23503137869495624       0.54534359660397469        62.048283975468451        143.97070950344931       0.29065473150029425        76.732849116077688        364.55140492081387        535.24064008327684              593          42
 ../2457_seed.dataconnected         199  0.14472169523907585       0.34191773167983136        28.799617352576096        68.041628604286444       0.17481019742692011        34.787229287957103        524.10662705993855        735.00019008412414              678         152
 ../2458_seed.dataconnected         281  0.18372721040853607       0.42813203387230642        51.627346124798635        120.30510151811811       0.22386246493418799        62.905352646506827        380.83259807592054        592.46333436524299              790         128
 ../2459_seed.dataconnected         234  0.16078545008604078       0.38206072851668327        37.623795320133546        89.402210472903889       0.20380528444456361        47.690436560027884        420.99358119404445        616.11242866021814              715          51
 ../2460_seed.dataconnected         210  0.24276305685018709       0.56948306227823708        50.980241938539287        119.59144307842979       0.30261054062002923        63.548213530206141        324.45735715683588        436.49718084065830              708          61
 ../2461_seed.dataconnected         365  0.10557442504695565       0.25021985037234373        38.534665142138813        91.330245385905457       0.12943418751667596        47.243478443586724        596.63513214066177        1036.1086593054154              751          45
 ../2462_seed.dataconnected         205  0.17182751033429847       0.39376040990018391        35.224639618531185        80.720884029537700       0.21674766692335898        44.433271719288591        253.93580878249807        299.85551255144668              763         122
 ../2463_seed.dataconnected         272  0.16685859812018919       0.38898928348813505        45.385538688691462        105.80508510877273       0.22728494835116023        61.821505951515583        417.08692140562272        614.20882318012207              640          36
 ../2464_seed.dataconnected         272  0.20381662629783034       0.47677440539591348        55.438122353009852        129.68263826768847       0.25182162430691829        68.495481811481781        416.27777054821104        658.21718051842265              678         105
 ../2465_seed.dataconnected         260  0.21298031392626438       0.47900747723348946        55.374881620828738        124.54194408070727       0.27167523678571148        70.635561564284984        410.37197191659106        570.11508574017728              762          74
 ../2466_seed.dataconnected         304  0.13027958751500099       0.31037740676396341        39.604994604560304        94.354731656244880       0.15752262558133628        47.886878176726228        579.41085887722204        1041.4997804274146              770          82
 ../2467_seed.dataconnected         282  0.10213790632661740       0.24087038134396305        28.802889584106108        67.925447538997574       0.13032100496301452        36.750523399570092        571.14123473442817        873.52727173055462              624          42
 ../2468_seed.dataconnected         202  0.22593357376268622       0.51831319909066942        45.638581900062619        104.69926621631522       0.27581125390232220        55.713873288269085        242.93381291428486        276.37671094744979              687         102
 ../2469_seed.dataconnected         313  0.14841209641248312       0.34715563371893632        46.452986177107221        108.65971335402706       0.17902965892585856        56.036283243793733        594.20810825514809        1033.7836237638342              700         154
 ../2470_seed.dataconnected         228  0.15408564215012494       0.35165477172097381        35.131526410228489        80.177287952382031       0.18760783467021669        42.774586304809404        328.95782782014066        429.96807902320450              648          58
 ../2471_seed.dataconnected         186  0.16023039010649850       0.36278878116568358        29.802852559808723        67.478713296817148       0.19670251569513530        36.586667919295166        334.68555458683159        465.81948666148747              650          54
 ../2472_seed.dataconnected         202   8.7091292108642471E-002  0.20897122783094174        17.592441005945780        42.212188021850231        9.6943132176887381E-002   19.582512699731250        491.77701005893272        680.00037929133055              642          60
 ../2473_seed.dataconnected         298  0.12827994544797988       0.30460594848073080        38.227423743498008        90.772572647257775       0.15960586651698419        47.562548222061288        491.85827563841599        817.85561259151609              759          68
 ../2474_seed.dataconnected         272  0.13385891463018559       0.31579772674794515        36.409624779410478        85.896981675441083       0.18447023102094801        50.175902837697855        472.17147509009266        721.04490469101336              698          65
 ../2475_seed.dataconnected         199  0.23782053126072808       0.54545462622770013        47.326285720884890        108.54547061931233       0.27943149660151895        55.606867823702274        183.71379653585845        198.87396550474091              589          96
 ../2476_seed.dataconnected         278  0.19493373073463163       0.44311671138274555        54.191577144227594        123.18644576440326       0.26719166146197221        74.279281886428279        343.55205299527813        500.26758615283296              695          36
 ../2477_seed.dataconnected         196  0.16033875249631899       0.37604014851716161        31.426395489278523        73.703869109363680       0.19555755175707959        38.329280144387603        304.63973820169525        397.37334034610194              593          58
 ../2478_seed.dataconnected         258  0.21084724670189195       0.49039768485537433        54.398589649088123        126.52260269268658       0.25463116939330710        65.694841703473230        388.32635368966049        592.03347082205096              694          65
 ../2479_seed.dataconnected         209  0.14165107522708237       0.32875488964388855        29.605074722460216        68.709771935572704       0.19236522819025439        40.204332691763170        428.40512486028945        610.21398274412331              786         106
 ../2480_seed.dataconnected         345  0.10592245436070917       0.24764488118666453        36.543246754444667        85.437484009399256       0.13604726524231228        46.936306508597738        708.80492759481774        1387.5372646431915              726          54
 ../2481_seed.dataconnected         291  0.20019739003181858       0.47849596422325591        58.257440499259204        139.24232558896747       0.23660775106579118        68.852855560145230        378.42899503591877        561.47960488421324              739          61
 ../2482_seed.dataconnected         244  0.21552997857403594       0.50383361216649092        52.589314772064768        122.93540136862379       0.26885489746632280        65.600594981782763        267.79976700349999        363.01702280629354              683          60
 ../2483_seed.dataconnected         238  0.21017782993412928       0.49120492931751780        50.022323524322772        116.90677317756924       0.26396876969115313        62.824567186494441        316.37213822486063        429.32610671031847              697          35
 ../2484_seed.dataconnected         266  0.27079816249943323       0.61711146304506359        72.032311224849238        164.15164916998691       0.31647429038453062        84.182161242285147        313.09702889570917        405.24422740557401              717          40
 ../2485_seed.dataconnected         159  0.15794974219733413       0.37766987029327520        25.114009009376126        60.049509376630759       0.20965878125232618        33.335746219119862        246.14882269438490        299.01219782366121              684         104
 ../2486_seed.dataconnected         268  0.14650095756170819       0.34651769507312247        39.262256626537798        92.866742279596821       0.18026417693068822        48.310799417424441        460.12018404601491        704.64690635870761              637          44
 ../2487_seed.dataconnected         274  0.14489246409323925       0.33010659540248022        39.700535161547556        90.449207140279583       0.19860443540222197        54.417615300208823        464.69034416138351        809.14258181747982              733          80
 ../2488_seed.dataconnected         211  0.21520160116898140       0.49465387414857803        45.407537846655075        104.37196744534997       0.27330537017797907        57.667433107553585        371.49510451573900        527.15610414299601              770          92
 ../2489_seed.dataconnected         270  0.13729519230382495       0.31787908840229778        37.069701922032735        85.827353868620406       0.16392238238005782        44.259043242615611        463.91890606841378        762.61763378602961              722          54
 ../2490_seed.dataconnected         245  0.26166731376200542       0.60312618425508391        64.108491871691328        147.76591514249554       0.31122449751834408        76.250001891994302        247.01820366713960        299.23337360414507              686          40
 ../2491_seed.dataconnected         323   8.1119615457770050E-002  0.18519388828329844        26.201635792859726        59.817625915505396       0.10434878917592159        33.704658903822676        576.95462116844408        1077.3714357227625              644          31
 ../2492_seed.dataconnected         222  0.17959949168357753       0.41023419907918696        39.871087153754210        91.071992195579497       0.22224426627031024        49.338227112008873        357.00501591170007        504.66319206387823              613          52
 ../2493_seed.dataconnected         289  0.17242053779070693       0.40898891636918999        49.829535421514301        118.19779683069591       0.22185656149237290        64.116546271295775        464.73314507263677        772.43080843158907              736         128
 ../2494_seed.dataconnected         264  0.13403357845832900       0.31658890685599633        35.384864712998855        83.579471409983029       0.17734127207700670        46.818095828329767        484.07732313368757        837.79393147332269              596          52
 ../2495_seed.dataconnected         400  0.12784562189170259       0.30457237082683758        51.138248756681037        121.82894833073503       0.16340352049237150        65.361408196948602        724.07546131754668        1480.0968467293746              744          48
 ../2496_seed.dataconnected         208  0.19637326489438026       0.47013822452534737        40.845639098031093        97.788750701272249       0.24699041276456590        51.374005855029708        300.36805018249851        404.61725900936659              636          70
 ../2497_seed.dataconnected         226  0.17153329284109406       0.39812137323989549        38.766524182087259        89.975430352216378       0.21406802862775529        48.379374469872694        374.18255424624061        519.57833445886217              593         108
 ../2498_seed.dataconnected         278  0.12799232427733376       0.30266505456749809        35.581866149098786        84.140885169764474       0.16635591933479366        46.246945575072637        674.49395949438110        1216.1712413283208              725          50
 ../2499_seed.dataconnected         280  0.12543068693735748       0.29266763755345826        35.120592342460093        81.946938514968309       0.16546761229721998        46.330931443221594        410.53623253636079        664.15560404177847              711          70
 ../2500_seed.dataconnected         235  0.16122242426746197       0.38678117544825963        37.887269702853565        90.893576230341012       0.21885121700834667        51.430035996961465        324.06507674420749        444.92463966775887              629          75
 ../2501_seed.dataconnected         287  0.14300168569651855       0.33879585440548254        41.041483794900827        97.234410214373497       0.18719468266525066        53.724873924926939        431.40729148194350        687.01174711147564              764          86
 ../2502_seed.dataconnected         327  0.13011283993951120       0.30876090905606091        42.546898660220165        100.96481726133192       0.16821637613708026        55.006754996825244        524.53417212543775        944.87244433540798              757          33
 ../2503_seed.dataconnected         260  0.21891963419215144       0.51488455744001804        56.919104889959371        133.86998493440470       0.25736867731483243        66.915856101856434        313.94530119623852        408.55398191726619              791         135
 ../2504_seed.dataconnected         243  0.11698362121276402       0.27326324326103779        28.427019954701660        66.402968112432177       0.14726953784404781        35.786497696103616        555.55805268464815        869.98434808312675              668          57
 ../2505_seed.dataconnected         209  0.24639354215293605       0.56412303594949054        51.496250309963635        117.90171451344352       0.30202753431862173        63.123754672591943        291.07102068433090        319.35413747129991              654          45
 ../2506_seed.dataconnected         218  0.24941354078925063       0.57603496452116376        54.372151892056635        125.57562226561370       0.30505015338174241        66.500933437219842        267.94257604941623        350.14178186450198              685         110
 ../2507_seed.dataconnected         287  0.25343320813721076       0.57251055934204953        72.735330735379492        164.31053053116821       0.31939354656157853        91.665947863173045        422.52865266881861        649.70673781031860              643          61
 ../2508_seed.dataconnected         267  0.16672465012668991       0.39098149536889909        44.515481583826208        104.39205926349605       0.20550346653426274        54.869425564648154        400.84565450426277        597.27173717112282              675          80
 ../2509_seed.dataconnected         261  0.23246215501408610       0.54840582330111753        60.672622458676472        143.13391988159168       0.28221021127864837        73.656865143727231        306.64662274129057        402.51188145091061              766         121
 ../2510_seed.dataconnected         266  0.15118436239721053       0.35738703430286378        40.215040397658001        95.064951124561759       0.19068486364940862        50.722173730742696        349.39498438744397        511.19635801132841              623          53
 ../2511_seed.dataconnected         243  0.20539579867975885       0.48173836371418532        49.911179079181402        117.06242238254704       0.26040958778630491        63.279529832072093        324.99699013233266        436.05506320381909              799         233
 ../2512_seed.dataconnected         257  0.17432595711862245       0.41073493098186953        44.801770979485973        105.55887726234047       0.22140707112150720        56.901617278227349        367.00423138959729        525.94944993479157              590          29
 ../2513_seed.dataconnected         279  0.17894343322026671       0.41598869307887310        49.925217868454411        116.06084536900559       0.23630212084166852        65.928291714825519        438.97668237810223        670.32482314573542              758          68
 ../2514_seed.dataconnected         204  0.14318362043094263       0.34364000084364088        29.209458567912296        70.102560172102741       0.19384115421346870        39.543595459547618        402.39709294188026        572.56218098683428              671         103
 ../2515_seed.dataconnected         286  0.19509978899348232       0.46584408641446562        55.798539652135943        133.23140871453717       0.23521752862047782        67.272213185456650        620.07788365743272        1091.2452751914709              617          51
 ../2516_seed.dataconnected         357  0.11164106852649767       0.26389783860542526        39.855861463959670        94.211528382136819       0.12475896143790353        44.538949233331564        625.56770961750897        1081.0200630736349              779          48
 ../2517_seed.dataconnected         265  0.15283991820478840       0.35406234401905834        40.502578324268924        93.826521165050465       0.19651858446732984        52.077424883842404        336.62466851774070        471.92282016841182              694          50
 ../2518_seed.dataconnected         308  0.12506682470120720       0.28775389678866647        38.520582007971818        88.628200210909270       0.16094102682347050        49.569836261628915        545.09406891447429        969.88496750153968              697          43
 ../2519_seed.dataconnected         246  0.12468857483990173       0.29237550977446614        30.673389410615826        71.924375404518671       0.15289386752072262        37.611891410097762        463.18981264790455        685.86719274668019              645          73
 ../2520_seed.dataconnected         311  0.13353352482914585       0.31447316669236502        41.528926221864360        97.801154841325527       0.17955540293617314        55.841730313149846        573.78884426305353        964.19941201456902              626          34
 ../2521_seed.dataconnected         227  0.16327415725626365       0.38798862121491701        37.063233697171846        88.073417015786163       0.20655003525443810        46.886858002757450        322.53925057715628        449.70314739051230              698          35
 ../2522_seed.dataconnected         272  0.16694984328745496       0.38611879168110458        45.410357374187747        105.02431133726044       0.21111587156706929        57.423517066242844        473.33965491592272        717.87530812950354              546          27
 ../2523_seed.dataconnected         322  0.15132808501827996       0.36543441195981169        48.727643375886146        117.66988065105936       0.18605926421780167        59.911083078132137        583.70521795066804        1040.3168801574045              871         243
 ../2524_seed.dataconnected         289  0.18032465179221513       0.42410522812117318        52.113824367950173        122.56641092701905       0.22251496640133367        64.306825289985426        449.93300314120080        710.99767081181290              708          33
 ../2525_seed.dataconnected         223  0.13115915511614035       0.30384508952456507        29.248491590899299        67.757454963978006       0.16055348825602425        35.803427881093405        408.40627299838133        638.21231404764740              735         106
 ../2526_seed.dataconnected         243  0.11529855441704213       0.26635385898477193        28.017548723341239        64.723987733299580       0.16519526414647204        40.142449187592703        673.39861416679321        1319.6385786361921              562          55
 ../2527_seed.dataconnected         292  0.17851218028675303       0.42258498136832756        52.125556643731883        123.39481455955165       0.22810601323568358        66.606955864819611        463.97420919000967        749.45734351643216              724         102
 ../2528_seed.dataconnected         281  0.16540547834896369       0.39699308665490368        46.478939416058793        111.55505735002794       0.20947241101508318        58.861747495238376        396.26346547351534        600.74039091091959              763         122
 ../2529_seed.dataconnected         267  0.15780837115147220       0.36414549213226988        42.134835097443080        97.226846399316059       0.20745442201448772        55.390330677868221        546.43610552046368        916.27190442409631              679          41
 ../2530_seed.dataconnected         233  0.17443434178061645       0.38955753368823137        40.643201634883631        90.766905349357913       0.22706681942209558        52.906568925348274        320.94396229870085        443.15419060946158              708          88
 ../2531_seed.dataconnected         253  0.14027017168936698       0.33477058636862123        35.488353437409849        84.696958351261173       0.17049986400086428        43.136465592218663        468.74712000727288        770.39847594911157              594          37
 ../2532_seed.dataconnected         231  0.17279009007050217       0.40931906521263089        39.914510806286003        94.552704064117734       0.21362831082793257        49.348139801252422        416.41183181190439        608.16422207348842              599          64
 ../2533_seed.dataconnected         226  0.20125156458035667       0.46952812770530405        45.482853595160606        106.11335686139871       0.24594706527504501        55.584036752160173        277.32600801482431        373.06061671464084              739         116
 ../2534_seed.dataconnected         133  0.17742048388441325       0.41636444352325314        23.596924356626964        55.376470988592665       0.20670324642330995        27.491531774300224        186.09886229551111        187.69529557240784              587          78
 ../2535_seed.dataconnected         333   9.4541177608258892E-002  0.22049173597820551        31.482212143550210        73.423748080742442       0.12852679791689037        42.799423706324490        610.33371042022338        1066.0690301064144              797          99
 ../2536_seed.dataconnected         323  0.18153246660783245       0.42463430857641299        58.634986714329884        137.15688167018141       0.23258480506474108        75.124892035911373        455.82419987832793        754.81440353940786              740          54
 ../2537_seed.dataconnected         230  0.19814866846768225       0.45426354494744675        45.574193747566916        104.48061533791275       0.25151812405490226        57.849168532627516        254.02932444795010        317.25629305898769              589          48
 ../2538_seed.dataconnected         276  0.15011920321215583       0.35312143157845932        41.432900086555009        97.461515115654777       0.18555424559108866        51.212971783140468        413.99551405988404        641.90338327740915              660          42
 ../2539_seed.dataconnected         334  0.11969410282987801       0.28408525131918627        39.977830345179257        94.884473940608217       0.15338359227208642        51.230119818876865        918.72674937043439        1939.3578144220444              613          34
 ../2540_seed.dataconnected         355  0.11894117251502720       0.28139190397982883        42.224116242834654        99.894125912839229       0.16832798524904155        59.756434763409750        649.46402765596679        1271.7521007836349              722          65
 ../2541_seed.dataconnected         166  0.23889137734194110       0.55081055735557649        39.655968638762225        91.434552521025694       0.29302972633067703        48.642934570892386        201.14846146299487        217.74257639089774              579          63
 ../2542_seed.dataconnected         199  0.16500123558145313       0.38337452398324268        32.835245880709174        76.291530272665298       0.20425159560006806        40.646067524413546        282.36854830049191        359.66984242822673              619          62
 ../2543_seed.dataconnected         240  0.13838224072894759       0.32889455070082824        33.211737774947423        78.934692168198779       0.18066568742171216        43.359764981210915        521.21421087475608        752.96442612088288              733          92
 ../2544_seed.dataconnected         248  0.16433479036325643       0.38749959201743639        40.755028010087592        96.099898820324228       0.22112791964192166        54.839724071196571        402.98852236869322        619.93266159255450              696          61
 ../2545_seed.dataconnected         146  0.16155367422735509       0.37825738353581534        23.586836437193842        55.225577996229042       0.19770076726425770        28.864312020581625        316.51207339276164        380.80661702643869              523         101
 ../2546_seed.dataconnected         316  0.11535369879304654       0.27568305850606534        36.451768818602709        87.115846487916642       0.15857276091922523        50.108992450475171        650.34538371146834        1226.4085132384614              635          44
 ../2547_seed.dataconnected         278  0.12270627192031211       0.28318429373828247        34.112343593846767        78.725233659242519       0.15883955550281484        44.157396429782523        607.08720228268203        1051.5594333550985              694          48
 ../2548_seed.dataconnected         206  0.19440964420771709       0.46207752298307248        40.048386706789721        95.187969734512933       0.25053723742726230        51.610670910016033        452.10983850767190        669.06866853473434              549          38
 ../2549_seed.dataconnected         305  0.12071608052653889       0.28299770857155926        36.818404560594360        86.314301114325573       0.16496130349934315        50.313197567299660        497.44082164079731        808.55405029665178              766         101
 ../2550_seed.dataconnected         305   9.9261567279321769E-002  0.23079590386948245        30.274778020193139        70.392750680192151       0.12436085505427279        37.930060791553203        707.92371082945931        1382.1295878076496              752          70
 ../2551_seed.dataconnected         226  0.13756195591280124       0.32384157143242337        31.089002036293081        73.188195143727683       0.14866722029292070        33.598791786200081        312.46919388149769        430.06891239177236              614          33
 ../2552_seed.dataconnected         333  0.13536935844935263       0.31409097386728341        45.077996363634426        104.59229429780538       0.18882541264381139        62.878862410389196        542.85849203095063        1008.4556802972290              753          67
 ../2553_seed.dataconnected         260  0.16230062406736348       0.37551812190611361        42.198162257514504        97.634711695589544       0.20200505196422303        52.521313510697986        396.11261336759929        569.89684511487758              703          40
 ../2554_seed.dataconnected         289  0.16018050139914147       0.37234159522162641        46.292164904351885        107.60672101905003       0.20957084915298005        60.565975405211233        557.24379341057011        926.74670128852131              630          51
 ../2555_seed.dataconnected         304  0.22561351812633718       0.52372963306445997        68.586509510406501        159.21380845159584       0.26659504127534589        81.044892547705146        425.56681146665034        671.81941209989179              655          57
 ../2556_seed.dataconnected         238  0.17639918044421285       0.41230112787625711        41.983004945722655        98.127668434549193       0.20832656530066757        49.581722541558882        432.83386662015903        613.66609016286964              879         148
 ../2557_seed.dataconnected         325  0.14825596202098565       0.35576268263305988        48.183187656820337        115.62287185574446       0.19831020116031897        64.450815377103666        664.36136452697724        1215.0013078756217              649          55
 ../2558_seed.dataconnected         306  0.15459339668520233       0.36387920328067769        47.305579385671912        111.34703620388737       0.18551656202720310        56.768067980324147        500.21165768247653        816.77939073066091              656          20
 ../2559_seed.dataconnected         277  0.12312336104799361       0.29075277169668423        34.105171010294228        80.538517759981531       0.15403129657153880        42.666669150316245        631.90913118963363        1168.2677781983423              595          36
 ../2560_seed.dataconnected         183  0.17278394867147953       0.39839838931744498        31.619462606880756        72.906905245092432       0.23705104568862678        43.380341361018701        343.01589428238600        433.35266445235959              695         112
 ../2561_seed.dataconnected         308  0.12396478356629487       0.29498222920788975        38.181153338418817        90.854526596030041       0.15431099574687746        47.527786690038255        793.30068668448223        1441.9795913123135              675          53
 ../2562_seed.dataconnected         243  0.18490903090590158       0.43959053583464974        44.932894510134084        106.82050020781989       0.23145969664777705        56.244706285409819        396.93782129498538        608.01629314544027              736          73
 ../2563_seed.dataconnected         260  0.12511123181390404       0.28067612818344095        32.528920271615050        72.975793327694646       0.16392216462772921        42.619762803209596        538.50177748531326        918.45659855709039              730          51
 ../2564_seed.dataconnected         228  0.14812143794617072       0.34407293110301057        33.771687851726924        78.448628291486415       0.19793939629142640        45.130182354445218        402.08422232290349        572.07986071389303              643          46
 ../2565_seed.dataconnected         260  0.18820823496291764       0.42822575521916562        48.934141090358587        111.33869635698306       0.23285299703732967        60.541779229705718        355.36305534357888        508.13096400301129              627          47
 ../2566_seed.dataconnected         327   9.8482475608052344E-002  0.24033595958911821        32.203769523833117        78.589858785641653       0.12849087185054092        42.016515095126884        640.29613527389915        1252.4046456908804              737          39
 ../2567_seed.dataconnected         219  0.17565365931462296       0.41672415526061146        38.468151389902431        91.262590002073907       0.21422922102538963        46.916199404560331        270.55925288426920        337.07494676988642              606          41
 ../2568_seed.dataconnected         220  0.18430327614951642       0.42281721658098298        40.546720752893613        93.019787647816258       0.23859286344316280        52.490429957495813        331.24480467440213        441.38513329843369              597          43
 ../2569_seed.dataconnected         245  0.14893095956223362       0.33817956973041974        36.488085092747241        82.853994583952840       0.20612411278928383        50.500407633374536        368.64047437427314        540.15820399899656              666          67
 ../2570_seed.dataconnected         286  0.16374584426903241       0.37900123880984932        46.831311460943269        108.39435429961691       0.22008536428745579        62.944414186212356        501.18470681765416        791.04457404735570              626          39
 ../2571_seed.dataconnected         239  0.12028540235744033       0.29165582272321211        28.748211163428238        69.705741630847697       0.14548196072543412        34.770188613378757        419.37000393487875        671.98696463368765              589          52
 ../2572_seed.dataconnected         273  0.12833576283284068       0.30801051132885926        35.035663253365506        84.086869592778584       0.16458051056829640        44.930479385144913        523.02376396352838        869.19388918237178              801          67
 ../2573_seed.dataconnected         298  0.14813393465655658       0.34700651640454744        44.143912527653860        103.40794188855514       0.19817686950562680        59.056707112676783        576.17700613478394        976.84668226644692              622          22
 ../2574_seed.dataconnected         302  0.18705715720010507       0.43457696975887455        56.491261474431731        131.24224486718012       0.23903230600280068        72.187756412845800        474.65071059065485        734.70018413838727              749          52
 ../2575_seed.dataconnected         256  0.10267331528661186       0.23473117093663140        26.284368713372636        60.091179759777638       0.12592546132267438        32.236918098604640        520.84539040393304        861.59563716489390              714          85
 ../2576_seed.dataconnected         255  0.15568209009305808       0.35667234336446324        39.698932973729811        90.951447557938124       0.19994658332788062        50.986378748609560        329.21586565630906        450.68925513092825              743          57
 ../2577_seed.dataconnected         279  0.15844218873760010       0.37223504779068428        44.205370657790432        103.85357833360091       0.20380450269032419        56.861456250600448        497.27718110101733        824.03036135904961              658          26
 ../2578_seed.dataconnected         257  0.20183148255131883       0.47381474495890147        51.870691015688941        121.77038945443768       0.25081785086662356        64.460187672722256        374.72129651444800        549.97952079915592              687          53
 ../2579_seed.dataconnected         215  0.17612893159206158       0.41270502525833641        37.867720292293242        88.731580430542323       0.21116577662549990        45.400641974482475        312.43174285724103        445.86699641900429              665          43
 ../2580_seed.dataconnected         296  0.13300912140691953       0.31553162681140257        39.370699936448183        93.397361536175154       0.16560168820162272        49.018099707680321        456.27406670504229        762.57746670341680              601          44
 ../2581_seed.dataconnected         290  0.16640235406385484       0.39233385493601447        48.256682678517905        113.77681793144420       0.21306678385853109        61.789367318974016        388.10013708083187        556.51721071287955              733          48
 ../2582_seed.dataconnected         268  0.21586894381255803       0.50299094185134274        57.852876941765551        134.80157241615984       0.25165798587241089        67.444340213806115        403.88744475998391        593.09043468384630              754         127
 ../2583_seed.dataconnected         313  0.15745152412443028       0.36983158058911841        49.282327050946677        115.75728472439407       0.19118083281818785        59.839600672092793        690.03948318556570        1332.7522913837427              719          41
 ../2584_seed.dataconnected         253  0.19141362682812885       0.44798697267657500        48.427647587516596        113.34070408717348       0.23529158988111576        59.528772239922290        340.57052684321354        418.24726633706814              761          75
 ../2585_seed.dataconnected         225  0.17081920516737664       0.40265806988196334        38.434321162659742        90.598065723441749       0.21452454516102798        48.268022661231292        323.01771140364360        434.59848923598452              783         129
 ../2586_seed.dataconnected         263  0.23469872015645235       0.55665313288075302        61.725763401146970        146.39977394763804       0.29175957061399188        76.732767071479870        352.89043488596189        516.33198495520776              744         139
 ../2587_seed.dataconnected         375  0.11264887665049564       0.26132563135983777        42.243328743935862        97.997111759939159       0.13678212357804173        51.293296341765647        719.16364364737910        1336.9801947903800              759          53
 ../2588_seed.dataconnected         305  0.12214375325172953       0.28469017373507005        37.253844741777506        86.830502989196361       0.16687880975804492        50.898036976203699        583.41730011215316        1052.8112814240476              667          39
 ../2589_seed.dataconnected         294  0.14413820341904940       0.33945361125091739        42.376631805200525        99.799361707769705       0.20107323234433330        59.115530309233989        609.81423915203493        1041.5978067075571              676          33
 ../2590_seed.dataconnected         315  0.15653685613241200       0.37474154981131613        49.309109681709778        118.04358819056458       0.20076374640620814        63.240580117955567        671.85034165667082        1228.3399849859452              622          29
 ../2591_seed.dataconnected         301  0.12644509339047286       0.29165313757487371        38.059973110532333        87.787594410036988       0.16447679212356534        49.507514429193165        655.61760640469163        1223.0936459360594              608          28
 ../2592_seed.dataconnected         278  0.14933099711129574       0.34363266395095982        41.514017196940216        95.529880578366829       0.19362857274922118        53.828743224283492        440.06761018662752        658.62575134679901              681          63
 ../2593_seed.dataconnected         270  0.17961833695249638       0.41536350334425781        48.496950977174023        112.14814590294961       0.24697076995986950        66.682107889164769        564.29235750206954        990.58926066256947              797          67
 ../2594_seed.dataconnected         256  0.19821913675980837       0.45364662548857027        50.744099010510944        116.13353612507399       0.26128056977926883        66.887825863492822        285.00615899718099        384.23735712264568              728          74
 ../2595_seed.dataconnected         323  0.12491555511741761       0.30661317674961519        40.347724302925890        99.036056090125712       0.16411190887508018        53.008146566650893        604.32733224546041        1075.5525194444597              690         108
 ../2596_seed.dataconnected         272  0.20153694570353584       0.46890457047660206        54.818049231361748        127.54204316963576       0.25536011837844674        69.457952198937519        473.35125937323062        733.85303030541263              666          80
 ../2597_seed.dataconnected         284  0.18524671745109070       0.43627471475654939        52.610067756109757        123.90201899086003       0.23891955321923286        67.853153114262128        330.43440658611991        458.59644353707807              698          41
 ../2598_seed.dataconnected         222  0.16570939231508605       0.39228863314515799        36.787485093949101        87.088076558225069       0.19847778842798725        44.062069031013166        395.18054834369519        537.02943200146001              663          52
 ../2599_seed.dataconnected         235  0.21688200532592913       0.50790472324942992        50.967271251593345        119.35760996361603       0.26230480506513976        61.641629190307846        288.16983028470554        363.72274653774014              663          77
 ../2600_seed.dataconnected         260  0.14977029885893989       0.35022232774555107        38.940277703324369        91.057805213843281       0.18207992802316536        47.340781286022995        429.69824868425565        687.88076287164040              649          67
 ../2601_seed.dataconnected         260  0.20382749333209418       0.46007549212661653        52.995148266344486        119.61962795292030       0.26117321005439176        67.905034614141854        377.58971451476714        514.65830324355306              710          96
 ../2602_seed.dataconnected         324  0.17266660694758779       0.39246661935564175        55.943980651018443        127.15918467122793       0.22245453440729793        72.075269147964534        568.16621787113445        995.71678138714640              709          63
 ../2603_seed.dataconnected         255  0.14857328732471856       0.35410510339004608        37.886188267803234        90.296801364461757       0.19388731799618461        49.441266089027074        413.99817251803665        595.88912944607830              521          43
 ../2604_seed.dataconnected         330   8.8307548873294020E-002  0.20521484255005742        29.141491128187027        67.720898041518950       0.11895598868421133        39.255476265789738        592.64482715885288        1093.8359691189635              722          77
 ../2605_seed.dataconnected         260  0.13542754592974229       0.32254952603565645        35.211161941732996        83.862876769270684       0.16305886242543818        42.395304230613931        312.93483242300704        433.62175168873887              714         121
 ../2606_seed.dataconnected         295  0.18144577086047936       0.43146979616566389        53.526502403841413        127.28358986887085       0.21491458985577108        63.399804007452467        413.72516866358478        634.26318610084411              740          86
 ../2607_seed.dataconnected         283  0.19796905294336051       0.44632153012067061        56.025241982971025        126.30899302414979       0.25153961687122334        71.185711574556208        393.08106699533022        575.85838171172736              641          51
 ../2608_seed.dataconnected         359  0.15906023627656857       0.37706976577549717        57.102624823288117        135.36804591340348       0.20452967383561801        73.426152906986871        635.74860001927527        1284.1109178616891              758          61
 ../2609_seed.dataconnected         240  0.18999835023268277       0.44214381285384180        45.599604055843862        106.11451508492203       0.23976830470167770        57.544393128402646        322.93943525445098        453.19388748315595              643          52
 ../2610_seed.dataconnected         277  0.20080008302050809       0.47374267656518182        55.621622996680742        131.22672140855536       0.24943767187317456        69.094235108869356        362.72893886038946        483.45143334587806              833         137
 ../2611_seed.dataconnected         303  0.17238169770144382       0.40460227096727330        52.231654403537476        122.59448810308380       0.21559888088915655        65.326460909414436        498.56324993254918        799.31193322942397              657          28
 ../2612_seed.dataconnected         217  0.16940271310720550       0.40706920132860724        36.760388744263594        88.334016688307770       0.21288325599565891        46.195666551057982        358.50124736622860        513.12925465932437              614         115
 ../2613_seed.dataconnected         329  0.10394296279716486       0.24542152044932067        34.197234760267243        80.743680227826502       0.14455615246781733        47.558974161911905        575.03981156393729        1051.3674495823320              829         120
 ../2614_seed.dataconnected         258  0.15142658098947454       0.34900592687551862        39.068057895284433        90.043529133883808       0.19581163968152748        50.519403037834088        390.84337628683619        556.72978635734978              705          72
 ../2615_seed.dataconnected         267  0.20227626835444523       0.47389288290142845        54.007763650636875        126.52939973468139       0.23405097561094787        62.491610488123079        307.89282797298796        431.61970326850468              674          31
 ../2616_seed.dataconnected         334  0.16202274305621497       0.37461459808421105        54.115596180775803        125.12127576012649       0.20148520832568731        67.296059580779556        572.59193317172856        1002.6818863162023              781          65
 ../2617_seed.dataconnected         308  0.17205640750130841       0.40080738427027190        52.993373510402989        123.44867435524375       0.22544212095135024        69.436173253015880        465.79286147831601        767.66087343502954              703          37
 ../2618_seed.dataconnected         281  0.15167290834777516       0.34837863443788281        42.620087245724818        97.894396277045075       0.18834841921360126        52.925905799021955        353.88984640375349        522.94578940960957              721          49
 ../2619_seed.dataconnected         291  0.18462162251244196       0.43696412011542868        53.724892151120613        127.15655895358975       0.23055647243713759        67.091933479207043        396.41806618838831        568.77999137001814              679          43
 ../2620_seed.dataconnected         289  0.13464322865921646       0.31927706669138040        38.911893082513558        92.271072273808940       0.17244019115465717        49.835215243695920        565.32380898884594        1022.7769790310841              742          83
 ../2621_seed.dataconnected         297  0.17578831742365031       0.40421862339646547        52.209130274824140        120.05293114875025       0.21265013569389601        63.157090301087116        425.68676327311147        648.48349088129203              680          40
 ../2622_seed.dataconnected         270  0.13568808862690462       0.32187731984855406        36.635783929264250        86.906876359109589       0.16378124216383513        44.220935384235489        363.72082439087865        521.09541917275862              656          44
 ../2623_seed.dataconnected         277  0.12626230338613215       0.29182113373560664        34.974658037958605        80.834454044763035       0.16642904176787873        46.100844569702410        596.39443530910899        1091.9433478375834              722          66
 ../2624_seed.dataconnected         285  0.19004732152183845       0.43570686349328513        54.163486633723956        124.17645609558626       0.23654708049834516        67.415917942028372        428.52371748338464        694.01012758393961              635          30
 ../2625_seed.dataconnected         345  0.11229831909541339       0.26335531371938159        38.742920087917618        90.857583233186645       0.14302162768951843        49.342461552883854        548.32121951365491        1013.8877550762887              741          88
 ../2626_seed.dataconnected         269  0.17904469671193404       0.42115454376796152        48.163023415510260        113.29057227358165       0.22067645753440801        59.361967076755754        339.97538248690330        456.47489253370486              792         111
 ../2627_seed.dataconnected         287  0.11471607333461788       0.26491319055273727        32.923513047035328        76.030085688635594       0.14862461096104851        42.655263345820920        507.46128075009108        721.81037041231548              608          50
 ../2628_seed.dataconnected         280  0.17605568256833640       0.42349524338934624        49.295591119134194        118.57866814901695       0.22373989236261702        62.647169861532767        452.13332186535797        685.28295108349050              651          50
 ../2629_seed.dataconnected         272  0.15662486676469584       0.37106940272829536        42.601963759997268        100.93087754209634       0.21218859606123394        57.715298128655633        432.26378111579521        674.59620280210663              686          36
 ../2630_seed.dataconnected         362  0.17424485088413186       0.40685896815329670        63.076636020055730        147.28294647149340       0.22015220536769184        79.695098343104448        629.35842266447730        1106.3976667660309              823          88
 ../2631_seed.dataconnected         269  0.15737759561772419       0.36306434870569837        42.334573221167808        97.664309801832857       0.20921658264912846        56.279260732615555        425.89057269955839        641.96830075416108              677          62
 ../2632_seed.dataconnected         273  0.12378650963575985       0.29334745372660259        33.793717130562442        80.083854867362504       0.16086053784434934        43.914926831507373        485.00251942660981        767.38570877308621              553          22
 ../2633_seed.dataconnected         316  0.11267625188632968       0.26867698917919258        35.605695596080182        84.901928580624855       0.14001248939613745        44.243946649179435        631.00453004431370        1202.5706831591519              675          60
 ../2634_seed.dataconnected         306  0.20575645978011273       0.48443913980561742        62.961476692714491        148.23837678051893       0.25006926109194361        76.521193894134740        468.56603970245834        720.55844316520427              793          50
 ../2635_seed.dataconnected         303  0.18031197596442566       0.41983969276630934        54.634528717220974        127.21142690819173       0.22990061982265711        69.659887806265104        450.01395007225574        741.93206096466565              674          47
 ../2636_seed.dataconnected         273  0.21197095110666747       0.48523508444708785        57.868069652120219        132.46917805405499       0.25816710857871417        70.479620641988973        327.95162146209481        466.64712338665430              706          84
 ../2637_seed.dataconnected         292  0.18464998790158055       0.42516668839013866        53.917796467261518        124.14867300992049       0.23871519862305804        69.704837997932941        391.95899691550761        630.33514664082031              722          33
 ../2638_seed.dataconnected         269  0.13486659802139264       0.31721228687195807        36.279114867754622        85.330105168556727       0.17291662798157403        46.514572927043417        421.02570012484551        663.09392156752585              685          50
 ../2639_seed.dataconnected         307  0.10424614161945574       0.25065830987145543        32.003565477172913        76.952101130536818       0.13322692160629990        40.900664933134067        512.76562344259082        751.31742886745133              655          37
 ../2640_seed.dataconnected         295  0.16297061719210351       0.37782916431237962        48.076332071670535        111.45960347215198       0.20646566307814160        60.907370608051771        371.67082394696581        540.26371045379904              810          94
 ../2641_seed.dataconnected         279  0.21127521254243128       0.49230559933689866        58.945784299338328        137.35326221499471       0.26748809922758587        74.629179684496464        345.97004111269410        514.17032921982275              682          93
 ../2642_seed.dataconnected         282  0.15484545094659774       0.35732301600786265        43.666417166940562        100.76509051421726       0.20760686372509699        58.545135570477349        444.60949050133138        722.26049744738941              725          78
 ../2643_seed.dataconnected         427  0.14567133140478286       0.34100368281193105        62.201658509842282        145.60857256069457       0.18167796130430455        77.576489476938050        1043.0348735635419        2139.4724769394688              714          23
 ../2644_seed.dataconnected         171  0.13526666399272769       0.31693332429102838        23.130599542756435        54.195598453765854       0.18232561862286675        31.177680784510216        278.04599531480608        348.91225659130959              725         151
 ../2645_seed.dataconnected         312  0.16345761862217564       0.38871524677818364        50.998777010118800        121.27915699479330       0.19966893174362990        62.296706704012529        450.43569770252543        698.83858196120480              813          68
 ../2646_seed.dataconnected         293  0.14307560687669804       0.33476158044166554        41.921152814872528        98.085143069408005       0.18167710320649152        53.231391239502017        545.34555259567151        872.78615497253747              672          43
 ../2647_seed.dataconnected         286  0.24813608241299298       0.56178934179929640        70.966919570115991        160.67175175459877       0.30729004022325407        87.884951503850658        368.65003952865061        521.90924303550742              594          54
 ../2648_seed.dataconnected         246  0.21883430802865056       0.49793373014848580        53.833239775048035        122.49169761652750       0.28205942483895635        69.386618510383258        310.00188224654528        436.30312172611434              593          58
 ../2649_seed.dataconnected         348  0.11967787459004726       0.27573364201324707        41.647900357336447        95.955307420609984       0.16845126912304328        58.621041654819066        648.26712400343854        1200.5346305092098              700          36
 ../2650_seed.dataconnected         332  0.13848156498139316       0.33250616384468096        45.975879573822532        110.39204639643408       0.19252880063970720        63.919561812382788        707.39347893710169        1269.7434289742553              774         132
 ../2651_seed.dataconnected         340  0.17445574673485206       0.40160640628320743        59.314953889849704        136.54617813629054       0.22968638853820725        78.093372102990458        698.87856831979752        1356.7502233180735              785          33
 ../2652_seed.dataconnected         334   9.3671149841322049E-002  0.22371906026791297        31.286164047001563        74.722166129482929       0.11783727609141270        39.357650214531844        654.84542891889214        1341.1301163831768              685          41
 ../2653_seed.dataconnected         277  0.16093253825401718       0.36968250415063925        44.578313096362763        102.40205364972707       0.20379748771893075        56.451904098143814        367.15079979318898        510.89371485595564              672          53
 ../2654_seed.dataconnected         333  0.14667717645560346       0.34014863819748575        48.843499759715954        113.26949651976275       0.20908788821781160        69.626266776531267        578.07801180003571        984.84494823394698              709          32
 ../2655_seed.dataconnected         405  0.12366831861898515       0.29910883856072545        50.085669040688984        121.13907961709381       0.15734221837706694        63.723598442712110        718.95566390354759        1491.9433511441207              746          80
 ../2656_seed.dataconnected         242  0.16930479001319090       0.40327510885887713        40.971759183192198        97.592576343848265       0.20164963572785949        48.799211846141993        381.16600645020947        580.15089928088821              646          31
 ../2657_seed.dataconnected         290  0.13179092034683568       0.31147729325691709        38.219366900582344        90.328415044505959       0.15928135130442891        46.191591878284385        453.41393619344984        746.70310223379010              645          35
 ../2658_seed.dataconnected         314  0.14627836621319837       0.34788466701829873        45.931406990944289        109.23578544374580       0.19117605210142824        60.029280359848464        564.00547551674993        993.32339725260408              675          53
 ../2659_seed.dataconnected         383  0.10985413173317435       0.25881322785243033        42.074132453805774        99.125466267480817       0.13825386039191614        52.951228530103883        813.97781374337978        1689.2365283083634              762          42
 ../2660_seed.dataconnected         249  0.22928895132574570       0.53427165523549736        57.092948880110676        133.03364215363885       0.28989759264598608        72.184500568850538        292.78429164761695        378.72074350436401              781          79
 ../2661_seed.dataconnected         270  0.11924286098175127       0.27475968963163677        32.195572465072843        74.185116200541927       0.16047490139590684        43.328223376894847        545.00259733524092        849.42167996937064              746         210
 ../2662_seed.dataconnected         259  0.17676654321651883       0.41389392566320404        45.782534693078375        107.19852674676984       0.21024375514792379        54.453132583312261        450.91102641883674        698.11890362646454              706          37
 ../2663_seed.dataconnected         288  0.11419283868884215       0.26530512673457679        32.887537542386539        76.407876499558114       0.15241249896179410        43.894799700996700        511.71105501375945        860.50429596902768              775         199
 ../2664_seed.dataconnected         398  0.17082259396926514       0.40272712483224332        67.987392399767529        160.28539568323285       0.22126072619550816        88.061769025812239        698.57172235127484        1357.4856224731941              801          62
 ../2665_seed.dataconnected         258  0.21947503385314510       0.50584488471217204        56.624558734111432        130.50798025574039       0.27508448292468030        70.971796594567522        350.78216269701716        509.52934613579862              672          53
 ../2666_seed.dataconnected         269  0.17472502662086900       0.41087601902839721        47.001032161013761        110.52564911863885       0.22934201041766261        61.693000802351243        434.54821919902611        612.92791672741282              673          48
 ../2667_seed.dataconnected         283  0.17883116135674362       0.41662049434929416        50.609218663958444        117.90359990085025       0.22727735861280388        64.319492487423503        475.75880536760712        740.83097449573040              803         173
 ../2668_seed.dataconnected         321  0.10752719974567057       0.25497726239443308        34.516231118360253        81.847701228613019       0.13511811822288589        43.372915949546368        604.72111628537129        1086.7547174931090              780         153
 ../2669_seed.dataconnected         326  0.12131669235193021       0.28246820266320444        39.549241706729248        92.084634068204650       0.15655417947955258        51.036662510334139        736.10768012904350        1460.2156019083543              902         267
 ../2670_seed.dataconnected         296  0.14876818043044138       0.34059530927527093        44.035381407410647        100.81621154548020       0.19450821451931655        57.574431497717697        450.96635915929596        717.83981337151715              731          74
 ../2671_seed.dataconnected         294  0.12289239037138477       0.28926957828385863        36.130362769187123        85.045256015454441       0.18265207619067692        53.699710400059011        567.28246040162571        948.55756355798155              808          49
 ../2672_seed.dataconnected         284  0.18115779627685649       0.41869486374361653        51.448814142627242        118.90934130318709       0.23550220571263797        66.882626422389180        374.92317513173094        576.67698122580271              708          53
 ../2673_seed.dataconnected         247  0.25480439454000908       0.58704274674062629        62.936685451382246        144.99955844493471       0.31031986892655583        76.649007624859294        289.82440222466113        389.45240562057552              683          32
 ../2674_seed.dataconnected         307   8.7241237668825578E-002  0.20474628560792738        26.783059964329453        62.857109681633702       0.10439209462491751        32.048373049849673        661.07653814025764        1270.1532731247335              708          85
 ../2675_seed.dataconnected         292  0.17951983212824152       0.42026619091445616        52.419790981446525        122.71772774702120       0.22563848824050781        65.886438566228279        533.27593809224754        849.92397595405896              739          33
 ../2676_seed.dataconnected         268  0.16327589276628182       0.38144855275078221        43.757939261363525        102.22821213720964       0.21820463765140172        58.478842890575663        493.73494605409144        831.65747601898283              606          22
 ../2677_seed.dataconnected         383   8.6092094070436179E-002  0.20905422775717553        32.973272028977057        80.067769230998223       0.11943550036986689        45.743796641659017        710.33156277804881        1409.8592926918020              698          43
 ../2678_seed.dataconnected         340  0.13295121759727957       0.30881194860796629        45.203413983075052        104.99606252670854       0.17893067088664200        60.836428101458282        722.48688365494490        1346.9894920560291              683          30
 ../2679_seed.dataconnected         355   9.8395720649503318E-002  0.22783825260664742        34.930480830573678        80.882579675359835       0.13837787784433533        49.124146634739041        862.41197532016099        1726.0649742294304              676          48
 ../2680_seed.dataconnected         288  0.16425796032710968       0.37860054373365898        47.306292574207589        109.03695659529379       0.20856973593214645        60.068083948458181        443.59889573087219        661.14009188103887              766         157
 ../2681_seed.dataconnected         358  0.11733635852623671       0.28011482089544215        42.006416352392741        100.28110588056829       0.14998056451753489        53.693042097277491        583.05735872428329        1122.2839159844416              730          45
