# File, connection, Nq6, PetersQcl, RogalQcl, Nq6*Peters, Nq6*Rogal, MoroniQcl, Nq6*Moroni, area, volume, total solid, 2ndcluster
 ../1_seed.dataconnected          75  0.23199944840271530       0.51657303302898272        17.399958630203649        38.742977477173703       0.28593594255782956        21.445195691837217        132.68101426353107        104.01260472915408              133           7
 ../2_seed.dataconnected          19  0.36510360815714782       0.81048541209561120        6.9369685549858087        15.399222829816614       0.40030252870178468        7.6057480453339092        23.427853680727569        7.6448856126292819               90          11
 ../3_seed.dataconnected          51  0.29464280485698430       0.64941169450886693        15.026783047706200        33.119996419952216       0.37478366350297682        19.113966838651816        94.757944663899181        53.670144115774846              111          11
 ../4_seed.dataconnected          55  0.26642692271283225       0.61778967352894931        14.653480749205773        33.978432044092209       0.31795874521884704        17.487730987036588        132.84760795507216        105.86890211032744              133          20
 ../5_seed.dataconnected          61  0.25837723092961795       0.57610688954625211        15.761011086706695        35.142520262321376       0.32479011260388324        19.812196868836878        100.78272348721853        71.152036088573738              146          22
 ../6_seed.dataconnected          13  0.32820056600420122       0.75190985915037745        4.2666073580546158        9.7748281689549064       0.41980292770926819        5.4574380602204862        21.452372183696429        5.7674151165177223               64          11
 ../7_seed.dataconnected          14  0.32543775859196827       0.73070895839395711        4.5561286202875557        10.229925417515400       0.43132893413734913        6.0386050779228881        26.398705809481534        7.9171733140981644               64           9
 ../8_seed.dataconnected          30  0.31828435398238097       0.71122097289062469        9.5485306194714283        21.336629186718742       0.39059497864314596        11.717849359294378        44.270844676084053        20.589692087110606               81          10
 ../9_seed.dataconnected          32  0.37636609994184655       0.82290953566197755        12.043715198139090        26.333105141183282       0.41693592791399758        13.341949693247923        33.780600950878956        14.743157431292001              118          18
 ../10_seed.dataconnected          79  0.24311806656626372       0.53736164809170694        19.206327258734834        42.451570199244848       0.29020414011907542        22.926127069406959        127.73702569736007        96.941675587259141              201          66
 ../11_seed.dataconnected          44  0.28609938115804245       0.63363082279086358        12.588372770953868        27.879756202797999       0.36007859095925171        15.843458002207075        63.460065934757750        36.367839030474478               92           6
 ../12_seed.dataconnected          27  0.23546944865190075       0.53877982677147074        6.3576751136013208        14.547055322829710       0.28935187479991509        7.8125006195977074        48.617713369675208        19.289783941622076               90           8
 ../13_seed.dataconnected          66  0.22120759273639840       0.49985909099840709        14.599701120602294        32.990700005894865       0.26481951486620336        17.478087981169423        108.81169601115285        80.985257536021635              149          17
 ../14_seed.dataconnected          17  0.30367681097784732       0.64716105146890657        5.1625057866234041        11.001737874971411       0.40218301603218137        6.8371112725470837        33.601044053949110        9.5678594568830597               98          17
 ../15_seed.dataconnected          21  0.34352492352698633       0.77371163496687345        7.2140233940667127        16.247944334304343       0.38759409994221244        8.1394760987864618        25.647021276094712        9.6874690181950616              126          19
 ../16_seed.dataconnected          16  0.36136614285280111       0.82258146053335413        5.7818582856448177        13.161303368533666       0.40491585019578169        6.4786536031325070        20.371953801189260        5.6709140698041107               91          13
 ../17_seed.dataconnected          60  0.28077491160688262       0.65688650305353358        16.846494696412957        39.413190183212016       0.31890962314078014        19.134577388446807        107.00389371985420        70.350040284024900              131          10
 ../18_seed.dataconnected          44  0.28697104892443459       0.63290384068954941        12.626726152675122        27.847768990340175       0.34477186908142393        15.169962239582652        63.888020305505705        33.464724424597804              110          12
 ../19_seed.dataconnected          18  0.36157355018385501       0.77361930490751585        6.5083239033093898        13.925147488335286       0.43053333909993724        7.7496001037988700        24.506625610979921        8.0350671100999786               63           6
 ../20_seed.dataconnected          12  0.32187445741380166       0.70759288646308727        3.8624934889656197        8.4911146375570468       0.41897235682177197        5.0276682818612635        18.952302172224226        4.5345312722219964               86          11
 ../21_seed.dataconnected          43  0.24901879675379945       0.54290457959993588        10.707808260413376        23.344896922797243       0.31997755296267066        13.759034777394838        78.609099119112471        42.064529241035501              121          14
 ../22_seed.dataconnected          70  0.29171388891087507       0.65874682592480649        20.419972223761256        46.112277814736451       0.33640019481292754        23.548013636904930        118.86995375971109        89.233525080001812              108           5
 ../23_seed.dataconnected          25  0.27245916633006118       0.60324925344537361        6.8114791582515295        15.081231336134341       0.30896358254066447        7.7240895635166122        45.613833651746376        15.742438000283638               84          12
 ../24_seed.dataconnected          52  0.32100123148846893       0.70814878661780967        16.692064037400385        36.823736904126100       0.39201499297730608        20.384779634819918        87.402546301998015        62.252763287283415              145          39
 ../25_seed.dataconnected          77  0.28734062722732540       0.65584985280229491        22.125228296504055        50.500438665776706       0.32991240198602012        25.403254952923550        102.77376885653530        74.338620219177102              126           5
 ../26_seed.dataconnected          31  0.30382718047517254       0.68132374199780210        9.4186425947303487        21.121036001931866       0.37297475158380244        11.562217299097876        40.201092633780867        18.230473324908615              108          20
 ../27_seed.dataconnected          36  0.32831933744094544       0.78547716700938675        11.819496147874036        28.277178012337924       0.35884142448967538        12.918291281628314        53.462030294271528        27.619247830831032              128          18
 ../28_seed.dataconnected          22  0.34320698090567503       0.78585661612612545        7.5505535799248502        17.288845554774760       0.37688041447560616        8.2913691184633365        23.061534616834308        7.5441826430786358               81           9
 ../29_seed.dataconnected          60  0.30778248875367548       0.68559761458325708        18.466949325220529        41.135856874995426       0.34320756632542831        20.592453979525700        90.042954324015724        51.677575806920068              127          10
 ../30_seed.dataconnected          68  0.29269551967042473       0.66435994382966468        19.903295337588883        45.176476180417197       0.36812748531999684        25.032669001759785        110.57706357290712        89.345942773465140               98           3
 ../31_seed.dataconnected          40  0.33281377146553220       0.72365084291784987        13.312550858621288        28.946033716713995       0.37654983998264435        15.061993599305774        82.914088294030776        45.472711466714323               99          14
 ../32_seed.dataconnected          10  0.35489595561400433       0.79859502101148749        3.5489595561400433        7.9859502101148747       0.49713953852335163        4.9713953852335164        11.540875976457031        2.2009151302556482               98          10
 ../33_seed.dataconnected          83  0.34468369863655079       0.75200124454268780        28.608746986833715        62.416103297043087       0.38908984142736164        32.294456838471014        86.253910733019652        63.552574789032249              143           7
 ../34_seed.dataconnected          83  0.23199583073947236       0.51473133190257192        19.255653951376207        42.722700547913469       0.25826242008780764        21.435780867288035        155.23359149213024        130.24940614224167              142           9
 ../35_seed.dataconnected          32  0.31753393248155110       0.73051272960363478        10.161085839409635        23.376407347316313       0.37476796450361610        11.992574864115715        55.048159054933670        27.242877126464258              103          12
 ../36_seed.dataconnected          38  0.31976607737423318       0.70812069762205787        12.151110940220860        26.908586509638198       0.37571816031511257        14.277290091974278        59.726023080672213        30.961787881179905              107          18
 ../37_seed.dataconnected          22  0.34079828590809697       0.76492229704353409        7.4975622899781333        16.828290534957752       0.41028582792196133        9.0262882142831486        26.476807229000165        9.9816416006674249               85          19
 ../38_seed.dataconnected          31  0.33424780772552132       0.75965880452966772        10.361682039491161        23.549422940419699       0.37444137641421071        11.607682668840532        47.021616847950618        21.765141080365712               85           6
 ../39_seed.dataconnected          50  0.25609074140655019       0.57454424554044603        12.804537070327509        28.727212277022300       0.34138399523761054        17.069199761880526        77.048545887914699        49.880107298315899              129          16
 ../40_seed.dataconnected          22  0.36512239262003282       0.79461593822034526        8.0326926376407215        17.481550640847594       0.45755506218302439        10.066211368026536        31.923955887196911        11.082291127598156               86          15
 ../41_seed.dataconnected          52  0.28333063734243680       0.63333448790210523        14.733193141806714        32.933393370909471       0.31780109803037421        16.525657097579458        70.246200575568537        44.381574661048717              128          20
 ../42_seed.dataconnected          28  0.29967254265207266       0.66629366691603598        8.3908311942580340        18.656222673649008       0.37659432357046613        10.544641059973051        48.461139268602444        20.525115033422203               91          24
 ../43_seed.dataconnected          59  0.25747746771398317       0.57627947897262632        15.191170595125007        34.000489259384956       0.30566301157851811        18.034117683132568        119.49466567274975        79.656627540615247              112           8
 ../44_seed.dataconnected          80  0.26901111156810564       0.61251044391911180        21.520888925448453        49.000835513528941       0.30791431334349756        24.633145067479806        165.93753770467356        151.97321970531470              144          20
 ../45_seed.dataconnected          42  0.31458918013905884       0.74874582123713074        13.212745565840471        31.447324491959492       0.37031822639677825        15.553365508664687        82.696367648974331        49.883649684199526              110          11
 ../46_seed.dataconnected          71  0.29111072012156120       0.64225109183370999        20.668861128630844        45.599827520193408       0.36270665687772091        25.752172638318186        110.35800908857425        84.432209110098924              118           5
 ../47_seed.dataconnected          28  0.31693209113640258       0.72906839857845840        8.8740985518192730        20.413915160196836       0.44117269720217062        12.352835521660777        40.478940863960659        17.274806635683063              118          15
 ../48_seed.dataconnected          99  0.34319334733809165       0.74004221175616047        33.976141386471070        73.264178963859891       0.37501270537418407        37.126257832044224        107.84340731766424        85.990028433257578              123           5
 ../49_seed.dataconnected          72  0.31438563725373386       0.71629492241406623        22.635765882268839        51.573234413812770       0.35995991263633109        25.917113709815837        114.57977634375975        87.664843037981370              129          11
 ../50_seed.dataconnected          49  0.32693167399778544       0.70228079693438106        16.019652025891485        34.411759049784671       0.37379438074486848        18.315924656498556        76.896629148586086        43.283238564132816               98           8
 ../51_seed.dataconnected          63  0.32433525460554019       0.70990438253209398        20.433121040149032        44.723976099521920       0.38439276090682606        24.216743937130040        80.034320824513387        54.054535867863549              177          19
 ../52_seed.dataconnected          45  0.24526436087531620       0.54427344659615084        11.036896239389229        24.492305096826787       0.29700463899015539        13.365208754556992        71.827329209684549        40.563616048957705              122          12
 ../53_seed.dataconnected          11  0.35480970796186673       0.77324881700103754        3.9029067875805339        8.5057369870114137       0.44030400973946265        4.8433441071340892        17.914156425845750        3.9959882533903839               88           9
 ../54_seed.dataconnected          13  0.32959051170177511       0.74381423902397514        4.2846766521230766        9.6695851073116774       0.40766196727979348        5.2996055746373152        22.319059996418453        4.6939992549774967               97          10
 ../55_seed.dataconnected          22  0.30350309398015890       0.69644948013711339        6.6770680675634955        15.321888563016495       0.34568638051807288        7.6051003713976035        37.762235381277804        15.224776177882115              134          14
 ../56_seed.dataconnected          27  0.30254537277289983       0.69432440030465015        8.1687250648682959        18.746758808225554       0.33826983193169441        9.1332854621557491        42.196862173478934        20.104457154495506               92          10
 ../57_seed.dataconnected          33  0.25965459736437441       0.63348859550547054        8.5686017130243552        20.905123651680526       0.34506717490488642        11.387216771861253        91.917309197182732        45.969300795753490               87          11
 ../58_seed.dataconnected          23  0.35553240893314408       0.79881385429616858        8.1772454054623136        18.372718648811876       0.41408039886838877        9.5238491739729412        23.857497712637173        8.5473752186734551              162          22
 ../59_seed.dataconnected          28  0.29255130343310465       0.65154962956465445        8.1914364961269293        18.243389627810323       0.35704184197338984        9.9971715752549155        48.784959611518175        22.602477007609036              108          13
 ../60_seed.dataconnected          13  0.32992257537903746       0.73756957212260610        4.2889934799274867        9.5884044375938799       0.38409003590829593        4.9931704668078467        18.881259955351887        4.3593905067451244               88          11
 ../61_seed.dataconnected          16  0.31544307835460711       0.76150529330850181        5.0470892536737137        12.184084692936029       0.35573530631770528        5.6917649010832845        23.920477472221705        7.6785403331797735              114          13
 ../62_seed.dataconnected          23  0.30217300190148672       0.68335370942748630        6.9499790437341948        15.717135316832184       0.33253024155048477        7.6481955556611494        35.126634203996247        11.427695419757434              130          16
 ../63_seed.dataconnected          40  0.36379703822082682       0.80731340885330216        14.551881528833073        32.292536354132089       0.42342600368666433        16.937040147466572        63.133502742068018        30.517963931724903               98           9
 ../64_seed.dataconnected          29  0.36010480633506692       0.81397518358450627        10.443039383716940        23.605280323950680       0.39608296785678726        11.486406067846831        34.077183759311119        14.941359756666760               66           6
 ../65_seed.dataconnected          27  0.31600660148301696       0.73009299607632872        8.5321782400414570        19.712510894060877       0.32680246666744539        8.8236666000210260        40.522120436150310        17.031680201580237               72           4
 ../66_seed.dataconnected          37  0.29200152275131530       0.66631684975794647        10.804056341798667        24.653723441044018       0.34313425941877440        12.695967598494653        58.914568543960058        28.551112121501390              135          26
 ../67_seed.dataconnected          24  0.31066852095873315       0.67865488767837068        7.4560445030095952        16.287717304280896       0.39630009411228578        9.5112022586948584        37.025884492489382        13.922419247432337               62           8
 ../68_seed.dataconnected          52  0.31015964091765386       0.69520411572019236        16.128301327717999        36.150614017450003       0.38162928448786348        19.844722793368902        82.901727453881136        50.860386705766892              101          15
 ../69_seed.dataconnected          42  0.29953061874656384       0.66357670227347498        12.580285987355682        27.870221495485950       0.38061163536070586        15.985688685149647        79.932076434603161        48.165464470120703               84           4
 ../70_seed.dataconnected          52  0.22170048539347142       0.51374529087608334        11.528425240460514        26.714755125556334       0.25015115654517334        13.007860140349013        88.044307180397638        53.910225759182701              136          46
 ../71_seed.dataconnected          25  0.29963076591194904       0.70909351287805766        7.4907691477987264        17.727337821951441       0.39054195134576497        9.7635487836441239        43.671560231637528        17.866499275737922               74           7
 ../72_seed.dataconnected          59  0.28489168099738860       0.65195796018443330        16.808609178845927        38.465519650881568       0.33871565780480556        19.984223810483527        99.690377917669494        72.660228205321118              115          20
 ../73_seed.dataconnected          21  0.30589270555667852       0.67803520155825470        6.4237468166902492        14.238739232723349       0.37453583467021739        7.8652525280745653        35.085461823121847        12.111061195930349               83          12
 ../74_seed.dataconnected          23  0.35169414858495873       0.78969728747664092        8.0889654174540517        18.163037611962743       0.40052672167296699        9.2121145984782409        38.505089477043185        14.319201250965325              109          19
 ../75_seed.dataconnected          39  0.27994684771807848       0.62636229381410102        10.917927061005061        24.428129458749940       0.32010816604084608        12.484218475592996        64.746251497522579        36.382466503500048               82           7
 ../76_seed.dataconnected          60  0.31887275604544846       0.70214110004882768        19.132365362726908        42.128466002929663       0.36716089326776857        22.029653596066115        92.799292443860352        67.023062215368753              108           7
 ../77_seed.dataconnected          15  0.37256558085708480       0.79674237170368356        5.5884837128562719        11.951135575555254       0.44795210294080529        6.7192815441120795        16.722491996773375        4.7517539473275985               90          11
 ../78_seed.dataconnected          18  0.36679071518913964       0.81888727757777169        6.6022328734045139        14.739970996399890       0.42657812182065308        7.6784061927717557        18.743110456034739        6.1572131470370906               98          13
 ../79_seed.dataconnected          34  0.29023897381763991       0.65472612957140575        9.8681251097997578        22.260688405427796       0.34878451705301411        11.858673579802479        50.177341053001548        24.879356810979900              109          14
 ../80_seed.dataconnected          40  0.26733510994862092       0.59687882018386385        10.693404397944837        23.875152807354553       0.32498018857772898        12.999207543109160        60.985362200550028        33.452000228016409               96           7
 ../81_seed.dataconnected          21  0.31262921453779385       0.74006821198677009        6.5652135052936709        15.541432451722171       0.37974783798673695        7.9747045977214759        38.705174781488047        13.845461371381450               85          17
 ../82_seed.dataconnected          12  0.37210986219495201       0.84739550072934589        4.4653183463394246        10.168746008752152       0.44781195657634465        5.3737434789161362        11.932755789579677        2.8780028860233609               81          10
 ../83_seed.dataconnected          58  0.33014241095429336       0.73213981821313145        19.148259835349016        42.464109456361626       0.37923619039926154        21.995699043157170        71.914752731402842        45.847082079190706              114           7
 ../84_seed.dataconnected          36  0.26742412601775833       0.58494693138634801        9.6272685366392992        21.058089529908528       0.32108437729713246        11.559037582696769        69.765774576765708        40.312596323504955               84          13
 ../85_seed.dataconnected          78  0.35163720592549197       0.76160033877098754        27.427702062188374        59.404826424137028       0.40184543021727925        31.343943556947782        77.122250424520701        54.425536869859727              159          16
 ../86_seed.dataconnected          20  0.32367159353498204       0.73599196681623436        6.4734318706996410        14.719839336324688       0.38822037834823847        7.7644075669647696        25.507699834308895        9.2895875459494199               89          16
 ../87_seed.dataconnected          16  0.40001917769088979       0.82467639878254206        6.4003068430542367        13.194822380520673       0.48019090994130220        7.6830545590608352        23.550065738442623        6.4751393960672861               92          16
 ../88_seed.dataconnected          61  0.34789640807828637       0.79841525171232897        21.221680892775467        48.703330354452063       0.39736807521809164        24.239452588303589        71.255479649683025        45.340865692910356              102           5
 ../89_seed.dataconnected          22  0.31570857365089916       0.73796206651787188        6.9455886203197812        16.235165463393180       0.36420371427660869        8.0124817140853910        34.355231189604893        13.084198919123370               89           8
 ../90_seed.dataconnected          50  0.30614940636736648       0.69570571400450987        15.307470318368324        34.785285700225494       0.35302760983045539        17.651380491522769        62.508148968750767        37.234835525903605               85           4
 ../91_seed.dataconnected          16  0.37299526475883299       0.82431922876702479        5.9679242361413278        13.189107660272397       0.43662547805919694        6.9860076489471510        18.151486132232279        5.6390257366386862               70           8
 ../92_seed.dataconnected          42  0.28029934966301823       0.62880081091559270        11.772572685846766        26.409634058454895       0.34113933493160886        14.327852067127573        67.478544379518908        32.523845440204077              114           9
 ../93_seed.dataconnected          88  0.37822087204457000       0.80768586316511104        33.283436739922159        71.076355958529774       0.44372355596541729        39.047672924956721        98.692880498577239        74.475045368237517              129          11
 ../94_seed.dataconnected          22  0.29185856865018173       0.68228422135675548        6.4208885103039979        15.010252869848621       0.29960413284783755        6.5912909226524263        42.451020109744505        14.860032138050270              100          17
 ../95_seed.dataconnected          35  0.32373492625566647       0.71911711276723300        11.330722418948326        25.169098946853154       0.37274800658740848        13.046180230559298        43.891566786233348        21.824130417187494              115           8
 ../96_seed.dataconnected          15  0.39048436944422582       0.85144371944245301        5.8572655416633870        12.771655791636794       0.49491618724128728        7.4237428086193091        17.346791987988574        4.7095074990401358               74          10
 ../97_seed.dataconnected          50  0.29067064136566412       0.65239535847893337        14.533532068283206        32.619767923946668       0.32646912794793265        16.323456397396633        72.616245697401368        41.602862387324762              116          10
 ../98_seed.dataconnected          46  0.26834855334788432       0.58883684416750792        12.344033454002679        27.086494831705366       0.33086441188372967        15.219762946651565        78.326867932509316        46.065323720445015               86           7
 ../99_seed.dataconnected          43  0.29741345064006453       0.67323138777090330        12.788778377522775        28.948949674148842       0.33368827947144364        14.348596017272076        78.346034131921215        48.028077969131651              105           8
 ../100_seed.dataconnected         101  0.28229607503854809       0.63155465853397774        28.511903578893357        63.787020511931750       0.31846049851821190        32.164510350339398        127.00691271803852        109.17709201412897              134           8
 ../101_seed.dataconnected          59  0.25746047001688416       0.57656386748118926        15.190167730996166        34.017268181390165       0.29483051232677931        17.395000227279979        122.23565837282551        92.297572043148335              107           7
 ../102_seed.dataconnected          39  0.22952948510887969       0.52275498067999959        8.9516499192463073        20.387444246519983       0.25395676409584567        9.9043137997379809        84.890369038298061        45.061273045339334               99          12
 ../103_seed.dataconnected          10  0.37266210265565214       0.85543133302300189        3.7266210265565212        8.5543133302300198       0.43037573692131514        4.3037573692131517        11.246506251752702        2.4287655462527566               88           7
 ../104_seed.dataconnected          42  0.32475388179236814       0.72626886160125848        13.639663035279462        30.503292187252857       0.38335048035791197        16.100720175032304        66.558568251014080        40.415507225398919               94           6
 ../105_seed.dataconnected          45  0.29193044161389664       0.65793981068620289        13.136869872625349        29.607291480879130       0.33303086720037933        14.986389024017070        65.038365017660567        39.069280837514228               87           7
 ../106_seed.dataconnected          23  0.30499893380707732       0.73259466220755998        7.0149754775627784        16.849677230773878       0.34716340423824826        7.9847582974797104        30.067099142695515        10.574679236216726              104          11
 ../107_seed.dataconnected          40  0.29431113785628144       0.69406401277268370        11.772445514251258        27.762560510907349       0.32042835151785964        12.817134060714386        59.262061830289483        34.004621018316101              104          13
 ../108_seed.dataconnected          53  0.28659349867123646       0.63653820280256734        15.189455429575533        33.736524748536070       0.33520387323166984        17.765805281278503        87.193904298639168        55.177376881765220              112           9
 ../109_seed.dataconnected          16  0.32065580022330525       0.76491507307150430        5.1304928035728841        12.238641169144069       0.34471624361517578        5.5154598978428124        23.992166170258219        7.7290364172337389               71          12
 ../110_seed.dataconnected          48  0.29135819936938229       0.65437857163849611        13.985193569730349        31.410171438647815       0.35725512831298589        17.148246159023323        74.234406826714931        44.979615759717291              108           7
 ../111_seed.dataconnected          92  0.30679292946704667       0.69373384002953831        28.224949510968294        63.823513282717528       0.35208283437406057        32.391620762413574        140.37329411927342        118.46355831924883              125           6
 ../112_seed.dataconnected          28  0.33282387762731191       0.74742785091992947        9.3190685735647332        20.927979825758026       0.38915851660082967        10.896438464823230        48.867479219792827        22.553606785817770              121          20
 ../113_seed.dataconnected          22  0.30768212506989939       0.70079315917618867        6.7690067515377867        15.417449501876151       0.36532863725183207        8.0372300195403064        30.825028642378463        10.303855937439755               78          11
 ../114_seed.dataconnected          41  0.31749518561997547       0.71447859985040796        13.017302610418994        29.293622593866726       0.36792345859587611        15.084861802430920        72.064286691073718        43.182410016649492              111          23
 ../115_seed.dataconnected          41  0.30794142851820872       0.68762885946441443        12.625598569246558        28.192783238040992       0.36208767944293457        14.845594857160318        70.661050923567302        37.287457559269882               80           7
 ../116_seed.dataconnected          46  0.31288830607832158       0.69452113196964005        14.392862079602793        31.947972070603441       0.35248978002972581        16.214529881367387        73.801604976416684        45.459186303731265               94           6
 ../117_seed.dataconnected          36  0.30308857542216994       0.68286953409732032        10.911188715198119        24.583303227503531       0.36989882125728085        13.316357565262111        60.410932564008995        26.273894474556805              102           9
 ../118_seed.dataconnected          51  0.23634463412145146       0.52917065213139303        12.053576340194024        26.987703258701046       0.29359005531104987        14.973092820863544        75.837567794668928        47.877407216934515              112          21
 ../119_seed.dataconnected          72  0.30079082477866131       0.66580461488359066        21.656939384063616        47.937932271618529       0.32600598362589717        23.472430821064595        108.17219051357833        73.593119395719526              100           5
 ../120_seed.dataconnected          46  0.34702074874427868       0.75890285783270461        15.962954442236819        34.909531460304414       0.40723250938816258        18.732695431855479        61.444360816424414        30.923725551706600               93          12
 ../121_seed.dataconnected          39  0.32843904986354955       0.72875695048330114        12.809122944678432        28.421521068848744       0.40379208918471649        15.747891478203943        69.291663028982938        32.072146588828559               84           6
 ../122_seed.dataconnected          50  0.31103511277887330       0.71654527489434638        15.551755638943664        35.827263744717321       0.37056272966308068        18.528136483154036        60.916485764799106        37.176827742878210               75           5
 ../123_seed.dataconnected          75  0.31596693071618670       0.71016867746581136        23.697519803714002        53.262650809935849       0.37017072525298894        27.762804393974172        102.47087964024378        80.533944260569143              145          15
 ../124_seed.dataconnected          30  0.34271024523754340       0.74775048236996955        10.281307357126302        22.432514471099086       0.41500473337545984        12.450142001263796        59.876685496288239        28.461083047057670              110          14
 ../125_seed.dataconnected          81  0.27505147802576385       0.61054942239661147        22.279169720086873        49.454503214125531       0.31884155393557828        25.826165868781843        86.314927707044632        63.640007081616133              140           8
 ../126_seed.dataconnected          51  0.32626600699981040       0.75423920228133523        16.639566356990329        38.466199316348096       0.35656727837202717        18.184931196973388        71.266420208114226        45.455404824714726               87           6
 ../127_seed.dataconnected          69  0.24503302698175877       0.53263641176778442        16.907278861741354        36.751912411977123       0.29467670977457411        20.332692974445614        120.46521230289012        98.651702377548858              135          14
 ../128_seed.dataconnected          60  0.30960968812033574       0.69521530183744973        18.576581287220144        41.712918110246981       0.37194726437361747        22.316835862417047        79.966439076310550        53.637357961328419              134          15
 ../129_seed.dataconnected          43  0.32163565136002059       0.72352159293920693        13.830333008480885        31.111428496385898       0.39686114248985066        17.065029127063578        75.555680063486420        38.584296242260855               99          18
 ../130_seed.dataconnected          19  0.31267625440528513       0.69345660093619965        5.9408488337004171        13.175675417787794       0.40829932669939911        7.7576872072885834        36.078188937714678        13.457055321198759               97          14
 ../131_seed.dataconnected          39  0.27391579696079987       0.61685667055437532        10.682716081471195        24.057410151620637       0.30169264014624703        11.766012965703634        80.868116384562356        41.731484293211459              100          16
 ../132_seed.dataconnected          33  0.34049537989934331       0.76332764837169675        11.236347536678329        25.189812396265992       0.37172910497132305        12.267060464053660        40.374009907767736        18.077511645317887              129          16
 ../133_seed.dataconnected          40  0.38289899219882595       0.81988849855798629        15.315959687953038        32.795539942319451       0.41633350525267315        16.653340210106926        50.644049309001289        27.124687073843866              143          15
 ../134_seed.dataconnected          64  0.32629961704774457       0.75177294039449682        20.883175491055653        48.113468185247797       0.36060157326612968        23.078500689032300        98.227337352685112        70.075551514405717               96           4
 ../135_seed.dataconnected          97  0.32812732544271572       0.72614218928261565        31.828350567943424        70.435792360413714       0.35903345966900829        34.826245587893801        111.01755241705089        88.513371179537614              178          18
 ../136_seed.dataconnected          52  0.26813104322972903       0.59046913892812825        13.942814247945909        30.704395224262669       0.29638491538758277        15.412015600154303        78.693776954627253        50.700736592801398               96           6
 ../137_seed.dataconnected          42  0.25157172220810331       0.57054520096776939        10.566012332740339        23.962898440646313       0.29843970691278499        12.534467690336969        69.676171650771039        35.405948406274732               74           9
 ../138_seed.dataconnected           9  0.34065735979085182       0.79098006605355287        3.0659162381176666        7.1188205944819760       0.39794419415611604        3.5814977474050442        9.7511045004678927        1.9036821707413167               76           6
 ../139_seed.dataconnected          31  0.34228547313286523       0.78797155162282184        10.610849667118822        24.427118100307478       0.38785178658829478        12.023405384237138        51.101130836137507        25.160764569313216               95          18
 ../140_seed.dataconnected          44  0.33985437954679104       0.75843527736357552        14.953592700058806        33.371152203997326       0.38197260151939372        16.806794466853322        71.028795811762294        39.084808239916768              137          29
 ../141_seed.dataconnected          17  0.29417867756954602       0.65685652763211599        5.0010375186822822        11.166560969745971       0.34410202670629370        5.8497344540069927        31.365300975361720        11.901871314684492               63           6
 ../142_seed.dataconnected          39  0.26762112652407832       0.59288218273003368        10.437223934439055        23.122405126471314       0.34106185758498297        13.301412445814336        95.057469073538897        49.012598813210133               86          14
 ../143_seed.dataconnected          31  0.27613188994332205       0.63878876350287317        8.5600885882429836        19.802451668589068       0.34099153838295410        10.570737689871576        55.151262342973133        26.585756250307821               77          11
 ../144_seed.dataconnected          90  0.28071999382528195       0.63299036532324837        25.264799444275376        56.969132879092356       0.30977764052368573        27.879987647131717        126.02345641757763        96.223654372474471              135           8
 ../145_seed.dataconnected          27  0.30421481143830476       0.68188662796680466        8.2137999088342291        18.410938955103727       0.35706572879656889        9.6407746775073608        46.567040182951146        19.709792820697100               87          14
 ../146_seed.dataconnected          15  0.33731308465462773       0.81227465971105273        5.0596962698194154        12.184119895665791       0.43122935273722623        6.4684402910583936        18.119899535991554        5.1950170196887981              101          13
 ../147_seed.dataconnected          37  0.33178268023803076       0.74283338000780863        12.275959168807137        27.484835060288919       0.36505374899533299        13.506988712827320        52.724479649375589        25.763451150338778               92          12
 ../148_seed.dataconnected          76  0.29334599145953161       0.66319840043927158        22.294295350924401        50.403078433384643       0.35379954224453575        26.888765210584715        124.63200625320374        104.04411123130149              125           9
 ../149_seed.dataconnected          14  0.35331515932677210       0.78340931873994524        4.9464122305748095        10.967730462359233       0.39918222636594775        5.5885511691232681        22.024812328002451        7.4260667762645962               84           8
 ../150_seed.dataconnected          26  0.35294318240655570       0.79817780072785727        9.1765227425704481        20.752622818924287       0.41492918815836050        10.788158892117373        31.214935465302155        12.271736241504968               85          14
 ../151_seed.dataconnected          28  0.26666585284999417       0.61881511025828262        7.4666438797998369        17.326823087231915       0.32027242131348510        8.9676277967775828        45.212987367142915        20.608288663009976              109          17
 ../152_seed.dataconnected          33  0.31667937468241925       0.71443947729812485        10.450419364519835        23.576502750838120       0.37265511686596220        12.297618856576753        45.970387138039492        20.525314395098111               96          21
 ../153_seed.dataconnected          18  0.34471066550758667       0.79039722006501056        6.2047919791365604        14.227149961170189       0.42383996031418003        7.6291192856552410        26.684548493419886        7.3324868137392070               94          12
 ../154_seed.dataconnected          77  0.33193946593440093       0.74202358188069906        25.559338876948871        57.135815804813831       0.39232597477506242        30.209100057679805        92.812975731523395        66.977366306811874              124           5
 ../155_seed.dataconnected          28  0.23736840425826411       0.54941160295110736        6.6463153192313946        15.383524882631006       0.28327483656443397        7.9316954238041513        52.457582402149200        22.368768923417448              155          28
 ../156_seed.dataconnected          13  0.36481725050348102       0.81466587661249457        4.7426242565452537        10.590656395962430       0.45133917557134495        5.8674092824274844        13.493689265324205        2.9379677620399649               73          11
 ../157_seed.dataconnected          59  0.30838741149441146       0.68393772340723225        18.194857278170275        40.352325681026706       0.35154405327349264        20.741099143136065        115.54555951900939        81.831163258714554              104           9
 ../158_seed.dataconnected          56  0.32841279921036148       0.72867432978836089        18.391116755780242        40.805762468148210       0.36065631683817134        20.196753742937595        82.959279365028706        54.431162086441176              115           7
 ../159_seed.dataconnected          63  0.27905358485651588       0.63450409194585533        17.580375845960500        39.973757792588884       0.33224457164065824        20.931408013361470        120.89615743519380        102.78510531303475              139          10
 ../160_seed.dataconnected          74  0.25492746006226868       0.57179614058842188        18.864632044607884        42.312914403543218       0.28346525624288099        20.976428961973195        94.343556763395995        64.804074892102463              130          10
 ../161_seed.dataconnected          37  0.30930070360136352       0.68086872195694847        11.444126033250450        25.192142712407094       0.35992331844599212        13.317162782501709        73.560110419502195        35.607779237425085              106          25
 ../162_seed.dataconnected          23  0.32652435836007598       0.73321849031418251        7.5100602422817477        16.864025277226197       0.39256250472130366        9.0289376085899846        33.141964432070431        14.363580768316679              112          14
 ../163_seed.dataconnected          28  0.30997717027465588       0.71018172761366305        8.6793607676903655        19.885088373182565       0.36378392188496966        10.185949812779150        41.792908436706497        17.317320317351410              117          14
 ../164_seed.dataconnected          41  0.28177041064766234       0.62278957680227531        11.552586836554156        25.534372648893289       0.33582156417935266        13.768684131353458        63.161819914207371        31.327840757212758               84          13
 ../165_seed.dataconnected          28  0.30486722527653426       0.66844476220027160        8.5362823077429599        18.716453341607604       0.36669712875312388        10.267519605087468        38.750584844089467        16.934058586512418               86           9
 ../166_seed.dataconnected          15  0.31302715994881636       0.73183131982551031        4.6954073992322449        10.977469797382655       0.43746684102209554        6.5620026153314335        31.735843342112901        10.265915617281065               86           8
 ../167_seed.dataconnected          24  0.38038675624608786       0.80108568377270017        9.1292821499061088        19.226056410544803       0.43209528907694755        10.370286937846741        27.765627854917348        10.077328561189411               78          13
 ../168_seed.dataconnected          51  0.30925176605876165       0.70544150280216433        15.771840068996845        35.977516642910381       0.37712198156316240        19.233221059721281        100.91538585305194        68.843650295123595               92           7
 ../169_seed.dataconnected          77  0.29916378113786735       0.66320982028301112        23.035611147615786        51.067156161791857       0.34334124610135364        26.437275949804231        99.382766821253782        76.494174710085190              132           8
 ../170_seed.dataconnected          19  0.31765983222661076       0.71201821279838617        6.0355368123056046        13.528346043169337       0.37608191067402852        7.1455563028065416        31.838521144876758        10.417787125886351              103          12
 ../171_seed.dataconnected          55  0.31898322128123541       0.70286859403052182        17.544077170467947        38.657772671678700       0.38757079260304739        21.316393593167607        71.630834413109525        45.824864352926284              115          18
 ../172_seed.dataconnected          28  0.32331525818172058       0.70288121479653376        9.0528272290881766        19.680674014302944       0.39104025978979440        10.949127274114243        63.868011843467883        36.267718730172675              107          14
 ../173_seed.dataconnected          19  0.35063895460125516       0.78842728170624066        6.6621401374238483        14.980118352418572       0.41807900322486352        7.9435010612724071        28.081888921910952        9.6001770750570365               97          17
 ../174_seed.dataconnected          44  0.27770142362417466       0.65057597463468431        12.218862639463685        28.625342883926109       0.33159913313218620        14.590361857816193        71.369633101050511        44.255430314348004               92          12
 ../175_seed.dataconnected          25  0.31884473338844616       0.71396637227478077        7.9711183347111536        17.849159306869520       0.39578630631739853        9.8946576579349639        40.898475660518784        17.633784493699398              115          19
 ../176_seed.dataconnected          28  0.33401115211860571       0.77254972609907768        9.3523122593209607        21.631392330774176       0.38264435625465715        10.714041975130399        34.720523086982148        15.699764658258900              112          23
 ../177_seed.dataconnected          22  0.29116721335249934       0.65209093293873421        6.4056786937549859        14.346000524652153       0.35978855502965673        7.9153482106524482        36.386603690284389        13.246560001372748               88           8
 ../178_seed.dataconnected          34  0.32919681860619071       0.74591117087752390        11.192691832610484        25.360979809835811       0.40056830494125584        13.619322368002699        59.606325363311818        31.322197877705978               82          19
 ../179_seed.dataconnected          50  0.28143751371654580       0.63743048282392134        14.071875685827290        31.871524141196065       0.32556230576624456        16.278115288312229        72.294554768148046        45.795404631137089              108          12
 ../180_seed.dataconnected          28  0.38496972321869771       0.82807088441547028        10.779152250123536        23.185984763633169       0.44213078223130581        12.379661902476563        34.245076368746410        12.929902885756245              136          18
 ../181_seed.dataconnected          62  0.24002250969732025       0.54968906671781115        14.881395601233855        34.080722136504292       0.26778013829088559        16.602368574034905        94.614839095850357        65.123398163453572              117          11
 ../182_seed.dataconnected          15  0.40187768178462735       0.84125962215290251        6.0281652267694099        12.618894332293538       0.47660142365283970        7.1490213547925956        15.931032880728553        4.4563621869524610              101          11
 ../183_seed.dataconnected          21  0.37133433613535027       0.83753443536761696        7.7980210588423553        17.588223142719958       0.40868892806175167        8.5824674892967856        24.807001019334859        8.4051613834149492               92          18
 ../184_seed.dataconnected          43  0.33952257365086214       0.74202490471492144        14.599470666987072        31.907070902741623       0.39983314557634753        17.192825259782943        60.324222677419783        34.676073554509323              112          32
 ../185_seed.dataconnected          24  0.37532652718003440       0.79311521836727028        9.0078366523208260        19.034765240814487       0.46787973721842335        11.229113693242160        32.569766597721525        13.561760932505983              112          16
 ../186_seed.dataconnected          79  0.24447504477915741       0.55073540678391741        19.313528537553434        43.508097135929475       0.28741058525982394        22.705436235526090        115.92347442537087        88.178239425204524              125          19
 ../187_seed.dataconnected          45  0.27288765675809884       0.61909380941073455        12.279944554114447        27.859221423483056       0.31850079406117776        14.332535732753000        86.427984532653539        57.362268141579861               86          13
 ../188_seed.dataconnected          25  0.27642839641827782       0.61929420182346995        6.9107099104569452        15.482355045586749       0.34604587205644272        8.6511468014110680        50.425725630148776        22.093233027241880               61          15
 ../189_seed.dataconnected          64  0.29726293927125885       0.65298969844045918        19.024828113360567        41.791340700189387       0.32526353463389029        20.816866216568979        92.975338338213120        63.365746562835952              168          44
 ../190_seed.dataconnected          27  0.28918380048593179       0.66204867583043125        7.8079626131201580        17.875314247421645       0.34866626619718799        9.4139891873240753        51.825270568636377        23.713001854805533               82          10
 ../191_seed.dataconnected          50  0.26001965536396088       0.59448608157406058        13.000982768198044        29.724304078703028       0.29583376788646676        14.791688394323337        97.438010483251048        57.996907350961351              100          10
 ../192_seed.dataconnected          59  0.32830874310440883       0.72637883915176693        19.370215843160121        42.856351509954251       0.39068344077636952        23.050323005805801        75.151560227168375        48.108314768460829              110          11
 ../193_seed.dataconnected          27  0.28740508903836387       0.65256287340787811        7.7599374040358242        17.619197582012710       0.37877617486600174        10.226956721382047        51.643002658904116        22.350114989690734               75          16
 ../194_seed.dataconnected          86  0.23393173211550919       0.52606766975326757        20.118128961933792        45.241819598781014       0.26694739048239480        22.957475581485951        100.77409823291485        73.665002850118540              160          13
 ../195_seed.dataconnected          21  0.35764111710498758       0.78730173387633984        7.5104634592047397        16.533336411403138       0.43530693628763373        9.1414456620403080        27.849613706359065        9.4288299058741494               97          18
 ../196_seed.dataconnected          22  0.34826666302947829       0.77790197144688011        7.6618665866485225        17.113843371831361       0.41893931391152811        9.2166649060536177        30.546684219119179        11.039545523400381               81          10
 ../197_seed.dataconnected          25  0.22239057751160790       0.53268102206010137        5.5597644377901974        13.317025551502534       0.28162210267021714        7.0405525667554283        49.875313718745332        20.802537180225546               76           8
 ../198_seed.dataconnected          29  0.29771824686171272       0.67993022631822242        8.6338291589896681        19.717976563228451       0.37734618003929654        10.943039221139600        49.385169629198089        24.935054984389630              126          15
 ../199_seed.dataconnected          15  0.31403654646905560       0.73136782341934337        4.7105481970358341        10.970517351290150       0.38164896198989684        5.7247344298484526        20.446964252920402        6.0455991072478836               77          13
 ../200_seed.dataconnected          38  0.22363894129527295       0.48711073560098234        8.4982797692203729        18.510207952837330       0.28431828405176829        10.804094793967195        114.19660845903392        76.435379109390027               82           4
 ../201_seed.dataconnected          11  0.37640965957429073       0.84778990003480925        4.1405062553171978        9.3256889003829020       0.43343467245733941        4.7677813970307339        12.369013460222758        2.3267478838182800               67           8
 ../202_seed.dataconnected          17  0.31386638225954550       0.73789674433672159        5.3357284984122737        12.544244653724267       0.39737991190613231        6.7554585024042488        32.533304840828308        12.014016713412959               75           7
 ../203_seed.dataconnected          30  0.33891245856063590       0.77736059821475290        10.167373756819076        23.320817946442588       0.40631973813711364        12.189592144113409        39.936039343401170        18.000391392316267              100          11
 ../204_seed.dataconnected          45  0.33125362008360498       0.73164007285897859        14.906412903762224        32.923803278654034       0.37879510507006209        17.045779728152795        72.459009337880673        46.281559909420679              115          13
 ../205_seed.dataconnected          34  0.28433867561247633       0.63609601091347634        9.6675149708241950        21.627264371058196       0.30891333981854713        10.503053553830602        51.800934260295946        26.324103228367314              127          16
 ../206_seed.dataconnected          11  0.33738056080789597       0.79158655194002037        3.7111861688868557        8.7074520713402244       0.39088992916141679        4.2997892207755850        14.254081972626272        2.8129763175108433               87           9
 ../207_seed.dataconnected          48  0.28539645059223678       0.61691706285990822        13.699029628427365        29.612019017275593       0.35402892093661342        16.993388204957444        81.665430929392699        50.626203130004633              126          14
 ../208_seed.dataconnected          83  0.26625142145248498       0.60105468383593952        22.098867980556253        49.887538758382981       0.31422414798769405        26.080604282978605        137.34992967524371        121.10898559416022              191          57
 ../209_seed.dataconnected          42  0.28510452026499589       0.65442331109269336        11.974389851129827        27.485779065893119       0.33530258341466723        14.082708503416024        67.935368177792796        36.938379919463380              110          13
 ../210_seed.dataconnected          70  0.28792772293314278       0.65366324181158053        20.154940605319993        45.756426926810640       0.32213693457614662        22.549585420330263        130.49532299262694        102.08091163613631              103           4
 ../211_seed.dataconnected          40  0.31013151480744877       0.71781123871894592        12.405260592297951        28.712449548757839       0.36340240686228820        14.536096274491527        53.363746338128607        25.661770935751104              115          20
 ../212_seed.dataconnected           9  0.32906383215775870       0.79033001483018350        2.9615744894198284        7.1129701334716513       0.43346047045369185        3.9011442340832265        10.501317307211476        1.8754179898379870               70           8
 ../213_seed.dataconnected          23  0.32993053818266743       0.77438972789189764        7.5884023782013506        17.810963741513646       0.42266406274853852        9.7212734432163863        29.099793496758203        11.291431885366041              101          22
 ../214_seed.dataconnected          61  0.35005085641601941       0.79343958933972225        21.353102241377183        48.399814949723059       0.37815030468457733        23.067168585759216        72.533377756286256        49.059806314282227              116           8
 ../215_seed.dataconnected          42  0.32601474832051530       0.70607559497044126        13.692619429461642        29.655174988758532       0.37449954404067015        15.728980849708146        69.178444187660105        43.189744141261976               91           8
 ../216_seed.dataconnected          71  0.29357516443007176       0.65337908363662967        20.843836674535094        46.389914938200704       0.34059047182679031        24.181923499702112        125.21112710941804        92.330943021210828              111           6
 ../217_seed.dataconnected          13  0.37875908110482315       0.82790893226343587        4.9238680543627007        10.762816119424667       0.43499682161802217        5.6549586810342882        22.380826216550638        4.7335781986255627               87           9
 ../218_seed.dataconnected          49  0.31842950668932352       0.71787234795932608        15.603045827776853        35.175745050006981       0.38698506382616749        18.962268127482208        78.529381037239745        52.441228390969165              108           8
 ../219_seed.dataconnected         104  0.31694204005714149       0.73083685418064903        32.961972165942719        76.007032834787495       0.35019785733326370        36.420577162659427        133.52305897684766        115.69356402727374              148          12
 ../220_seed.dataconnected          29  0.32818815277234331       0.73389736955499341        9.5174564303979565        21.283023717094810       0.38640530045721055        11.205753713259107        37.622322733169938        16.947130345935388              120          19
 ../221_seed.dataconnected           8  0.33994876697635146       0.76549852211441383        2.7195901358108117        6.1239881769153106       0.45438879874753257        3.6351103899802606        13.563223959181832        2.4920948134462040               92           8
 ../222_seed.dataconnected          80  0.35183197458826637       0.76910254981699933        28.146557967061309        61.528203985359944       0.38584743027242757        30.867794421794205        86.649396583599867        62.860762632722164              125           5
 ../223_seed.dataconnected          12  0.37779473635536226       0.81267238010918108        4.5335368362643473        9.7520685613101730       0.46025302022713827        5.5230362427256594        14.866446133547393        3.4125274111264692              108          11
 ../224_seed.dataconnected          35  0.28922295732869352       0.66651109468710534        10.122803506504273        23.327888314048685       0.31822095722021315        11.137733502707460        55.980159944169031        26.162906833500642              108          17
 ../225_seed.dataconnected          20  0.27874282490494035       0.62867031099297055        5.5748564980988071        12.573406219859411       0.31478463262710388        6.2956926525420780        29.194512268552621        10.498782243484239               93          15
 ../226_seed.dataconnected          81  0.32558139294780636       0.71679087557030452        26.372092828772313        58.060060921194669       0.36925315018360766        29.909505164872222        89.722609531169084        64.072304437433274              143          19
 ../227_seed.dataconnected          71  0.29737921595333650       0.65471176708578738        21.113924332686892        46.484535463090907       0.37780188756046285        26.823934016792862        113.56022394985482        86.244905890678183              126           5
 ../228_seed.dataconnected          61  0.24688026652709288       0.56043560843200768        15.059696258152666        34.186572114352465       0.27189624076011265        16.585670686366871        110.57216302234001        80.701041349122889              151          23
 ../229_seed.dataconnected          25  0.25528163275510302       0.58239425886763396        6.3820408188775755        14.559856471690850       0.30074291984290563        7.5185729960726411        40.252562289533145        16.197547405041750              116          13
 ../230_seed.dataconnected          48  0.27320160416602141       0.61590288978123187        13.113676999969027        29.563338709499128       0.33419182004005410        16.041207361922595        70.500687957078867        43.800788254303853              120          19
 ../231_seed.dataconnected           6  0.39887430238568639       0.82213822038833417        2.3932458143141182        4.9328293223300053       0.57982519383386044        3.4789511630031624        7.1511106997542244       0.77344863502572114               46           5
 ../232_seed.dataconnected          23  0.32009969552239304       0.72674853632430336        7.3622929970150395        16.715216335458976       0.40220097424805740        9.2506224077053201        38.267224725276975        14.300482525624219               87           9
 ../233_seed.dataconnected          63  0.37184042525209182       0.80790704203141894        23.425946790881785        50.898143647979396       0.42655495772740953        26.872962336826802        71.801519826024617        48.046149958414361               90           5
 ../234_seed.dataconnected          20  0.34441790380803905       0.73085750579933229        6.8883580761607810        14.617150115986647       0.39455636041565306        7.8911272083130610        25.577308167402119        8.6675265679020317               94           9
 ../235_seed.dataconnected          54  0.30774000643196092       0.69001002842410264        16.617960347325891        37.260541534901542       0.36547605435452651        19.735706935144432        78.459415579242105        49.638920412892801              111          11
 ../236_seed.dataconnected          38  0.34619838972842598       0.80728559342990758        13.155538809680188        30.676852550336488       0.36468899811048960        13.858181928198604        52.843045034387536        25.275064491410010              157          34
 ../237_seed.dataconnected          16  0.31280168208788395       0.73331118863635059        5.0048269134061432        11.732979018181609       0.36627136174993519        5.8603417879989630        26.750097519038746        7.8873671336408551               99          12
 ../238_seed.dataconnected          14  0.33490347365995082       0.76961796751253408        4.6886486312393112        10.774651545175477       0.40143407191267078        5.6200770067773913        22.803796757600917        6.6182846209276303               72          13
 ../239_seed.dataconnected          15  0.31552120034700337       0.67147494578163325        4.7328180052050506        10.072124186724499       0.37951563575103570        5.6927345362655357        28.227095909198148        8.8827652873423055               92          12
 ../240_seed.dataconnected          49  0.29184327622051459       0.67091587922436668        14.300320534805214        32.874878081993970       0.33609711974518136        16.468758867513888        90.777802258636797        52.315408439146672               87           5
 ../241_seed.dataconnected          39  0.29548494670352310       0.66969065323411414        11.523912921437400        26.117935476130452       0.32717669217930384        12.759890994992849        64.395081030554621        34.031478300701750               95           8
 ../242_seed.dataconnected          43  0.37111289899047067       0.80714203828940290        15.957854656590239        34.707107646444328       0.41896838565417033        18.015640583129326        55.841303873253999        28.300348790662422               88           8
 ../243_seed.dataconnected          50  0.37140345462036350       0.81854317344838290        18.570172731018175        40.927158672419147       0.40645142379996468        20.322571189998236        60.648277291180463        35.064296107178485              123          10
 ../244_seed.dataconnected          28  0.30646296154688424       0.72258220438104437        8.5809629233127591        20.232301722669241       0.39725945099422233        11.123264627838225        38.542430303644025        15.218543986027205               98          10
 ../245_seed.dataconnected          49  0.26850249762397538       0.59714130852580583        13.156622383574794        29.259924117764484       0.32610822964259290        15.979303252487052        89.400516917818749        60.991596102050373               95           9
 ../246_seed.dataconnected         105  0.27518199883445144       0.62450154254388657        28.894109877617399        65.572661967108090       0.30712104466727108        32.247709690063466        175.68218878307124        149.80961863113964              193          35
 ../247_seed.dataconnected          57  0.26660510681167687       0.60059045839548586        15.196491088265581        34.233656128542691       0.31734872605280529        18.088877385009901        109.55556709008903        81.164018499437830              155          27
 ../248_seed.dataconnected          40  0.35158602421184121       0.79047323866277586        14.063440968473648        31.618929546511033       0.36993239837717629        14.797295935087051        48.789824924977651        24.586535203066742              134          20
 ../249_seed.dataconnected          28  0.31937691978138971       0.71883626230570219        8.9425537538789115        20.127415344559662       0.38593836071180354        10.806274099930500        52.727461867280660        26.426913534750057               80          13
 ../250_seed.dataconnected          31  0.30215943765627762       0.66045905429781415        9.3669425673446067        20.474230683232239       0.35630139067492123        11.045343110922557        54.635649456638852        28.575985089145846              118          13
 ../251_seed.dataconnected          19  0.33138218505450251       0.73672465353129446        6.2962615160355480        13.997768417094594       0.39497177238233039        7.5044636752642777        31.670936940104085        12.208313155715109               95           9
 ../252_seed.dataconnected          22  0.31643097424051453       0.70773456856532757        6.9614814332913193        15.570160508437207       0.35616824435939670        7.8357013759067273        31.455380084879611        12.169872569119086               99           8
 ../253_seed.dataconnected          27  0.35937764551768198       0.80535044683906376        9.7031964289774137        21.744462064654723       0.42490611576851611        11.472465125749935        36.055087550182442        15.208095966463002              122          19
 ../254_seed.dataconnected          33  0.36848078989872668       0.79001117006616828        12.159866066657980        26.070368612183554       0.41918367904191978        13.833061408383353        36.294266337361222        16.892322538658313              101           9
 ../255_seed.dataconnected          13  0.33688912652184050       0.76710527996918121        4.3795586447839261        9.9723686395993560       0.43204452215304029        5.6165787879895239        14.945249990403617        3.8849768637166266              112          13
 ../256_seed.dataconnected          46  0.34480182461860281       0.77582857232072722        15.860883932455730        35.688114326753450       0.40641758843190889        18.695209067867808        60.504660249155847        34.442397975812440               94          13
 ../257_seed.dataconnected          20  0.35192341891251272       0.80204967361966495        7.0384683782502542        16.040993472393300       0.42172348672324689        8.4344697344649369        27.372801772955498        9.4830614076938922               94           8
 ../258_seed.dataconnected          82  0.26067047467208049       0.57523019160988609        21.374978923110600        47.168875712010660       0.33004903714050232        27.064021045521191        105.48770615109656        86.503560155921207              126           8
 ../259_seed.dataconnected          33  0.30821012008852133       0.69861681054908686        10.170933962921204        23.054354748119867       0.36800175294135246        12.144057847064632        49.238511424859517        23.590027518711853              100          12
 ../260_seed.dataconnected           9  0.39074357299884066       0.85759299634727371        3.5166921569895662        7.7183369671254631       0.49924940823161473        4.4932446740845329        8.7349602302205049        1.7454895948718039               60           9
 ../261_seed.dataconnected          17  0.34831805871751709       0.76266649735584335        5.9214069981977904        12.965330455049337       0.44494589992542344        7.5640802987321987        21.310928075630034        5.1773720439360424               83          13
 ../262_seed.dataconnected          12  0.31256634777065551       0.71575570505610531        3.7507961732478661        8.5890684606732641       0.33306373524632460        3.9967648229558952        20.139813272525377        4.9626896963227729               83          10
 ../263_seed.dataconnected          11  0.42752212281803276       0.87349076261134517        4.7027433509983601        9.6083983887247975       0.48887868798575423        5.3776655678432963        12.087051244472150        2.5880692436408861               83          11
 ../264_seed.dataconnected          56  0.27822196508478381       0.63721633394953126        15.580430044747892        35.684114701173748       0.31410251650149251        17.589740924083582        113.50640536948379        86.761657663410276              111          16
 ../265_seed.dataconnected          20  0.31967874277524350       0.69374378062854702        6.3935748555048697        13.874875612570941       0.41752405077763244        8.3504810155526492        38.659210203644989        15.151310187695866              105          14
 ../266_seed.dataconnected          89  0.34398328846731968       0.78388282189076852        30.614512673591452        69.765571148278397       0.37531175587845972        33.402746273182913        111.03589940954174        89.842214306481097              163          15
 ../267_seed.dataconnected          50  0.27808743359383004       0.61985802934433687        13.904371679691502        30.992901467216843       0.32786208918225812        16.393104459112905        78.808954674729762        49.253290017809164              101          10
 ../268_seed.dataconnected          20  0.34432557477636250       0.79079927470902966        6.8865114955272499        15.815985494180593       0.42870352926957445        8.5740705853914889        32.271356561333377        10.544046445086176               74           9
 ../269_seed.dataconnected          48  0.29510275706871125       0.67188517669957937        14.164932339298140        32.250488481579808       0.35189604616017667        16.891010215688482        77.637402594104813        49.944103902257488               93           8
 ../270_seed.dataconnected          33  0.30047416079638067       0.69509171109375190        9.9156473062805617        22.938026466093813       0.34734248990360073        11.462302166818825        50.194583258443870        22.479653386524934               88           9
 ../271_seed.dataconnected          94  0.29344766798599137       0.64290559725330276        27.584080790683188        60.433126141810462       0.35597923304318146        33.462047906059055        149.88060789868220        136.26195191768440              139           5
 ../272_seed.dataconnected          87  0.28476033557884467       0.63752941924048756        24.774149195359485        55.465059473922416       0.30216121080283598        26.288025339846730        148.20603743078249        111.76839309248950              129           5
 ../273_seed.dataconnected          34  0.30092265524707934       0.69196139451957706        10.231370278400698        23.526687413665620       0.32119333865573801        10.920573514295093        48.617550900418266        24.597719043234104               89          14
 ../274_seed.dataconnected          42  0.26181185359784498       0.59172654233126210        10.996097851109489        24.852514777913008       0.30244258866480750        12.702588723921915        57.368093539434469        29.924007291971794              116          11
 ../275_seed.dataconnected          82  0.32038644721927972       0.71846538325495313        26.271688671980936        58.914161426906155       0.36844094634355673        30.212157600171651        116.49134121825591        92.723097708398839              133          10
 ../276_seed.dataconnected          33  0.31056571423799428       0.70177045423077433        10.248668569853811        23.158424989615554       0.37186103737046705        12.271414233225412        47.961636688983688        22.138229132586915              128          17
 ../277_seed.dataconnected          66  0.33942463500030479       0.77334498583848121        22.402025910020114        51.040769065339759       0.37150900814739113        24.519594537727816        76.908211059439921        50.996838336135433              109           6
 ../278_seed.dataconnected          13  0.38489515737955515       0.86306393950013016        5.0036370459342168        11.219831213501692       0.46616702389050696        6.0601713105765906        15.041678162682638        3.1374908221637212               68           9
 ../279_seed.dataconnected          44  0.25967810763461818       0.60272883867423765        11.425836735923200        26.520068901666455       0.27723573811614288        12.198372477110286        83.791904924766413        53.255413494803136               86          19
 ../280_seed.dataconnected          81  0.33507868085935999       0.76738960388896371        27.141373149608160        62.158557915006064       0.36620505320713020        29.662609309777547        122.68463763101727        91.487815742699098              149          17
 ../281_seed.dataconnected          48  0.24786303099083618       0.55772831922804234        11.897425487560136        26.770959322946034       0.29573252993688692        14.195161436970572        97.853854669723461        70.180096857545763              154          37
 ../282_seed.dataconnected          23  0.31288432973713293       0.70049836345024330        7.1963395839540576        16.111462359355595       0.34824429188963080        8.0096187134615082        38.074968152054844        14.789540988280377               93          20
 ../283_seed.dataconnected          37  0.34710042757243903       0.75783978269492425        12.842715820180244        28.040071959712197       0.39554642340017721        14.635217665806557        56.043189408208804        27.797083426877769              139          13
 ../284_seed.dataconnected          38  0.33247725305306752       0.75147577089211059        12.634135616016566        28.556079293900204       0.38442832850235148        14.608276483089357        50.937544911773585        26.402606864944012              132          17
 ../285_seed.dataconnected          54  0.31552090755616707       0.71013836933818608        17.038129008033021        38.347471944262047       0.36678943873136965        19.806629691493960        85.837156174072064        57.246817563069676              102           9
 ../286_seed.dataconnected          17  0.33747964232186412       0.75426991901243967        5.7371539194716901        12.822588623211475       0.41975562744103656        7.1358456664976213        22.046368648653281        6.1386170021127793               78          13
 ../287_seed.dataconnected          45  0.32892398831133868       0.72420333580798646        14.801579474010241        32.589150111359388       0.40307600956300260        18.138420430335117        63.366765024520795        36.527569498369886              113           8
 ../288_seed.dataconnected          51  0.23061375572386406       0.53421473815495779        11.761301541917067        27.244951645902848       0.28203777413991560        14.383926481135695        72.270271955860352        43.197678296135678              115          17
 ../289_seed.dataconnected          47  0.30650922214190396       0.68248182775094357        14.405933440669486        32.076645904294345       0.34804551267102857        16.358139095538341        74.811584278456110        47.018619524024345              156          33
 ../290_seed.dataconnected          12  0.36976419278744971       0.85853508625023245        4.4371703134493963        10.302421035002789       0.39274604189736506        4.7129525027683812        13.948484961426866        3.1934779199350292               76           8
 ../291_seed.dataconnected          36  0.29033506356486655       0.65210447699034646        10.452062288335195        23.475761171652472       0.35087290748856942        12.631424669588499        69.448857290732093        37.762202560141972               94          15
 ../292_seed.dataconnected          40  0.32984129811886848       0.76203630396966870        13.193651924754739        30.481452158786748       0.38599492346388198        15.439796938555279        64.665285644540049        35.176121867982040              119          18
 ../293_seed.dataconnected          23  0.37423944884200500       0.84269864138133632        8.6075073233661143        19.382068751770735       0.42721010737285425        9.8258324695756478        25.481010704264587        9.7287747800844997               80           8
 ../294_seed.dataconnected          14  0.35676978331276271       0.79174424811421829        4.9947769663786783        11.084419473599056       0.40745281920163134        5.7043394688228393        16.377286541594778        4.8722685649382482               95          13
 ../295_seed.dataconnected          36  0.32556841512007728       0.70187639948309655        11.720462944322783        25.267550381391477       0.39953439920292227        14.383238371305202        52.722243760549503        26.307997437693693               90           9
 ../296_seed.dataconnected          22  0.34918672971719572       0.80391805998612420        7.6821080537783057        17.686197319694731       0.42858307882324664        9.4288277341114259        29.920446496547065        11.568223062879277               89          14
 ../297_seed.dataconnected          25  0.34165580011578872       0.76097583288372994        8.5413950028947188        19.024395822093247       0.39197273480112088        9.7993183700280220        37.050558835424013        16.756480175949186              105          17
 ../298_seed.dataconnected          16  0.35406274118069536       0.79932510447050642        5.6650038588911258        12.789201671528103       0.45485194188952160        7.2776310702323457        22.573210631748225        6.0577796477992800               93          13
 ../299_seed.dataconnected          16  0.32181647340467273       0.71848835422464985        5.1490635744747637        11.495813667594398       0.45022369001209489        7.2035790401935182        26.603894900239428        8.0597226727571538               83          11
 ../300_seed.dataconnected          43  0.33670071577595240       0.73673588253763922        14.478130778365953        31.679642949118488       0.40070568434010179        17.230344426624377        72.136878232458386        39.576757904553482               91          12
 ../301_seed.dataconnected          11  0.36298199498628275       0.79892625655720784        3.9928019448491101        8.7881888221292854       0.41314895077750191        4.5446384585525212        13.424544812733428        3.5014439308478589               85           7
 ../302_seed.dataconnected          23  0.31363244185076694       0.72121805016881302        7.2135461625676394        16.588015153882701       0.38457711290651436        8.8452735968498306        38.285053012292906        15.057780522253347               88          11
 ../303_seed.dataconnected          61  0.28965300856906806       0.63651252672260072        17.668833522713150        38.827264130078646       0.34720047166417839        21.179228771514882        84.052890072988276        55.946965209991383              104           7
 ../304_seed.dataconnected          57  0.31891067270735585       0.71577891081425260        18.177908344319285        40.799397916412396       0.36262406143154891        20.669571501598288        76.017329832876712        47.961835994234598              133          28
 ../305_seed.dataconnected          54  0.25523497930763878       0.59352840573618615        13.782688882612494        32.050533909754051       0.29561535306648612        15.963229065590250        106.70371249886310        80.217261388941481               98           6
 ../306_seed.dataconnected          17  0.28399393482655155       0.66358668013378297        4.8278968920513767        11.280973562274310       0.36688647865842933        6.2370701371932986        26.351621117013494        8.5825431858609935               85          13
 ../307_seed.dataconnected          28  0.29013471973229010       0.65724269868932705        8.1237721525041238        18.402795563301158       0.35776277417917202        10.017357677016816        48.611993212889644        25.200464530922055               67           8
 ../308_seed.dataconnected          68  0.28376631355166781       0.62547604709408111        19.296109321513413        42.532371202397513       0.35285344620639464        23.994034342034837        111.25208597271619        86.502625739711718              105           5
 ../309_seed.dataconnected          19  0.27008001233323348       0.63221282182705740        5.1315202343314361        12.012043614714091       0.34720849028951856        6.5969613155008524        32.260509002813670        11.168206828357819               56          13
 ../310_seed.dataconnected          23  0.29551881128833923       0.68336268163771186        6.7969326596318025        15.717341677667372       0.35910144318329951        8.2593331932158893        39.113940858014992        17.468359101930499               79          16
 ../311_seed.dataconnected          16  0.29270127879384811       0.65834563995477102        4.6832204607015697        10.533530239276336       0.33278077009693474        5.3244923215509559        26.721871459520166        8.1635649128587513              122          13
 ../312_seed.dataconnected          29  0.32936858030900346       0.75780247059389605        9.5516888289611011        21.976271647222987       0.35959850512502450        10.428356648625710        42.199096081283798        19.982636276924573               85           8
 ../313_seed.dataconnected          39  0.34549761016972091       0.78343550767606718        13.474406796619116        30.553984799366621       0.39549604746754713        15.424345851234339        42.894518960655617        21.617785634712078              132          16
 ../314_seed.dataconnected          16  0.35876400283759091       0.80786685894320664        5.7402240454014546        12.925869743091306       0.42552628718898322        6.8084205950237315        21.626389345221124        6.4374393447061928               92           9
 ../315_seed.dataconnected          48  0.29366838890836383       0.66574033615151051        14.096082667601465        31.955536135272503       0.35541483587078526        17.059912121797694        80.512315529742338        39.397905550767369               96          15
 ../316_seed.dataconnected          51  0.27519913900505438       0.62038412442647584        14.035156089257773        31.639590345750268       0.33053408286474539        16.857238226102016        95.250924684288549        58.499409068136316              103          10
 ../317_seed.dataconnected          23  0.34008506601538546       0.73991868807927574        7.8219565183538657        17.018129825823340       0.37674092729557995        8.6650413277983382        38.231967005899911        13.979167421766597              115          18
 ../318_seed.dataconnected          51  0.28269479963804411       0.64954125730679724        14.417434781540249        33.126604122646661       0.31488811616307005        16.059293924316574        69.213245832632012        44.149844648866249               95           7
 ../319_seed.dataconnected          19  0.35814864114826006       0.79100443622624694        6.8048241818169410        15.029084288298693       0.43724182908172854        8.3075947525528431        34.107327216918350        13.441220488526401               91          14
 ../320_seed.dataconnected          47  0.35783648936686235       0.79809958987275309        16.818315000242531        37.510680724019394       0.42054171467349738        19.765460589654378        47.908561727112264        27.012612920247971              115          23
 ../321_seed.dataconnected          20  0.28796433924352732       0.65677707492996051        5.7592867848705467        13.135541498599210       0.28287156363668425        5.6574312727336853        38.623510278173868        15.015056020621170               82           9
 ../322_seed.dataconnected          19  0.30228302018450515       0.70003543071890706        5.7433773835055977        13.300673183659233       0.33709088577996044        6.4047268298192481        29.300506352266783        9.3795920868526093               81          11
 ../323_seed.dataconnected          21  0.29581401368413185       0.66968338983282416        6.2120942873667691        14.063351186489307       0.33411684423427540        7.0164537289197835        43.469706005134491        14.579809065449226              100          20
 ../324_seed.dataconnected          20  0.35933617531014278       0.78347170442484537        7.1867235062028554        15.669434088496907       0.41028229240883513        8.2056458481767027        21.484333284557898        7.1795733816655405               70           5
 ../325_seed.dataconnected           8  0.36765592622323157       0.80437223456797391        2.9412474097858525        6.4349778765437913       0.56572782473119743        4.5258225978495794        10.481019839932937        1.1920728406574543               51           5
 ../326_seed.dataconnected          10  0.36123724861443574       0.84030601650154402        3.6123724861443574        8.4030601650154395       0.41417411084043415        4.1417411084043412        12.511949411264691        2.1934682016825358               86           7
 ../327_seed.dataconnected          51  0.33004141798385334       0.74199853628277779        16.832112317176520        37.841925350421668       0.37144195558163873        18.943539734663574        79.820498338587356        47.843991962161084              106           4
 ../328_seed.dataconnected          37  0.35131826483552070       0.77924912867801710        12.998775798914266        28.832217761086632       0.41265763821489021        15.268332613950937        42.282790584717901        20.813821498408892              112           7
 ../329_seed.dataconnected          67  0.36698479440879106       0.79714966991437297        24.587981225389001        53.409027884262990       0.42782073678796423        28.663989364793604        81.734861873170843        56.418447640127333              124          10
 ../330_seed.dataconnected          26  0.31750943560057926       0.70116396407452619        8.2552453256150606        18.230263065937681       0.39738361914893244        10.331974097872244        43.531101314512568        19.333767066262766               74          12
 ../331_seed.dataconnected         105  0.31221843614911216       0.68222977465737344        32.782935795656776        71.634126339024206       0.37364387737350901        39.232607124218447        128.91220865924248        109.86097220713360              153           7
 ../332_seed.dataconnected          59  0.32143792315997111       0.71293011183584731        18.964837466438297        42.062876598314993       0.37736782115240985        22.264701447992181        77.930707662351949        45.149548465066133              101           6
 ../333_seed.dataconnected          28  0.37434947051812439       0.79458364371181167        10.481785174507483        22.248342023930725       0.43876416918469618        12.285396737171492        36.706033944827034        16.283092471006075              128          18
 ../334_seed.dataconnected          22  0.32940201181012752       0.72397192513742903        7.2468442598228053        15.927382353023440       0.38860929820223178        8.5494045604490996        32.095086012224336        11.941266042660819              110          22
 ../335_seed.dataconnected          49  0.28202369268703875       0.62156401620523527        13.819160941664899        30.456636794056529       0.35564908725021854        17.426805275260708        80.183391540647634        49.883096422883170              100          10
 ../336_seed.dataconnected          33  0.33757119293228133       0.77647773352726257        11.139849366765283        25.623765206399664       0.40947376709605077        13.512634314169675        55.073978286183852        27.376766036335184              138          31
 ../337_seed.dataconnected          11  0.34106093027147799       0.78884352757209464        3.7516702329862577        8.6772788032930404       0.41807056441114648        4.5987762085226116        12.661429511761696        3.0732322594569217               89           9
 ../338_seed.dataconnected           9  0.34407268466506369       0.77126367906441884        3.0966541619855734        6.9413731115797699       0.42189270926408473        3.7970343833767624        10.229881193872519        1.7190523072162447               61           7
 ../339_seed.dataconnected          58  0.25644619904017013       0.57904902124641178        14.873879544329867        33.584843232291881       0.30432742807533236        17.650990828369277        121.47019095693639        99.811304904439922              156          18
 ../340_seed.dataconnected          37  0.33183226663035081       0.75608733249222260        12.277793865322980        27.975231302212237       0.37800339315912157        13.986125546887498        52.868495032710200        27.137181375628469               87           9
 ../341_seed.dataconnected          13  0.32124395802070699       0.75116314497731118        4.1761714542691912        9.7651208847050448       0.40751314440227515        5.2976708772295771        20.364805949032423        4.8681766546092486               93          13
 ../342_seed.dataconnected          41  0.28050047301732911       0.66491475993017757        11.500519393710494        27.261505157137279       0.32772821471837599        13.436856803453416        80.554648538746235        43.004912962221233              105          31
 ../343_seed.dataconnected          29  0.29073586165690257       0.64588399318706102        8.4313399880501745        18.730635802424771       0.35939159127888837        10.422356147087763        53.892417079890635        25.531800212507925               91          20
 ../344_seed.dataconnected          36  0.28320234544222278       0.63387712554563080        10.195284435920019        22.819576519642709       0.37407750418647284        13.466790150713022        54.420307213900600        29.881008400682024              121          22
 ../345_seed.dataconnected          69  0.30926160049761858       0.66994550042302425        21.339050434335682        46.226239529188675       0.38828267629350105        26.791504664251573        96.376769414743436        63.510198405779413               97           4
 ../346_seed.dataconnected          19  0.33180827272391239       0.71199152344611238        6.3043571817543356        13.527838945476136       0.42564414979339082        8.0872388460744258        25.744821200749211        8.6717890019933730              110          13
 ../347_seed.dataconnected          24  0.30863660316530644       0.71594905545970156        7.4072784759673542        17.182777331032838       0.31663807978527403        7.5993139148465767        34.766307196771727        12.453131169967397              105          18
 ../348_seed.dataconnected          19  0.32954342192966624       0.75522200327445510        6.2613250166636583        14.349218062214646       0.40983733490376545        7.7869093631715431        27.987115387025575        8.3943811052713802              111          12
 ../349_seed.dataconnected          77  0.26736156500386987       0.58879037031254389        20.586840505297982        45.336858514065881       0.30392655668440199        23.402344864698954        105.09697400996357        78.916904240225719              126          13
 ../350_seed.dataconnected          47  0.25122822298443337       0.55983063056416249        11.807726480268368        26.312039636515635       0.29240856280622679        13.743202451892659        73.861700572909569        44.349611355372126              119          15
 ../351_seed.dataconnected          39  0.34064878426355499       0.75599284758123309        13.285302586278645        29.483721055668092       0.38307373686768714        14.939875737839799        43.970880382245063        20.213339536888224              129          12
 ../352_seed.dataconnected          30  0.31509667193266305       0.73145062199065658        9.4529001579798919        21.943518659719697       0.38836679656185019        11.651003896855507        48.463798708475892        24.678652973692675               97           9
 ../353_seed.dataconnected          16  0.35297849448639540       0.82472543180347602        5.6476559117823264        13.195606908855616       0.40123720532541857        6.4197952852066971        15.974593275750335        4.8054224782722610              119          10
 ../354_seed.dataconnected          38  0.32806642933959068       0.71904406107879226        12.466524314904445        27.323674320994105       0.38177514378337374        14.507455463768203        53.676812724293832        28.222087573732797               92           6
 ../355_seed.dataconnected          48  0.33001280529478022       0.72567471100141712        15.840614654149451        34.832386128068023       0.40200729635109700        19.296350224852656        66.752957578692616        36.902227138296404               89           4
 ../356_seed.dataconnected          62  0.35109236725963561       0.77762010254856295        21.767726770097408        48.212446358010901       0.38150439373399775        23.653272411507860        62.274156041437429        38.227020598096708              110           8
 ../357_seed.dataconnected          30  0.28500176733705562       0.66727655356087068        8.5500530201116689        20.018296606826119       0.38251771582702332        11.475531474810699        42.681181626757734        16.892756417852063               76           9
 ../358_seed.dataconnected          44  0.25975915268288952       0.58008748194728654        11.429402718047140        25.523849205680609       0.31206672237583372        13.730935784536683        110.17995677409085        65.949778452808047               91           5
 ../359_seed.dataconnected          77  0.31287023854217622       0.69767610719583695        24.091008367747570        53.721060254079447       0.34369099978923878        26.464206983771387        89.637224261572229        63.127040003410983              119          10
 ../360_seed.dataconnected          46  0.31303418622953638       0.71290582880487130        14.399572566558673        32.793668125024077       0.36362750752756234        16.726865346267868        59.758718698419720        32.830118766009683              108          14
 ../361_seed.dataconnected          25  0.36780449209848043       0.82511772051402077        9.1951123024620109        20.627943012850519       0.42330055489972385        10.582513872493097        34.592357995306251        13.935002413574095              100          22
 ../362_seed.dataconnected          22  0.36631033050237383       0.82340920934679784        8.0588272710522233        18.115002605629552       0.42892526807527587        9.4363558976560693        26.380076104414318        10.142419062025933              109          16
 ../363_seed.dataconnected          82  0.29964671072777654       0.65405794951317509        24.571030279677675        53.632751860080354       0.34513081179260696        28.300726566993770        100.89606190526973        77.210732479024003              133          14
 ../364_seed.dataconnected          70  0.30901591971442394       0.69250516866791223        21.631114380009677        48.475361806753853       0.35124868476159665        24.587407933311766        136.49074977250859        101.48603017607901              129          13
 ../365_seed.dataconnected          34  0.27973236066833235       0.61571868723830303        9.5109002627233004        20.934435366102303       0.31482903553509128        10.704187208193103        67.472314804046803        29.581768411667657              112          17
 ../366_seed.dataconnected          49  0.26612592221545023       0.59527647663508976        13.040170188557061        29.168547355119397       0.31985741315323701        15.673013244508613        84.620193518701669        52.240060739702123              118          15
 ../367_seed.dataconnected          47  0.30603604980513288       0.70480641869513705        14.383694340841245        33.125901678671440       0.34531743789855435        16.229919581232053        79.421843584686954        54.588649702308402              113          14
 ../368_seed.dataconnected          13  0.34506150003075742       0.82466718764855351        4.4857995003998461        10.720673439431195       0.41005575162743008        5.3307247711565910        16.019751827301139        3.9867529435549081               98           7
 ../369_seed.dataconnected          59  0.33970946687892661       0.76613554140021523        20.042858545856671        45.201996942612695       0.37585121624354378        22.175221758369084        80.186526686918441        46.774030558389569              117          15
 ../370_seed.dataconnected          62  0.29407069503627836       0.64483132824528533        18.232383092249258        39.979542351207691       0.33582224865310151        20.820979416492293        100.89483713273296        69.184341676222530              148          54
 ../371_seed.dataconnected          20  0.35584859749453046       0.79469757950162700        7.1169719498906092        15.893951590032540       0.39687783203683868        7.9375566407367737        25.141687439347720        8.4707094441373503              105          12
 ../372_seed.dataconnected         119  0.33192656313303326       0.71646020369413554        39.499261012830956        85.258764239602129       0.37227207867877576        44.300377362774313        117.51398380815559        96.275557956718103              206          16
 ../373_seed.dataconnected          24  0.34976687174625093       0.78321036552595147        8.3944049219100219        18.797048772622837       0.41642580786714195        9.9942193888114073        35.905249777530557        13.467915555157091               93           8
 ../374_seed.dataconnected          28  0.29572613781844548       0.66730335480045255        8.2803318589164725        18.684493934412671       0.31464867596020757        8.8101629268858126        56.031447332415233        25.855309740634311              116          14
 ../375_seed.dataconnected          33  0.28998950187977013       0.63849316270908085        9.5696535620324141        21.070274369399669       0.30515864995078806        10.070235448376007        46.969683246249261        22.080162603520623               90          14
 ../376_seed.dataconnected          18  0.31363758489682303       0.70517628954376610        5.6454765281428143        12.693173211787791       0.40670014064351584        7.3206025315832850        33.221479820795260        10.662039074139575               68           9
 ../377_seed.dataconnected          39  0.33117717068336300       0.73998852707696161        12.915909656651158        28.859552556001503       0.39196277907522992        15.286548383933967        53.409031149337423        27.768472087093265               80          15
 ../378_seed.dataconnected          80  0.26965509781855551       0.60373887857177289        21.572407825484440        48.299110285741833       0.31280337393994712        25.024269915195770        101.94610518852211        75.020042162717345              144           6
 ../379_seed.dataconnected          61  0.33608706015022027       0.73385643389472066        20.501310669163438        44.765242467577963       0.37049188731680666        22.600005126325208        85.999929029231552        56.128473383926703              145          35
 ../380_seed.dataconnected          42  0.31839782667709909       0.71686884071456125        13.372708720438162        30.108491310011573       0.40021942888769685        16.809216013283269        70.465786429249050        38.446566577491147              122          14
 ../381_seed.dataconnected          16  0.36521175833949099       0.78878177524850357        5.8433881334318558        12.620508403976057       0.41459151281212192        6.6334642049939507        21.079459225932400        6.9190874011687624               77          11
 ../382_seed.dataconnected          75  0.33839438964213425       0.74228923646530953        25.379579223160068        55.671692734898215       0.37330316715110951        27.997737536333211        80.586571126927026        58.018379985604959              156          15
 ../383_seed.dataconnected          78  0.31822109853913594       0.73040506678719386        24.821245686052603        56.971595209401123       0.36293889866692824        28.309234096020404        108.13826096724272        81.816169704982670              124           9
 ../384_seed.dataconnected          41  0.24435284842285596       0.54766293659358845        10.018466785337095        22.454180400337126       0.31844971543197143        13.056438332710828        80.976038332822426        50.065504516675205               91          12
 ../385_seed.dataconnected          15  0.36419671755598432       0.81591224941771823        5.4629507633397649        12.238683741265774       0.41634324145873353        6.2451486218810031        18.743374644844277        5.2432611806535405               58          12
 ../386_seed.dataconnected          22  0.24903936423621112       0.56106365228969413        5.4788660131966447        12.343400350373271       0.24134346406373777        5.3095562094022313        33.787584245486357        13.707398242592985               82          14
 ../387_seed.dataconnected          39  0.27448170762099322       0.60034032193776254        10.704786597218735        23.413272555572739       0.30356937100263592        11.839205469102801        62.867585889914231        34.412117639673674              112          13
 ../388_seed.dataconnected          28  0.25733865553781815       0.59756009461371018        7.2054823550589084        16.731682649183885       0.29855430157410628        8.3595204440749757        61.880880734514463        26.213069496299394              103          20
 ../389_seed.dataconnected          36  0.27704797252924646       0.61840411161159103        9.9737270110528726        22.262548018017277       0.35433747935439641        12.756149256758270        54.714072486358127        30.387159760188819              116          20
 ../390_seed.dataconnected          33  0.34365424377120113       0.76832448333285686        11.340590044449637        25.354707949984277       0.38948679229953131        12.853064145884533        47.894480460195382        21.102311634342822              119          15
 ../391_seed.dataconnected          24  0.28905243032615419       0.65106953748152385        6.9372583278277009        15.625668899556572       0.37086968891228561        8.9008725338948551        45.214492009201969        17.363645898711379               73           6
 ../392_seed.dataconnected          37  0.29502172865802195       0.67118832752845736        10.915803960346812        24.833968118552921       0.36078083825332025        13.348891015372850        57.166536450113043        30.752146418390705               95          11
 ../393_seed.dataconnected          36  0.25660083861215022       0.58519975649121381        9.2376301900374074        21.067191233683698       0.32709022252056730        11.775248010740423        77.349153781468928        42.505832051188413               93          11
 ../394_seed.dataconnected          20  0.36608653538680602       0.79980009522508511        7.3217307077361209        15.996001904501702       0.39433301601738163        7.8866603203476329        26.236561769752942        9.0256776964786258               74           6
 ../395_seed.dataconnected          56  0.29580027125951708       0.67273728161037749        16.564815190532958        37.673287770181140       0.33360987396978631        18.682152942308033        95.701862312237850        64.548888741216487              121          16
 ../396_seed.dataconnected          55  0.26756581587260408       0.59279130869324959        14.716119872993225        32.603521978128725       0.32459197791253286        17.852558785189306        81.693930200384955        53.102838075355962              126          27
 ../397_seed.dataconnected          17  0.32962636425992986       0.74682722114459532        5.6036481924188077        12.696062759458121       0.42310629433105740        7.1928070036279754        27.096534464962588        8.8850410297979714               86           5
 ../398_seed.dataconnected           6  0.34767974998428819       0.81328720545489253        2.0860784999057289        4.8797232327293552       0.49317181537085858        2.9590308922251514        7.4817115223434687       0.76844227375351193               78           5
 ../399_seed.dataconnected          13  0.34839414731905011       0.81396498345636759        4.5291239151476512        10.581544784932779       0.40397941220744832        5.2517323586968283        16.165504667749051        3.6772730041547428               69          10
 ../400_seed.dataconnected          17  0.33067117644549276       0.77596281118267418        5.6214099995733768        13.191367790105462       0.42971699822345238        7.3051889697986905        25.211048685371111        7.4042869305168990               76           4
 ../401_seed.dataconnected          19  0.33442088649450658       0.74972953964312450        6.3539968433956249        14.244861253219366       0.36963348078807601        7.0230361349734443        29.809860991067215        11.164483371509791              100          14
 ../402_seed.dataconnected          20  0.28893415827738517       0.66958305477273583        5.7786831655477036        13.391661095454717       0.35664416315070180        7.1328832630140360        44.866253867103751        17.806570273324574               81          10
 ../403_seed.dataconnected          28  0.27406447661941530       0.60342980262047907        7.6738053453436281        16.896034473373415       0.31279117348899071        8.7581528576917407        50.012616906737961        21.441937368533726               76           7
 ../404_seed.dataconnected          16  0.32940550974218485       0.72855107957604170        5.2704881558749577        11.656817273216667       0.39835041042151614        6.3736065667442583        22.929977365004255        6.0831477711782718               69           6
 ../405_seed.dataconnected          33  0.28321477391069461       0.65811294877127435        9.3460875390529221        21.717727309452055       0.36188303778899850        11.942140247036951        59.651389832439705        31.445266598493490              106          26
 ../406_seed.dataconnected          58  0.29392678841281450       0.64738770358679154        17.047753727943242        37.548486808033907       0.32885986470719886        19.073872153017533        67.894296559425271        42.504168147650290              147          45
 ../407_seed.dataconnected          27  0.33692955499416583       0.76688973613419720        9.0970979848424776        20.706022875623326       0.36800949163814689        9.9362562742299652        36.876890871206314        13.810216546647528              105          13
 ../408_seed.dataconnected          81  0.26183220696439308       0.57698922873374348        21.208408764115838        46.736127527433219       0.29345635032140577        23.769964376033869        131.86513231298537        103.75086663830385              125           6
 ../409_seed.dataconnected          12  0.35998603958394632       0.78452954613273951        4.3198324750073560        9.4143545535928741       0.46003310141435283        5.5203972169722340        15.914432805878455        4.1562409510781588               87           8
 ../410_seed.dataconnected          51  0.30033303077059753       0.69078203611137023        15.316984569300475        35.229883841679879       0.33594109486016316        17.132995837868322        90.167815423079318        58.106783012239021              101          13
 ../411_seed.dataconnected          46  0.33868273180372799       0.76559700803335129        15.579405662971487        35.217462369534161       0.40630180143591949        18.689882866052297        73.964573626924988        42.175821722967832               96           8
 ../412_seed.dataconnected          21  0.36094000351607208       0.81064906776531720        7.5797400738375140        17.023630423071662       0.46463015173917754        9.7572331865227291        48.595584365233925        18.452938954886850               81          18
 ../413_seed.dataconnected          60  0.31315806145921071       0.70408844966791906        18.789483687552643        42.245306980075142       0.35705105374661000        21.423063224796600        79.092568775551911        53.377245771143969              137          20
 ../414_seed.dataconnected          16  0.34761735811397687       0.76259650697885950        5.5618777298236299        12.201544111661752       0.39090126352807331        6.2544202164491729        27.691456632702746        7.6189155850172625               77          11
 ../415_seed.dataconnected          58  0.33432510714215757       0.74788394063522512        19.390856214245140        43.377268556843056       0.38176928361328205        22.142618449570360        75.831964223688757        50.794931757115499              110           7
 ../416_seed.dataconnected          22  0.29077494305972523       0.67482682364888080        6.3970487473139555        14.846190120275377       0.36078481965975823        7.9372660325146809        34.552957433283822        15.221154163386709              138          18
 ../417_seed.dataconnected          34  0.29392012239848819       0.65532185184641867        9.9932841615485977        22.280942962778234       0.34298413735454608        11.661460670054566        58.407621170182423        31.257839376573358              143          18
 ../418_seed.dataconnected          29  0.29381003432955083       0.66382062593719682        8.5204909955569743        19.250798152178707       0.32930769990027670        9.5499232971080250        54.659958450831546        24.335092915644932              116          13
 ../419_seed.dataconnected          17  0.32927117621429214       0.75971426611113957        5.5976099956429666        12.915142523889372       0.44018649941129451        7.4831704899920064        28.993706889270928        9.0806020027433600               81          15
 ../420_seed.dataconnected          33  0.30909627398512463       0.69719744987939680        10.200177041509113        23.007515846020095       0.40923991906502777        13.504917329145917        65.742658300451183        31.523626237669074               85          23
 ../421_seed.dataconnected          18  0.28679144683600838       0.66065788322284280        5.1622460430481505        11.891841898011171       0.35722028662359473        6.4299651592247056        30.136641970779600        9.3722026365979385               87          11
 ../422_seed.dataconnected          12  0.35798367133306941       0.76306699911244869        4.2958040559968325        9.1568039893493847       0.44010777939833517        5.2812933527800219        30.945373284074520        9.2870777807094917               49           4
 ../423_seed.dataconnected          18  0.32322226449042674       0.68994784832900780        5.8180007608276814        12.419061269922141       0.42958643266269247        7.7325557879284643        32.279694901056423        12.653026865063978               89           7
 ../424_seed.dataconnected          64  0.25576153511896416       0.58734672568953716        16.368738247613706        37.590190444130378       0.30821783198100583        19.725941246784373        104.29559183712288        73.643387096945219              140          14
 ../425_seed.dataconnected          36  0.30024905667714175       0.66897513057747870        10.808966040377102        24.083104700789235       0.35233769128526432        12.684156886269516        58.832277158646328        32.028376824138981              106          14
 ../426_seed.dataconnected          31  0.30818470516475499       0.69489613251692406        9.5537258601074040        21.541780108024646       0.36388489841283428        11.280431850797862        72.112808068087986        33.694324170606528              143          26
 ../427_seed.dataconnected          56  0.30879503227496208       0.68678556964476045        17.292521807397875        38.459991900106587       0.34417686147810372        19.273904242773810        106.03363784070855        69.303124361829134               97          16
 ../428_seed.dataconnected          29  0.32692026307877081       0.74005738144111455        9.4806876292843540        21.461664061792323       0.38317678702270286        11.112126823658382        45.624549013570565        19.724435995561940               91          12
 ../429_seed.dataconnected          51  0.26829235109648819       0.59177397484641181        13.682909905920898        30.180472717167003       0.30647974005155304        15.630466742629205        73.629910882376748        43.835374282598288               95           5
 ../430_seed.dataconnected          78  0.23100668307015532       0.49865738524616809        18.018521279472115        38.895276049201108       0.29204316629776700        22.779366971225826        128.52419941880771        92.714712046367808              107          10
 ../431_seed.dataconnected          25  0.32721130896583955       0.72892239773534451        8.1802827241459894        18.223059943383614       0.41224845091240364        10.306211272810090        39.395872696876474        18.027258768523360               92           8
 ../432_seed.dataconnected          33  0.33978502977695357       0.74373195463919750        11.212905982639468        24.543154503093518       0.37707255455352939        12.443394300266469        48.632534000868745        25.008250000600693              112          25
 ../433_seed.dataconnected          40  0.31657064109619215       0.72399505237943074        12.662825643847686        28.959802095177231       0.37491404489072044        14.996561795628818        57.011475320310126        29.270119963677455              108          34
 ../434_seed.dataconnected          13  0.37530080567246776       0.81729335685490367        4.8789104737420805        10.624813639113748       0.43221933790355727        5.6188513927462447        20.697313520489345        4.8206450677342616               86          13
 ../435_seed.dataconnected          28  0.35120628648097352       0.77729792120701446        9.8337760214672585        21.764341793796405       0.40963316532863497        11.469728629201779        40.250378230481289        17.968514901087509               92          15
 ../436_seed.dataconnected          43  0.29038903534338445       0.66941770184577609        12.486728519765531        28.784961179368374       0.34153869143550997        14.686163731726928        65.362781633302646        38.386121088359424              154          16
 ../437_seed.dataconnected          64  0.25407858309352860       0.58478915573682133        16.261029317985830        37.426505967156565       0.31926529857667441        20.432979108907162        91.380528438088916        66.614943116653009              173          26
 ../438_seed.dataconnected          34  0.25985777754953310       0.58692371685054223        8.8351644366841260        19.955406372918436       0.30697009809085629        10.436983335089113        54.726015475181519        26.221865068137554               98          16
 ../439_seed.dataconnected          29  0.30162233640298425       0.67808414480134471        8.7470477556865429        19.664440199238996       0.41204666786461192        11.949353368073746        45.614540136959633        19.469539699611762              117          26
 ../440_seed.dataconnected          46  0.27725594085936672       0.63800617592279829        12.753773279530868        29.348284092448722       0.32454680853023982        14.929153192391032        85.687600748461605        53.404594779537909              111          10
 ../441_seed.dataconnected          98  0.29650056272354247       0.66793064599507079        29.057055146907164        65.457203307516934       0.34326726911625582        33.640192373393070        102.42751412394738        82.765544309422395              136           8
 ../442_seed.dataconnected          18  0.34409100040462626       0.77927401349383307        6.1936380072832726        14.026932242888995       0.40547539305164515        7.2985570749296125        27.975968860562578        9.5133494186905327               80           8
 ../443_seed.dataconnected          36  0.32866707517894589       0.72697804105906549        11.832014706442052        26.171209478126357       0.34476507488080838        12.411542695709102        40.017285394177499        18.975261537571292              115          25
 ../444_seed.dataconnected          26  0.29294188272600924       0.68637177535962679        7.6164889508762403        17.845666159350298       0.39190786613767842        10.189604519579639        51.298910989618527        25.233651430313138               86           8
 ../445_seed.dataconnected          38  0.28158702753885240       0.62949143497140192        10.700307046476391        23.920674528913274       0.33960433182697919        12.904964609425209        59.488558447756844        28.674054348174998              129          24
 ../446_seed.dataconnected          15  0.32989718193406475       0.74242326819132121        4.9484577290109710        11.136349022869819       0.43641420417333937        6.5462130626000903        23.999023278793889        7.2161643373378004               89          11
 ../447_seed.dataconnected           9  0.33530795467383312       0.79970795196765243        3.0177715920644981        7.1973715677088723       0.39666313488732080        3.5699682139858870        11.118973164340090        2.2921208465866987               60           5
 ../448_seed.dataconnected          76  0.30387366480189404       0.68615304806281752        23.094398524943948        52.147631652774130       0.33130847463590918        25.179444072329098        99.944260310821505        66.077269723588174              129           6
 ../449_seed.dataconnected          17  0.28151904270759914       0.61792492922414688        4.7858237260291858        10.504723796810497       0.35501170777816637        6.0351990322288280        28.505378680373987        8.1722674731066398               63           7
 ../450_seed.dataconnected          18  0.35289063546057398       0.80274056862895926        6.3520314382903313        14.449330235321266       0.40454770746753338        7.2818587344156009        22.556949976927623        7.8439767700129615               89          12
 ../451_seed.dataconnected           9  0.30119946632129446       0.70062612167165328        2.7107951968916502        6.3056350950448792       0.34588083482021426        3.1129275133819281        12.172352400492725        2.2588886828336667               61           9
 ../452_seed.dataconnected          80  0.29528929170987006       0.66781787856789177        23.623143336789603        53.425430285431339       0.34015297743242207        27.212238194593766        120.98423331678006        103.57870407681330              114           6
 ../453_seed.dataconnected          17  0.29473305832712032       0.65789636205365742        5.0104619915610451        11.184238154912176       0.36045384944313968        6.1277154405333745        36.305774280069244        13.077681361915085               74          11
 ../454_seed.dataconnected          57  0.32068214866934680       0.70918736843506902        18.278882474152766        40.423680000798932       0.37911578242189919        21.609599598048256        72.460793347048295        46.190433514658402               99           7
 ../455_seed.dataconnected          36  0.29714373033271357       0.68452037764105245        10.697174291977689        24.642733595077889       0.32693355393099766        11.769607941515915        63.179798766671510        37.764890630914209               95          15
 ../456_seed.dataconnected          46  0.32791457079377251       0.71838395146578382        15.084070256513535        33.045661767426054       0.38345012829998198        17.638705901799170        73.479949841421885        41.544090497438297               95          10
 ../457_seed.dataconnected          20  0.32392413520962227       0.75555317718137960        6.4784827041924453        15.111063543627592       0.38584124610483161        7.7168249220966327        26.394513650491007        9.0901816174159631               96          17
 ../458_seed.dataconnected          11  0.37350082227061454       0.84339585406240514        4.1085090449767598        9.2773543946864567       0.40468095683929350        4.4514905252322290        13.967603588515015        3.1504173004794311               83           9
 ../459_seed.dataconnected          11  0.37722078735768055       0.86443418326558341        4.1494286609344861        9.5087760159214181       0.46413760908630647        5.1055136999493715        10.537990540473613        2.3829796324132309               79          10
 ../460_seed.dataconnected          32  0.26514243242449098       0.58847470285078529        8.4845578375837114        18.831190491225129       0.31925113689246015        10.216036380558725        55.046334130841323        26.384027891915427               96          11
 ../461_seed.dataconnected          51  0.36648784994372946       0.81360207831045939        18.690880347130204        41.493705993833430       0.41588473505280221        21.210121487692913        62.828170493883988        36.892428763624139              121          13
 ../462_seed.dataconnected          65  0.31357268712385311       0.71511634118174172        20.382224663050451        46.482562176813211       0.34600423219037885        22.490275092374624        89.031787779694284        56.211955557759161              138          18
 ../463_seed.dataconnected          12  0.35941447311980779       0.78508775399705133        4.3129736774376930        9.4210530479646160       0.48548230394687714        5.8257876473625254        14.133836972519340        3.0264093739068141               69           7
 ../464_seed.dataconnected          67  0.34951063425742873       0.75690573612072876        23.417212495247725        50.712684320088826       0.39385053421199367        26.387985792203576        83.177815354802462        54.559374975234363              139          19
 ../465_seed.dataconnected          70  0.33407548438558055       0.75018351524993010        23.385283906990637        52.512846067495104       0.37511815888755229        26.258271122128662        107.50440732424732        71.825849386691075              114           7
 ../466_seed.dataconnected          42  0.30352559402342982       0.66626220337918196        12.748074948984053        27.983012541925643       0.35277072748819727        14.816370554504285        53.987808257064138        25.164578788738712              109          27
 ../467_seed.dataconnected          48  0.26706255830420378       0.60797802680217172        12.819002798601781        29.182945286504243       0.30339993895845530        14.563197070005854        78.773237231490072        50.717832472800914              131          18
 ../468_seed.dataconnected          53  0.31427237369304795       0.72178460204429340        16.656435805731540        38.254583908347549       0.36364105948062431        19.272976152473088        88.830139959490609        53.872893300700802              110          11
 ../469_seed.dataconnected          14  0.40086035266922326       0.89540824444224243        5.6120449373691255        12.535715422191394       0.46519871497637966        6.5127820096693156        16.062349563095498        4.4132222970774126               88           9
 ../470_seed.dataconnected          19  0.29629012280255956       0.69393258467872765        5.6295123332486314        13.184719108895825       0.42199972911909095        8.0179948532627279        30.906075069078298        11.182553059605251               52          15
 ../471_seed.dataconnected          24  0.29266273863417297       0.67101781765081248        7.0239057272201517        16.104427623619500       0.35492201375807758        8.5181283301938624        42.158685693397160        18.466789677608780               66           5
 ../472_seed.dataconnected          49  0.23214985158240936       0.50988374620673282        11.375342727538058        24.984303564129910       0.30528115772346270        14.958776728449672        100.98856664035750        68.304858492086950              103          17
 ../473_seed.dataconnected          32  0.32734223320006145       0.72812501680278818        10.474951462401966        23.300000537689222       0.36938766291984509        11.820405213435043        39.993485090277254        18.020639590645942              105          24
 ../474_seed.dataconnected          52  0.28850900464898893       0.63399916763842390        15.002468241747424        32.967956717198042       0.34511045137898122        17.945743471707022        100.24487929640514        68.410195266607559               87          10
 ../475_seed.dataconnected         110  0.30181074054437557       0.68222679213725723        33.199181459881309        75.044947135098298       0.34337518908905673        37.771270799796241        149.84945038346922        142.85286304885602              160           6
 ../476_seed.dataconnected          47  0.30231548054622376       0.66955739694532612        14.208827585672516        31.469197656430328       0.36286737975870198        17.054766848658993        71.022522335873191        44.384205725263641              116          31
 ../477_seed.dataconnected          30  0.34956538317214192       0.76345186030840240        10.486961495164257        22.903555809252072       0.41042597119222962        12.312779135766888        37.021456797662047        16.830058128566041              139          24
 ../478_seed.dataconnected          24  0.33487039764537718       0.78332959001280011        8.0368895434890533        18.799910160307203       0.39876888407888406        9.5704532178932169        27.635214152229221        10.551065739042345               71          10
 ../479_seed.dataconnected          69  0.28335356056220001       0.64649260627838723        19.551395678791803        44.607989833208720       0.32716658452128389        22.574494331968587        111.63260691135027        82.517221015401546              110          11
 ../480_seed.dataconnected          30  0.31180444764248627       0.69756182628807462        9.3541334292745884        20.926854788642238       0.36107950351583540        10.832385105475062        44.333839889124164        17.741136767622173              103          10
 ../481_seed.dataconnected          29  0.32420562568796862       0.72975196917046681        9.4019631449510896        21.162807105943536       0.38183000124182681        11.073070036012977        43.699822999108257        18.931587388513893              143          29
 ../482_seed.dataconnected          25  0.32003486974683976       0.69753289114875605        8.0008717436709933        17.438322278718900       0.37290503098503192        9.3226257746257986        30.477827133255325        11.151979028343815              132          17
 ../483_seed.dataconnected          63  0.26928138616073161       0.60220435290835039        16.964727328126092        37.938874233226073       0.29155955698771330        18.368252090225937        86.901345008427455        61.633538818402357              152          31
 ../484_seed.dataconnected          87  0.32899146594185708       0.73799376657013571        28.622257536941564        64.205457691601808       0.38337358736347982        33.353502100622741        133.78619090317352        105.22127213226510              150          10
 ../485_seed.dataconnected          25  0.33966690630151880       0.76506118670728873        8.4916726575379702        19.126529667682217       0.36329036776499218        9.0822591941248039        32.609235199592234        12.961591994636342               86          20
 ../486_seed.dataconnected          30  0.27085239183746146       0.61062742611864840        8.1255717551238433        18.318822783559451       0.35877825461338902        10.763347638401671        56.340798700055828        30.754134943671932              113          29
 ../487_seed.dataconnected          30  0.34410760496703235       0.77788156084273186        10.323228149010971        23.336446825281957       0.38740465928138484        11.622139778441545        46.618949092985609        21.871200904194694              112          26
 ../488_seed.dataconnected          35  0.36436479952273876       0.79004749350433823        12.752767983295856        27.651662272651837       0.42567422814551648        14.898597985093076        45.145687548026238        21.812150077831866              115          26
 ../489_seed.dataconnected          95  0.30119516028474491       0.67250401316710995        28.613540227050766        63.887881250875445       0.33448940648702846        31.776493616267704        113.72361124399590        92.464893586067475              127           6
 ../490_seed.dataconnected          30  0.33506986763521091       0.74163776283516170        10.052096029056328        22.249132885054852       0.37100733953191051        11.130220185957315        41.575822096097141        20.069010858251474              119          25
 ../491_seed.dataconnected          14  0.32715844392153826       0.75976347006943179        4.5802182149015351        10.636688580972045       0.42191445898084140        5.9068024257317795        21.565483967767783        6.3840537262274832               90          12
 ../492_seed.dataconnected          52  0.33939410118315477       0.75683584815271288        17.648493261524049        39.355464103941067       0.40263098718872464        20.936811333813683        76.247248861630482        46.134242749386679              128          18
 ../493_seed.dataconnected          61  0.28034988589642312       0.64337905715885169        17.101343039681812        39.246122486689956       0.31802184389316579        19.399332477483114        132.41510644203609        98.340873011041609              129          25
 ../494_seed.dataconnected         122  0.32683507907582388       0.72264774635311846        39.873879647250511        88.163025055080453       0.36246978060624613        44.221313233962029        135.24980555468312        121.38637685366915              180          17
 ../495_seed.dataconnected          46  0.32001851540688969       0.73474296686298102        14.720851708716927        33.798176475697126       0.37177010899998053        17.101425013999105        69.622590364085596        39.679122594849183              118          17
 ../496_seed.dataconnected          15  0.35345420091384294       0.76623452154726868        5.3018130137076440        11.493517823209030       0.42486061111908530        6.3729091667862798        16.846158076335243        5.1565091827968370               78          13
 ../497_seed.dataconnected          47  0.24483997925132983       0.55590560646414200        11.507479024812502        26.127563503814674       0.27552245061667979        12.949555178983950        94.670358956733736        66.376439969025995              124          41
 ../498_seed.dataconnected          32  0.30120804626899739       0.69643538592681231        9.6386574806079164        22.285932349657994       0.34159682927215462        10.931098536708948        61.172398057368071        28.327121222154172               89          20
 ../499_seed.dataconnected          14  0.34019756664263429       0.78159333579791568        4.7627659329968797        10.942306701170819       0.42447990296787114        5.9427186415501962        24.715141494294748        8.0013987798137407               88          10
 ../500_seed.dataconnected          64  0.29222375768770992       0.63155100598830161        18.702320492013435        40.419264383251303       0.32779049744806965        20.978591836676458        76.866851959851076        46.404212667740197              119          11
 ../501_seed.dataconnected          22  0.37248032377723522       0.81476200004465760        8.1945671230991746        17.924764000982467       0.42498678937041307        9.3497093661490869        24.489009631803317        9.4208801618375411               79          14
 ../502_seed.dataconnected          39  0.28434759980833985       0.63264840903627428        11.089556392525253        24.673287952414697       0.31691207246757047        12.359570826235249        84.850048511766687        48.226867580541729              113           6
 ../503_seed.dataconnected          26  0.32164861997554450       0.70167334739789511        8.3628641193641577        18.243507032345274       0.42570238938390997        11.068262123981659        45.559425982282519        18.047945394872418              123          17
 ../504_seed.dataconnected          49  0.24103207618227993       0.53321701708430502        11.810571732931717        26.127633837130947       0.30073739060343130        14.736132139568134        125.77117178151778        84.502321807027769               83          13
 ../505_seed.dataconnected          49  0.32498470870293733       0.73144219355905737        15.924250726443930        35.840667484393812       0.37231539607284192        18.243454407569253        78.962842863780025        50.819409405352161              109           9
 ../506_seed.dataconnected          24  0.29856831925135202       0.67974637106401292        7.1656396620324490        16.313912905536309       0.37435387462264957        8.9844929909435898        36.179418279376378        15.522190019884476               98          10
 ../507_seed.dataconnected           9  0.39242142382089196       0.83723184695412178        3.5317928143880275        7.5350866225870963       0.44647717415340360        4.0182945673806323        7.6466727542602939        1.4663679771608302               77           8
 ../508_seed.dataconnected          16  0.36281581773235477       0.84313656812413396        5.8050530837176764        13.490185089986143       0.42470646152944869        6.7953033844711790        17.546862523337097        5.2832324552586316               94          13
 ../509_seed.dataconnected          27  0.30773224828734913       0.70489444980076466        8.3087707037584266        19.032150144620644       0.38360237990790230        10.357264257513362        44.399785049399775        18.926346100742187              108          12
 ../510_seed.dataconnected          27  0.31203114220952005       0.70059427724986778        8.4248408396570422        18.916045485746430       0.40006551246384764        10.801768836523886        36.495200371085026        15.561770808841167              129          16
 ../511_seed.dataconnected          32  0.30481188465606357       0.66522033838958028        9.7539803089940342        21.287050828466569       0.34812693163222563        11.140061812231220        55.744549984350037        28.953306857495232               79           5
 ../512_seed.dataconnected          59  0.33145942817235846       0.72113022104115687        19.556106262169148        42.546683041428253       0.38839298224855556        22.915185952664778        73.804620665384803        46.200579856681436              123          12
 ../513_seed.dataconnected         104  0.31296564455444958       0.69166259409594455        32.548427033662755        71.932909785978239       0.34848089701148488        36.242013289194425        117.49961629074384        95.892700285304201              146          12
 ../514_seed.dataconnected          53  0.35824633859953986       0.81769504674674498        18.987055945775612        43.337837477577487       0.41112351024372745        21.789546042917554        56.699100163732382        32.899251631603065               89           7
 ../515_seed.dataconnected          83  0.24578564776405659       0.55931457950221941        20.400208764416696        46.423110098684212       0.31751492136140785        26.353738472996852        165.43979954814355        143.23866154221852              158           9
 ../516_seed.dataconnected          52  0.29845920157546624       0.67203622732786406        15.519878481924245        34.945883821048930       0.35660716412469456        18.543572534484117        84.319250511620623        52.942859000338053              125          21
 ../517_seed.dataconnected          19  0.34776679303123764       0.77460745198177039        6.6075690675935155        14.717541587653637       0.45887618309637940        8.7186474788312083        25.815887283931609        8.7917113849308830               77          13
 ../518_seed.dataconnected          27  0.33077542480060329       0.72818956621481656        8.9309364696162881        19.661118287800047       0.41970618560582063        11.332067011357157        43.440200746015144        19.806607940434223              110          21
 ../519_seed.dataconnected          14  0.29186804616914119       0.66696454241757419        4.0861526463679763        9.3375035938460389       0.43432740073282999        6.0805836102596196        22.829965077896379        5.9100955499846934               62           6
 ../520_seed.dataconnected          29  0.32853609188358524       0.70308177393972049        9.5275466646239710        20.389371444251893       0.37266581410555594        10.807308609061122        33.580753480038211        15.893037623204419               88           9
 ../521_seed.dataconnected          25  0.33056812451322987       0.71826307083897267        8.2642031128307458        17.956576770974316       0.36865359602188918        9.2163399005472293        40.428540565543855        17.496038364830206              125           9
 ../522_seed.dataconnected          52  0.34086550976409674       0.74915141205247671        17.725006507733031        38.955873426728786       0.38127663964161246        19.826385261363846        66.769421287753886        37.001065702627052               85           5
 ../523_seed.dataconnected          73  0.31714418422683116       0.71540848678908142        23.151525448558676        52.224819535602947       0.35648989647907375        26.023762442972384        91.567075084243811        67.635352212532709              117           7
 ../524_seed.dataconnected          24  0.31504020265423638       0.69367295233910287        7.5609648637016731        16.648150856138468       0.38502604204378016        9.2406250090507243        40.737294495749254        16.428442112675068               82          16
 ../525_seed.dataconnected         107  0.30803582805806534       0.66632895778628121        32.959833602212989        71.297198483132092       0.34486574299899703        36.900634500892679        137.34341960852248        117.31419100304034              154           9
 ../526_seed.dataconnected          79  0.29446568729394523       0.63576099538495068        23.262789296221673        50.225118635411107       0.32767756893359801        25.886527945754242        90.271086510703967        69.550976399667633              149          12
 ../527_seed.dataconnected          37  0.32331074993865122       0.72409156068428271        11.962497747730096        26.791387745318460       0.38884003019863156        14.387081117349368        54.486770825310160        30.010411172440186              124          29
 ../528_seed.dataconnected          41  0.26339957413535003       0.58506820716875718        10.799382539549351        23.987796493919046       0.32510299192816700        13.329222669054847        70.699483198530999        44.667932760880703              120          23
 ../529_seed.dataconnected          77  0.34200836770497633       0.74215284055100772        26.334644313283178        57.145768722427597       0.39398290463035052        30.336683656536991        97.320998456479671        73.737416501122368              134           9
 ../530_seed.dataconnected          51  0.29139409287867002       0.63994378153905951        14.861098736812171        32.637132858492038       0.32027960769202757        16.334259992293404        99.114519977895839        67.725738702859061              108           9
 ../531_seed.dataconnected          36  0.29471518829778415       0.67699638636859816        10.609746778720229        24.371869909269535       0.34523581284888744        12.428489262559948        87.381019991564528        44.885451229042054              101           7
 ../532_seed.dataconnected          43  0.30209446943254342       0.68669884152928529        12.990062185599367        29.528050185759266       0.38196145737585868        16.424342667161923        60.764233897641120        33.388195814654217              112           8
 ../533_seed.dataconnected          22  0.35217349759486449       0.77092229754925734        7.7478169470870188        16.960290546083662       0.42729479910988732        9.4004855804175218        31.056361352892139        11.952007414506946              107          12
 ../534_seed.dataconnected          72  0.26812498385163658       0.60070444767590259        19.304998837317832        43.250720232664989       0.32201524482406024        23.185097627332336        122.12168217587354        92.623523335425062              119          20
 ../535_seed.dataconnected          23  0.36370398505495927       0.81993815493135702        8.3651916562640629        18.858577563421210       0.39962213319680034        9.1913090635264076        25.562728212438177        9.5598799415259457              120          14
 ../536_seed.dataconnected          76  0.27092927431821145       0.60043413804320656        20.590624848184071        45.632994491283696       0.30945670599543662        23.518709655653183        142.07611726436505        119.31222935878951              108           5
 ../537_seed.dataconnected          52  0.30261164472181590       0.66417458520306005        15.735805525534428        34.537078430559120       0.33258974689724075        17.294666838656518        91.882971590611305        57.080265254962178              131          23
 ../538_seed.dataconnected          31  0.34195912390519650       0.75947911321795158        10.600732841061092        23.543852509756498       0.44158639213690187        13.689178156243958        44.416214540105685        18.983957137617271              106           9
 ../539_seed.dataconnected          26  0.29091541652446457       0.67267246495319544        7.5638008296360786        17.489484088783080       0.36702433512559618        9.5426327132655011        47.436384193251037        23.158704834291886               73          10
 ../540_seed.dataconnected          28  0.32052542199329559       0.70605592541694240        8.9747118158122774        19.769565911674388       0.37681988357655821        10.550956740143629        62.431953731280807        28.596084242935497               71          10
 ../541_seed.dataconnected          36  0.32679403264396878       0.73748672133367033        11.764585175182876        26.549521968012133       0.41154131336208655        14.815487281035116        74.857750023902227        34.824235220682105               77           9
 ../542_seed.dataconnected          14  0.34800672331026100       0.76596926892272743        4.8720941263436544        10.723569764918183       0.40303272230816800        5.6424581123143520        22.530963698086929        6.0988397286325045              103          13
 ../543_seed.dataconnected          16  0.32092125276939504       0.72161373741629775        5.1347400443103206        11.545819798660764       0.39739181243160765        6.3582689989057224        19.197658442662227        5.7219255323036302               81           6
 ../544_seed.dataconnected          46  0.33871353689287959       0.76298696910746311        15.580822697072461        35.097400578943301       0.37182322057417289        17.103868146411951        71.261826419058011        39.736144171560397               80           5
 ../545_seed.dataconnected          38  0.24579882933624186       0.55087168202981773        9.3403555147771904        20.933123917133074       0.28398664963541637        10.791492686145823        66.379893553879995        34.707646736013622               91           6
 ../546_seed.dataconnected          67  0.29669257546618855       0.66654793020366176        19.878402556234633        44.658711323645335       0.33598847809262589        22.511228032205935        101.80412105666517        77.854757054922189              140          41
 ../547_seed.dataconnected          12  0.33585144020461127       0.78594740385919559        4.0302172824553351        9.4313688463103471       0.41039424550871229        4.9247309461045479        20.404048301678454        4.1881293447741905               87           8
 ../548_seed.dataconnected          56  0.31325912817096307       0.68568872271679704        17.542511177573932        38.398568472140632       0.38195098012078771        21.389254886764110        109.84095057608121        76.750689444674805              131          17
 ../549_seed.dataconnected          27  0.26463415954383801       0.62030841569429407        7.1451223076836259        16.748327223745939       0.34979441765612190        9.4444492767152912        52.461227287748343        22.585152947417704               78           7
 ../550_seed.dataconnected          29  0.36707845944919149       0.78515160840810605        10.645275324026553        22.769396643835076       0.43080696710887773        12.493402046157454        37.927971694359833        15.865518274399713              121          17
 ../551_seed.dataconnected          24  0.29249892043407977       0.65880144387061257        7.0199740904179144        15.811234652894701       0.34273162279829744        8.2255589471591382        45.432289120428905        21.236512992982501               79          15
 ../552_seed.dataconnected          20  0.35621853840575068       0.80428580674313999        7.1243707681150141        16.085716134862800       0.39959639607694442        7.9919279215388883        28.293526374799953        11.311801099492920               78          15
 ../553_seed.dataconnected          53  0.25070666352142956       0.54649690990685840        13.287453166635768        28.964336225063494       0.30979643452684408        16.419211029922735        91.008960700675146        64.914310140501343              131          17
 ../554_seed.dataconnected          26  0.31614573639556076       0.73559217686505018        8.2197891462845796        19.125396598491307       0.35980772418870771        9.3550008289063999        32.422478789170484        12.247470143286860              106          17
 ../555_seed.dataconnected          47  0.29965296249503326       0.69782220943062934        14.083689237266563        32.797643843239577       0.33076502512766304        15.545956181000163        82.259468789952152        46.744848768232281               82           9
 ../556_seed.dataconnected          27  0.33255132238067181       0.76779692574875791        8.9788857042781380        20.730516995216462       0.38038625757617561        10.270428954556742        37.714407437098615        15.693731476581707               99          16
 ../557_seed.dataconnected          17  0.37165951326385027       0.81010073232317359        6.3182117254854546        13.771712449493950       0.45321967851344380        7.7047345347285443        21.575572380319347        6.7144965826800602               99          12
 ../558_seed.dataconnected          28  0.33808450111589039       0.76433957967618937        9.4663660312449309        21.401508230933302       0.39412051222169886        11.035374342207568        35.912345261617595        15.045363259790623              109          16
 ../559_seed.dataconnected          16  0.36705926755491852       0.82820808102799848        5.8729482808786964        13.251329296447976       0.46447073269476669        7.4315317231162670        18.293767602793533        5.1729936097890823               66           9
 ../560_seed.dataconnected          61  0.28068904175852688       0.60531323605848553        17.122031547270140        36.924107399567617       0.33448662135526752        20.403683902671318        97.647906754970563        70.198453581880926              134          14
 ../561_seed.dataconnected          27  0.29316468504470172       0.64153345126039585        7.9154464962069468        17.321403184030689       0.34002272994174931        9.1806137084272308        49.926378417317508        22.646170629429111               74          13
 ../562_seed.dataconnected          36  0.27603065604622040       0.63424002302555049        9.9371036176639347        22.832640828919818       0.32714554554686104        11.777239639686996        67.850488549304586        35.278268378534520               91          16
 ../563_seed.dataconnected          45  0.27215038135626624       0.60441322416475596        12.246767161031981        27.198595087414017       0.33082899820259964        14.887304919116984        74.314652369273631        39.388979802662696              136          28
 ../564_seed.dataconnected          69  0.28483663023703970       0.64173296140871272        19.653727486355738        44.279574337201176       0.32961668344322076        22.743551157582232        137.60749606140175        115.01903874202817              121          12
 ../565_seed.dataconnected          32  0.29448339276374280       0.64845094064163522        9.4234685684397697        20.750430100532327       0.35413223813477046        11.332231620312655        63.815314540997925        31.311374386405429              115          24
 ../566_seed.dataconnected          74  0.28301017769538794       0.62661540677079541        20.942753149458706        46.369540101038858       0.32969985539943297        24.397789299558038        119.14932406593516        91.875296084621468              168          24
 ../567_seed.dataconnected          24  0.39143822554003832       0.82780636427216248        9.3945174129609192        19.867352742531899       0.44001484860800161        10.560356366592039        33.290666606911387        12.791286286956678              105          14
 ../568_seed.dataconnected          53  0.29135057841926892       0.65901105509076729        15.441580656221253        34.927585919810667       0.34075517992819959        18.060024536194579        90.796710029825960        63.575877208827677              145          28
 ../569_seed.dataconnected          35  0.30152711122351517       0.67232712519885462        10.553448892823031        23.531449381959913       0.35736377406574033        12.507732092300911        53.263721746703503        29.281664765470335              107          19
 ../570_seed.dataconnected          81  0.31127531876344344       0.69731608233581976        25.213300819838921        56.482602669201398       0.37183024124882325        30.118249541154682        123.13565217406206        105.79564394892574              138          10
 ../571_seed.dataconnected          27  0.26127855778045395       0.57139422146011132        7.0545210600722568        15.427643979423006       0.31075082584964381        8.3902722979403830        70.226218593988690        32.797166650044694              101          18
 ../572_seed.dataconnected          30  0.32655200107869103       0.74749634753060323        9.7965600323607305        22.424890425918097       0.37610514141280671        11.283154242384201        50.989924911199900        23.791311113969691              107           8
 ../573_seed.dataconnected          31  0.29262586516016964       0.69159119560020943        9.0714018199652582        21.439327063606491       0.36610505384343223        11.349256669146399        54.157943301444575        26.718822904648729               98          10
 ../574_seed.dataconnected           8  0.35507444578153458       0.87052791288651188        2.8405955662522766        6.9642233030920950       0.45744229442084677        3.6595383553667742        7.9515424036629234        1.3064784126101203               47           6
 ../575_seed.dataconnected          70  0.31529322574566832       0.70197313282481899        22.070525802196784        49.138119297737326       0.35966589171045982        25.176612419732187        90.692585392720630        65.911938866120877              107           7
 ../576_seed.dataconnected          13  0.32593523480519482       0.73948202380532102        4.2371580524675325        9.6132663094691733       0.49442763467848727        6.4275592508203347        20.336501401991896        5.0347009744515479               70           8
 ../577_seed.dataconnected          14  0.33004946238607047       0.78474147379747305        4.6206924734049863        10.986380633164623       0.44523805987095988        6.2333328381934381        18.801914267751386        4.6575211870476352               87          10
 ../578_seed.dataconnected          31  0.33580730631892375       0.77521976047363250        10.410026495886637        24.031812574682608       0.35401998348615921        10.974619488070935        48.755337694513081        21.153652104642038               92          26
 ../579_seed.dataconnected          66  0.28517667418055676       0.63204642666165578        18.821660495916746        41.715064159669282       0.32703709150628479        21.584448039414795        91.214264241416757        66.067011983935174              128          17
 ../580_seed.dataconnected          14  0.39214657954044646       0.84553726523975692        5.4900521135662501        11.837521713356598       0.46236575976174171        6.4731206366643841        20.903316111269739        6.0488042097557537               65           8
 ../581_seed.dataconnected          40  0.31540889864887717       0.70939688438205206        12.616355945955087        28.375875375282082       0.37473431999434509        14.989372799773804        60.529739392267430        30.059141857717940              107          25
 ../582_seed.dataconnected          12  0.33845697179933310       0.79474799946929420        4.0614836615919971        9.5369759936315308       0.41975301701026174        5.0370362041231411        16.863512000390394        4.2493936228367470               84          10
 ../583_seed.dataconnected          34  0.25976337419372225       0.59001522344168966        8.8319547225865573        20.060517597017448       0.33271408526930285        11.312278899156297        62.288617193933128        32.423810138433645               88          30
 ../584_seed.dataconnected          17  0.30464095381466849       0.66446690187134094        5.1788962148493640        11.295937331812796       0.39559300521826762        6.7250810887105494        21.528195699735686        6.2954991852695024               77          10
 ../585_seed.dataconnected          38  0.22474142455472332       0.49496621981565525        8.5401741330794856        18.808716352994900       0.27352516327235277        10.393956204349404        83.524515998325768        45.443248409764678              128          11
 ../586_seed.dataconnected          36  0.33062551921095046       0.72505617052760618        11.902518691594217        26.102022138993824       0.38328061004616898        13.798101961662084        60.061238261513246        30.318062039296599               88          10
 ../587_seed.dataconnected          36  0.25733558156819325       0.59309846413132383        9.2640809364549561        21.351544708727658       0.30670639170264352        11.041430101295166        79.097613864885233        43.545456356142978               98          13
 ../588_seed.dataconnected          22  0.33760039318996826       0.76698786706510369        7.4272086501793018        16.873733075432281       0.40749828765253726        8.9649623283558206        27.553702381790032        9.9810681829189853               84          11
 ../589_seed.dataconnected          32  0.30481968401574971       0.69097567426070305        9.7542298885039909        22.111221576342498       0.37130794725298494        11.881854312095518        53.354564577685657        26.629884024064211               91          11
 ../590_seed.dataconnected          32  0.33053585233839300       0.74962830347537535        10.577147274828576        23.988105711212011       0.35527290994993527        11.368733118397929        42.017976313039846        20.109573097458060              118          14
 ../591_seed.dataconnected          20  0.32528543602827958       0.74337801185779162        6.5057087205655915        14.867560237155832       0.38043901973842070        7.6087803947684138        37.853085733038562        12.979315094114355              101          12
 ../592_seed.dataconnected          80  0.27206599681402099       0.61006517586281561        21.765279745121681        48.805214069025247       0.29985463530228801        23.988370824183040        153.65843877929578        125.94094881287320              124          10
 ../593_seed.dataconnected          34  0.29329000708948250       0.64402252460213194        9.9718602410424051        21.896765836472486       0.31828642735951956        10.821738530223666        70.414549110147860        35.361559504790883              103          25
 ../594_seed.dataconnected          32  0.26621272734021523       0.59513836276557097        8.5188072748868873        19.044427608498271       0.31737743268225965        10.156077845832309        69.340663056079265        40.232652326220474               59           4
 ../595_seed.dataconnected          61  0.30940774694932771       0.70222288294954205        18.873872563908989        42.835595859922066       0.36601648642871398        22.327005672151554        98.964723364906348        66.122279784005954              108           6
 ../596_seed.dataconnected          89  0.30507494743581237       0.66746615992439196        27.151670321787300        59.404488233270882       0.34631855513600840        30.822351407104748        99.004768280638785        76.667424079465576              171          15
 ../597_seed.dataconnected          15  0.31604634515370605       0.69921389924605371        4.7406951773055912        10.488208488690805       0.37736549328809582        5.6604823993214373        20.346073617339840        5.3225953392087186               98          10
 ../598_seed.dataconnected          26  0.35014176409772213       0.77046574761200903        9.1036858665407756        20.032109437912236       0.42689624411509136        11.099302346992376        37.611327306949434        16.189963616509747               94          12
 ../599_seed.dataconnected          59  0.25749009827782671       0.59424920545482729        15.191915798391776        35.060703121834813       0.27995002295276261        16.517051354212995        93.597054649125894        66.824949367025610              145          14
 ../600_seed.dataconnected          71  0.36049561881716524       0.80942928302371586        25.595188936018733        57.469479094683827       0.39615140653030129        28.126749863651391        72.361877744896844        46.176736326178457              118           9
 ../601_seed.dataconnected          63  0.21869587408271765       0.50228550586324694        13.777840067211212        31.643986869384555       0.25704935405534263        16.194109305486585        125.32524486899288        99.413987823255269              149          29
 ../602_seed.dataconnected          38  0.26709334181832006       0.62311653748721596        10.149546989096162        23.678428424514205       0.33140970602983000        12.593568829133540        59.973106461782187        31.237983977431714              101          23
 ../603_seed.dataconnected          22  0.33792127654297632       0.77301290560862268        7.4342680839454793        17.006283923389699       0.37563949127831781        8.2640688081229925        27.981203463862492        9.8401774153679984              100          16
 ../604_seed.dataconnected          48  0.20148203943548590       0.45831310055319174        9.6711378929033227        21.999028826553204       0.26256946519000629        12.603334329120301        90.695406553252738        53.738689619256299              116          10
 ../605_seed.dataconnected          60  0.32263734149121043       0.71832112574143658        19.358240489472625        43.099267544486196       0.37255442632724162        22.353265579634495        75.583881941292418        50.665923433048512              157          30
 ../606_seed.dataconnected          17  0.29967536517629045       0.66816156759693068        5.0944812079969379        11.358746649147822       0.41335327733172461        7.0270057146393183        28.726131755469556        9.0688437150130490               67          14
 ../607_seed.dataconnected          12  0.37162854668043643       0.83469817127425938        4.4595425601652376        10.016378055291113       0.39028330268329720        4.6833996321995661        12.070831383792024        2.7629481624842778               68          11
 ../608_seed.dataconnected          25  0.30587955272162315       0.71510162198557092        7.6469888180405787        17.877540549639274       0.37781813965300176        9.4454534913250434        38.384915367434488        13.865724220963260               94          12
 ../609_seed.dataconnected          50  0.36298243003347525       0.79179129646663104        18.149121501673761        39.589564823331550       0.45287718892421636        22.643859446210818        64.537838608379900        40.626883719391408               96           6
 ../610_seed.dataconnected          55  0.26384642187450508       0.59334102746121808        14.511553203097780        32.633756510366993       0.31770642324585474        17.473853278522011        92.899687666810109        62.397601109448402              115           9
 ../611_seed.dataconnected          70  0.32262307650796351       0.70104722556258803        22.583615355557445        49.073305789381159       0.39072336860426971        27.350635802298878        138.71015914982553        112.09782707159550              170          29
 ../612_seed.dataconnected          37  0.29278606706980975       0.64543093021337661        10.833084481582961        23.880944417894934       0.33677880989752135        12.460815966208290        52.766401650522027        25.998528180324122              107          35
 ../613_seed.dataconnected          50  0.30191325152872406       0.68462836438251717        15.095662576436203        34.231418219125857       0.33671417377604285        16.835708688802143        94.220274311258095        58.797648073473788              111           8
 ../614_seed.dataconnected          42  0.37338251540612294       0.80874334365178824        15.682065647057163        33.967220433375104       0.41949761012683351        17.618899625327007        51.870815627492412        28.265726468269410              125          16
 ../615_seed.dataconnected          32  0.31799146889464586       0.70195129169268589        10.175727004628667        22.462441334165948       0.41922075865733993        13.415064277034878        67.485583437202962        38.036561453302539               81          11
 ../616_seed.dataconnected          16  0.34169505185904997       0.75512460152341110        5.4671208297447995        12.081993624374578       0.39554765114465484        6.3287624183144775        33.817539710031632        11.824150792124442               83           9
 ../617_seed.dataconnected          28  0.30603351898892334       0.71385920689254678        8.5689385316898541        19.988057792991309       0.32174473117194696        9.0088524728145156        47.718016956620694        21.232681500315941              101          19
 ../618_seed.dataconnected          94  0.29018426700221295       0.65690750356817007        27.277321098208017        61.749305335407989       0.33637600429558479        31.619344403784972        123.57656780338326        104.31532470698914              135           6
 ../619_seed.dataconnected          57  0.31444126521156157       0.69542720732458940        17.923152117059011        39.639350817501594       0.36896715824386817        21.031128019900486        101.48390725810890        71.229061541031967              131          26
 ../620_seed.dataconnected          45  0.27724346945097661       0.64910059016253874        12.475956125293948        29.209526557314245       0.30331672405095672        13.649252582293052        66.644706239217570        39.948376093414751               85           5
 ../621_seed.dataconnected          13  0.37740434464443695       0.86652812856154948        4.9062564803776807        11.264865671300143       0.41391514476450253        5.3808968819385328        17.168115589206018        4.4434236198392920              112           9
 ../622_seed.dataconnected          41  0.27526878487334999       0.63848849168726129        11.286020179807350        26.178028159177714       0.32293697446861935        13.240415953213393        90.423103984795347        50.690146312848626              107          16
 ../623_seed.dataconnected          29  0.30670400342828275       0.69024330365891673        8.8944160994201997        20.017055806108583       0.36721115911996682        10.649123614479038        44.725455633270840        20.052258776396886               86           8
 ../624_seed.dataconnected          79  0.29198807190272491       0.65476610465779450        23.067057680315269        51.726522267965763       0.33215116191267768        26.239941791101536        112.15667259755178        86.456269838147989              119           5
 ../625_seed.dataconnected          43  0.24814053107048675       0.55785231649992917        10.670042836030930        23.987649609496955       0.28136723433252464        12.098791076298559        66.907188523224605        40.768139589931309              134          23
 ../626_seed.dataconnected          40  0.30106340199313408       0.66893762063708129        12.042536079725362        26.757504825483252       0.38383279877233584        15.353311950893433        53.528398164327605        28.449814522613419              149          22
 ../627_seed.dataconnected          50  0.25964961383358232       0.57697683014322565        12.982480691679116        28.848841507161282       0.31902821518926294        15.951410759463148        86.839311187819163        53.083310899723799              104           7
 ../628_seed.dataconnected          71  0.30296029636304461       0.68524250521292018        21.510181041776168        48.652217870117333       0.35468095099894886        25.182347520925369        104.84772665895645        83.563621432063158              131          11
 ../629_seed.dataconnected          26  0.34774075132686316       0.80161066791799240        9.0412595344984421        20.841877365867802       0.37457582549533469        9.7389714628787019        36.212764452578476        15.419666391060643               97          16
 ../630_seed.dataconnected          49  0.28893772574075394       0.64824011521492886        14.157948561296942        31.763765645531514       0.34302757427790026        16.808351139617113        86.443118655729819        51.420285633868666              103          14
 ../631_seed.dataconnected          15  0.37085938652776174       0.83685275582862184        5.5628907979164257        12.552791337429328       0.41823431546905737        6.2735147320358609        22.884306458751688        6.6615990168643044               71           6
 ../632_seed.dataconnected          35  0.33965630440498623       0.76103355834921604        11.887970654174518        26.636174542222562       0.39707740789285029        13.897709276249760        47.540018034655958        22.884925796847565               82          11
 ../633_seed.dataconnected          33  0.30287724146006023       0.67359816402533612        9.9949489681819870        22.228739412836092       0.37151750144875345        12.260077547808864        60.958448074121783        33.014645076466607              104           6
 ../634_seed.dataconnected          34  0.31771349403084809       0.70731414740764142        10.802258797048834        24.048681011859809       0.37982549536238319        12.914066842321029        62.245484916996475        33.898951697871958               96          11
 ../635_seed.dataconnected          19  0.35103039867390662       0.79827781472273174        6.6695775748042259        15.167278479731904       0.38782029885235403        7.3685856781947265        22.606207699433636        7.4393985891563315               82          12
 ../636_seed.dataconnected          77  0.35818548094499597       0.76675508334131870        27.580282032764689        59.040141417281539       0.39831065201713622        30.669920205319489        77.350711095350590        52.890943217331341              126           7
 ../637_seed.dataconnected          19  0.35436417031623502       0.81280641414923926        6.7329192360084651        15.443321868835547       0.40060164333583070        7.6114312233807837        22.201367592441180        7.7584860403877354              111           8
 ../638_seed.dataconnected          34  0.29472061595949367       0.65545265914578243        10.020500942622785        22.285390410956602       0.34691079003638231        11.794966861236999        54.848304363542198        29.427192809548636              110          16
 ../639_seed.dataconnected          21  0.26198881818041392       0.60539925499072844        5.5017651817886923        12.713384354805298       0.35369412174574510        7.4275765566606475        46.973030652582601        18.934278047787480               63           5
 ../640_seed.dataconnected          39  0.30079058605663128       0.69769164189586141        11.730832856208620        27.209974033938597       0.34616934698514212        13.500604532420542        77.960966783523602        41.570868012735644              107          15
 ../641_seed.dataconnected          30  0.32683528766452319       0.72104395955624512        9.8050586299356954        21.631318786687352       0.35463030128293044        10.638909038487913        42.684111218820135        18.570362796272502              101          14
 ../642_seed.dataconnected          26  0.28787552113014175       0.65365796132118581        7.4847635493836853        16.995106994350831       0.36837811536412463        9.5778309994672401        69.098264029327026        35.309121266082443               95           9
 ../643_seed.dataconnected          62  0.28675652016586045       0.62248013330319640        17.778904250283347        38.593768264798179       0.33907207776720227        21.022468821566541        105.95951158675929        77.157282988975268              131          17
 ../644_seed.dataconnected          40  0.24331350682390049       0.54680163828072437        9.7325402729560189        21.872065531228976       0.29625974580066433        11.850389832026574        62.982028955206047        36.843967270079162              120          12
 ../645_seed.dataconnected          46  0.26473959894067683       0.59283766793436643        12.178021551271135        27.270532724980857       0.36023172490783201        16.570659345760273        121.47457431517026        77.371977531691243               82           8
 ../646_seed.dataconnected          39  0.25049099280531151       0.57129325406662013        9.7691487194071485        22.280436908598183       0.31153904568384205        12.150022781669840        73.464205586952190        43.923714451167179               84           7
 ../647_seed.dataconnected         102  0.29842690105532366       0.64897060249326233        30.439543907643014        66.195001454312759       0.35231906601392926        35.936544733420781        135.47831413261332        113.46717140569528              160           7
 ../648_seed.dataconnected          27  0.27790759655864233       0.64992686189074533        7.5035051070833427        17.548025271050125       0.32910715057306777        8.8858930654728301        40.897468077350084        17.979447766813610               84           7
 ../649_seed.dataconnected          97  0.25743689174334666       0.58356604799817735        24.971378499104627        56.605906655823205       0.29386433256326006        28.504840258636225        134.14855533988731        110.99962836682884              151          11
 ../650_seed.dataconnected          19  0.37498079367273701       0.81908289850449489        7.1246350797820028        15.562575071585403       0.42433162674226804        8.0623009081030936        29.024900068104447        8.2861927450598163               80          14
 ../651_seed.dataconnected          34  0.31364534813163497       0.69848385608234997        10.663941836475589        23.748451106799898       0.36995380689940283        12.578429434579697        49.060738061616014        22.104492122590173              116          13
 ../652_seed.dataconnected          12  0.31569748424215643       0.73580261416120729        3.7883698109058770        8.8296313699344875       0.40124381112540458        4.8149257335048548        16.739816541456879        4.4744029542464689               65          11
 ../653_seed.dataconnected          21  0.33467416195150673       0.75198555709165227        7.0281574009816410        15.791696698924698       0.39022378752816478        8.1946995380914611        33.335598811983985        11.891102176138272              106          19
 ../654_seed.dataconnected          11  0.35820887753286912       0.82156689867975963        3.9402976528615605        9.0372358854773562       0.48214393792264887        5.3035833171491378        13.359458662059138        2.6328851320458746               89          10
 ../655_seed.dataconnected          11  0.37151484820693398       0.78634072145148914        4.0866633302762736        8.6497479359663814       0.48968892132131142        5.3865781345344255        17.575443367639572        3.9173824992288262               87          10
 ../656_seed.dataconnected          38  0.36208295821535130       0.79814202771148457        13.759152412183349        30.329397053036413       0.42889283148066243        16.297927596265172        44.211656583293234        20.657182148618535              104          34
 ../657_seed.dataconnected          80  0.24712882982821799       0.55454274706282125        19.770306386257438        44.363419765025697       0.27022024694304592        21.617619755443673        185.95915357794721        174.02672758689471              112           4
 ../658_seed.dataconnected          27  0.18705127101104146       0.41357708219795680        5.0503843172981195        11.166581219344833       0.30904952780887934        8.3443372508397431        60.335231718875740        24.152897327278357               93          10
 ../659_seed.dataconnected          13  0.32664404889066434       0.77999955880844918        4.2463726355786360        10.139994264509840       0.38114734414339085        4.9549154738640810        16.167934253305141        3.3561434364560476               76           7
 ../660_seed.dataconnected          19  0.36853610882558380       0.84294427913779424        7.0021860676860923        16.015941303618092       0.41532317051319662        7.8911402397507358        23.938891055144346        8.1097078604579895               84          11
 ../661_seed.dataconnected          61  0.21415617140495624       0.50770961458712593        13.063526455702331        30.970286489814683       0.25390951090667568        15.488480165307216        115.10044486153902        86.080496149909422              110           5
 ../662_seed.dataconnected          97  0.28484379834775359       0.62430508953914343        27.629848439732097        60.557593685296915       0.33403013824736982        32.400923409994874        125.94327396324110        104.96638986146496              158          14
 ../663_seed.dataconnected          61  0.32394128015574719       0.73679326671931988        19.760418089500579        44.944389269878513       0.37143252471787064        22.657384007790110        93.264610443506172        68.549300601529268              116           9
 ../664_seed.dataconnected          51  0.33313547794219206       0.73596327599793043        16.989909375051795        37.534127075894453       0.39889750436783422        20.343772722759546        55.894679166288007        32.792944425463766              138          14
 ../665_seed.dataconnected          21  0.32194510619800826       0.72154324490169874        6.7608472301581735        15.152408142935673       0.40013738001095156        8.4028849802299828        39.448798535498163        15.918372651282573               71          13
 ../666_seed.dataconnected          13  0.35248157107882955       0.78848674003318586        4.5822604240247840        10.250327620431417       0.40684265740172654        5.2889545462224454        15.404278461743901        4.1097896358314818               90          12
 ../667_seed.dataconnected          60  0.21360006769062981       0.47974489607652315        12.816004061437788        28.784693764591388       0.22642004997339901        13.585202998403942        131.39085486891176        89.275856785001665              130          19
 ../668_seed.dataconnected          38  0.30561591661049364       0.68189868290256728        11.613404831198759        25.912149950297557       0.35923768152452329        13.651031897931885        51.820316069853625        27.979186061991712               67           4
 ../669_seed.dataconnected          24  0.36417423531520343       0.79809422916207406        8.7401816475648815        19.154261499889778       0.42233135362696761        10.135952487047224        33.426843451018016        12.981087218272535               94          14
 ../670_seed.dataconnected          14  0.35649432791289232       0.80797451200517312        4.9909205907804921        11.311643168072424       0.46062606809594248        6.4487649533431943        15.534703422858408        2.8818058078780924               77          11
 ../671_seed.dataconnected          55  0.31180207129161958       0.71138698058321004        17.149113921039078        39.126283932076554       0.35712497637988821        19.641873700893854        80.199166600465432        48.870951318337063              137          12
 ../672_seed.dataconnected          26  0.30808136105037653       0.69613137443191153        8.0101153873097903        18.099415735229698       0.41314346361544169        10.741730054001485        38.319297386661304        14.068371271997391              123          20
 ../673_seed.dataconnected          68  0.27264425702238237       0.63240600102117228        18.539809477522002        43.003608069439714       0.29794751823104682        20.260431239711185        92.655667991735285        65.343470298141952              110           6
 ../674_seed.dataconnected          24  0.29436233363822245       0.68461530800995185        7.0646960073173393        16.430767392238845       0.34345079438752141        8.2428190653005142        43.366902754967811        16.075648992966698               56           6
 ../675_seed.dataconnected          11  0.38385945950632377       0.85221029705005114        4.2224540545695612        9.3743132675505620       0.48886288823216856        5.3774917705538545        14.113620919617613        3.3979978543014751               71           8
 ../676_seed.dataconnected          10  0.32957147793401170       0.72276272414272713        3.2957147793401171        7.2276272414272711       0.38688666494064738        3.8688666494064741        15.990944835365019        3.1735251369751931               52           5
 ../677_seed.dataconnected          87  0.23476407859842427       0.52768965457446038        20.424474838062910        45.908999947978053       0.25999428499157451        22.619502794266982        140.59602609534767        114.13593460878005              141          11
 ../678_seed.dataconnected          28  0.28807956349918334       0.65003198224134529        8.0662277779771330        18.200895502757668       0.32029077518879701        8.9681417052863157        62.662015992099320        33.051180301301208              117          12
 ../679_seed.dataconnected          49  0.26074967864529608       0.60574273359506658        12.776734253619509        29.681393946158263       0.30741579055673329        15.063373737279932        74.575949901771750        46.502738268098476              140          20
 ../680_seed.dataconnected          57  0.24176560037611164       0.56814324755697132        13.780639221438364        32.384165110747368       0.26669052857580933        15.201360128821131        102.99404192444008        74.087090344462709              124          12
 ../681_seed.dataconnected          35  0.25760013218578254       0.58263264657224656        9.0160046265023883        20.392142630028630       0.29568807983479467        10.349082794217814        53.410343459079904        26.392711220224729               89           9
 ../682_seed.dataconnected          25  0.29186872559330451       0.65087509513277420        7.2967181398326124        16.271877378319356       0.35603287211663903        8.9008218029159760        36.905295859794172        15.378582077592212              116          13
 ../683_seed.dataconnected          47  0.28051087681081721       0.65257856573001050        13.184011210108409        30.671192589310493       0.34200162189780503        16.074076229196837        83.478649482498128        56.444704484444742              120          21
 ../684_seed.dataconnected          15  0.31072453643752868       0.69551550037408250        4.6608680465629302        10.432732505611238       0.40136649856757417        6.0204974785136125        24.283214963067326        6.3322951772644913              108          11
 ../685_seed.dataconnected          22  0.34418544224966502       0.78872165394227811        7.5720797294926303        17.351876386730119       0.41001440709482001        9.0203169560860399        34.336665807404778        13.833399617673393               78           8
 ../686_seed.dataconnected          35  0.30439196570108945       0.69695202964465675        10.653718799538131        24.393321037562988       0.36335097731280641        12.717284205948225        48.005215705167210        25.825723126920504              140          27
 ../687_seed.dataconnected          86  0.29610456120257728       0.68025277587159494        25.464992263421646        58.501738724957164       0.30457896813530744        26.193791259636441        125.75836499078073        92.015205529485627              151          17
 ../688_seed.dataconnected          27  0.30730653204790231       0.67578955642753347        8.2972763652933619        18.246318023543402       0.33936501987030454        9.1628555364982223        50.863200860935635        20.613989688459590               67           5
 ../689_seed.dataconnected          17  0.34195112669475941       0.76988096111087767        5.8131691538109100        13.087976338884921       0.40918861975388832        6.9562065358161016        22.387113976162517        7.0042808181230889              101          15
 ../690_seed.dataconnected          51  0.31312239265750419       0.72261615356331010        15.969242025532713        36.853423831728819       0.34633631388581682        17.663152008176656        73.190007957466349        44.615633401681599              112          19
 ../691_seed.dataconnected          16  0.33695103647616725       0.75392176708785996        5.3912165836186761        12.062748273405759       0.37862289001452948        6.0579662402324717        23.126318990610290        7.2840623837843044               91           8
 ../692_seed.dataconnected          32  0.34024390425783063       0.77914127581472237        10.887804936250580        24.932520826071116       0.38329967709002383        12.265589666880762        46.373736742640666        18.574313207618385              107          30
 ../693_seed.dataconnected          51  0.27689141039940279       0.62534217545641613        14.121461930369543        31.892450948277222       0.31049398868764549        15.835193423069921        76.235753644323935        50.258119006008201              109          11
 ../694_seed.dataconnected          13  0.37824096079627800       0.86027092397105398        4.9171324903516140        11.183522011623701       0.42320336767517708        5.5016437797773019        12.831228235240985        3.3942991234745654               79           6
 ../695_seed.dataconnected          81  0.26837873168297549       0.58967982532239038        21.738677266321016        47.764065851113621       0.29090419740332507        23.563239989669331        91.460162907159074        65.139912952742193              114           6
 ../696_seed.dataconnected          37  0.27668963935307089       0.62327284435339558        10.237516656063622        23.061095241075638       0.32675980327599402        12.090112721211780        60.392012635534442        33.406525677811132              123          35
 ../697_seed.dataconnected          31  0.34557681958977782       0.78263343199340862        10.712881407283112        24.261636391795669       0.40987404521007581        12.706095401512350        53.858571502021377        24.863391412378331               98          10
 ../698_seed.dataconnected          97  0.31363133686349837       0.69828182425056406        30.422239675759343        67.733336952304711       0.37230308985239474        36.113399715682291        135.92793171680722        117.98304994065630              152          14
 ../699_seed.dataconnected          33  0.36402881672873216       0.79688159769260325        12.012950952048161        26.297092723855908       0.40199450506196138        13.265818667044726        37.727190194402333        16.778198902444462              124          30
 ../700_seed.dataconnected          67  0.23191215206014204       0.53019011186539577        15.538114188029517        35.522737494981520       0.25380225355225378        17.004750988001003        117.47211854152879        92.259828540911187              110           7
 ../701_seed.dataconnected          15  0.34527173403457273       0.78738717890973653        5.1790760105185907        11.810807683646049       0.43152212630096892        6.4728318945145338        18.290511318914589        4.5276869720674222              105          15
 ../702_seed.dataconnected          16  0.31187995854352962       0.69739627168190499        4.9900793366964740        11.158340346910480       0.37594058155764104        6.0150493049222566        32.580158106511398        11.600504573910287               73           8
 ../703_seed.dataconnected          42  0.33875451577120258       0.79561500240830896        14.227689662390508        33.415830101148977       0.37662701735358561        15.818334728850596        44.989379732718319        23.205090052629004               95          18
 ../704_seed.dataconnected          20  0.33887022040822001       0.77055084179821065        6.7774044081644007        15.411016835964213       0.41522601039657242        8.3045202079314482        24.797579014845446        8.8190297611988502               94          18
 ../705_seed.dataconnected          75  0.25507936620564664       0.57248282973932629        19.130952465423498        42.936212230449470       0.30427486047268343        22.820614535451256        127.99471983972973        99.881515692669851              144          12
 ../706_seed.dataconnected          10  0.40539075246533768       0.86852046320116671        4.0539075246533764        8.6852046320116667       0.53122019290921696        5.3122019290921694        11.521594032424868        2.5498575039101485               73           7
 ../707_seed.dataconnected          34  0.30024195952837468       0.68592306343826492        10.208226623964739        23.321384156901008       0.37865534471593559        12.874281720341811        54.054936823603811        27.182931484940060               93           7
 ../708_seed.dataconnected          46  0.28280022253783860       0.63924532083034247        13.008810236740576        29.405284758195755       0.32630785219301695        15.010161200878780        113.69280870493955        73.218325197143912               86           7
 ../709_seed.dataconnected          34  0.33104234164225976       0.76264917715796543        11.255439615836831        25.930072023370826       0.41297133212025999        14.041025292088840        63.954312171521657        30.535657134783804              118          19
 ../710_seed.dataconnected         120  0.30823572929895948       0.68096269320524971        36.988287515875136        81.715523184629973       0.34335664048646664        41.202796858375997        157.25524519292739        150.68285952021438              159           6
 ../711_seed.dataconnected          30  0.37710532492474419       0.83338909455593257        11.313159747742326        25.001672836677976       0.40188556739027465        12.056567021708240        33.084186642768742        14.214244172108145               96          18
 ../712_seed.dataconnected          80  0.24694359734796906       0.53329254079011768        19.755487787837524        42.663403263209418       0.26991582405554571        21.593265924443656        114.86672460075208        88.042196699201938              101           2
 ../713_seed.dataconnected          33  0.30927146519495197       0.71508070078108499        10.205958351433415        23.597663125775803       0.36516144734851813        12.050327762501098        62.644707661410216        32.301331677506980              135          22
 ../714_seed.dataconnected          17  0.26979011604375652       0.62525483887336875        4.5864319727438607        10.629332260847269       0.33882380485001817        5.7600046824503091        26.670932844564266        7.6324606313733137               69           9
 ../715_seed.dataconnected          68  0.25280929976721100       0.57783500634934370        17.191032384170349        39.292780431755375       0.28043798044121621        19.069782670002702        109.91834998656527        77.925537445571493              108           6
 ../716_seed.dataconnected          31  0.33654764849705165       0.74782384405753766        10.432977103408602        23.182539165783666       0.39601000308286449        12.276310095568800        39.296813915428999        15.711879133594554              110          23
 ../717_seed.dataconnected          20  0.32920437058648283       0.73051269472723557        6.5840874117296568        14.610253894544712       0.40376395815394051        8.0752791630788110        25.151849567940399        7.9980305854542131               73           9
 ../718_seed.dataconnected          71  0.34646630273884627       0.74454376281614276        24.599107494458085        52.862607159946137       0.37839336531838663        26.865928937605450        72.746356282276921        50.168469165114850              178          64
 ../719_seed.dataconnected          38  0.33066531205575589       0.71970241672324931        12.565281858118723        27.348691835483475       0.37649766022320091        14.306911088481634        52.530524274152789        25.421590808833663              130          26
 ../720_seed.dataconnected          70  0.31483076054658465       0.69088533133766428        22.038153238260925        48.361973193636501       0.36203516589722323        25.342461612805625        92.190748863573162        67.161318134841054              111           7
 ../721_seed.dataconnected          24  0.31056198677902530       0.69396108673078449        7.4534876826966077        16.655066081538827       0.37844848707712531        9.0827636898510065        34.360137255065780        14.850360083225983              105          15
 ../722_seed.dataconnected          54  0.24334392561072313       0.55891370998283674        13.140571982979049        30.181340339073184       0.27877361805241113        15.053775374830201        88.144545233452149        60.168336278003316              116           8
 ../723_seed.dataconnected          28  0.33564976332610469       0.75211669327545483        9.3981933731309315        21.059267411712735       0.38372556881469461        10.744315926811449        42.142678536146391        19.093438181513619              111          18
 ../724_seed.dataconnected          56  0.34822336698510531       0.76831148335138033        19.500508551165897        43.025443067677301       0.40897405807731801        22.902547252329811        60.429245145179337        38.090101764602075              117          13
 ../725_seed.dataconnected          43  0.27043509496486579       0.60717075493294714        11.628709083489229        26.108342462116727       0.30045986920331985        12.919774375742753        68.339446681050617        36.229495950851252               77           6
 ../726_seed.dataconnected          37  0.32296225870255851       0.73040527106254682        11.949603571994665        27.024995029314233       0.37109719634656030        13.730596264822731        52.862434703396730        28.801244340656577               91          17
 ../727_seed.dataconnected          60  0.23732472951442474       0.53541400986503096        14.239483770865483        32.124840591901858       0.29046962681643118        17.428177608985870        106.08406857777410        71.708780885348602              118          10
 ../728_seed.dataconnected          62  0.31573282953928106       0.72375731970071377        19.575435431435427        44.872953821444256       0.36059944529400173        22.357165608228108        74.411580615805661        48.403236889755284              105           6
 ../729_seed.dataconnected          15  0.34350139486057096       0.80948446009318398        5.1525209229085647        12.142266901397759       0.38861226542505484        5.8291839813758228        18.819723207280727        5.2413489373893869               71          11
 ../730_seed.dataconnected          59  0.30516451847439707       0.68168767767253180        18.004706589989429        40.219572982679374       0.35423095792191850        20.899626517393191        69.664358351562470        40.984202093450442              105          18
 ../731_seed.dataconnected          63  0.28671696232053684       0.63231590339095245        18.063168626193821        39.835901913630003       0.33970891003069126        21.401661331933550        129.83970846367549        97.262988285015339              107           5
 ../732_seed.dataconnected          25  0.25680316532859704       0.58782022676809687        6.4200791332149256        14.695505669202422       0.28618650119333944        7.1546625298334856        47.315263739258725        21.107894153765105              107          20
 ../733_seed.dataconnected          12  0.35942592705287257       0.83450888912540921        4.3131111246344709        10.014106669504910       0.47183276432739080        5.6619931719286898        19.855453758757488        5.1234989937545166               84          12
 ../734_seed.dataconnected          43  0.26746269745460294       0.61098597990454961        11.500895990547926        26.272397135895634       0.31554170496902972        13.568293313668278        67.940744470549021        36.859878392898047              122          10
 ../735_seed.dataconnected          31  0.26278460756579136       0.59802333828901655        8.1463228345395322        18.538723486959512       0.31588384532007979        9.7923992049224733        54.292332078929086        24.492976463473802              122          15
 ../736_seed.dataconnected          31  0.27469917524098875       0.62299619850424071        8.5156744324706519        19.312882153631463       0.32825845833341333        10.176012208335813        42.048442545994490        20.535405254852474              129          12
 ../737_seed.dataconnected          29  0.31060187642293363       0.70558957964678248        9.0074544162650749        20.462097809756692       0.36643975901516551        10.626753011439799        34.757458510693986        14.778079092243797              114          16
 ../738_seed.dataconnected          91  0.27679114424990642       0.60936352675081251        25.187994126741483        55.452080934323938       0.35067418496461517        31.911350831779981        159.18402050866828        142.45850443801299              151          11
 ../739_seed.dataconnected          23  0.30509722961029728       0.70823209298636081        7.0172362810368378        16.289338138686297       0.38781071483629004        8.9196464412346703        34.737657861213215        13.964375898459537               73           5
 ../740_seed.dataconnected          52  0.36802009569370375       0.80127459044488136        19.137044976072595        41.666278703133834       0.42121810763506556        21.903341597023410        78.592756581275339        51.534193334904252              132          20
 ../741_seed.dataconnected          44  0.35369116023323671       0.78884567775943437        15.562411050262416        34.709209821415115       0.39690900318695793        17.463996140226151        52.889463629995284        26.827964816529484              121          10
 ../742_seed.dataconnected          41  0.28948946448961804       0.67503114226362626        11.869068044074339        27.676276832808675       0.33880693390704303        13.891084290188765        73.132880026361505        41.338116654172154              114          14
 ../743_seed.dataconnected          36  0.32861466250928495       0.72692673800821772        11.830127850334257        26.169362568295838       0.39648600014967916        14.273496005388450        51.688161734301325        26.089523364785723              113          34
 ../744_seed.dataconnected          30  0.32143260301066190       0.71529935052251215        9.6429780903198576        21.458980515675364       0.36231844620140807        10.869553386042242        42.397544827004836        19.186903681376677              102          17
 ../745_seed.dataconnected          36  0.33089350377758514       0.74540656248356940        11.912166135993065        26.834636249408497       0.37131064201453307        13.367183112523190        49.690881852036746        26.985436420888025              104           6
 ../746_seed.dataconnected          17  0.33656252923714769       0.75641338741982544        5.7215629970315103        12.859027586137033       0.39808882862497891        6.7675100866246414        25.800390630993146        7.5853263059151734               84          11
 ../747_seed.dataconnected          38  0.27610065035439207       0.62654971395418668        10.491824713466899        23.808889130259093       0.34110866661800532        12.962129331484203        71.920454243941307        37.495817823177674               73           5
 ../748_seed.dataconnected          45  0.31531474799151138       0.72030608662669149        14.189163659618012        32.413773898201114       0.35397415921584913        15.928837164713210        69.936915925740351        40.712761653668920              100           8
 ../749_seed.dataconnected          63  0.27755463861584428       0.63059226671535273        17.485942232798191        39.727312803067221       0.32142470884665825        20.249756657339468        94.781549934123333        65.895105205391346              142          19
 ../750_seed.dataconnected          55  0.26235610346948207       0.57091130982640370        14.429585690821513        31.400122040452203       0.29616793478779496        16.289236413328723        95.570543446937847        72.883334792859358              131          13
 ../751_seed.dataconnected          23  0.32527001065756733       0.72104832831921950        7.4812102451240490        16.584111551342048       0.38763959214659999        8.9157106193717990        34.115829530892071        12.534972030499322               96          10
 ../752_seed.dataconnected          21  0.32541685011505461       0.72546067454480612        6.8337538524161472        15.234674165440929       0.36979979291489651        7.7657956512128266        35.492243162793486        13.706784715439200               85          11
 ../753_seed.dataconnected          51  0.31546263328381036       0.70626133023638260        16.088594297474327        36.019327842055510       0.38648116755671291        19.710539545392358        93.725780875486365        59.856815731772301              120          12
 ../754_seed.dataconnected          42  0.30617112777784267       0.68077927158352347        12.859187366669392        28.592729406507985       0.35332477688295449        14.839640629084089        78.472123930560443        47.627257011890642              135          12
 ../755_seed.dataconnected          47  0.27206707538388708       0.60701178376596265        12.787152543042692        28.529553837000243       0.32609962813178811        15.326682522194041        108.19415487516054        72.140712162650459              114          12
 ../756_seed.dataconnected          65  0.29288727192069813       0.64519222022171641        19.037672674845378        41.937494314411566       0.33315616374219692        21.655150643242798        105.18184839642437        71.741221167016505              127           9
 ../757_seed.dataconnected          10  0.36085680640051149       0.83820664069673489        3.6085680640051150        8.3820664069673487       0.49629460089520228        4.9629460089520228        14.062533195092030        2.3951358267261127               73           8
 ../758_seed.dataconnected          87  0.25494718302084052       0.57621925055823275        22.180404922813125        50.131074798566253       0.30124872204557263        26.208638817964818        120.82937124236844        95.445327056400927              120           6
 ../759_seed.dataconnected          54  0.31725921539042529       0.70625485692559631        17.131997631082964        38.137762273982197       0.36040489303139001        19.461864223695059        73.330943272512300        46.791521730061554              115           9
 ../760_seed.dataconnected          70  0.24202286134862869       0.54185833318159093        16.941600294404008        37.930083322711369       0.28077767082398608        19.654436957679025        137.09168019790255        111.21208882092678              121           8
 ../761_seed.dataconnected          29  0.35235026970906580       0.80324577418471710        10.218157821562908        23.294127451356797       0.42363008464353202        12.285272454662429        37.436715640603396        17.238189955706488               69          15
 ../762_seed.dataconnected          47  0.29530522025863748       0.67424634700893771        13.879345352155962        31.689578309420071       0.35399373445179078        16.637705519234167        74.954405488605573        44.603101708160331              151          45
 ../763_seed.dataconnected          56  0.29180794048901271       0.65591508362998163        16.341244667384711        36.731244683278973       0.34191006269029361        19.146963510656441        75.743122418706875        48.536070149458020              109           8
 ../764_seed.dataconnected          20  0.32440786731735055       0.75354484396712396        6.4881573463470108        15.070896879342479       0.38710271454566403        7.7420542909132806        32.217743528726999        11.158662298209377              115          18
 ../765_seed.dataconnected          42  0.33123452636385214       0.71328182200833312        13.911850107281790        29.957836524349990       0.39726368753417307        16.685074876435269        81.520640442856759        49.120006443706430               81           6
 ../766_seed.dataconnected          61  0.31402774068643291       0.72839069300595038        19.155692181872407        44.431832273362971       0.34852595135265263        21.260083032511812        143.96152456033494        125.50039798302220              104           7
 ../767_seed.dataconnected          77  0.24532493741586178       0.56634543414995531        18.890020181021356        43.608598429546561       0.27702386952633223        21.330837953527581        113.81446824226695        90.755337356823432              145          20
 ../768_seed.dataconnected          27  0.33298907219424351       0.74403808022062323        8.9907049492445754        20.089028165956826       0.37883933475886072        10.228662038489240        41.161648780864844        16.555883217579250               95          14
 ../769_seed.dataconnected          21  0.34829397059693246       0.78635294376888154        7.3141733825355812        16.513411819146512       0.44101517744397178        9.2613187263234078        23.036793515444966        8.5014984578280615              113          16
 ../770_seed.dataconnected          71  0.31199668162625349       0.70843781615558921        22.151764395463999        50.299084947046836       0.33816120036306802        24.009445225777828        109.18570050177030        87.436840314489288              116           9
 ../771_seed.dataconnected          14  0.36098395674651168       0.82905352001332167        5.0537753944511632        11.606749280186504       0.43613176630920281        6.1058447283288393        20.369334422167057        5.5819534667871729               79          10
 ../772_seed.dataconnected           9  0.36018573270897070       0.82557217565200225        3.2416715943807364        7.4301495808680205       0.45789640408126242        4.1210676367313619        8.1324421987761362        1.6348629475534902              127           9
 ../773_seed.dataconnected          53  0.27667489470248324       0.60786362049117837        14.663769419231611        32.216771886032454       0.32967843953975584        17.472957295607060        87.317542716212273        59.971690909030528              101          13
 ../774_seed.dataconnected          20  0.32528661677834686       0.70936855356798001        6.5057323355669370        14.187371071359600       0.37424513000172671        7.4849026000345340        34.511189787542776        11.334879503348386              128          18
 ../775_seed.dataconnected          20  0.35319473993682093       0.79523087280295457        7.0638947987364187        15.904617456059091       0.39063023710433453        7.8126047420866911        28.192929754568162        9.3443586381328068               69          13
 ../776_seed.dataconnected          80  0.33322720126688055       0.75083311727874891        26.658176101350442        60.066649382299914       0.36671231850552993        29.336985480442394        104.75658425287529        77.944081419166253              131           6
 ../777_seed.dataconnected          37  0.31408872506396524       0.72850451951105188        11.621282827366713        26.954667221908920       0.35178953410721692        13.016212761967026        49.002667524667245        27.379068741449547              133          29
 ../778_seed.dataconnected          38  0.34806841020790286       0.78567469676050050        13.226599587900308        29.855638476899021       0.40161178267880460        15.261247741794575        56.526079813089254        29.330253738512891               94           9
 ../779_seed.dataconnected          35  0.35609488955411617       0.80350043374754965        12.463321134394066        28.122515181164239       0.41871673371206525        14.655085679922284        48.182979990131827        23.300884695889486              121          13
 ../780_seed.dataconnected          23  0.34783348793256202       0.78092552912936264        8.0001702224489257        17.961287169975339       0.39520346364478043        9.0896796638299495        31.270071958078645        10.314066145889244               81          22
 ../781_seed.dataconnected          82  0.23283449955060767       0.49626120101681143        19.092428963149828        40.693418483378537       0.29202691172487599        23.946206761439832        137.26626725495413        106.72983325283609              128           6
 ../782_seed.dataconnected          30  0.30952426009162454       0.68912434739767914        9.2857278027487364        20.673730421930372       0.39264743164474253        11.779422949342276        58.014324753873410        30.091410018425599               88          13
 ../783_seed.dataconnected          51  0.24554889673826857       0.56544517558465379        12.522993733651697        28.837703954817343       0.26783319970573977        13.659493184992728        85.075491322357962        52.842775958282012              126          25
 ../784_seed.dataconnected          32  0.27399297434935810       0.62833745792131757        8.7677751791794591        20.106798653482162       0.30820292955623235        9.8624937457994353        54.043732879349072        26.569111799665027               65           6
 ../785_seed.dataconnected          23  0.31422669030358708       0.70271511824838007        7.2272138769825025        16.162447719712741       0.37096550340646622        8.5322065783487240        30.628743474427296        12.164528745081725               75           9
 ../786_seed.dataconnected          35  0.33187219477236574       0.73798125312221008        11.615526817032801        25.829343859277351       0.39024630053005260        13.658620518551841        41.214463712101292        18.296682130799979               86           8
 ../787_seed.dataconnected          23  0.34171285442005384       0.77860781504620113        7.8593956516612380        17.907979746062626       0.40377272552428417        9.2867726870585354        33.113167371014548        12.629846431741832               75          11
 ../788_seed.dataconnected          94  0.31518097071605472       0.70097499970832799        29.627011247309145        65.891649972582826       0.35184801343851524        33.073713263220434        124.65796903022365        106.26415582132147              128           9
 ../789_seed.dataconnected          41  0.39445653117330159       0.83812545570452901        16.172717778105365        34.363143683885689       0.45020636805198205        18.458461090131266        44.354357270614067        23.819386403392340              108           8
 ../790_seed.dataconnected          76  0.26700513847674950       0.60469022537851591        20.292390524232964        45.956457128767212       0.29384716240719211        22.332384342946600        101.75598813931910        76.773003624164730              118          12
 ../791_seed.dataconnected           8  0.36266509347984643       0.83343016675034931        2.9013207478387715        6.6674413340027945       0.47654274209701064        3.8123419367760851        6.8370041069824499        1.1088730840006047               48           5
 ../792_seed.dataconnected          40  0.32434949614110797       0.74530408515944679        12.973979845644319        29.812163406377870       0.36867811809518319        14.747124723807328        50.607243932519765        25.411565799761110               88           9
 ../793_seed.dataconnected          12  0.36781410110550122       0.83434972459280909        4.4137692132660149        10.012196695113708       0.47867236070445757        5.7440683284534906        18.683434739497670        5.2512104401108299               57           6
 ../794_seed.dataconnected          39  0.22952861104507005       0.52358213540106924        8.9516158307577314        20.419703280641698       0.26517658375466729        10.341886766432024        91.899420915812968        49.769687156378566               84          12
 ../795_seed.dataconnected          21  0.34461225892974906       0.75472088865998499        7.2368574375247299        15.849138661859685       0.39032563469169984        8.1968383285256969        35.884060518939279        12.873167841297066               89          14
 ../796_seed.dataconnected          38  0.32111717275888979       0.74758230538126158        12.202452564837811        28.408127604487941       0.36716643305709751        13.952324456169706        49.762174669175494        23.467377671991684              101           7
 ../797_seed.dataconnected          31  0.36300750345046373       0.82404892660072904        11.253232606964376        25.545516724622601       0.41118191498035123        12.746639364390887        47.038288833410263        23.697391294623788               82           7
 ../798_seed.dataconnected          47  0.30418275855290311       0.68649268262448526        14.296589651986446        32.265156083350810       0.39409839906063798        18.522624755849986        78.354512771534871        50.234874776787187              102          22
 ../799_seed.dataconnected          70  0.31723533372372376       0.71389680531668409        22.206473360660663        49.972776372167885       0.36554375215191698        25.588062650634189        87.256682623790397        60.562248693361845              167          12
 ../800_seed.dataconnected          13  0.32214071617513101       0.71451454027648809        4.1878293102767028        9.2886890235943458       0.35323630476527962        4.5920719619486352        19.043689233701453        4.6975680448862498               89          11
 ../801_seed.dataconnected          36  0.34358570958935974       0.74452823580387084        12.369085545216951        26.803016488939349       0.41260697483118969        14.853851093922829        48.382032053905299        23.302361951200346               94          12
 ../802_seed.dataconnected          48  0.34500701336048767       0.75153168218948840        16.560336641303408        36.073520745095443       0.38753087470827435        18.601481985997168        60.217714972478809        34.993362485872126              120           6
 ../803_seed.dataconnected          55  0.25520045540436853       0.56738917096899355        14.036025047240269        31.206404403294645       0.28867068826908038        15.876887854799421        74.472171623868590        42.485744504515118              110           5
 ../804_seed.dataconnected          38  0.32788572242837172       0.74298155069652605        12.459657452278126        28.233298926467988       0.36788591549048028        13.979664788638251        63.962934478133725        32.571046741600647              124          28
 ../805_seed.dataconnected          23  0.34874288282780386       0.80863116707816807        8.0210863050394892        18.598516842797867       0.41888906414165228        9.6344484752580026        29.538551707832422        11.326899457585087              107          11
 ../806_seed.dataconnected          23  0.24944861516680913       0.58995001549431403        5.7373181488366098        13.568850356369223       0.30275335494287098        6.9633271636860323        50.652770170021107        23.410830457368125              104          19
 ../807_seed.dataconnected          38  0.29616938136385618       0.63351379164070221        11.254436491826535        24.073524082346683       0.35015562465708167        13.305913736969103        58.902794591471690        29.485014376962255              128          16
 ../808_seed.dataconnected          15  0.29788475638316625       0.68415792467992431        4.4682713457474934        10.262368870198864       0.36010782310277706        5.4016173465416557        22.381435098700852        5.6242868260302172              102          13
 ../809_seed.dataconnected          11  0.37248399551893624       0.82689641759943222        4.0973239507082990        9.0958605935937538       0.42292489316482823        4.6521738248131106        11.945427874968866        2.9287488393121093               84          10
 ../810_seed.dataconnected          33  0.32749812969725672       0.75569079887036916        10.807438280009471        24.937796362722182       0.38537506386396575        12.717377107510870        44.600867669038095        20.837074052497893              106           7
 ../811_seed.dataconnected          69  0.26145733878708882       0.57416897389023669        18.040556376309130        39.617659198426331       0.30961675254812515        21.363555925820634        139.50099716594983        114.63792575297317              115          11
 ../812_seed.dataconnected          50  0.32143424037288693       0.72339300087847391        16.071712018644348        36.169650043923696       0.37706846763489965        18.853423381744982        73.883431400754418        42.328534491799132              124          11
 ../813_seed.dataconnected          11  0.36553525582684154       0.80246669562012951        4.0208878140952571        8.8271336518214252       0.48348934583523501        5.3183828041875847        13.733557145347126        2.8690917932785855               81           8
 ../814_seed.dataconnected          33  0.25061540495175655       0.56884607427776490        8.2703083634079668        18.771920451166242       0.28812791691686596        9.5082212582565759        63.884386702250822        33.912893397492134              106          14
 ../815_seed.dataconnected          61  0.29907452471402635       0.67482206975662817        18.243546007555608        41.164146255154321       0.32396084930409536        19.761611807549816        82.540029349925703        51.116547451047232              134          32
 ../816_seed.dataconnected          19  0.38295045235619052       0.84179709345384279        7.2760585947676200        15.994144775623013       0.46884120706557647        8.9079829342459522        20.208060420543021        6.3284006004027322               79           7
 ../817_seed.dataconnected          25  0.31353991053016139       0.69004341415083659        7.8384977632540345        17.251085353770915       0.36374026507933449        9.0935066269833627        33.520606235227717        12.972057807029456              110          20
 ../818_seed.dataconnected          18  0.35694203989558959       0.76326898824224099        6.4249567181206126        13.738841788360338       0.43826792399372100        7.8888226318869776        32.608550578217795        10.637163918738311              103          16
 ../819_seed.dataconnected          60  0.29560174058411248       0.66332054071452307        17.736104435046748        39.799232442871386       0.35255456177597128        21.153273706558277        81.767212483259854        57.595235748202107               92           4
 ../820_seed.dataconnected          53  0.32073958456389318       0.71712383924729328        16.999197981886340        38.007563480106541       0.36344410818324024        19.262537733711731        66.255787756610758        41.103665986912695               98           5
 ../821_seed.dataconnected          57  0.23419388525475077       0.52086570745313765        13.349051459520794        29.689345324828846       0.26904999753919628        15.335849859734187        72.464550579102990        43.032775372664986               99           4
 ../822_seed.dataconnected          33  0.30220863513013935       0.68383668270654607        9.9728849592945981        22.566610529316019       0.32898888477092131        10.856633197440404        50.599272452969025        23.321927809953724              108          14
 ../823_seed.dataconnected          64  0.29617341960402377       0.68803936100293850        18.955098854657521        44.034519104188064       0.34247397171812782        21.918334189960181        119.80243763815805        93.153749582433122              126          15
 ../824_seed.dataconnected          75  0.24034279727294106       0.53096075398879983        18.025709795470579        39.822056549159988       0.27543725023146076        20.657793767359557        137.79699223073305        114.84118494255036              144           6
 ../825_seed.dataconnected          12  0.34868506236980268       0.77269835293505462        4.1842207484376317        9.2723802352206555       0.43246313582555873        5.1895576299067052        14.953939472945473        3.1001809788186279               87          10
 ../826_seed.dataconnected          56  0.30708049570213103       0.68897732478035834        17.196507759319339        38.582730187700065       0.36150219916412646        20.244123153191083        91.214003349868918        58.300555841666863              117          11
 ../827_seed.dataconnected          57  0.24484859739119524       0.54487228497160800        13.956370051298128        31.057720243381656       0.28164395357542227        16.053705353799071        98.411011380999923        64.178659388043215              114           7
 ../828_seed.dataconnected          67  0.30421069082815078       0.68792076530529134        20.382116285486102        46.090691275454517       0.33110843323166650        22.184265026521654        112.91461236839511        72.337414168644557              109          14
 ../829_seed.dataconnected          11  0.37716151707693918       0.83331615714324381        4.1487766878463308        9.1664777285756820       0.44682943024644389        4.9151237327108825        12.767688458314412        2.6723669175970191               87          10
 ../830_seed.dataconnected          81  0.29033442758313943       0.67053943878489619        23.517088634234295        54.313694541576595       0.34391204834207167        27.856875915707807        110.61651528809600        87.498761406403247              157          19
 ../831_seed.dataconnected          25  0.32659381530177650       0.73874756148994303        8.1648453825444118        18.468689037248577       0.37802629406933574        9.4506573517333941        38.533858827215774        15.369180767614916               85          20
 ../832_seed.dataconnected          32  0.36942359037832423       0.79452772682700101        11.821554892106375        25.424887258464032       0.42530649920938374        13.609807974700280        35.003694290595007        15.172787385228641              106           8
 ../833_seed.dataconnected          36  0.28616413505775595       0.65094953568484759        10.301908862079214        23.434183284654512       0.35567784810675290        12.804402531843104        78.551177131559712        49.443839460535855              103          15
 ../834_seed.dataconnected          72  0.28858982711066627       0.62644292502213417        20.778467551967971        45.103890601593662       0.31994640910164390        23.036141455318361        91.687539767305282        67.221868989415839              149          17
 ../835_seed.dataconnected          77  0.33227291005226478       0.75210587478684487        25.585014074024389        57.912152358587058       0.35665897251051565        27.462740883309706        87.891945387803986        61.812733255393361              136          11
 ../836_seed.dataconnected          87  0.28810488470430762       0.66052770393581872        25.065124969274763        57.465910242416228       0.31092569123407582        27.050535137364598        107.91181984175378        87.623464720805956              141           5
 ../837_seed.dataconnected          11  0.35262164416363773       0.81119791464232027        3.8788380858000151        8.9231770610655232       0.42651420632198644        4.6916562695418511        13.613491549969996        3.4073919325775575               67           9
 ../838_seed.dataconnected          21  0.36077657255052942       0.79887621511240914        7.5763080235611175        16.776400517360592       0.40776989712680112        8.5631678396628228        24.693554043945280        8.7714823809669085               89          12
 ../839_seed.dataconnected          88  0.28698323578764229       0.65097099652454782        25.254524749312523        57.285447694160212       0.31900795487108968        28.072700028655891        103.63218809761041        77.642887108226532              126           4
 ../840_seed.dataconnected          35  0.30759671140635475       0.71984803992744029        10.765884899222415        25.194681397460410       0.38935577553859629        13.627452143850871        61.137059548642839        30.665339680353153               83          13
 ../841_seed.dataconnected          42  0.28912273334295546       0.66000425130238405        12.143154800404130        27.720178554700130       0.35420385707200475        14.876561997024199        70.009475452198416        42.686825140192418              131          29
 ../842_seed.dataconnected          23  0.34609387692287780       0.76360237139667231        7.9601591692261895        17.562854542123464       0.38962706682822201        8.9614225370491063        36.228009109096540        12.944089214144620              104          12
 ../843_seed.dataconnected          77  0.26808620903634167       0.59852913968716415        20.642638095798308        46.086743755911641       0.31063966778977875        23.919254419812965        121.06793722589310        89.443147230924737              142          18
 ../844_seed.dataconnected          48  0.30439459732009255       0.71003111648578798        14.610940671364443        34.081493591317823       0.35754996166547748        17.162398159942917        61.797863963733363        37.433664552232905              100           9
 ../845_seed.dataconnected          26  0.32097464843130752       0.71433433476305686        8.3453408592139962        18.572692703839479       0.38478539982098875        10.004420395345708        33.095001574832295        13.057619156851985               91           8
 ../846_seed.dataconnected          10  0.41318263195735844       0.87781352125586010        4.1318263195735847        8.7781352125586007       0.52846414482780935        5.2846414482780935        12.191030098372824        2.6566323212221095               93           9
 ../847_seed.dataconnected          56  0.29870655091284776       0.66355661907334940        16.727566851119473        37.159170668107564       0.36332939053723967        20.346445870085422        96.514941828939627        63.330448495434318              105           9
 ../848_seed.dataconnected          45  0.24321606135486198       0.55677084359128148        10.944722760968789        25.054687961607666       0.28091404653280122        12.641132093976054        114.78653763566062        78.407354596663453              120          19
 ../849_seed.dataconnected          37  0.32390580870383412       0.72669631168236815        11.984514922041862        26.887763532247622       0.37773438451913066        13.976172227207835        58.413037219751672        27.689815848946882               87           8
 ../850_seed.dataconnected          27  0.34759431614473330       0.74341766244289731        9.3850465359077990        20.072276885958228       0.41872416753070607        11.305552523329064        31.611285923424511        13.133572852447477              110          14
 ../851_seed.dataconnected          31  0.35074275788012738       0.78531096439101511        10.873025494283949        24.344639896121468       0.42319134076768805        13.118931563798329        40.578008549923283        17.673769604889934              116          13
 ../852_seed.dataconnected          30  0.28573430041274339       0.64336250257790040        8.5720290123823020        19.300875077337011       0.33293044490035090        9.9879133470105277        55.161261102518097        28.256910172993912              120          18
 ../853_seed.dataconnected          14  0.35944060418441126       0.83611147943601460        5.0321684585817579        11.705560712104205       0.39439526351308996        5.5215336891832596        16.640951439840290        4.2959069858325458               91          12
 ../854_seed.dataconnected          38  0.29392528451060618       0.66254283215757659        11.169160811403035        25.176627621987912       0.34588166783619129        13.143503377775270        56.321268279030569        30.775280971807092              113          19
 ../855_seed.dataconnected          23  0.33863027293055048       0.77410787238754819        7.7884962774026611        17.804481064913610       0.36696403739893990        8.4401728601756183        25.377238209800925        9.2759997118338227               84          10
 ../856_seed.dataconnected          22  0.30820854710061635       0.70514190271534638        6.7805880362135600        15.513121859737620       0.37994295805577583        8.3587450772270682        34.402843665500789        12.060588656496686              140          18
 ../857_seed.dataconnected          43  0.32223032149407677       0.73247680169252605        13.855903824245301        31.496502472778619       0.35740963372273954        15.368614250077799        63.580255115538954        31.432040243502954               83           8
 ../858_seed.dataconnected          38  0.32303403059006031       0.71182731714383596        12.275293162422292        27.049438051465767       0.35959658437228725        13.664670206146916        51.847592036460775        24.069055879078736               87           6
 ../859_seed.dataconnected          14  0.35639697302348872       0.79193626067912970        4.9895576223288423        11.087107649507816       0.48612465830411583        6.8057452162576215        24.756776949637370        6.4373509601715586               97           8
 ../860_seed.dataconnected          50  0.32103763763695176       0.73102704309676447        16.051881881847589        36.551352154838227       0.37663157436308109        18.831578718154056        76.396270848356536        49.296794490615532              113          13
 ../861_seed.dataconnected          52  0.28079178353334450       0.63732719031758067        14.601172743733914        33.141013896514195       0.31745260079296728        16.507535241234297        87.191944793905506        55.884855906160610              123          15
 ../862_seed.dataconnected          52  0.26692970465741495       0.62422231373347981        13.880344642185577        32.459560314140951       0.29246725463386497        15.208297240960979        66.478352907485174        42.309224554076820              139          19
 ../863_seed.dataconnected          23  0.29156031455908932       0.68739110955813088        6.7058872348590546        15.809995519837010       0.36472070633835013        8.3885762457820530        41.408631405611764        16.477551014427817               80           9
 ../864_seed.dataconnected          25  0.36841681652560049       0.78542463019691289        9.2104204131400120        19.635615754922821       0.39973097631546400        9.9932744078866005        32.840553285618270        13.334798808045541               85          14
 ../865_seed.dataconnected          22  0.37200142253696111       0.82340523246962627        8.1840312958131438        18.114915114331779       0.44510845456753950        9.7923860004858696        27.415791802250258        9.9279946750270565              111          17
 ../866_seed.dataconnected          32  0.30349097195442126       0.67093057117531796        9.7117111025414804        21.469778277610175       0.37477387797403078        11.992764095168985        54.451049397679938        27.206270094678541              116          19
 ../867_seed.dataconnected         116  0.22425681589323421       0.51140573250033516        26.013790643615167        59.323064970038878       0.24948978480462861        28.940815037336918        135.89994983378926        121.27036408931477              180          25
 ../868_seed.dataconnected          15  0.33760555106203388       0.71254656975185116        5.0640832659305079        10.688198546277768       0.42288941178401757        6.3433411767602639        26.547530343161217        7.8345813452104371               69           8
 ../869_seed.dataconnected          17  0.37795976675720017       0.82121051511823728        6.4253160348724032        13.960578757010033       0.45539666586243915        7.7417433196614658        20.340812563213550        5.6296106237064549              101          10
 ../870_seed.dataconnected          74  0.32002724680947808       0.72257203257255942        23.682016263901378        53.470330410369399       0.36076130964655873        26.696336913845347        104.66162700219330        74.778271811742542              115           5
 ../871_seed.dataconnected          49  0.27851034621622323       0.63585504451263963        13.647006964594938        31.156897181119341       0.32357137753671833        15.854997499299198        69.360547016349912        41.644363640867795              106          10
 ../872_seed.dataconnected          60  0.25701900828858082       0.57427853108370486        15.421140497314848        34.456711865022292       0.28276446330524341        16.965867798314605        114.05434808275076        81.686613330380169              141          14
 ../873_seed.dataconnected          88  0.30470481061780919       0.69962374355992452        26.814023334367207        61.566889433273360       0.33955503589731689        29.880843158963888        127.61698859185253        107.07376739657735              124           4
 ../874_seed.dataconnected          16  0.35952592961722790       0.79008625934522014        5.7524148738756464        12.641380149523522       0.39622161599466760        6.3395458559146816        18.875496719265779        5.4872960151589272               76           9
 ../875_seed.dataconnected          22  0.38210020626916913       0.82762524056775422        8.4062045379217203        18.207755292490592       0.48683787859386479        10.710433329065026        28.613721931975682        9.7292798747562230               62           5
 ../876_seed.dataconnected          27  0.35730629407205833       0.79015588868536224        9.6472699399455752        21.334208994504781       0.42619375380551133        11.507231352748805        32.105009815957594        12.410198334243553              119          22
 ../877_seed.dataconnected          34  0.26801719177154459       0.58949163663505166        9.1125845202325166        20.042715645591755       0.32113304008114374        10.918523362758886        58.353744676456301        30.964554888191625               98          11
 ../878_seed.dataconnected          26  0.32392421084367329       0.72917571256643754        8.4220294819355050        18.958568526727376       0.42044858808181662        10.931663290127233        43.021198854042701        20.017307926216262               74           7
 ../879_seed.dataconnected          48  0.25471266084221056       0.57523784949446743        12.226207720426107        27.611416775734437       0.31147709797684353        14.950900702888489        107.45031179787725        66.468669135790918              118          11
 ../880_seed.dataconnected          31  0.26166383499234064       0.60656320679710074        8.1115788847625598        18.803459410710122       0.33232883329877028        10.302193832261878        66.299721149532985        35.064769867329787              133          25
 ../881_seed.dataconnected          13  0.36658676985035016       0.79066772952376696        4.7656280080545521        10.278680483808971       0.43761383136391602        5.6889798077309086        17.785682779098082        4.7481444216995454               77          12
 ../882_seed.dataconnected          13  0.33138838704942186       0.73066279789120714        4.3080490316424846        9.4986163725856922       0.41558292904038641        5.4025780775250229        14.982529026738137        3.2184593503255048               88           9
 ../883_seed.dataconnected          43  0.30634569741642004       0.69107182290642677        13.172864988906062        29.716088384976352       0.36806284253876798        15.826702229167022        61.959051795362036        35.386470959155446               78          10
 ../884_seed.dataconnected          34  0.32445428937613008       0.73226034415916830        11.031445838788423        24.896851701411723       0.36707091334291780        12.480411053659205        52.552538707940599        25.826714107440868              113          13
 ../885_seed.dataconnected          29  0.28014778304097704       0.66275542861211423        8.1242857081883333        19.219907429751313       0.35487261654947905        10.291305879934892        42.233529764738918        19.927475321476170               97          11
 ../886_seed.dataconnected          21  0.30642971782531264       0.69515294037011155        6.4350240743315652        14.598211747772343       0.39970178769131959        8.3937375415177122        34.352874022077437        12.435892498278942               89          10
 ../887_seed.dataconnected          42  0.25849466574289343       0.58355320554254020        10.856775961201524        24.509234632786690       0.32973205593503552        13.848746349271492        63.608116537826895        34.843680641353565               96           5
 ../888_seed.dataconnected          13  0.33198230768513604       0.74770166452930364        4.3157699999067685        9.7201216388809470       0.37029364592737796        4.8138173970559137        19.605972205567195        4.8312563841986682               76           5
 ../889_seed.dataconnected          43  0.32161468855734110       0.68989651228140592        13.829431607965667        29.665550028100455       0.38424755337400318        16.522644795082137        74.115559528215726        42.533527936909273               93           7
 ../890_seed.dataconnected          47  0.23660125717417216       0.51677322595523212        11.120259087186092        24.288341619895910       0.25526016234193238        11.997227630070823        62.485692617451036        36.376633197676718              106          13
 ../891_seed.dataconnected          63  0.33056135309570867       0.75324361600306433        20.825365245029644        47.454347808193056       0.37220874333332105        23.449150829999226        85.397676879907849        57.555609715337063              106          16
 ../892_seed.dataconnected          17  0.36640340175407243       0.81683128120716220        6.2288578298192316        13.886131780521758       0.41632647693255259        7.0775501078533942        21.024075966395213        6.0459624578268594               89          17
 ../893_seed.dataconnected          24  0.32490451296059458       0.75928190836280940        7.7977083110542704        18.222765800707425       0.41570777548585136        9.9769866116604327        32.074470039472750        11.393969190094314               94          18
 ../894_seed.dataconnected          33  0.35808957332204699       0.75575736780506408        11.816955919627551        24.939993137567114       0.42209085569883126        13.928998238061432        48.551286993681700        22.148178865705074              116          17
 ../895_seed.dataconnected          12  0.33116936136372283       0.77167559433819888        3.9740323363646741        9.2601071320583870       0.45966671947850363        5.5160006337420437        15.422547377383301        3.3773060892433722               97          11
 ../896_seed.dataconnected          62  0.29691496810100498       0.69702972356283954        18.408728022262309        43.215842860896053       0.32998726004792062        20.459210122971079        85.601649890379932        56.383408542402435              106           6
 ../897_seed.dataconnected          83  0.27828901230416181       0.60538019259513176        23.097988021245431        50.246555985395936       0.34390705353164180        28.544285443126270        140.93523460438345        119.39717190766476              164          13
 ../898_seed.dataconnected          26  0.32227897786241927       0.71060655979818999        8.3792534244229007        18.475770554752941       0.40275988468299884        10.471757001757970        48.625553124989018        20.350214324466595              122          11
 ../899_seed.dataconnected          69  0.25920931289683186       0.58846975867105911        17.885442589881396        40.604413348303076       0.28547129111650033        19.697519087038522        103.84364751384676        79.490990025195629              116          11
 ../900_seed.dataconnected          39  0.31489082049690104       0.70458751877753800        12.280741999379140        27.478913232323983       0.38172776450055534        14.887382815521658        68.051524042268568        35.189137765805462              110          18
 ../901_seed.dataconnected          20  0.35951773628995981       0.82143511854011886        7.1903547257991960        16.428702370802377       0.42370061267834930        8.4740122535669862        22.890358746264127        7.7681588576855622              125          19
 ../902_seed.dataconnected          15  0.28853447456674192       0.67022875601425047        4.3280171185011289        10.053431340213757       0.35683046299251608        5.3524569448877415        22.841480470121606        6.7697799992978345               58           7
 ../903_seed.dataconnected          70  0.28008404538661485       0.65976072968785549        19.605883177063038        46.183251078149887       0.32473254735972235        22.731278315180564        98.583321127066171        68.914925244561744              127          15
 ../904_seed.dataconnected          37  0.32496365163946006       0.71001355361496377        12.023655110660023        26.270501483753659       0.38411118804388283        14.212113957623664        44.569684694124994        22.492891110827152              134          23
 ../905_seed.dataconnected          77  0.31283967584228589       0.71690758266156884        24.088655039856015        55.201883864940804       0.33323496473418474        25.659092284532225        113.42744800417934        80.413341696643343              109           3
 ../906_seed.dataconnected          27  0.29542591398126661       0.64370959918999460        7.9764996774941981        17.380159178129855       0.37012050999194313        9.9932537697824646        47.287531548878597        21.761657089535124               94           7
 ../907_seed.dataconnected          41  0.33469893103626447       0.72731410258694507        13.722656172486843        29.819878206064747       0.43760386050416739        17.941758280670864        73.148026183619052        39.910436884021081               76           8
 ../908_seed.dataconnected          58  0.31041653114757045       0.68121216043322430        18.004158806559087        39.510305305127012       0.34378896571730549        19.939760011603720        80.814549395953648        49.972523551901254               96           4
 ../909_seed.dataconnected          16  0.32943960665639976       0.70351481313967068        5.2710337065023962        11.256237010234731       0.43550048113583600        6.9680076981733761        18.763279695812670        5.3105473157637215               87          13
 ../910_seed.dataconnected          22  0.30906199521567079       0.68153298235717097        6.7993638947447579        14.993725611857762       0.39281232825334161        8.6418712215735152        39.188180703138364        13.395996596426240              108          18
 ../911_seed.dataconnected          12  0.30430059794200043       0.69641656077321967        3.6516071753040054        8.3569987292786365       0.45945102839417845        5.5134123407301416        23.198793786885982        5.1919280430184678               66          11
 ../912_seed.dataconnected          24  0.27765321047525221       0.63324193787002858        6.6636770514060526        15.197806508880685       0.33419900169127120        8.0207760405905084        42.407102054085065        19.852712684244121               90          10
 ../913_seed.dataconnected          52  0.33911169341534197       0.75752672861804538        17.633808057597783        39.391389888138363       0.37145135912338317        19.315470674415923        58.480555147384557        35.033729417476501              158          18
 ../914_seed.dataconnected          13  0.35722505541461558       0.81543933945893643        4.6439257203900022        10.600711412966174       0.48284493683298568        6.2769841788288137        16.522316568924978        4.1949978291107248               97          11
 ../915_seed.dataconnected          30  0.29109912725843973       0.64277875225522141        8.7329738177531926        19.283362567656642       0.31300755396468555        9.3902266189405665        54.064230564401754        25.967725158297984              113          10
 ../916_seed.dataconnected          56  0.30981410275700183       0.68021666061965325        17.349589754392102        38.092132994700584       0.34851266938440700        19.516709485526793        63.120615723801919        37.830007673318072              119          12
 ../917_seed.dataconnected          20  0.30967688709777602       0.68437304083037909        6.1935377419555202        13.687460816607581       0.39678449838821489        7.9356899677642980        35.083622343708015        13.754497198054432               84          11
 ../918_seed.dataconnected          18  0.30922231923889965       0.71220765188014579        5.5660017463001932        12.819737733842624       0.37472236588691443        6.7450025859644596        33.478534097255384        12.312643353709984               62           8
 ../919_seed.dataconnected          14  0.36373733637778366       0.80475200969810512        5.0923227092889709        11.266528135773472       0.41413667725914011        5.7979134816279618        21.876761578296289        5.7805681664553941               50           7
 ../920_seed.dataconnected          22  0.32539056186005405       0.71656628835722769        7.1585923609211894        15.764458343859008       0.36347007949314025        7.9963417488490851        33.403347427227182        12.484346877970712               89          14
 ../921_seed.dataconnected          18  0.30995795604475446       0.69891290316315113        5.5792432088055799        12.580432256936721       0.37422080458789247        6.7359744825820647        23.211142609230919        7.7354575655799094               80          17
 ../922_seed.dataconnected          58  0.30924463463930185       0.69758645879376091        17.936188809079507        40.460014610038129       0.36213501500109624        21.003830870063581        110.92553506478568        75.342462125342124              101           4
 ../923_seed.dataconnected          54  0.30990117652437110       0.72383068335464562        16.734663532316041        39.086856901150867       0.34311359285044385        18.528134013923967        88.300211744995536        58.936998096920632              123          29
 ../924_seed.dataconnected          14  0.38472875043722560       0.86003148029713994        5.3862025061211583        12.040440724159959       0.41833616428671505        5.8567063000140109        14.800373673146900        3.8231192395918132               89          12
 ../925_seed.dataconnected           7  0.35951418817535147       0.84905599180420088        2.5165993172274601        5.9433919426294057       0.48848098063520556        3.4193668644464390        8.5945302454922192        1.3056494550497397               49           7
 ../926_seed.dataconnected          49  0.25060397953765007       0.58575470855475087        12.279594997344853        28.701980719182792       0.26814372658788616        13.139042602806422        88.326610652477285        52.479420373578563               92           9
 ../927_seed.dataconnected          44  0.30515510716824945       0.65325902159314908        13.426824715402976        28.743396950098560       0.35273291742462420        15.520248366683465        64.490285312889938        37.294005265988382              158          34
 ../928_seed.dataconnected          29  0.36691198823791987       0.79785083464267459        10.640447658899676        23.137674204637563       0.41223120439780364        11.954704927536305        38.169245112667440        13.807196189913499              123          23
 ../929_seed.dataconnected          27  0.33355929147195457       0.72835112184593476        9.0061008697427738        19.665480289840239       0.43494414153494815        11.743491821443600        40.432086247051615        15.373215577977986              112          18
 ../930_seed.dataconnected          27  0.36000872377829407       0.79645506317392400        9.7202355420139401        21.504286705695947       0.38514696422957706        10.398968034198580        34.809946626556069        13.377448452562815               97          24
 ../931_seed.dataconnected          53  0.33309339912582686       0.73052052872633311        17.653950153668823        38.717588022495654       0.39042135102068165        20.692331604096129        78.434192546367598        53.133194297829270              130          17
 ../932_seed.dataconnected          42  0.23689582516736946       0.52444025133239691        9.9496246570295170        22.026490555960670       0.29409022393649448        12.351789405332768        100.71455949798602        64.600308282249074              104          17
 ../933_seed.dataconnected          20  0.34992912732286252       0.74018493816091335        6.9985825464572500        14.803698763218268       0.46752756369770349        9.3505512739540695        41.136974419317760        16.901407988518510               93          14
 ../934_seed.dataconnected          18  0.30920063004713888       0.66362619724037963        5.5656113408485002        11.945271550326833       0.43842302597003274        7.8916144674605890        31.253081195385867        10.313993366412605              124          12
 ../935_seed.dataconnected          12  0.40260205433236085       0.86107853032580273        4.8312246519883306        10.332942363909632       0.46627239430149725        5.5952687316179670        13.566518858440595        2.9467432398092961               80          11
 ../936_seed.dataconnected          17  0.27724265116272739       0.62102506205352048        4.7131250697663658        10.557426054909849       0.34492720986914788        5.8637625677755141        31.469024528695247        9.8312952418855382               68           9
 ../937_seed.dataconnected          44  0.30551211165301184       0.65873845084471028        13.442532912732521        28.984491837167251       0.37274021725847645        16.400569559372965        66.819942750504282        38.999024136374885              108           9
 ../938_seed.dataconnected          19  0.31069715482393889       0.73781123823384165        5.9032459416548386        14.018413526442991       0.35365873671823517        6.7195159976464680        26.141887433042356        7.4540440413723523              108          11
 ../939_seed.dataconnected          43  0.30479405216288641       0.69629256964641784        13.106144243004115        29.940580494795967       0.33043917568962755        14.208884554653984        74.295656018954560        43.447394911619355               96          11
 ../940_seed.dataconnected          17  0.33090807860782118       0.73169888856320919        5.6254373363329604        12.438881105574556       0.41219424040709907        7.0073020869206841        30.814393926999383        10.738993029249910               92          15
 ../941_seed.dataconnected          24  0.30389643056348892       0.71499877817048907        7.2935143335237340        17.159970676091739       0.35909458263349103        8.6182699832037848        38.366768662933453        15.926254513552278               91          12
 ../942_seed.dataconnected          35  0.27199344351865651       0.63868630291586170        9.5197705231529781        22.354020602055158       0.33196805385402278        11.618881884890797        82.748591081974951        48.486190184587976               76           6
 ../943_seed.dataconnected          21  0.28346473930049798       0.64941323312648935        5.9527595253104577        13.637677895656276       0.30423278197173176        6.3888884214063673        43.437734530830873        19.418042422637047               91          20
 ../944_seed.dataconnected          23  0.34889457616650060       0.78312056611575165        8.0245752518295141        18.011773020662289       0.41685500669526604        9.5876651539911197        27.261847022139921        10.505864542282238              111          15
 ../945_seed.dataconnected          74  0.28369343929808427       0.62687185400098400        20.993314508058237        46.388517196072819       0.32462253844190375        24.022067844700878        99.972095805841491        75.618681497611476              134          10
 ../946_seed.dataconnected          69  0.29015674200361263       0.63514539959905580        20.020815198249270        43.825032572334848       0.33391873662766786        23.040392827309081        81.627650349194880        51.298405802230967              117          17
 ../947_seed.dataconnected          40  0.26432777786819101       0.60034543191120548        10.573111114727640        24.013817276448219       0.33985575305768168        13.594230122307266        60.486862201861115        31.981724795245643               79           6
 ../948_seed.dataconnected          18  0.32393360423300327       0.76612159385269951        5.8308048761940592        13.790188689348591       0.39303367033501263        7.0746060660302277        22.157907479387369        7.2998596156357314               78          12
 ../949_seed.dataconnected          30  0.32808540643598100       0.74301359866106098        9.8425621930794307        22.290407959831828       0.38233705997086592        11.470111799125977        39.657368896676417        18.739896949470719              127          10
 ../950_seed.dataconnected          21  0.35294793175933076       0.77161961993267580        7.4119065669459463        16.204012018586191       0.40844512054558108        8.5773475314572032        25.200902002702097        9.2697606462675726               69           7
 ../951_seed.dataconnected          19  0.35183614004015346       0.78173367489351742        6.6848866607629160        14.852939822976831       0.44835239781128489        8.5186955584144126        25.783072416065430        8.1571353149777721               88          18
 ../952_seed.dataconnected          40  0.28137410801006507       0.61310080728910421        11.254964320402603        24.524032291564168       0.31568951996192463        12.627580798476984        55.611992003834217        30.462792001135906              119           9
 ../953_seed.dataconnected          53  0.31445318471795597       0.71207065575018269        16.666018790051666        37.739744754759684       0.35235739799506904        18.674942093738661        71.532503162440733        43.777579242048269               86           5
 ../954_seed.dataconnected          50  0.28056250945361866       0.62609704667927035        14.028125472680934        31.304852333963517       0.34071143827114203        17.035571913557103        84.480175716184505        52.559256909512520              104           6
 ../955_seed.dataconnected          48  0.34816927572108297       0.78481129049388876        16.712125234611982        37.670941943706659       0.37559851617917794        18.028728776600541        66.341968646384402        40.822408857729442              103          10
 ../956_seed.dataconnected          34  0.25333139111056990       0.56130880832452379        8.6132672977593767        19.084499483033809       0.32273204246773279        10.972889443902915        58.458086944386352        28.070607173075047              110          11
 ../957_seed.dataconnected          53  0.29732158474046710       0.67996479419447897        15.758043991244756        36.038134092307388       0.36235565500067457        19.204849715035753        77.521442564799713        44.793174626872322              143          19
 ../958_seed.dataconnected          16  0.32651970783886947       0.75341950846574479        5.2243153254219115        12.054712135451917       0.37905143881315584        6.0648230210104934        25.909808565858469        5.8164288346432489               88          15
 ../959_seed.dataconnected          14  0.31372210016061369       0.72336395653243457        4.3921094022485914        10.127095391454084       0.41558017135312597        5.8181223989437640        23.739215372588315        6.8725272988578334               78          13
 ../960_seed.dataconnected          33  0.29402599714308991       0.64514786563872017        9.7028579057219666        21.289879566077765       0.33617787112151465        11.093869747009983        46.575863902849527        21.067664641869797              112           8
 ../961_seed.dataconnected          18  0.38151034812403578       0.85073830520576754        6.8671862662326442        15.313289493703817       0.44843478231889145        8.0718260817400456        22.980466203630392        7.4192057717590627               77           5
 ../962_seed.dataconnected          54  0.31904125687586660       0.70524216268496931        17.228227871296795        38.083076784988343       0.35363616025797978        19.096352653930907        69.353716351504517        44.744554882735947              101           6
 ../963_seed.dataconnected          65  0.35268786922873091       0.77063740520901536        22.924711499867509        50.091431338585998       0.40537688132564120        26.349497286166677        80.388733152038640        56.014933283524641              143          18
 ../964_seed.dataconnected          29  0.29280545469096703       0.63568286950205677        8.4913581860380436        18.434803215559647       0.34151518053438862        9.9039402354972701        55.627161581976743        25.533299119352545               95          13
 ../965_seed.dataconnected          74  0.28528952378197475       0.64295748810558495        21.111424759866132        47.578854119813286       0.32779190944289416        24.256601298774168        103.92933221110417        77.795220042394718              125          17
 ../966_seed.dataconnected          18  0.30902657204633266       0.67365255931817658        5.5624782968339881        12.125746067727178       0.36258572134109857        6.5265429841397742        27.476464551246046        9.4382937926061743               59          11
 ../967_seed.dataconnected          43  0.26127352606359799       0.58928892687327361        11.234761620734714        25.339423855550766       0.32620815950060783        14.026950858526137        69.451437820696071        41.471056064156130               87           6
 ../968_seed.dataconnected          37  0.32712633364795340       0.74488699798767377        12.103674344974277        27.560818925543931       0.39503991054837911        14.616476690290026        64.541811259381461        33.566760928808755               85          11
 ../969_seed.dataconnected          59  0.24826973878721484       0.54863032041011339        14.647914588445676        32.369188904196690       0.29651932622443394        17.494640247241602        126.04428194488482        83.211192356510509              140          14
 ../970_seed.dataconnected          48  0.34693735705378886       0.76464469449446604        16.652993138581866        36.702945335734370       0.42277899728307916        20.293391869587801        67.948393423076524        39.664473767112675               95           7
 ../971_seed.dataconnected          74  0.20076763680906809       0.43392124334919840        14.856805123871039        32.110172007840681       0.25053365466965766        18.539490445554666        131.49299804751962        100.17475191739918              131           8
 ../972_seed.dataconnected          20  0.28651435594613373       0.63608930135350872        5.7302871189226749        12.721786027070173       0.36946590879291319        7.3893181758582642        31.831187599760163        11.542753663383664              109          13
 ../973_seed.dataconnected          34  0.33752850259399653       0.72907848366667105        11.475969088195882        24.788668444666815       0.37192970453349278        12.645609954138754        48.584339399341694        23.456753231939953               80           6
 ../974_seed.dataconnected          25  0.34602863482273993       0.76716666213224649        8.6507158705684990        19.179166553306164       0.41956675271670224        10.489168817917555        35.043954306940854        14.954920053392444               80           4
 ../975_seed.dataconnected          18  0.34014312350010500       0.79006103845511122        6.1225762230018903        14.221098692192001       0.36639219186407657        6.5950594535533780        20.086156021207309        5.2742245281621312               72          14
 ../976_seed.dataconnected          31  0.35103549789758304       0.78822576321555193        10.882100434825075        24.434998659682108       0.40928417175764426        12.687809324486972        38.414066991987831        17.328268557371675              102          19
 ../977_seed.dataconnected          19  0.31053594675210522       0.71048517753945251        5.9001829882899992        13.499218373249597       0.42136420223223026        8.0059198424123750        32.578026127368638        11.213023849370217               70           9
 ../978_seed.dataconnected          24  0.26812740586907940       0.61022613160028161        6.4350577408579053        14.645427158406758       0.34325530254984377        8.2381272611962508        42.555987408936673        20.601209537901891               85          16
 ../979_seed.dataconnected          54  0.21768616029774712       0.47539055878421749        11.755052656078345        25.671090174347743       0.27420223843577557        14.806920875531882        94.029309817142490        58.947869685213050              103          15
 ../980_seed.dataconnected          13  0.31654807593618256       0.72676308314646865        4.1151249871703737        9.4479200809040922       0.38913222874817938        5.0587189737263323        18.285613166029108        4.7362329769005003              102          12
 ../981_seed.dataconnected          69  0.35441293082646974       0.77424867150106580        24.454492227026414        53.423158333573539       0.39959167671140838        27.571825693087177        86.633951256623973        59.556244543719252              104           7
 ../982_seed.dataconnected          22  0.33838946809526749       0.76353376801364903        7.4445682980958843        16.797742896300278       0.40747983112562469        8.9645562847637432        31.169153365756287        12.526346319013415              103          21
 ../983_seed.dataconnected          48  0.29474910923554953       0.66830884274466384        14.147957243306378        32.078824451743863       0.34278956930203580        16.453899326497719        83.570519434358985        47.929305014900883              112          16
 ../984_seed.dataconnected          55  0.28526626622812229       0.65671673640466144        15.689644642546726        36.119420502256382       0.32631858891884280        17.947522390536353        66.204452509076702        38.485291733322626              138          11
 ../985_seed.dataconnected          33  0.29288895895011130       0.66105846836093651        9.6653356453536734        21.814929455910907       0.35103340419838802        11.584102338546804        57.399934977617576        31.887108237176658              119          11
 ../986_seed.dataconnected          30  0.34864009000167373       0.75657617387325493        10.459202700050213        22.697285216197649       0.42076676079300435        12.623002823790131        40.775362687041628        18.541161133420182              101          15
 ../987_seed.dataconnected          37  0.30672551196218045       0.66914637488675377        11.348843942600677        24.758415870809891       0.36620608797891324        13.549625255219789        69.155884236721704        40.860292762646125              138          24
 ../988_seed.dataconnected          27  0.30579516674028229       0.69293728100711138        8.2564695019876222        18.709306587192007       0.35837781836055277        9.6762010957349247        40.387223242809107        19.648766363638515               85          15
 ../989_seed.dataconnected          16  0.34144369266473462       0.76516811866108114        5.4630990826357539        12.242689898577298       0.40628856252874707        6.5006170004599531        27.067308236138651        8.2864046295929921               66          15
 ../990_seed.dataconnected          23  0.26705274422720454       0.62470043871855097        6.1422131172257046        14.368110090526672       0.36716142813587405        8.4447128471251034        31.879305102909008        13.515913772245986               87           7
 ../991_seed.dataconnected          26  0.25771977552719721       0.58329092715521336        6.7007141637071275        15.165564106035546       0.35304024205622442        9.1790462934618340        53.796676679281049        27.007214960469121              118          19
 ../992_seed.dataconnected          22  0.30058866056881661       0.67594292302212045        6.6129505325139650        14.870744306486650       0.35243539273446967        7.7535786401583326        36.004234875051161        13.171082910842143               73          11
 ../993_seed.dataconnected          36  0.22692642584871706       0.53626838975641733        8.1693513305538143        19.305662031231023       0.27749974777396341        9.9899909198626826        60.757730832298122        31.949317712000777              113          23
 ../994_seed.dataconnected          30  0.26746266190467033       0.60649847334620921        8.0238798571401091        18.194954200386277       0.30398581431382005        9.1195744294146017        44.389020157449039        19.911956607637762               98          10
 ../995_seed.dataconnected          27  0.34079572235276429       0.74828469089420124        9.2014845035246360        20.203686654143432       0.39406657691762209        10.639797576775797        28.246042193307787        11.251642152691593              121          12
 ../996_seed.dataconnected          60  0.29536274068695251       0.66148401052624561        17.721764441217150        39.689040631574734       0.33491019625268381        20.094611775161027        72.532838799793169        48.062937775673447              122          11
 ../997_seed.dataconnected          62  0.33987546913526390       0.75303162026206749        21.072279086386363        46.687960456248184       0.40238633070050556        24.947952503431345        96.236023813915551        65.913790196721152              102          13
 ../998_seed.dataconnected          19  0.27469185029681048       0.63130547352629418        5.2191451556393993        11.994803996999590       0.36928269849897594        7.0163712714805424        40.512514890548331        13.049518762641418               88          19
 ../999_seed.dataconnected          18  0.32577091132225350       0.73366574331145906        5.8638764038005631        13.205983379606263       0.42990905123424522        7.7383629222164139        30.189843080737280        10.206488482912286               77          10
 ../1000_seed.dataconnected         118  0.30608957737843334       0.66337747412324399        36.118570130655137        78.278541946542788       0.33704021269872392        39.770745098449424        130.67505992807733        115.15713196181531              194          41
 ../1001_seed.dataconnected          24  0.31368682121118102       0.66207959048950671        7.5284837090683450        15.889910171748161       0.38565341555250648        9.2556819732601561        37.661854366869989        11.330945707332544              127          12
 ../1002_seed.dataconnected          59  0.29625147868413326       0.68926027832179093        17.478837242363863        40.666356420985664       0.34760221344052616        20.508530592991043        86.579985071161047        58.636268460884452               95           5
 ../1003_seed.dataconnected          36  0.30296777071689118       0.69119438519799559        10.906839745808082        24.882997867127841       0.38021997017473647        13.687918926290513        47.550022449442132        23.987212810219969              116          14
 ../1004_seed.dataconnected          43  0.27953221092579406       0.64269755117501326        12.019885069809144        27.635994700525572       0.34908453000319267        15.010634790137285        92.334461965577418        50.477822680299134              109          16
 ../1005_seed.dataconnected          56  0.29791247472390942       0.68129307453915589        16.683098584538929        38.152412174192733       0.32797380588794195        18.366533129724750        65.900003351122038        40.950077896053727              139          14
 ../1006_seed.dataconnected          43  0.26523601130535601       0.57255356820448122        11.405148486130308        24.619803432792693       0.31736984917147787        13.646903514373548        74.705593387091668        45.503239399680893               72           7
 ../1007_seed.dataconnected          33  0.24332031861913683       0.54972056918257517        8.0295705144315157        18.140778783024981       0.31749336134722134        10.477280924458304        64.006310936957405        35.112305348324455               80          11
 ../1008_seed.dataconnected          10  0.36810384927100720       0.78648940111633869        3.6810384927100719        7.8648940111633872       0.48536965557597761        4.8536965557597762        12.546547088717077        2.8314416714319743               74           9
 ../1009_seed.dataconnected          25  0.32784194503247693       0.73220768156488658        8.1960486258119225        18.305192039122165       0.43534155853977397        10.883538963494349        46.147192947869243        19.539331799007705              114          19
 ../1010_seed.dataconnected          27  0.31104985149420972       0.69336326596977460        8.3983459903436621        18.720808181183916       0.34691945466519636        9.3668252759603021        45.058914049642539        19.912558002543502               90           7
 ../1011_seed.dataconnected          14  0.37047997266577831       0.81016950370906393        5.1867196173208967        11.342373051926895       0.43791470567302776        6.1308058794223887        19.417521090425854        4.6056425743630829               90          14
 ../1012_seed.dataconnected          18  0.32179625970256304       0.72770422149611269        5.7923326746461345        13.098675986930029       0.38406810502576644        6.9132258904637958        27.888963230927395        9.5328955511260869               95          17
 ../1013_seed.dataconnected          29  0.31587518509757040       0.70867889508682136        9.1603803678295410        20.551687957517821       0.37835706433238386        10.972354865639131        49.174046796751711        20.200118266282246               99          23
 ../1014_seed.dataconnected          14  0.33346716124070713       0.77457577616375251        4.6685402573698997        10.844060866292535       0.43335632355946135        6.0669885298324591        20.724076047388049        5.3028093907857672               86          11
 ../1015_seed.dataconnected          22  0.37721335370089343       0.83561958841799011        8.2986937814196562        18.383630945195783       0.45011690805926480        9.9025719773038254        23.588568979169789        7.8436018779481680               97          17
 ../1016_seed.dataconnected          23  0.34822349194335123       0.78138149779718646        8.0091403146970777        17.971774449335289       0.38201787540414850        8.7864111342954150        24.559761185525566        9.1941453122196322               82          23
 ../1017_seed.dataconnected          17  0.31819593832024107       0.71482169653084493        5.4093309514440984        12.151968841024363       0.37240220468029894        6.3308374795650817        26.958634123504908        9.4238166183873275               98          12
 ../1018_seed.dataconnected          21  0.33522777707019585       0.75500536963490594        7.0397833184741128        15.855112762333025       0.44712663159510851        9.3896592634972791        44.299275425426039        19.112510287850768              104          11
 ../1019_seed.dataconnected          78  0.27541301911283433       0.63275629244933862        21.482215490801078        49.354990811048410       0.32127448373791984        25.059409731557746        111.07704707212642        88.480969069003407              113           8
 ../1020_seed.dataconnected          39  0.26619005773818094       0.61174084983610788        10.381412251789056        23.857893143608209       0.29454715816219712        11.487339168325688        77.608936665414731        38.751556711012640              146          22
 ../1021_seed.dataconnected          26  0.34963527572998365       0.77064071134700285        9.0905171689795754        20.036658495022074       0.39429487568390115        10.251666767781430        35.811898146740852        15.366940692864716               62           4
 ../1022_seed.dataconnected          46  0.32196840873674082       0.68948543622835889        14.810546801890078        31.716330066504508       0.39276931967991835        18.067388705276244        65.203851499304463        39.472517895688448               96          29
 ../1023_seed.dataconnected          62  0.29303050272988640       0.65717890619812480        18.167891169252957        40.745092184283735       0.31890575464792120        19.772156788171113        100.86280087563604        72.365105924986921              120          17
 ../1024_seed.dataconnected          15  0.29397040313033618       0.67772338549012279        4.4095560469550428        10.165850782351843       0.41422367072026939        6.2133550608040409        23.629145209950263        6.0183480557467028               77           7
 ../1025_seed.dataconnected          29  0.30325876991337308       0.66025481685848919        8.7945043274878199        19.147389688896187       0.36558834172108168        10.602061909911368        62.066537943131259        28.346680661197237               92           6
 ../1026_seed.dataconnected          25  0.32164380130501752       0.72621701348572310        8.0410950326254387        18.155425337143079       0.40160670542478749        10.040167635619687        42.243777705230968        19.164768144696094              113          13
 ../1027_seed.dataconnected          29  0.28943507192765433       0.63228468706492413        8.3936170859019761        18.336255924882799       0.32719646159473481        9.4886973862473099        50.103267738728881        23.198971575651392               73           6
 ../1028_seed.dataconnected          26  0.31099471116933308       0.68650933770907996        8.0858624904026595        17.849242780436079       0.37840848241897695        9.8386205428934002        52.402221067485868        25.392142688493429               94          10
 ../1029_seed.dataconnected          28  0.28279505829592649       0.62824983556755143        7.9182616322859420        17.590995395891440       0.32920938263562610        9.2178627137975315        45.162805994071356        21.550833946977946               71           6
 ../1030_seed.dataconnected          58  0.28748026594897902       0.62400690228694744        16.673855425040784        36.192400332642954       0.34555259999645960        20.042050799794655        84.390392327015945        58.485235285632292              106          10
 ../1031_seed.dataconnected          34  0.34296888875052206       0.75771774017893434        11.660942217517750        25.762403166083768       0.39975893228856174        13.591803697811098        43.175061068054397        20.816296205921425              118          22
 ../1032_seed.dataconnected          66  0.30239434807839255       0.66349345291547190        19.958026973173908        43.790567892421144       0.35244849854100235        23.261600903706157        118.12905245450514        96.482413615516904              141          15
 ../1033_seed.dataconnected          45  0.30842130381861593       0.70745698332881579        13.878958671837717        31.835564249796711       0.34808943641741158        15.664024638783522        63.207634245399142        36.665780142181134              128          15
 ../1034_seed.dataconnected          19  0.36754782298379729       0.80456124602034418        6.9834086366921486        15.286663674386539       0.45474615779766875        8.6401769981557059        21.057144276110275        5.6159098376548036              114          15
 ../1035_seed.dataconnected          38  0.31728714230713007       0.68372303129808021        12.056911407670942        25.981475189327050       0.40184410358288181        15.270075936149508        61.427216776194392        35.343021199243388              116          29
 ../1036_seed.dataconnected          60  0.25340800961573445       0.57083630363943316        15.204480576944068        34.250178218365988       0.31409359035879003        18.845615421527402        122.89348486133451        92.379671252384426               85           3
 ../1037_seed.dataconnected          35  0.25836604487157705       0.59735882632672233        9.0428115705051972        20.907558921435282       0.31462104603511948        11.011736611229182        69.527394539805755        36.287720140515162              127          10
 ../1038_seed.dataconnected          32  0.33486321418812137       0.75742696038186130        10.715622854019884        24.237662732219562       0.40525493667719220        12.968157973670150        63.117361454169952        30.857721086222654              133          28
 ../1039_seed.dataconnected          64  0.30945456055759024       0.70540006567844338        19.805091875685775        45.145604203420376       0.34314657070008986        21.961380524805751        81.344984821832810        54.522475690264720              125           9
 ../1040_seed.dataconnected          65  0.30898656118763418       0.70525074534403998        20.084126477196222        45.841298447362597       0.33109174819293813        21.520963632540980        72.316338520998158        43.443601813126797              129          17
 ../1041_seed.dataconnected          28  0.36220703521946801       0.78091266380298074        10.141796986145104        21.865554586483462       0.39854052767815717        11.159134774988400        30.132064901581295        12.526568132734177               78           8
 ../1042_seed.dataconnected          69  0.32658393913844597       0.71157568785965908        22.534291800552772        49.098722462316474       0.36602143085146899        25.255478728751360        97.247566763609797        65.359180723182035              135          19
 ../1043_seed.dataconnected          19  0.39431708053584369       0.85512539409426802        7.4920245301810304        16.247382487791093       0.46309326368411646        8.7987720099982134        19.988260108039238        6.9138257471972659               99          12
 ../1044_seed.dataconnected          42  0.31278326812520718       0.71058746723028288        13.136897261258701        29.844673623671881       0.36006826044618240        15.122866938739660        52.372764254699263        28.347090417409774               99          13
 ../1045_seed.dataconnected          53  0.31429234778447651       0.69695682038821116        16.657494432577256        36.938711480575193       0.34347924883907704        18.204400188471084        76.878005831521946        46.788950824968943              113           8
 ../1046_seed.dataconnected          19  0.34535429758560415       0.76476033321255021        6.5617316541264792        14.530446331038455       0.38065997078857533        7.2325394449829314        28.969073054422989        9.0054583758053415              110          13
 ../1047_seed.dataconnected          42  0.25407369636169153       0.57729215818349011        10.671095247191044        24.246270643706584       0.30387174747440060        12.762613393924825        68.029495052810375        38.203640034630808              107           9
 ../1048_seed.dataconnected          51  0.24010749683028132       0.53701265158610145        12.245482338344347        27.387645230891174       0.28052730124281788        14.306892363383712        95.442623481861446        60.697830951678590               99           8
 ../1049_seed.dataconnected          60  0.23488180659136765       0.50737061213103696        14.092908395482059        30.442236727862216       0.24484165683450015        14.690499410070009        88.774818340612228        57.723347386589211              102           5
 ../1050_seed.dataconnected          24  0.32806514222413286       0.74008810909135325        7.8735634133791885        17.762114618192477       0.40495320355743752        9.7188768853785010        35.563657713252340        12.976356409005659               85          22
 ../1051_seed.dataconnected          19  0.33347784326266289       0.76125711423177922        6.3360790219905949        14.463885170403806       0.39185491028348374        7.4452432953861907        27.483468506318438        10.025280978115232               72           9
 ../1052_seed.dataconnected          55  0.32312079993702786       0.71787508114570786        17.771643996536532        39.483129463013931       0.35613264919579746        19.587295705768859        59.551156977364734        36.385058789208159              107          20
 ../1053_seed.dataconnected          20  0.35061481525871691       0.80662647149685041        7.0122963051743383        16.132529429937009       0.48006574841952032        9.6013149683904064        35.931871507440910        11.021430532153383               94          17
 ../1054_seed.dataconnected          35  0.35955374793613581       0.80909158976113171        12.584381177764753        28.318205641639612       0.42004367039691687        14.701528463892091        39.928107996675926        19.044679287894009               88          11
 ../1055_seed.dataconnected          42  0.28440919367476564       0.65492312009482734        11.945186134340156        27.506771043982749       0.30540936134663665        12.827193176558740        70.473082446584698        40.474833184637390               99          13
 ../1056_seed.dataconnected          51  0.29702868648163311       0.66726926565017564        15.148463010563288        34.030732548158959       0.32947479836791543        16.803214716763687        62.435614166731952        39.315485694877317              134          15
 ../1057_seed.dataconnected          61  0.27326832622325442       0.59015433508699255        16.669367899618521        35.999414440306545       0.34528265740066766        21.062242101440727        98.703036478607032        69.988859161564932               98          11
 ../1058_seed.dataconnected          27  0.23386478198232419       0.50839595728562403        6.3143491135227530        13.726690846711849       0.24453241191039549        6.6023751215806783        55.465387480770119        23.584564439978212              109          11
 ../1059_seed.dataconnected          20  0.32720060920272848       0.76049279401096892        6.5440121840545693        15.209855880219379       0.41437477592854216        8.2874955185708430        29.412693997581766        10.237699370284872               70          14
 ../1060_seed.dataconnected          45  0.26486080434693188       0.62684920094203278        11.918736195611935        28.208214042391475       0.31414154246043302        14.136369410719485        76.460061500435245        42.324197408749164              131           7
 ../1061_seed.dataconnected          18  0.31565311966339571       0.71052567379156295        5.6817561539411230        12.789462128248132       0.39327829468837888        7.0790093043908202        28.758315481058947        8.8188835626768682               84          15
 ../1062_seed.dataconnected          28  0.31694803028058172       0.70114170714746460        8.8745448478562885        19.631967800129008       0.36730347740766833        10.284497367414714        36.067902305593094        16.072085020661635               74          13
 ../1063_seed.dataconnected          27  0.34179344912883375       0.75947261526854404        9.2284231264785106        20.505760612250690       0.43251947356947451        11.678025786375812        39.385705962416083        15.657437718972798               95           7
 ../1064_seed.dataconnected           9  0.29538618786542348       0.64817351071703067        2.6584756907888112        5.8335615964532757       0.36005986413454288        3.2405387772108858        12.798776897278476        2.0738932212918408               65           8
 ../1065_seed.dataconnected          44  0.34110237488911455       0.76450515131157104        15.008504495121040        33.638226657709126       0.39566607288362254        17.409307206879390        49.118493062287172        27.782081380581229              106          11
 ../1066_seed.dataconnected          39  0.31820648742577928       0.71770675342293644        12.410053009605392        27.990563383494521       0.36736934484129852        14.327404448810642        48.749895627697583        24.574396112393405              143          32
 ../1067_seed.dataconnected          43  0.24113616812585653       0.53734531873794711        10.368855229411832        23.105848705731727       0.30173790873821965        12.974730075743445        90.501680648781232        60.151434611375613              105          10
 ../1068_seed.dataconnected          26  0.31014370523966028       0.67091553106751811        8.0637363362311678        17.443803807755472       0.35602343189613089        9.2566092292994036        40.903891761353563        17.837044740758813              114          12
 ../1069_seed.dataconnected          71  0.28144325136692622       0.62837916204540467        19.982470847051761        44.614920505223729       0.32909230473237044        23.365553635998303        93.714575435127259        63.391275038881382              133          18
 ../1070_seed.dataconnected          71  0.30168090704465428       0.68725712304282394        21.419344400170452        48.795255736040502       0.34680329327364223        24.623033822428599        98.718868716856278        69.857527049655886              109          10
 ../1071_seed.dataconnected          49  0.30557105731411838       0.71353671326681745        14.972981808391800        34.963298950074055       0.34068919583864288        16.693770596093501        83.808628007440817        53.075033341265744              102           5
 ../1072_seed.dataconnected          13  0.29902115291377013       0.67215553407702611        3.8872749878790116        8.7380219430013391       0.36665947405294030        4.7665731626882240        24.349458017806466        4.5599578986034883               99          12
 ../1073_seed.dataconnected          21  0.29895519559707290       0.64574982358528898        6.2780591075385308        13.560746295291068       0.33514233943524430        7.0379891281401301        26.127066638496572        8.9072416325317647               94          12
 ../1074_seed.dataconnected          16  0.29698551146273527       0.65623116750203814        4.7517681834037644        10.499698680032610       0.38902308294975430        6.2243693271960687        29.157683807265471        7.2782664748932531               96          15
 ../1075_seed.dataconnected          27  0.28635420607837303       0.63316823142497736        7.7315635641160716        17.095542248474388       0.38239264819969959        10.324601501391889        48.191754352731209        22.727363169172456               80           5
 ../1076_seed.dataconnected          30  0.27411258245357245       0.61020766104079693        8.2233774736071741        18.306229831223909       0.31160779470757993        9.3482338412273975        53.503481173645746        23.345466449221696               68           6
 ../1077_seed.dataconnected          28  0.34172142438984571       0.80766704175721771        9.5681998829156800        22.614677169202096       0.41614308916174342        11.652006496528816        35.529833024063961        15.027415847812515               76           8
 ../1078_seed.dataconnected          77  0.32494862541906228       0.71797444746644767        25.021044157267795        55.284032454916471       0.34571610857688290        26.620140360419985        105.00647660901402        83.228554445190838              117           6
 ../1079_seed.dataconnected          32  0.31408870532599537       0.69535648730629396        10.050838570431852        22.251407593801407       0.36157087264118387        11.570267924517884        46.437886177106819        19.871091278592800              124          12
 ../1080_seed.dataconnected          54  0.34063339861121072       0.78056230190384157        18.394203525005381        42.150364302807446       0.38620566849539961        20.855106098751580        58.976920926186949        35.270001499270975              110          16
 ../1081_seed.dataconnected          66  0.25737366690418850       0.58333416210074807        16.986662015676441        38.500054698649372       0.28917549946651810        19.085582964790195        115.55080022541493        87.699403803433441              133          27
 ../1082_seed.dataconnected          16  0.34846261100464815       0.80943836604724673        5.5754017760743704        12.951013856755948       0.46636455992824516        7.4618329588519225        25.340556554384790        7.7769780919076421              107          12
 ../1083_seed.dataconnected          41  0.24051854274324216       0.55581302994998094        9.8612602524729294        22.788334227949218       0.29325772783791310        12.023566841354437        71.552079408434196        46.302249899969063              115          20
 ../1084_seed.dataconnected          21  0.29080121136601295       0.64501206200427952        6.1068254386862719        13.545253302089870       0.36252369604279105        7.6129976168986122        30.397294822873405        7.9750323298021328               75          14
 ../1085_seed.dataconnected          16  0.29795950449186076       0.73665273089924510        4.7673520718697722        11.786443694387922       0.37667346516574313        6.0267754426518900        31.141142760502721        10.647385796988488               70          14
 ../1086_seed.dataconnected          36  0.39349875933451461       0.80502298226338220        14.165955336042526        28.980827361481758       0.46518531311232436        16.746671272043677        41.819077671130849        19.899771474839923               94          15
 ../1087_seed.dataconnected          33  0.25992997756748687       0.60045894050560433        8.5776892597270660        19.815145036684942       0.33862676199948255        11.174683145982923        65.609139509800656        33.671752210210443              100           8
 ../1088_seed.dataconnected          35  0.27610224714462622       0.64977816426849966        9.6635786500619183        22.742235749397487       0.31014016665581851        10.854905832953648        52.929132959119897        26.040375986464131              111          15
 ../1089_seed.dataconnected          10  0.31130135281691090       0.73552701855714653        3.1130135281691089        7.3552701855714648       0.44609426928921775        4.4609426928921776        16.348081642149037        3.1966631008044200               74           7
 ../1090_seed.dataconnected          63  0.27841599645693627       0.60337682373532486        17.540207776786986        38.012739895325467       0.33523806846466991        21.119998313274206        99.589961799544071        67.518549384087322              114           6
 ../1091_seed.dataconnected          10  0.40297402940006727       0.84302699893844146        4.0297402940006730        8.4302699893844153       0.46097199556535584        4.6097199556535582        13.011375440972504        2.4664120242280729               65           7
 ../1092_seed.dataconnected          21  0.33474748561804363       0.74158125367198036        7.0296971979789165        15.573206327111588       0.39643687377411096        8.3251743492563310        28.716641370817392        10.573403702033195               91           8
 ../1093_seed.dataconnected          18  0.23915677959917978       0.53423880506548427        4.3048220327852356        9.6162984911787177       0.38677181867215205        6.9618927360987364        37.904936019034857        13.068786039133181               70          12
 ../1094_seed.dataconnected          40  0.25992121950108732       0.61480373622151785        10.396848780043493        24.592149448860713       0.29821380259994024        11.928552103997610        63.270509934550908        32.973804152361915              123          11
 ../1095_seed.dataconnected          79  0.25708161542387392       0.57387808761479320        20.309447618486040        45.336368921568663       0.27862288945816455        22.011208267194998        114.28194177646888        84.310896585212774              119           4
 ../1096_seed.dataconnected          58  0.35729407413607278       0.79295977029601450        20.723056299892221        45.991666677168844       0.40848162473390343        23.691934234566400        63.366778873277710        39.426029595602351              107           8
 ../1097_seed.dataconnected          74  0.30728884155086461       0.67788806667493884        22.739374274763982        50.163716933945473       0.35807494023225162        26.497545577186621        120.49313426268670        95.093798942356941              157          18
 ../1098_seed.dataconnected          54  0.31945701522223063       0.69247184504708892        17.250678822000456        37.393479632542800       0.39381767962786635        21.266154699904781        69.923186560618063        42.831394530270060              138          18
 ../1099_seed.dataconnected          57  0.27799379869669111       0.61420256785847238        15.845646525711393        35.009546367932927       0.33723290594707656        19.222275638983362        126.11823854072441        85.395349367692788               91           4
 ../1100_seed.dataconnected           8  0.41616641251281594       0.86724728283840191        3.3293313001025275        6.9379782627072153       0.55956203352281508        4.4764962681825207        8.6086123838015247        1.2459326034444935               64           8
 ../1101_seed.dataconnected          65  0.27710283839192024       0.63429702180401670        18.011684495474814        41.229306417261085       0.32739934647997043        21.280957521198079        109.22022182430185        77.063506708514922              116           6
 ../1102_seed.dataconnected          23  0.39236090482057873       0.83072958178542422        9.0243008108733100        19.106780381064755       0.46528401612855524        10.701532370956771        29.066265569378334        11.116632180287846              109          20
 ../1103_seed.dataconnected          27  0.33989220939544901       0.76108102634460872        9.1770896536771236        20.549187711304434       0.38780065459016322        10.470617673934408        50.221727038036690        23.567675275330288              120          26
 ../1104_seed.dataconnected          16  0.34288415846622872       0.76954643667765465        5.4861465354596595        12.312742986842474       0.40715968474574921        6.5145549559319873        17.964634524978997        5.1129560881553635               89          10
 ../1105_seed.dataconnected          42  0.28426916599465624       0.63110678210570281        11.939304971775561        26.506484848439520       0.36757475326423911        15.438139637098043        65.392554142149450        38.958458211018758               93           6
 ../1106_seed.dataconnected          20  0.36783286744906557       0.78940531317445295        7.3566573489813116        15.788106263489059       0.45343261438150517        9.0686522876301030        29.126763968261912        10.395580360938714              103          16
 ../1107_seed.dataconnected          43  0.30926219110138664       0.68358628605881477        13.298274217359626        29.394210300529036       0.38826861581098682        16.695550479872434        68.197584114586377        36.620062257926186               92           7
 ../1108_seed.dataconnected          31  0.34508122987179768       0.74890371697970570        10.697518126025727        23.216015226370878       0.45264957931266186        14.032136958692519        45.191537416863333        21.240558845691407               94          20
 ../1109_seed.dataconnected          19  0.37104010061490145       0.81479457945432709        7.0497619116831274        15.481097009632215       0.44247059780887310        8.4069413583685897        27.449949175468483        9.6421699806790855               88          13
 ../1110_seed.dataconnected          47  0.25815173018729110       0.57965354969502492        12.133131318802681        27.243716835666170       0.31225053666268837        14.675775223146353        67.513706627637532        39.661917468189763              147          10
 ../1111_seed.dataconnected          29  0.35566493959751311       0.81056383000418242        10.314283248327881        23.506351070121291       0.39577227012512223        11.477395833628545        44.837513500786123        19.236875216877717               99          22
 ../1112_seed.dataconnected          26  0.30677992262135934       0.70088860183201762        7.9762779881553429        18.223103647632460       0.35928096809436794        9.3413051704535661        45.221930643287003        19.644932803408651               77           8
 ../1113_seed.dataconnected          57  0.31976190307057950       0.72732753781279136        18.226428475023031        41.457669655329106       0.39018317444407147        22.240440943312073        93.683291743028860        53.719904300857465              166          25
 ../1114_seed.dataconnected          56  0.30733343228832805       0.71292499776650331        17.210672208146370        39.923799874924185       0.35570155386159413        19.919287016249271        81.174680314631061        56.142077814781686               99           9
 ../1115_seed.dataconnected          82  0.26778880928939164       0.58217046840046294        21.958682361730116        47.737978408837961       0.31765218580172538        26.047479235741481        127.19970153592418        103.86705547467152              151          15
 ../1116_seed.dataconnected          56  0.31087042218403971       0.70016313934974439        17.408743642306224        39.209135803585689       0.35765264960211218        20.028548377718280        71.828124002273000        44.741349545558627              140          22
 ../1117_seed.dataconnected          11  0.38044893203877650       0.82213974722972383        4.1849382524265417        9.0435372195269625       0.49446346947535996        5.4390981642289598        11.705733614017166        2.2885933768503195               48           5
 ../1118_seed.dataconnected          40  0.26289900364595331       0.59252159637790969        10.515960145838132        23.700863855116388       0.31642522370235848        12.657008948094340        72.522981980831773        46.898524389770252              101          12
 ../1119_seed.dataconnected          51  0.31118222476688273       0.71192217471414410        15.870293463111020        36.308030910421351       0.33770248214563575        17.222826589427424        79.795615269307063        46.901584287745862              118           7
 ../1120_seed.dataconnected          13  0.35558038562047639       0.82286457303036820        4.6225450130661931        10.697239449394786       0.43384361055856646        5.6399669372613639        18.469924390093556        4.0350384543197890              121          12
 ../1121_seed.dataconnected          26  0.33025804914134060       0.72081260162692828        8.5867092776748564        18.741127642300135       0.36298313538038229        9.4375615198899396        39.038233594457921        15.988111786323994              118          15
 ../1122_seed.dataconnected          24  0.31887707896980383       0.69897158490426969        7.6530498952752914        16.775318037702473       0.40136352244490742        9.6327245386777776        37.623505657816843        14.424247774671070              118          14
 ../1123_seed.dataconnected          14  0.36678434696204054       0.85158240665828555        5.1349808574685678        11.922153693215998       0.42801556724658751        5.9922179414522247        19.692698243844571        5.0892204370683398              104          11
 ../1124_seed.dataconnected          55  0.30415588850412700       0.68970784054218948        16.728573867726986        37.933931229820423       0.34202780118054887        18.811529064930188        73.688717088352931        46.035878483895694              136          32
 ../1125_seed.dataconnected          33  0.34580434805671051       0.75668212756249364        11.411543485871446        24.970510209562292       0.41688364829773117        13.757160393825128        44.659602203453915        20.714773746293258               89           8
 ../1126_seed.dataconnected          50  0.31032330890449206       0.70009521102313843        15.516165445224603        35.004760551156920       0.37282436033051530        18.641218016525766        59.504379008558132        34.567002833275978              108           6
 ../1127_seed.dataconnected          40  0.27328892374876818       0.62196326965018645        10.931556949950727        24.878530786007460       0.29291046714089514        11.716418685635805        59.830207301038044        36.574864694890216              100           8
 ../1128_seed.dataconnected          35  0.26855355500172390       0.63004906711775943        9.3993744250603370        22.051717349121581       0.30802232943700131        10.780781530295046        60.070997478285783        31.181544194339505               90          14
 ../1129_seed.dataconnected          82  0.26364142655171557       0.59408293312924532        21.618596977240678        48.714800516598117       0.30513101624260741        25.020743331893808        165.28683675027864        153.76758293839657              147          12
 ../1130_seed.dataconnected          87  0.32348614033384909       0.72594026678486634        28.143294209044871        63.156803210283371       0.37162332392128483        32.331229181151784        108.25726936115159        84.977359106252720              130           7
 ../1131_seed.dataconnected          17  0.28807278641978379       0.67543938978766560        4.8972373691363247        11.482469626390316       0.29559499010418394        5.0251148317711269        36.810766311162567        12.201532750980668               90          11
 ../1132_seed.dataconnected          53  0.23106584271631020       0.50901550533447204        12.246489663964441        26.977821782727020       0.31621674793619653        16.759487640618417        92.031532811706967        56.342414818068050              111          17
 ../1133_seed.dataconnected          41  0.31500920272047533       0.68997026538074124        12.915377311539489        28.288780880610393       0.36554343210158385        14.987280716164937        64.539249801743921        38.333709627588398              116          10
 ../1134_seed.dataconnected          69  0.31300382651668046       0.68728288100636981        21.597264029650951        47.422518789439515       0.35224194643960388        24.304694304332667        95.527467467452652        66.318196675167016              105          11
 ../1135_seed.dataconnected          45  0.31431222111615414       0.72000752555651581        14.144049950226936        32.400338650043210       0.34836161447421832        15.676272651339824        68.763097691541603        44.127400410840629              107          23
 ../1136_seed.dataconnected          34  0.30187671815027561       0.69317742042325536        10.263808417109370        23.568032294390683       0.36541879249031189        12.424238944670604        64.693013276158752        36.892103292632854               65           6
 ../1137_seed.dataconnected          18  0.37538670377678801       0.81740862984038887        6.7569606679821845        14.713355337127000       0.50532814705508922        9.0959066469916063        20.720654564268138        6.6041424351224336               95          15
 ../1138_seed.dataconnected          17  0.36435856619809792       0.80480634428223197        6.1940956253676642        13.681707852797944       0.44400015533566073        7.5480026407062324        23.631997674709176        6.5413788961097703               69          12
 ../1139_seed.dataconnected          47  0.36335199054773226       0.80785535990985602        17.077543555743418        37.969201915763236       0.42659224482805386        20.049835506918530        61.537844252347568        36.704768587218318              126          13
 ../1140_seed.dataconnected          73  0.30376105709226753       0.68632748058474091        22.174557167735529        50.101906082686085       0.33065783169397300        24.138021713660031        117.74874979378345        93.836991249188316              126           5
 ../1141_seed.dataconnected          45  0.30079555869230823       0.66800164535509787        13.535800141153871        30.060074040979405       0.35906800410105039        16.158060184547267        69.181979313012960        38.333715882988571              115          18
 ../1142_seed.dataconnected          39  0.19107919364850171       0.43862323797389474        7.4520885522915661        17.106306280981894       0.25384817362818379        9.9000787714991674        80.388014729465496        49.823755385767960              103          12
 ../1143_seed.dataconnected          61  0.36259290674410033       0.80243049889662066        22.118167311390120        48.948260432693857       0.41926580888111065        25.575214341747749        76.763318310301699        49.374169282746685              121           6
 ../1144_seed.dataconnected          75  0.30375726161485672       0.67140068807243924        22.781794621114255        50.355051605432941       0.33857816420211156        25.393362315158367        83.733706706848139        56.625934179073838              148          10
 ../1145_seed.dataconnected          22  0.27165544186218982       0.62958427462686850        5.9764197209681758        13.850854041791107       0.36145111053389056        7.9519244317455922        40.580946929090445        16.178056084601817               67           5
 ../1146_seed.dataconnected          79  0.28443005100989466       0.64101676667968721        22.469974029781678        50.640324567695288       0.34097234483651789        26.936815242084915        142.43171621071176        122.55287459206762              125           9
 ../1147_seed.dataconnected          23  0.32114569962318357       0.74833172147969618        7.3863510913332222        17.211629594033013       0.35499114287959432        8.1647962862306702        27.790837031072865        9.7209635565872610              121          14
 ../1148_seed.dataconnected          28  0.32131805497579952       0.72233379362314742        8.9969055393223858        20.225346221448127       0.37226307626162719        10.423366135325562        41.827299766375802        15.589105389187614              104          15
 ../1149_seed.dataconnected          43  0.28269857385009772       0.67298506900287614        12.156038675554202        28.938357967123675       0.33066658994450759        14.218663367613827        83.244840982149853        50.390456983587036               96          10
 ../1150_seed.dataconnected          60  0.30217065612602634       0.67698086482823361        18.130239367561579        40.618851889694014       0.33286029235302877        19.971617541181725        95.559936956618174        69.477443853468586              101          13
 ../1151_seed.dataconnected          44  0.28012299875896368       0.64008948823193190        12.325411945394402        28.163937482205004       0.33363971013154120        14.680147245787813        66.562269835345958        38.483699883298449               94          13
 ../1152_seed.dataconnected          84  0.33515784227467776       0.76802250217797374        28.153258751072933        64.513890182949794       0.36036423176046151        30.270595467878767        92.826899780898046        68.665152032085672              127           6
 ../1153_seed.dataconnected          23  0.33647546857125993       0.74401638855235941        7.7389357771389786        17.112376936704266       0.36973208351987219        8.5038379209570607        24.943419447706422        9.5716355422696680               93          14
 ../1154_seed.dataconnected          84  0.32101521485853002       0.70533458297114315        26.965278048116520        59.248104969576026       0.36175093876031683        30.387078855866612        93.877483701529059        72.299906624551951              129          17
 ../1155_seed.dataconnected          42  0.34109903392566715       0.74436197542313065        14.326159424878020        31.263202967771488       0.39175442863271687        16.453686002574109        61.753440647371910        32.914507322470456              112           8
 ../1156_seed.dataconnected          56  0.36157585521948077       0.77475167620409202        20.248247892290923        43.386093867429153       0.42977074544424537        24.067161744877740        79.339584071677152        49.364500445210496              105           7
 ../1157_seed.dataconnected          24  0.34379898119587704       0.75815607182256928        8.2511755487010490        18.195745723741663       0.38896057550356089        9.3350538120854623        45.385921484738596        17.742391259803973               91          15
 ../1158_seed.dataconnected          23  0.32811810677180075       0.73648614324806461        7.5467164557514170        16.939181294705485       0.37732202771721957        8.6784066374960496        40.139451693991248        16.282043937317447               81           8
 ../1159_seed.dataconnected          21  0.31566064514345032       0.66655874203154708        6.6288735480124572        13.997733582662489       0.33154936864637458        6.9625367415738664        33.433060262478470        10.845696587887181               69           8
 ../1160_seed.dataconnected          19  0.35106002575460360       0.77426899521654324        6.6701404893374683        14.711110909114321       0.44529603523333539        8.4606246694333720        25.652470136834886        7.8181718556647182               94          11
 ../1161_seed.dataconnected          45  0.26632639266618174       0.59190448832558662        11.984687669978179        26.635701974651397       0.35831426691689983        16.124142011260492        74.117031916157686        46.596374502155975              161          42
 ../1162_seed.dataconnected          35  0.28890297704349244       0.67185132417795856        10.111604196522235        23.514796346228550       0.33704193504810209        11.796467726683574        63.909276667037119        34.455744749766851               93          10
 ../1163_seed.dataconnected          70  0.26476758357499974       0.61319324048749213        18.533730850249981        42.923526834124452       0.31404358191976334        21.983050734383433        162.03581882182860        139.56163279956090              124          12
 ../1164_seed.dataconnected          54  0.27172045207471801       0.62334519337897676        14.672904412034773        33.660640442464747       0.31039362040197360        16.761255501706575        97.663217941417642        72.287792818660733               90           7
 ../1165_seed.dataconnected          32  0.33865206000723580       0.77573151972481635        10.836865920231546        24.823408631194123       0.39089703292947181        12.508705053743098        46.802109684713471        24.190217205460321               79          11
 ../1166_seed.dataconnected          33  0.32365225672300851       0.73397222740151846        10.680524471859281        24.221083504250110       0.37732280991116002        12.451652727068280        56.373707383609037        29.914578377357401              106          33
 ../1167_seed.dataconnected          49  0.28604602725867018       0.64372400446703759        14.016255335674838        31.542476218884843       0.32462129158215264        15.906443287525478        117.37155972604147        80.985824701307919               88           7
 ../1168_seed.dataconnected          33  0.32501983139317286       0.74140209588216988        10.725654435974704        24.466269164111605       0.36555070788579369        12.063173360231191        44.495818336160852        18.375435410117564              103           6
 ../1169_seed.dataconnected          34  0.32641941383933820       0.74062883358214393        11.098260070537499        25.181380341792895       0.38586944234886861        13.119561039861532        40.316603943232437        19.019932964855546               84           5
 ../1170_seed.dataconnected          66  0.33901348469921344       0.75037986580984983        22.374889990148088        49.525071143450091       0.38620385758854409        25.489454600843910        75.496442285712959        50.985704620838149              139          16
 ../1171_seed.dataconnected          14  0.39204036791973146       0.84490739917910285        5.4885651508762408        11.828703588507439       0.47324072521310584        6.6253701529834821        16.264240653822608        4.4964702395432470               98          12
 ../1172_seed.dataconnected          28  0.31292663663994791       0.73098860008733324        8.7619458259185414        20.467680802445329       0.35420706100918009        9.9177977082570425        33.758492669209133        12.991394352692387               95           6
 ../1173_seed.dataconnected          37  0.37254590116867997       0.83192005753292086        13.784198343241158        30.781042128718070       0.41806675848100255        15.468470063797094        50.260739042539761        26.054621247052690               90          12
 ../1174_seed.dataconnected          78  0.22077284445785619       0.48607390286758401        17.220281867712782        37.913764423671552       0.25085513918804797        19.566700856667740        136.94810350962507        113.06787728972287              140           9
 ../1175_seed.dataconnected          69  0.28153345763423687       0.62925827583540506        19.425808576762343        43.418821032642946       0.33347648739134866        23.009877630003057        98.169576135816982        69.401446408499510              147          26
 ../1176_seed.dataconnected          28  0.30244735686664292       0.69079049014060490        8.4685259922660023        19.342133723936936       0.34997158741417778        9.7992044475969777        53.078868581383588        27.069322075256455               96           9
 ../1177_seed.dataconnected          15  0.34997967245179573       0.78674882709616922        5.2496950867769359        11.801232406442539       0.37275916660330077        5.5913874990495120        19.679799203054902        5.3134748507360925               70           7
 ../1178_seed.dataconnected          23  0.29276166946137533       0.68254904395683347        6.7335183976116326        15.698628011007170       0.31821550921316960        7.3189567119029011        39.255329186512476        16.273898119016195              108           8
 ../1179_seed.dataconnected          74  0.30836234630224330       0.66704720739347734        22.818813626366005        49.361493347117325       0.36358370311233112        26.905194030312504        95.853300920674471        65.771868335978994               99           5
 ../1180_seed.dataconnected          17  0.34387965049757763       0.75973608289716277        5.8459540584588199        12.915513409251767       0.36720650373592434        6.2425105635107139        18.219405068608111        4.2416772930192561              130          12
 ../1181_seed.dataconnected          68  0.34012987068312034       0.74783458028375827        23.128831206452183        50.852751459295561       0.38364952016027015        26.088167370898372        104.26406649346431        71.030234866632142              107           7
 ../1182_seed.dataconnected          36  0.33423975393767286       0.75922692103878153        12.032631141756223        27.332169157396134       0.41163110499738398        14.818719779905823        46.016027406943195        22.344940488715782              106           9
 ../1183_seed.dataconnected          26  0.29841777990531893       0.69021645130645704        7.7588622775382916        17.945627733967882       0.38640172177259258        10.046444766087408        42.577849532825248        19.025331747436486               90          12
 ../1184_seed.dataconnected          52  0.28822034954457038       0.65767723300091652        14.987458176317659        34.199216116047658       0.33796561449642198        17.574211953813943        88.903584869273303        58.808865592751985              117           9
 ../1185_seed.dataconnected          31  0.32077383398281062       0.70361588806208208        9.9439888534671290        21.812092529924545       0.36814562731981482        11.412514446914260        52.486089176793016        24.715304942848409               96          12
 ../1186_seed.dataconnected          15  0.35865863197044628       0.80181319392799189        5.3798794795566947        12.027197908919879       0.42487418462000248        6.3731127693000369        18.299536995980542        5.0046532096374436               72          13
 ../1187_seed.dataconnected          12  0.32786347570859448       0.76398553762581567        3.9343617085031335        9.1678264515097876       0.43454431150058720        5.2145317380070466        16.509312941649924        3.8983758139714992               55          10
 ../1188_seed.dataconnected          41  0.36866316251451692       0.81002637928201526        15.115189663095194        33.211081550562625       0.43843394022008703        17.975791549023569        59.921596081378667        34.285608281860334              111          17
 ../1189_seed.dataconnected          25  0.32571060118306200       0.73799363324723366        8.1427650295765499        18.449840831180843       0.38814818884383145        9.7037047210957859        44.760524626073824        19.532835672258738              127          17
 ../1190_seed.dataconnected          32  0.29037593020994029       0.66576682005009613        9.2920297667180893        21.304538241603076       0.33684347383365087        10.778991162676828        58.883191708396353        28.242524487764232               82          12
 ../1191_seed.dataconnected          38  0.26473484598201369       0.57431785434565075        10.059924147316520        21.824078465134729       0.33516040864377511        12.736095528463455        64.533922386309797        32.363671666946004              118          10
 ../1192_seed.dataconnected          17  0.34772196043444620       0.78948295928739631        5.9112733273855858        13.421210307885737       0.40526467206486150        6.8894994251026453        17.212155951745221        5.2717946931194462               81          15
 ../1193_seed.dataconnected          87  0.27922732930869126       0.61225095093930282        24.292777649856141        53.265832731719343       0.31880147114146223        27.735727989307215        111.55597077773379        91.292354774202266              139          11
 ../1194_seed.dataconnected          31  0.33579418099727715       0.75480914517491560        10.409619610915591        23.399083500422382       0.36451363691774274        11.299922744450026        43.864801990894300        19.265567568934280               90          16
 ../1195_seed.dataconnected          33  0.27844487807260709       0.63735206501365371        9.1886809763960340        21.032618145450574       0.31817943023000028        10.499921197590009        55.179492975230303        28.896329833805332              125          26
 ../1196_seed.dataconnected          20  0.34207699770195354       0.80105008620244000        6.8415399540390709        16.021001724048801       0.43952489920579152        8.7904979841158308        25.571327770702577        8.0315335676532946              100          14
 ../1197_seed.dataconnected          51  0.24175124936698636       0.53678780018932692        12.329313717716305        27.376177809655672       0.29963566305252293        15.281418815678670        85.919246615013748        58.233387175325412               87           7
 ../1198_seed.dataconnected          67  0.31347800577214174       0.71694925992050540        21.003026386733495        48.035600414673858       0.36593265754005827        24.517488055183904        82.781972971957501        59.441121485961489              110           5
 ../1199_seed.dataconnected          37  0.29439246319876000       0.70627756732901359        10.892521138354120        26.132269991173501       0.33931209496717862        12.554547513785609        75.120025939428842        45.624550145211316               73           9
 ../1200_seed.dataconnected          26  0.29886544677498189       0.68644951277006516        7.7705016161495291        17.847687332021692       0.35598496835814447        9.2556091773117561        39.837979984596984        17.344206468897440               91          12
 ../1201_seed.dataconnected          13  0.40124407125946021       0.86704332594446831        5.2161729263729830        11.271563237278087       0.46204543534036563        6.0065906594247531        13.327343282331967        3.3139267284247573               77          11
 ../1202_seed.dataconnected          43  0.30890057078055749       0.67863235660376076        13.282724543563972        29.181191333961713       0.35842828737537880        15.412416357141288        61.861118939584301        36.100675600094725              145          40
 ../1203_seed.dataconnected           9  0.29609255334252038       0.64651428963898139        2.6648329800826835        5.8186286067508322       0.37027211822967926        3.3324490640671134        14.436049227097767        2.9031631600119931               81           7
 ../1204_seed.dataconnected          21  0.32559798972711862       0.74278090714420231        6.8375577842694906        15.598399050028249       0.38979528287881970        8.1857009404552130        35.123816526883950        14.460913994576856              102          13
 ../1205_seed.dataconnected          38  0.32378410939452096       0.75922219151540082        12.303796156991796        28.850443277585232       0.40302306694031192        15.314876543731852        84.060394388773972        44.165222683916149              106          15
 ../1206_seed.dataconnected          25  0.34342414039802965       0.77515233278848106        8.5856035099507420        19.378808319712025       0.43772147418904106        10.943036854726026        44.752268846611884        22.032673051214950              102          19
 ../1207_seed.dataconnected          78  0.25540956713252316       0.57286139762747212        19.921946236336808        44.683189014942826       0.29684800589186044        23.154144459565114        96.142573545174344        70.828811712387889              131           7
 ../1208_seed.dataconnected          27  0.30266824165297224       0.70597096955407324        8.1720425246302497        19.061216177959977       0.32093466535675402        8.6652359646323589        36.569890361963132        14.939662052307042              113          19
 ../1209_seed.dataconnected          27  0.31960253264470018       0.73266851431811786        8.6292683814069040        19.782049886589181       0.42041052544391611        11.351084186985736        37.684701979270109        16.178927971669555               65          12
 ../1210_seed.dataconnected          34  0.24765291949845059       0.56586530488366327        8.4201992629473192        19.239420366044552       0.26853547297437047        9.1302060811285966        66.265997495432572        33.916931305872822               85           9
 ../1211_seed.dataconnected          15  0.35591774949055177       0.79836283642414341        5.3387662423582762        11.975442546362151       0.46756737796933889        7.0135106695400831        20.498516996114578        6.1421014094655080               87          11
 ../1212_seed.dataconnected          13  0.37741383030155190       0.84407695277395678        4.9063797939201743        10.973000386061438       0.44128805362869139        5.7367446971729876        16.983938859740469        4.8992072154100610               75          13
 ../1213_seed.dataconnected          46  0.34400692927403931       0.76207371869018026        15.824318746605808        35.055391059748288       0.40693264202068258        18.718901532951399        82.111838122863631        54.761520625498612               97          11
 ../1214_seed.dataconnected          28  0.32774530978820166       0.74741628250191394        9.1768686740696470        20.927655910053591       0.40184884323927783        11.251767610699780        39.067300889125185        16.430139277337457              108          22
 ../1215_seed.dataconnected          37  0.28282261748715692       0.63226747700926378        10.464436847024807        23.393896649342761       0.34960864880791198        12.935520005892743        55.916043227234915        27.242583314238527              104          21
 ../1216_seed.dataconnected          21  0.31595909802122180       0.71199491391505343        6.6351410584456580        14.951893192216122       0.34971683556957717        7.3440535469611206        31.998580043382599        11.019159563801191               87          20
 ../1217_seed.dataconnected          41  0.29339783685220200       0.66714047565652146        12.029311310940281        27.352759501917379       0.34442379018982727        14.121375397782918        74.557656822266082        44.964282923634627              126          23
 ../1218_seed.dataconnected          27  0.33676046066177401       0.71567199532528203        9.0925324378678987        19.323143873782616       0.37605090678107100        10.153374483088918        47.177073636472002        20.352811084775265              108          20
 ../1219_seed.dataconnected          63  0.27338255910546261       0.61185687283400814        17.223101223644143        38.546982988542510       0.32343087038703194        20.376144834383012        81.378845422389048        51.240866193404621              134          13
 ../1220_seed.dataconnected          23  0.36477738333238868       0.81563899050182542        8.3898798166449389        18.759696781541983       0.47425937862322765        10.907965708334237        35.709543820708639        12.952739364099264               81          14
 ../1221_seed.dataconnected          19  0.34051734190295097       0.75076611155077511        6.4698294961560681        14.264556119464727       0.37585187356620764        7.1411855977579455        19.519066662027633        6.5336223087648850              107          14
 ../1222_seed.dataconnected          20  0.31163292561275774       0.67642784254339083        6.2326585122551545        13.528556850867817       0.40374175077186752        8.0748350154373512        33.709287052588380        12.822492501912562               81          17
 ../1223_seed.dataconnected          13  0.36093660888679469       0.80521839064891787        4.6921759155283311        10.467839078435933       0.44425425375975830        5.7753052988768578        19.079738960618968        4.8129728639648635               98          12
 ../1224_seed.dataconnected          55  0.29698369387482626       0.67594378542526201        16.334103163115444        37.176908198389413       0.37229390340649532        20.476164687357244        101.96716876627022        63.839219020889090              125          13
 ../1225_seed.dataconnected          24  0.36496717570902742       0.82757124857081821        8.7592122170166586        19.861709965699639       0.40005543778025937        9.6013305067262245        31.354894093567076        12.676270462950242               88          19
 ../1226_seed.dataconnected          38  0.32484922630308921       0.74120822891129723        12.344270599517390        28.165912698629295       0.39056611517005269        14.841512376462003        65.383817940136268        36.406762959779677              104          17
 ../1227_seed.dataconnected          38  0.29290003688984584       0.67768358638668780        11.130201401814142        25.751976282694137       0.33639272192123332        12.782923433006866        87.519200342240879        49.859739859315034               93          11
 ../1228_seed.dataconnected          40  0.26934252804766917       0.61152455872585232        10.773701121906766        24.460982349034094       0.30567310156444638        12.226924062577854        59.343276520228670        33.082784589523499              141          27
 ../1229_seed.dataconnected          93  0.29895120596015512       0.66000531916099425        27.802462154294425        61.380494681972465       0.34831674227355031        32.393457031440178        125.38879003073340        104.85222192651275              140          10
 ../1230_seed.dataconnected          15  0.34610832529418978       0.74845468471171062        5.1916248794128466        11.226820270675660       0.37215914329814720        5.5823871494722077        29.325390737545899        8.0155984678366323               72           5
 ../1231_seed.dataconnected          20  0.35510534044833053       0.80419306198813667        7.1021068089666102        16.083861239762733       0.40342485347972101        8.0684970695944198        23.968896654810560        8.8803726134895911              114          15
 ../1232_seed.dataconnected          25  0.34639073465821435       0.76914802540622385        8.6597683664553582        19.228700635155597       0.39127386724842239        9.7818466812105598        31.709047600314893        12.671578848450121              103          17
 ../1233_seed.dataconnected          33  0.29180523798281133       0.66042674446556870        9.6295728534327729        21.794082567363766       0.33906387374236779        11.189107833498138        47.450782771272493        22.392672410645584               82           8
 ../1234_seed.dataconnected          35  0.29470350107467208       0.68864149626665005        10.314622537613523        24.102452369332752       0.37494762207627991        13.123166772669796        56.525446531281311        28.474906258667858              108           7
 ../1235_seed.dataconnected          69  0.29338165395808047       0.65694643869876990        20.243334123107552        45.329304270215125       0.34085671436934378        23.519113291484722        112.85612109956033        82.136534910889509              121           5
 ../1236_seed.dataconnected          63  0.31197636385478378       0.70002823090853772        19.654510922851379        44.101778547237878       0.35261305951337674        22.214622749342734        108.01825977126323        78.823036223007804              153          23
 ../1237_seed.dataconnected          59  0.29608054229513170       0.64968791311766427        17.468751995412770        38.331586873942193       0.35935236594179704        21.201789590566026        82.235395338507800        54.720782805439313              123          17
 ../1238_seed.dataconnected          21  0.30255728038177626       0.66559731804101940        6.3537028880173017        13.977543678861407       0.36345129944279264        7.6324772882986451        38.164868692336540        13.695346087562182               97          12
 ../1239_seed.dataconnected          42  0.31579969445489542       0.71232072069130370        13.263587167105607        29.917470269034755       0.38263230296402928        16.070556724489229        57.173565619757213        31.226316246185874              102          12
 ../1240_seed.dataconnected          48  0.25524404175555809       0.58157653812897769        12.251714004266788        27.915673830190929       0.30491615015441764        14.635975207412047        86.659794544278014        48.760621388133792              110          10
 ../1241_seed.dataconnected          28  0.28007284162963514       0.66902933491791794        7.8420395656297837        18.732821377701704       0.33521344370340278        9.3859764236952774        49.840677058218340        24.631114177242061               72          12
 ../1242_seed.dataconnected          45  0.30780521703567110       0.67780694260079977        13.851234766605199        30.501312417035990       0.35565735614915844        16.004581026712131        75.948866922187534        47.384788232471372              151          20
 ../1243_seed.dataconnected          71  0.35290333033556798       0.78108272673364176        25.056136453825328        55.456873598088563       0.38915270752618680        27.629842234359263        74.569913017242413        47.189779657689144              151          18
 ../1244_seed.dataconnected          16  0.35717315435987290       0.79531776907432539        5.7147704697579664        12.725084305189206       0.44249516353856622        7.0799226166170595        20.226133627452199        6.2076254682584819              125          12
 ../1245_seed.dataconnected          46  0.24767724642451525       0.56513180855242728        11.393153335527701        25.996063193411654       0.25990593422513592        11.955672974356252        95.262981565530595        57.403506452640791              116          12
 ../1246_seed.dataconnected          41  0.29292995695579110       0.64239136673298014        12.010128235187436        26.338046036052187       0.35321138293114329        14.481666700176875        112.85134616777981        81.171740796744501               80          10
 ../1247_seed.dataconnected          61  0.32090221918180140       0.74455508378586344        19.575035370089886        45.417860110937667       0.35896227789737900        21.896698951740120        81.014103657735959        55.313255600078186               75           3
 ../1248_seed.dataconnected          28  0.30810163086540915       0.70519711753000358        8.6268456642314568        19.745519290840100       0.38309172808905828        10.726568386493632        48.024398423550167        19.405628343819966              122          27
 ../1249_seed.dataconnected          35  0.27441300889628156       0.63114352564338150        9.6044553113698541        22.090023397518351       0.32877231995467299        11.507031198413555        59.565212302948531        28.291387038862570              132          29
 ../1250_seed.dataconnected          18  0.35015118314599170       0.76895887437978305        6.3027212966278503        13.841259738836095       0.39611801120404838        7.1301242016728708        23.581562342189848        7.5598230254583134               86          14
 ../1251_seed.dataconnected          17  0.32622384956647560       0.73378295012666162        5.5458054426300851        12.474310152153247       0.38403174373680377        6.5285396435256642        26.593617680862426        7.4803678078719518               75           8
 ../1252_seed.dataconnected          33  0.34421243164063864       0.78073004728540762        11.359010244141075        25.764091560418450       0.40236190391881538        13.277942829320908        39.198087530867838        16.996924959602843              112          12
 ../1253_seed.dataconnected          27  0.37619436840995002       0.82173493152508548        10.157247947068651        22.186843151177307       0.39936377683516933        10.782821974549572        31.698804433933521        12.820134353679993               84          16
 ../1254_seed.dataconnected          38  0.34218921656182183       0.74071836633211252        13.003190229349229        28.147297920620275       0.43450876468235855        16.511333057929626        53.447966551002288        26.864436413808843              134          20
 ../1255_seed.dataconnected          14  0.38232620264751316       0.81646183787517557        5.3525668370651847        11.430465730252457       0.44396026371225283        6.2154436919715401        16.649762187569227        4.8097512759668124               70           7
 ../1256_seed.dataconnected          28  0.38578302763865363       0.83025570847445307        10.801924773882302        23.247159837284684       0.44002237749517004        12.320626569864761        34.401635968639098        14.353634115212222               78           6
 ../1257_seed.dataconnected          21  0.33306707227149457       0.74285823694026831        6.9944085177013857        15.600022975745635       0.40504339626982305        8.5059113216662841        35.334699824256901        12.662779899230555               59           6
 ../1258_seed.dataconnected          25  0.28573840479244583       0.67506374728346596        7.1434601198111460        16.876593682086650       0.35522064852504753        8.8805162131261888        44.461424179427866        18.307604212159404               80           6
 ../1259_seed.dataconnected          19  0.29059136336857422       0.70670181734970960        5.5212359040029098        13.427334529644483       0.38627453481339341        7.3392161614544751        33.959064473088560        10.815706763923419               82           7
 ../1260_seed.dataconnected          73  0.32269881292278857       0.71282031037471549        23.557013343363565        52.035882657354229       0.37524757966706257        27.393073315695567        97.475081157491388        67.940831257361111              127          10
 ../1261_seed.dataconnected          34  0.27668742215928077       0.60674563460279818        9.4073723534155462        20.629351576495139       0.32331633262048914        10.992755309096632        60.425047917939679        33.713851533822982              138          11
 ../1262_seed.dataconnected          14  0.33742653036884435       0.77259025826539973        4.7239714251638212        10.816263615715597       0.42244958945476602        5.9142942523667239        28.111620626904255        7.5830677558001742               90          12
 ../1263_seed.dataconnected          45  0.28688861347630568       0.65916871802252486        12.909987606433756        29.662592311013618       0.36349682449116744        16.357357102102533        91.357146609026969        58.056369643007010              121          17
 ../1264_seed.dataconnected          62  0.29564416311441621       0.66421054470564922        18.329938113093807        41.181053771750250       0.34269438739681835        21.247052018602737        69.124826689354720        45.442320563084287              112          14
 ../1265_seed.dataconnected          98  0.32420053497187584       0.72136092673064878        31.771652427243833        70.693370819603587       0.36539844437178981        35.809047548435402        136.46211329665979        125.18066479380713              137           5
 ../1266_seed.dataconnected          17  0.36769417473132843       0.83042161323091923        6.2508009704325831        14.117167424925627       0.46662559233129636        7.9326350696320382        27.187400964083853        6.6271301493318928               96          12
 ../1267_seed.dataconnected          32  0.31462165142221227       0.69609743920960976        10.067892845510793        22.275118054707512       0.37142109126410638        11.885474920451404        45.949850801330420        19.089987649588000              133          30
 ../1268_seed.dataconnected          36  0.31821219622597935       0.71346337934914683        11.455639064135257        25.684681656569285       0.37888441398186345        13.639838903347083        63.195687738322626        28.358173738715266               73          12
 ../1269_seed.dataconnected          70  0.37217097722921583       0.80690586588573365        26.051968406045109        56.483410612001357       0.41759991307230748        29.231993915061523        83.521518379412228        56.457032234387292              118           5
 ../1270_seed.dataconnected          44  0.29290343197162833       0.66897147217854569        12.887751006751646        29.434744775856011       0.37584593261231819        16.537221034942000        90.769518160760086        65.547259541005801               98          11
 ../1271_seed.dataconnected          43  0.34349166766059475       0.78130639573276073        14.770141709405575        33.596175016508710       0.38898934144085684        16.726541681956846        53.635012986015298        27.618827259691752              103          11
 ../1272_seed.dataconnected          62  0.23518840067681593       0.52120520386359714        14.581680841962587        32.314722639543021       0.26008712270832668        16.125401607916253        141.43805645515198        108.17674107690283               89           5
 ../1273_seed.dataconnected          37  0.33873257128205903       0.77105728723186362        12.533105137436184        28.529119627578954       0.42510413757797960        15.728853090385245        56.905986772290973        29.787214101892165              105           9
 ../1274_seed.dataconnected          16  0.34355607895838064       0.77798514332024826        5.4968972633340902        12.447762293123972       0.44346367793649288        7.0954188469838861        24.422761079425854        7.5243973279828351               76          13
 ../1275_seed.dataconnected          94  0.29584173658556256       0.66929805992524294        27.809123239042883        62.914017632972836       0.33483586423016798        31.474571237635789        137.30721088090334        119.83030486069369              151           6
 ../1276_seed.dataconnected          25  0.30907958878519209       0.70717576812561067        7.7269897196298025        17.679394203140266       0.38381465118147523        9.5953662795368810        39.119287486721795        16.268346224716570              110           9
 ../1277_seed.dataconnected          34  0.30183108718111490       0.70326236286794042        10.262256964157906        23.910920337509975       0.37137092855807330        12.626611570974493        46.587800325462673        21.251708523557969              127          17
 ../1278_seed.dataconnected          15  0.36571871046694149       0.81261502685499554        5.4857806570041223        12.189225402824933       0.43065212484813936        6.4597818727220906        21.385364637279825        6.5841501421564210               84          11
 ../1279_seed.dataconnected          58  0.25997874273182797       0.59232280538921533        15.078767078446022        34.354722712574493       0.29791686439395687        17.279178134849499        104.92789871367908        78.251414589024918              102          14
 ../1280_seed.dataconnected          42  0.32879076181878492       0.73530411806434415        13.809211996388967        30.882772958702454       0.38062382151940233        15.986200503814898        51.817208137684268        28.284197469582036              129          25
 ../1281_seed.dataconnected          25  0.27491457002457775       0.59751349351538141        6.8728642506144437        14.937837337884535       0.30613995049147297        7.6534987622868238        43.814186854834205        18.066983736856923               92           7
 ../1282_seed.dataconnected          37  0.31585224864550859       0.71002760213175076        11.686533199883819        26.271021278874777       0.37379280469202197        13.830333773604814        56.744452808024285        29.522301605528941              116          12
 ../1283_seed.dataconnected          18  0.34776319316354265       0.77265135420496367        6.2597374769437675        13.907724375689346       0.42697992004004248        7.6856385607207649        25.648115449300114        8.3401961971016050               85           9
 ../1284_seed.dataconnected         103  0.28851526855830589       0.65873394794230367        29.717072661505508        67.849596638057278       0.33245275600156132        34.242633868160816        131.59688693628769        118.09798255630712              193          23
 ../1285_seed.dataconnected          36  0.29304452860457886       0.66720561490404573        10.549603029764839        24.019402136545647       0.36837022959243398        13.261328265327624        62.195819698266277        33.207446481186494              146          23
 ../1286_seed.dataconnected         103  0.27363972145867727       0.60302299859054720        28.184891310243760        62.111368854826360       0.30347459640881624        31.257883430108073        199.79607276510291        181.62588332755607              185          22
 ../1287_seed.dataconnected          74  0.31025642736559045       0.69992509601341391        22.958975625053693        51.794457104992631       0.36031219285489857        26.663102271262495        83.254273370659149        57.587849155567746              127          12
 ../1288_seed.dataconnected          77  0.31018104339433894       0.69132341279381193        23.883940341364099        53.231902785123516       0.34387520200060873        26.478390554046872        114.60807434790640        88.583874327949331              147          23
 ../1289_seed.dataconnected          37  0.30837808238354281       0.68620110930934253        11.409989048191084        25.389441044445675       0.35212681298099197        13.028692080296702        44.996636746919293        21.866171939176940              151          15
 ../1290_seed.dataconnected          18  0.35918426430274653       0.79073116691740808        6.4653167574494379        14.233161004513345       0.35311029529602778        6.3559853153284998        24.026854979269761        7.4218099487591003              119          17
 ../1291_seed.dataconnected          34  0.34628040154408529       0.75767288309124858        11.773533652498900        25.760878025102453       0.43403782959509873        14.757286206233356        51.633553290090795        27.879216304311623               90           7
 ../1292_seed.dataconnected          18  0.34590358648722991       0.77979855403923559        6.2262645567701380        14.036373972706240       0.39102559860612840        7.0384607749103107        19.587274109091744        6.5414135922819172               79           9
 ../1293_seed.dataconnected          51  0.29248555996988934       0.68412934813958404        14.916763558464357        34.890596755118786       0.33320902876751352        16.993660467143190        94.904600613775145        64.026548731310911              159          27
 ../1294_seed.dataconnected          35  0.27483410358695387       0.63745023171788084        9.6191936255433852        22.310758110125828       0.33209821378150256        11.623437482352589        73.238467111431504        39.047114975707572              158          30
 ../1295_seed.dataconnected          63  0.18118031578916483       0.39897119775426876        11.414359894717384        25.135185458518933       0.23902443525762301        15.058539421230250        150.43590994308272        129.12922210308923              143          16
 ../1296_seed.dataconnected          47  0.31439994712282104       0.71579861168007253        14.776797514772589        33.642534748963406       0.35785619770689608        16.819241292224117        72.249750954124011        42.298382963002446              135          42
 ../1297_seed.dataconnected          91  0.30526506345427645       0.67725888442817817        27.779120774339159        61.630558482964211       0.36389937572446113        33.114843190925960        136.82792867711817        97.112674406231719              149           8
 ../1298_seed.dataconnected          86  0.27873780450758451       0.63160074435807401        23.971451187652267        54.317664014794367       0.31706643769221604        27.267713641530580        104.71229198105752        80.094222113256521              146           8
 ../1299_seed.dataconnected          36  0.28138135898440364       0.60425393694821394        10.129728923438531        21.753141730135702       0.36417828474257297        13.110418250732627        81.975969955936606        55.103160878220073               99           9
 ../1300_seed.dataconnected          38  0.32200427213776944       0.71950111725468824        12.236162341235239        27.341042455678153       0.37645758456910228        14.305388213625886        62.171517025247795        32.559209364066248              126          15
 ../1301_seed.dataconnected          78  0.24528557609602844       0.54264078181904574        19.132274935490219        42.325980981885564       0.27504124603792052        21.453217190957801        112.91978023415287        90.961969950399450              128          16
 ../1302_seed.dataconnected          44  0.27865782186670668       0.61854540567536331        12.260944162135093        27.215997849715986       0.32909944793098178        14.480375708963198        63.273407117498408        36.685651268139708              115          16
 ../1303_seed.dataconnected           9  0.34441352074362463       0.81240754179928076        3.0997216866926216        7.3116678761935265       0.47391066702352819        4.2651960032117540        8.9015132546289450        1.2916226416272112               65           8
 ../1304_seed.dataconnected          40  0.30288646999434010       0.68741917828482257        12.115458799773604        27.496767131392904       0.34103003257959841        13.641201303183937        73.608614956092183        42.419304036344911              122          11
 ../1305_seed.dataconnected          46  0.28983271310388742       0.65086008901211667        13.332304802778822        29.939564094557365       0.32796105870597581        15.086208700474888        73.018592227396951        40.442241218380524              122          26
 ../1306_seed.dataconnected          51  0.21505075932534284       0.48250055689942256        10.967588725592485        24.607528401870550       0.23733063941788599        12.103862610312186        117.28333602639839        82.639221956358881              111          11
 ../1307_seed.dataconnected          31  0.32341036368209292       0.74102485534505580        10.025721274144880        22.971770515696729       0.37399044218338950        11.593703707685075        39.093039691244947        17.936234147524047               89           5
 ../1308_seed.dataconnected          50  0.26968350655928830       0.60469284811000301        13.484175327964415        30.234642405500150       0.32525469294485448        16.262734647242723        74.219108852431901        47.636744994736922              143          13
 ../1309_seed.dataconnected          82  0.29527184680152757       0.66865453177109002        24.212291437725259        54.829671605229379       0.33553143550358328        27.513577711293827        130.97453809289075        106.31195059904903              115           7
 ../1310_seed.dataconnected          19  0.38376990079492773       0.82095566225277683        7.2916281151036273        15.598157582802759       0.47454232889482978        9.0163042490017666        24.023475944008567        7.5886465391700630              116          14
 ../1311_seed.dataconnected         124  0.29058155039377109       0.64709734841527089        36.032112248827616        80.240071203493585       0.32393785286610483        40.168293755396995        172.99307645971231        155.29617846183424              189           7
 ../1312_seed.dataconnected          37  0.39390273859367925       0.82934080014688638        14.574401327966132        30.685609605434795       0.45895736627962214        16.981422552346018        45.542336077201995        22.555767122184008              137          26
 ../1313_seed.dataconnected          10  0.36439979074176393       0.86775609255454311        3.6439979074176394        8.6775609255454320       0.39226350501127016        3.9226350501127016        9.6875399012323502        1.8289555087344977               81          10
 ../1314_seed.dataconnected          18  0.29207740779754743       0.68213503570371792        5.2573933403558541        12.278430642666923       0.35836125323583540        6.4505025582450370        27.824891786887598        9.2459525293906850               90           9
 ../1315_seed.dataconnected          56  0.31103932616295493       0.70793761620813045        17.418202265125476        39.644506507655308       0.34224345474154916        19.165633465526753        79.416924628977014        47.548453830107654              180          18
 ../1316_seed.dataconnected          54  0.31905189476291013       0.71885825798425140        17.228802317197147        38.818345931149572       0.34315354381086849        18.530291365786898        71.251198587117401        43.468704605946350              152          17
 ../1317_seed.dataconnected          66  0.33750976817096801       0.75760779385790700        22.275644699283887        50.002114394621863       0.38663142732705141        25.517674203585393        77.715359348889294        50.533192788164492              141          11
 ../1318_seed.dataconnected          17  0.30762014544943195       0.68717425443333002        5.2295424726403432        11.681962325366611       0.37513986793318077        6.3773777548640727        27.131186618964289        8.8387861774232643               92          16
 ../1319_seed.dataconnected          14  0.33321207897961913       0.74554618104562154        4.6649691057146683        10.437646534638702       0.43491581308357063        6.0888213831699893        16.938822968141444        4.3948508337536660               75           8
 ../1320_seed.dataconnected          39  0.34108327151224827       0.78826575119723563        13.302247588977682        30.742364296692191       0.38677484345273550        15.084218894656685        43.324777467429179        21.013040502234087              102          12
 ../1321_seed.dataconnected          90  0.28462725595981986       0.63623551055994199        25.616453036383788        57.261195950394779       0.30785385947071153        27.706847352364036        98.103701531450142        77.952973597822165              125           6
 ../1322_seed.dataconnected           9  0.36516127059642234       0.85646985847369450        3.2864514353678009        7.7082287262632505       0.40373065892870502        3.6335759303583450        7.6784220900295805        1.4200924639848642               92           8
 ../1323_seed.dataconnected          64  0.25082028554186903       0.56635156301249578        16.052498274679618        36.246500032799730       0.27665307590114557        17.705796857673317        129.10084549290352        101.03384219604678              104           6
 ../1324_seed.dataconnected          83  0.30898161716232103       0.67647632302957739        25.645474224472647        56.147534811454925       0.34587819877156217        28.707890498039660        97.116339060024316        74.830658068121593              151          15
 ../1325_seed.dataconnected          87  0.33838886917251176       0.76105944144748316        29.439831618008522        66.212171405931031       0.36998007371373265        32.188266413094738        137.42365417589872        109.91320049284381              130           7
 ../1326_seed.dataconnected          62  0.33648933013815835       0.72990109128024361        20.862338468565817        45.253867659375103       0.38350209926597617        23.777130154490521        96.115142809705674        63.674019525330671              136           5
 ../1327_seed.dataconnected          20  0.35954669817285628       0.79772141088876924        7.1909339634571259        15.954428217775385       0.44252591967929517        8.8505183935859026        25.866443374708687        8.3571073008929702               99          19
 ../1328_seed.dataconnected          90  0.25504193012998383       0.55453972347714586        22.953773711698545        49.908575112943126       0.31111242076639656        28.000117868975689        130.54294568306736        110.66698952535558              177          16
 ../1329_seed.dataconnected          35  0.26173276691979241       0.59400990039003798        9.1606468421927350        20.790346513651329       0.31440325390505647        11.004113886676976        63.616887263424168        36.220403193547632              125          17
 ../1330_seed.dataconnected          55  0.33569684295906332       0.74780134094475614        18.463326362748482        41.129073751961585       0.38569430453892078        21.213186749640641        67.972133473142847        43.636318599006799              113          12
 ../1331_seed.dataconnected          39  0.35037653610066466       0.73102419117144324        13.664684907925922        28.509943455686287       0.42503233752837827        16.576261163606752        69.407695406066438        39.632334274442726               88          11
 ../1332_seed.dataconnected          27  0.33848970290921820       0.74732005386674139        9.1392219785488908        20.177641454402018       0.37472741331306658        10.117640159452797        42.741994099163961        18.116858546546023               78          10
 ../1333_seed.dataconnected          47  0.23729438531885483       0.52638516292288928        11.152836109986177        24.740102657375797       0.27496726404655691        12.923461410188175        70.407969936036551        41.404983404683918              149          16
 ../1334_seed.dataconnected          26  0.33735297602751446       0.78607729747662503        8.7711773767153751        20.438009734392249       0.37964424846206990        9.8707504600138165        27.328410588687255        9.4632169586774708               85           9
 ../1335_seed.dataconnected          86  0.28463363023843957       0.65675487766934526        24.478492200505805        56.480919479563696       0.33312610225077477        28.648844793566631        118.87911468326045        94.421815433692700              138          15
 ../1336_seed.dataconnected          37  0.33793059281708110       0.75597548622236155        12.503431934232001        27.971092990227376       0.39520441554151770        14.622563375036155        49.043101448396470        22.986812161902716              121          28
 ../1337_seed.dataconnected          50  0.27217216848549386       0.61478229129795625        13.608608424274692        30.739114564897811       0.31610370364335350        15.805185182167675        62.968174548675599        39.190290148409815              119          17
 ../1338_seed.dataconnected          34  0.32368884917038604       0.71506444634872002        11.005420871793126        24.312191175856480       0.37183439342230962        12.642369376358527        48.053838738780613        24.093372707585775               94           8
 ../1339_seed.dataconnected          32  0.24979243582872132       0.56751609627478461        7.9933579465190823        18.160515080793108       0.30999505419489204        9.9198417342365452        54.892438899937623        29.952728453706229              166          26
 ../1340_seed.dataconnected          22  0.34430310219765958       0.75113596918121572        7.5746682483485106        16.524991321986747       0.43322169372947766        9.5308772620485094        28.177073631414281        10.604266471544763               89           8
 ../1341_seed.dataconnected          61  0.27435393598751384       0.60762103242137588        16.735590095238344        37.064882977703931       0.34748078924235537        21.196328143783678        89.474605906719589        62.297164329414144              148          26
 ../1342_seed.dataconnected          87  0.25885575153524448       0.58426138527178950        22.520450383566271        50.830740518645683       0.30874303383642826        26.860643943769258        168.55152189845947        150.67075773420922              122           5
 ../1343_seed.dataconnected          32  0.27337278652354763       0.63233836278285038        8.7479291687535241        20.234827609051212       0.29794600426626588        9.5342721365205083        51.661300551398377        23.741987455921194              128          22
 ../1344_seed.dataconnected          93  0.23838008996358878       0.53584855059150738        22.169348366613757        49.833915205010186       0.27979107101616951        26.020569604503766        136.13617724678414        120.34742774524651              193          15
 ../1345_seed.dataconnected          31  0.32343306370026242       0.73876185672639494        10.026424974708135        22.901617558518243       0.31313907270582336        9.7073112538805244        46.055787096567968        19.852727569633920              106          11
 ../1346_seed.dataconnected          34  0.34478475932672820       0.77338075361397396        11.722681817108759        26.294945622875115       0.42630951413494977        14.494523480588292        44.981590817347737        22.556368188371611               97          14
 ../1347_seed.dataconnected         115  0.32955193075422212       0.73847045177505544        37.898472036735541        84.924101954131373       0.36356634319742342        41.810129467703696        113.22870907654898        96.758612656832440              172           7
 ../1348_seed.dataconnected          90  0.32060330535326470       0.71327921253605375        28.854297481793822        64.195129128244844       0.35640597300852545        32.076537570767293        139.07819288032292        118.73822628172368              135           8
 ../1349_seed.dataconnected          86  0.33715895146207658       0.74741351356901686        28.995669825738585        64.277562166935454       0.37322057112312290        32.096969116588568        106.76710600235013        84.013507832619680              131           9
 ../1350_seed.dataconnected         102  0.23424942153560882       0.54381621884508047        23.893440996632101        55.469254322198211       0.28378519966247551        28.946090365572502        209.45394658330122        189.44559037706736              155           9
 ../1351_seed.dataconnected          28  0.34955504870327758       0.80674998495991890        9.7875413636917727        22.588999578877729       0.41285958492161223        11.560068377805143        33.428618689727109        14.086082990241628               91          11
 ../1352_seed.dataconnected          97  0.36479016407144094       0.80294254528153941        35.384645914929770        77.885426892309326       0.40213357284222601        39.006956565695923        103.30749484200284        81.957652394847159              142           6
 ../1353_seed.dataconnected          40  0.34640122756075947       0.75560439312922634        13.856049102430379        30.224175725169054       0.39959226277715126        15.983690511086051        73.689212245785569        39.947193459360662              101          15
 ../1354_seed.dataconnected          55  0.30626327957351557       0.68975935326299886        16.844480376543356        37.936764429464937       0.35392484940484076        19.465866717266241        82.162180240310448        52.712960046632325              150          27
 ../1355_seed.dataconnected          62  0.34185962894196753       0.73592885589610202        21.195296994401986        45.627589065558325       0.39907555937088202        24.742684680994685        73.805756555744082        49.067102928670465              153          15
 ../1356_seed.dataconnected          91  0.30656943827744526       0.69280359233853606        27.897818883247520        63.045126902806778       0.35700046458339069        32.487042277088555        131.94808135619661        114.81996498712719              169          18
 ../1357_seed.dataconnected          41  0.29924158067904799       0.68131510983780375        12.268904807840968        27.933919503349955       0.33472751567822762        13.723828142807331        64.999874592719138        37.243683177559923               98          19
 ../1358_seed.dataconnected          55  0.36724038273515774       0.79356123692623326        20.198221050433677        43.645868030942829       0.42111829499529346        23.161506224741139        59.408110755140513        36.961516157206781              164          19
 ../1359_seed.dataconnected          18  0.31261983519468739       0.70955677188545363        5.6271570335043730        12.772021893938165       0.40759101318114599        7.3366382372606278        36.878171889424245        15.160993593092160               68          13
 ../1360_seed.dataconnected          27  0.34852498231583895       0.78089076231317844        9.4101745225276510        21.084050582455816       0.36974392511151577        9.9830859780109265        34.251043985942324        14.032567369384459              120          16
 ../1361_seed.dataconnected          33  0.26303211552173367       0.58381516596979999        8.6800598122172108        19.265900477003399       0.35668341677768639        11.770552753663651        61.662705554338238        31.128430925466166               95          10
 ../1362_seed.dataconnected         129  0.27451329623929027       0.60111573907330795        35.412215214868446        77.543930340456726       0.31073866388140642        40.085287640701431        148.10714486464786        143.22516595140894              211          21
 ../1363_seed.dataconnected          84  0.33703882329671836       0.75810643267524125        28.311261156924342        63.680940344720263       0.36819640152419375        30.928497728032276        100.64956490389017        72.780541816306155              159          18
 ../1364_seed.dataconnected          53  0.23666793616045190       0.54518147412404105        12.543400616503950        28.894618128574177       0.25320872073428030        13.420062198916856        101.80096169391712        77.667223380967656               93           8
 ../1365_seed.dataconnected         122  0.28709940373366888       0.66982179750747317        35.026127255507603        81.718259295911722       0.31793104650971099        38.787587674184742        158.50704966857376        149.31872503853671              176           7
 ../1366_seed.dataconnected          49  0.35877322093499464       0.78187661953813403        17.579887825814737        38.311954357368570       0.42227389564255369        20.691420886485130        55.079847154255766        32.914650990260725               90           5
 ../1367_seed.dataconnected          58  0.18835227051435249       0.41300071215524958        10.924431689832444        23.954041305004477       0.20792129629912831        12.059435185349441        130.85707307687852        102.75870323350809              108           8
 ../1368_seed.dataconnected          47  0.32083724964845439       0.70371579463156031        15.079350733477357        33.074642347683337       0.36332603041987799        17.076323429734266        57.148222774179537        28.730874404425336              141          13
 ../1369_seed.dataconnected          47  0.23290499037214643       0.51761976354116968        10.946534547490883        24.328128886434975       0.25921347107653347        12.183033140597074        77.541804436473640        50.151597560535102              120          12
 ../1370_seed.dataconnected          76  0.30365671059524391       0.67458440982890211        23.077910005238536        51.268415146996560       0.36706862271263613        27.897215326160346        105.43099212150653        85.052692450541855              116           6
 ../1371_seed.dataconnected          58  0.33861216194781285       0.72730051877179469        19.639505392973145        42.183430088764091       0.38565987501994353        22.368272751156724        66.000018422414499        41.505034719475539              109           7
 ../1372_seed.dataconnected          24  0.30550158108631137       0.67433840400006895        7.3320379460714733        16.184121696001654       0.36786091808998278        8.8286620341595867        33.848428578539206        13.235303529724805              139          21
 ../1373_seed.dataconnected          26  0.32511644007418189       0.75848346111489751        8.4530274419287288        19.720569988987336       0.35567434660955943        9.2475330118485459        36.574717285187603        14.209298928486879               98          15
 ../1374_seed.dataconnected          73  0.30678921814581372       0.68562017420407428        22.395612924644404        50.050272716897425       0.33754784675233751        24.640992812920640        83.134897664018254        59.416521162636222              108           8
 ../1375_seed.dataconnected          34  0.37867118071341788       0.81424450073995747        12.874820144256208        27.684313025158552       0.43243080413640061        14.702647340637620        37.085807976591369        17.304187168473646              111          30
 ../1376_seed.dataconnected          14  0.32720033476454169       0.73575203097460562        4.5808046867035834        10.300528433644478       0.40029856041828776        5.6041798458560290        20.734510443341232        5.7025843417232620              113          11
 ../1377_seed.dataconnected          65  0.29366368358832856       0.64309768161153513        19.088139433241356        41.801349304749785       0.35917213497545197        23.346188773404378        95.047555505499318        68.536736007115621              134          12
 ../1378_seed.dataconnected         104  0.30711055176972646       0.67530399933863461        31.939497384051553        70.231615931218002       0.36090458823399313        37.534077176335288        156.60927373441791        138.62687372569701              150           9
 ../1379_seed.dataconnected         110  0.33611340467653794       0.75566882741604635        36.972474514419176        83.123571015765094       0.37296569290851633        41.026226219936795        125.66867239065553        104.89168595619746              146           6
 ../1380_seed.dataconnected          49  0.29836520660066002       0.66973539136650828        14.619895123432341        32.817034176958906       0.33036391251426689        16.187831713199078        80.310148926468486        49.913539434305520              165          31
 ../1381_seed.dataconnected          56  0.28229828599497925       0.64355965670151682        15.808704015718838        36.039340775284941       0.34469776393594903        19.303074780413144        95.766932572975591        61.054739130075909               97           5
 ../1382_seed.dataconnected          97  0.28896066395743042       0.65894204168628057        28.029184403870751        63.917378043569215       0.34910824837020066        33.863500091909465        144.88838557971150        127.85411164931494              144          10
 ../1383_seed.dataconnected          44  0.25669169375478895       0.56897150858962597        11.294434525210715        25.034746377943542       0.34122640344532845        15.013961751594453        111.41064718156800        70.863686191920181              122          21
 ../1384_seed.dataconnected          42  0.33768115254332931       0.75799788083851705        14.182608406819831        31.835910995217716       0.42445792701984825        17.827232934833628        72.348172829275384        39.048689211589945              141          11
 ../1385_seed.dataconnected          59  0.29214661339807119       0.64226862448098510        17.236650190486198        37.893848844378120       0.32495889830528418        19.172575000011769        110.44049893397197        85.845752336531902              167          37
 ../1386_seed.dataconnected          95  0.31868315112980450       0.71171182911684183        30.274899357331428        67.612623766099972       0.33803209915570326        32.113049419791807        93.244205402562329        70.506852295823720              158           7
 ../1387_seed.dataconnected          22  0.32654958051713912       0.71944745977665558        7.1840907713770603        15.827844115086423       0.36183798691499691        7.9604357121299323        28.393449481936774        10.908852970807130               99          13
 ../1388_seed.dataconnected          94  0.31186567817430799       0.71152198201555317        29.315373748384950        66.883066309461995       0.33930612207160343        31.894775474730721        122.16558258075530        98.414368679627344              138          11
 ../1389_seed.dataconnected          27  0.31199994522722618       0.71480810410861184        8.4239985211351076        19.299818810932521       0.39711856069148305        10.722201138670043        39.475669103761859        14.529065378486173              108          13
 ../1390_seed.dataconnected          67  0.32850623536998086       0.74654794897986720        22.009917769788718        50.018712581651101       0.38812032134383695        26.004061530037074        91.981624886390719        59.457667806398661              134          10
 ../1391_seed.dataconnected          72  0.27651637038116023       0.61837982184904650        19.909178667443538        44.523347173131349       0.31275807458238908        22.518581369932015        97.923587511262454        73.857920470457174              128          17
 ../1392_seed.dataconnected          61  0.33017161319215454       0.74195679842041729        20.140468404721428        45.259364703645453       0.38452144616020156        23.455808215772294        78.902892091490131        51.323036192588035              136          15
 ../1393_seed.dataconnected          35  0.31336820463777704       0.73001507514920871        10.967887162322196        25.550527630222305       0.36528335609857382        12.784917463450084        45.719409398848050        22.359493875802592              107          27
 ../1394_seed.dataconnected          61  0.36976889742358726       0.79591415194220871        22.555902742838821        48.550763268474732       0.44378766148095306        27.071047350338137        92.029200166125520        62.742552677742253              139           9
 ../1395_seed.dataconnected          39  0.33924995776573963       0.76327707177278292        13.230748352863845        29.767805799138532       0.36699435289921889        14.312779763069537        43.585069634096861        20.745478700392134              104          12
 ../1396_seed.dataconnected          68  0.21792277678367356       0.49258163067879818        14.818748821289802        33.495550886158277       0.25434330801118366        17.295344944760487        133.25217330839516        112.62538467487077              121          17
 ../1397_seed.dataconnected          45  0.27771179684914210       0.63971601809021761        12.497030858211394        28.787220814059793       0.33156157328731090        14.920270797928991        67.424422938908634        42.912214870227587               80           4
 ../1398_seed.dataconnected          39  0.35528333450059357       0.75561425488183387        13.856050045523149        29.468955940391520       0.41265249653771685        16.093447364970956        70.788056690426856        41.161616220327559              110          11
 ../1399_seed.dataconnected          39  0.25657331016295087       0.56933136349190405        10.006359096355084        22.203923176184258       0.33015788432622312        12.876157488722702        63.637214190073280        34.882668937913024               88           4
 ../1400_seed.dataconnected          43  0.29359887913490118       0.66151291125836065        12.624751802800750        28.445055184109506       0.35365156955619509        15.207017490916389        66.993218858417947        35.079397518242537              156          23
 ../1401_seed.dataconnected          23  0.33717868440346005       0.77446462745199818        7.7551097412795809        17.812686431395957       0.38277584347360943        8.8038443998930163        34.562103617634719        11.587649601118487              104          14
 ../1402_seed.dataconnected          61  0.19694056842099861       0.42853786691003276        12.013374673680914        26.140809881511998       0.22147603489877704        13.510038128825400        111.07903593414250        81.457231630707668              103           5
 ../1403_seed.dataconnected         107  0.37057256860531368       0.79043074334720898        39.651264840768562        84.576089538151365       0.41254727368677441        44.142558284484863        109.35766468142489        90.090116446009304              144           7
 ../1404_seed.dataconnected          56  0.34151994163440663       0.74686064722527667        19.125116731526770        41.824196244615493       0.41371124689075839        23.167829825882471        77.965646467540466        47.232771405877109              106          10
 ../1405_seed.dataconnected          48  0.29911982399637421       0.70812253642767953        14.357751551825963        33.989881748528617       0.32147943143399643        15.431012708831830        103.75055908138781        70.382127111412387              100          14
 ../1406_seed.dataconnected          73  0.25499725886361302       0.56702871356257689        18.614799897043749        41.393096090068113       0.31881725295797025        23.273659465931829        97.454519885362927        70.328599357258341              110          10
 ../1407_seed.dataconnected          49  0.25890320269541695       0.59037778942980024        12.686256932075430        28.928511682060211       0.27937300203559112        13.689277099743965        66.163796802414950        41.871300372320491               83           4
 ../1408_seed.dataconnected          45  0.25387832948312250       0.58119566649400312        11.424524826740512        26.153804992230139       0.30649665175189100        13.792349328835096        85.617178773764195        56.353144913480456              117          11
 ../1409_seed.dataconnected          87  0.31692716099804169       0.71023147373932316        27.572663006829629        61.790138215321115       0.36602572462952848        31.844238042768978        124.08552674326798        100.55191441481422              181          28
 ../1410_seed.dataconnected          22  0.28918119608486809       0.64751776101376179        6.3619863138670976        14.245390742302760       0.33650242284333831        7.4030533025534426        50.377816340598265        21.847384495615405              126          19
 ../1411_seed.dataconnected          32  0.34435633015903688       0.74669783853151528        11.019402565089180        23.894330833008489       0.39059993940273868        12.499198060887638        40.839122167938662        18.536862024227634               84           6
 ../1412_seed.dataconnected          18  0.37561577426258558       0.85756352483352027        6.7610839367265401        15.436143447003365       0.45303872388396693        8.1546970299114054        19.551752201215784        6.0350483551094163               99          14
 ../1413_seed.dataconnected          28  0.32516384973122858       0.74129006659739249        9.1045877924744012        20.756121864726989       0.35489011090529504        9.9369231053482618        45.905093448903905        20.861978359199981               93          16
 ../1414_seed.dataconnected          66  0.27361268976625475       0.61962942476105676        18.058437524572813        40.895542034229749       0.31473048494612488        20.772212006444242        103.94335109998090        70.047519105687300              120           6
 ../1415_seed.dataconnected          37  0.29914646052564292       0.65750189721688446        11.068419039448788        24.327570197024723       0.36516563443885036        13.511128474237463        66.805580519482447        34.126845171456978              137          37
 ../1416_seed.dataconnected          61  0.34734851259391430       0.78099722246934500        21.188259268228773        47.640830570630044       0.38599994791584558        23.545996822866581        77.810890958518399        45.843587409656941              111          11
 ../1417_seed.dataconnected          63  0.31365967899564512       0.68987328867831277        19.760559776725643        43.462017186733704       0.37225805265587336        23.452257317320022        77.583619199792111        50.923526402806623              126          13
 ../1418_seed.dataconnected          54  0.31204382539550007       0.70019791210052051        16.850366571357004        37.810687253428107       0.33692730657653924        18.194074555133120        86.355673632872552        49.949216023610120              162          34
 ../1419_seed.dataconnected          50  0.37511069054527069       0.85101614566740291        18.755534527263535        42.550807283370148       0.42337033475113361        21.168516737556679        59.246278394564200        33.794127359981509              134          17
 ../1420_seed.dataconnected          27  0.22053658291077327       0.50520203342240022        5.9544877385908785        13.640454902404805       0.29542994590237270        7.9766085393640633        61.623283884210707        28.584434898795617              103          10
 ../1421_seed.dataconnected          81  0.33436557730483146       0.73927562131937363        27.083611761691348        59.881325326869266       0.39419606317603406        31.929881117258759        100.64187242944753        80.546353685667384              126           7
 ../1422_seed.dataconnected          51  0.30315470183480392       0.67751442794462380        15.460889793574999        34.553235825175811       0.33507884166748042        17.089020925041503        66.812011867835011        37.041132099593376              165          16
 ../1423_seed.dataconnected          22  0.38064635921592382       0.81771200283252887        8.3742199027503244        17.989664062315637       0.49561980898274594        10.903635797620410        37.266105789886673        15.171924434872032              120          14
 ../1424_seed.dataconnected          17  0.33172648707186814       0.70636982565115847        5.6393502802217581        12.008287036069694       0.39228367770407807        6.6688225209693268        23.999594907398347        8.1311043985033766              105          10
 ../1425_seed.dataconnected          73  0.27858900943608439       0.63684285467644630        20.336997688834160        46.489528391380581       0.30406683009456642        22.196878596903350        117.97737558042428        86.236729916600609              121           8
 ../1426_seed.dataconnected          70  0.31638742978516399       0.69164813957008198        22.147120084961479        48.415369769905737       0.36776103890670281        25.743272723469197        96.623167139038586        67.614136034922453              109           8
 ../1427_seed.dataconnected          27  0.35132982414872765       0.79872983464996405        9.4859052520156464        21.565705535549029       0.39330237676521651        10.619164172660845        33.252850193584301        13.458500804988379              131          22
 ../1428_seed.dataconnected          73  0.23774548350911456       0.53313292277257140        17.355420296165363        38.918703362397714       0.27659117607461337        20.191155853446777        107.49729902704311        77.988358340672178              136          19
 ../1429_seed.dataconnected          63  0.31976285099683882       0.72186117385371895        20.145059612800846        45.477253952784295       0.37023439575181316        23.324766932364231        74.432393221213630        46.872763386601143              149          11
 ../1430_seed.dataconnected          30  0.31416808863730739       0.70659888605128673        9.4250426591192209        21.197966581538601       0.41084974648012851        12.325492394403856        69.438218344900804        36.465449877948465              107           9
 ../1431_seed.dataconnected          25  0.32842884405896572       0.74769101524375625        8.2107211014741424        18.692275381093907       0.41126173663485516        10.281543415871379        46.842314021682895        20.026931986348625               99           9
 ../1432_seed.dataconnected          12  0.33341579788688824       0.76252328874030939        4.0009895746426594        9.1502794648837131       0.41110637171306663        4.9332764605567991        17.400078294982418        4.4545467587257770               80           9
 ../1433_seed.dataconnected          24  0.25436278539269136       0.57579774627399061        6.1047068494245931        13.819145910575774       0.31057485209687186        7.4537964503249245        47.912533570045710        22.734809257133726               88          13
 ../1434_seed.dataconnected          85  0.24294772188199476       0.54691530209165151        20.650556359969556        46.487800677790375       0.26897355110628690        22.862751844034385        112.70696739087077        90.211325372677635              144           7
 ../1435_seed.dataconnected          41  0.35532779451704144       0.78867637817698533        14.568439575198699        32.335731505256398       0.43550773489829803        17.855817130830218        64.151714784353572        33.486859769194801              148          31
 ../1436_seed.dataconnected          67  0.31105201256572657       0.71981281537604880        20.840484841903681        48.227458630195272       0.35990027029147742        24.113318109528986        87.199658523435403        57.904807934068977              130          26
 ../1437_seed.dataconnected          61  0.26063968007698340       0.59619410390875860        15.899020484695988        36.367840338434277       0.29665421008488185        18.095906815177791        96.396597702032068        69.019487900285455              115           8
 ../1438_seed.dataconnected          30  0.28522717828943051       0.64788027538757464        8.5568153486829157        19.436408261627239       0.35527917400265802        10.658375220079741        40.761700345341843        19.955734765686159               93           6
 ../1439_seed.dataconnected          70  0.31441681240780306       0.67447806931344634        22.009176868546213        47.213464851941247       0.35552290950167231        24.886603665117061        93.590995222521585        66.036779297653482              119           9
 ../1440_seed.dataconnected          24  0.38637422799185045       0.83857481753775842        9.2729814718044103        20.125795620906203       0.47032382082476371        11.287771699794328        30.386482340124950        11.279066711300326              137          22
 ../1441_seed.dataconnected          36  0.34428175329282806       0.76861811242781086        12.394143118541811        27.670252047401192       0.38776343020352966        13.959483487327068        54.529228495089150        26.191077558321400              116          24
 ../1442_seed.dataconnected          35  0.34574096151862177       0.77599836717420545        12.100933653151762        27.159942851097192       0.43406751749388978        15.192363112286142        63.882990495427279        35.756961829572283              150          27
 ../1443_seed.dataconnected          53  0.23507668902089796       0.53239772556876508        12.459064518107592        28.217079455144550       0.27816683313180918        14.742842155985887        94.510067809756222        51.781677207670938               91           5
 ../1444_seed.dataconnected          43  0.29773403683857746       0.67434504819602492        12.802563584058831        28.996837072429070       0.37402314657743024        16.082995302829499        73.369335417522009        44.943093300490496              103          14
 ../1445_seed.dataconnected          90  0.31078228033179256       0.70739977661524478        27.970405229861331        63.665979895372033       0.35121509227800285        31.609358305020258        127.96768953315834        104.51623325874701              158           9
 ../1446_seed.dataconnected          35  0.23830172419142123       0.53746761760139405        8.3405603466997427        18.811366616048790       0.30739880323580437        10.758958113253152        64.014490117761127        35.839250625408212              113          22
 ../1447_seed.dataconnected          47  0.27070909001484045       0.59474733935469792        12.723327230697501        27.953124949670801       0.33435410063457993        15.714642729825258        85.173419436289009        55.184441287047207              169          45
 ../1448_seed.dataconnected          72  0.31764989686440714       0.69099333744678249        22.870792574237313        49.751520296168337       0.35760299053429878        25.747415318469514        82.035055760941020        58.432399482427485              157          28
 ../1449_seed.dataconnected          89  0.26152222873329167       0.57354767129064343        23.275478357262958        51.045742744867269       0.30485157142434521        27.131789856766723        124.48862148260925        105.85827623453198              128          10
 ../1450_seed.dataconnected          38  0.25216472217404362       0.58978758413230670        9.5822594426136583        22.411928197027656       0.26207830720912167        9.9589756739466235        56.994046281060825        27.434036310616751              141          13
 ../1451_seed.dataconnected         107  0.34827553770036512       0.76248323370549875        37.265482533939071        81.585706006488365       0.38565108677322313        41.264666284734872        113.53572861699043        90.251379551555473              155           7
 ../1452_seed.dataconnected          54  0.29065179881413200       0.64760989664178337        15.695197135963127        34.970934418656299       0.34567236202078799        18.666307549122550        86.325931329731830        56.644257595329471              102          11
 ../1453_seed.dataconnected          31  0.29773131033518435       0.68016551837121919        9.2296706203907153        21.085131069507796       0.38407172266033612        11.906223402470420        50.818021405744432        26.749138612774157              109          25
 ../1454_seed.dataconnected          29  0.28878774941887170       0.66718096698114970        8.3748447331472793        19.348248042453342       0.38018545220037298        11.025378113810817        47.301136241847544        23.143923398506136              110          16
 ../1455_seed.dataconnected          57  0.24970031734506887       0.56666313327480433        14.232918088668926        32.299798596663848       0.30570499207416368        17.425184548227328        83.307510735010865        54.148016754015650              118           6
 ../1456_seed.dataconnected          39  0.32489922473003569       0.73303296449472544        12.671069764471392        28.588285615294293       0.36326266896759929        14.167244089736371        61.286135228282419        33.414154139120996               92          13
 ../1457_seed.dataconnected          82  0.28014811550687796       0.62110210851446523        22.972145471563994        50.930372898186150       0.31062880896333428        25.471562334993411        96.268118103358802        72.082558051733997              137          12
 ../1458_seed.dataconnected          64  0.27895235620414860       0.65275086173841923        17.852950797065510        41.776055151258831       0.31680544166259500        20.275548266406080        82.590175677225744        52.494059642560316              143          18
 ../1459_seed.dataconnected          20  0.28668799309140613       0.66892071811911991        5.7337598618281227        13.378414362382397       0.38475940683151250        7.6951881366302501        32.504611187581084        11.103805836136690               84          10
 ../1460_seed.dataconnected          64  0.21666856838958304       0.48440226015885934        13.866788376933314        31.001744650166998       0.24751654642383150        15.841058971125216        120.97546744043852        88.757725908917337              170          26
 ../1461_seed.dataconnected          80  0.28420012454805732       0.64912107438320443        22.736009963844587        51.929685950656356       0.32059737263942917        25.647789811154333        140.33524884166201        107.72525969114605              165          33
 ../1462_seed.dataconnected          19  0.35090331520641432       0.76577409703734389        6.6671629889218718        14.549707843709534       0.41459676618554031        7.8773385575252659        26.165907674769443        9.4787798345367555              103          15
 ../1463_seed.dataconnected          37  0.28788410793852348       0.64301707322095436        10.651711993725369        23.791631709175313       0.33932659909799950        12.555084166625981        70.159650999167852        35.871794494276415               87           6
 ../1464_seed.dataconnected          17  0.30338842788992831       0.68611671116877537        5.1576032741287809        11.663984089869182       0.39120422071234695        6.6504717521098984        33.547233320387335        10.950115506609629               75           8
 ../1465_seed.dataconnected          35  0.21906609648989084       0.51157470786803472        7.6673133771461792        17.905114775381215       0.24324473637276531        8.5135657730467855        64.695154883270803        35.750048752327103               78          20
 ../1466_seed.dataconnected          22  0.31026305124152997       0.69803144452134480        6.8257871273136592        15.356691779469585       0.39914159561467044        8.7811151035227493        39.758420160810417        15.183617461670934               95          11
 ../1467_seed.dataconnected          85  0.29996898862935284       0.65014973005265986        25.497364033494993        55.262727054476088       0.34541087586144031        29.359924448222426        95.242947355322841        66.196464797893498              133          10
 ../1468_seed.dataconnected          16  0.34980094968718123       0.77697655517720154        5.5968151949948997        12.431624882835225       0.41226173961933443        6.5961878339093509        26.922402925802793        7.2354113492982277              103          11
 ../1469_seed.dataconnected          84  0.33354439429418992       0.75329523027336276        28.017729120711952        63.276799342962470       0.38171918225660945        32.064411309555190        90.828894250115269        68.823064780025504              140           8
 ../1470_seed.dataconnected          91  0.36228414385010543       0.81061749844076836        32.967857090359594        73.766192358109919       0.39275360239204538        35.740577817676126        87.978163902312716        68.012813430242232              139           9
 ../1471_seed.dataconnected          92  0.22410721301597772       0.51171702107755379        20.617863597469949        47.077965939134948       0.24911062764031416        22.918177742908902        147.02134836534242        129.61006271856493              165          12
 ../1472_seed.dataconnected          41  0.31473836800195065       0.68623941949812572        12.904273088079977        28.135816199423154       0.37731603770904759        15.469957546070951        68.362739104573635        34.330890506065955              123           9
 ../1473_seed.dataconnected         105  0.31675824020416016       0.71226649477892046        33.259615221436817        74.787981951786648       0.34734005263759082        36.470705526947036        112.40288106523973        92.525836220693023              166          12
 ../1474_seed.dataconnected          26  0.32043940119528636       0.71309260331755686        8.3314244310774459        18.540407686256479       0.37677954793586449        9.7962682463324775        33.606112351987363        13.607583810229752               91          15
 ../1475_seed.dataconnected         109  0.29021594013490881       0.66907756201309121        31.633537474705061        72.929454259426947       0.32154946272514912        35.048891437041256        122.35313878162621        108.63817734553878              175          11
 ../1476_seed.dataconnected          53  0.36516830808860418       0.79473776824966991        19.353920328696020        42.121101717232506       0.42881344838437457        22.727112764371853        74.849734929914447        49.662158791480238              109          13
 ../1477_seed.dataconnected          54  0.27626292546174075       0.62709202152586629        14.918197974934001        33.862969162396780       0.31425673898532130        16.969863905207351        104.20553598758111        71.979080272891224              137          17
 ../1478_seed.dataconnected          56  0.29691169218523022       0.68017196909122557        16.627054762372893        38.089630269108632       0.33162964115574173        18.571259904721536        70.153474540445757        40.152510678772188               99          11
 ../1479_seed.dataconnected          50  0.28060284635112098       0.63366151881307720        14.030142317556049        31.683075940653861       0.33823847958335829        16.911923979167913        92.145464077817365        57.920200174016109              118          10
 ../1480_seed.dataconnected          84  0.19440330741347242       0.43855149468758786        16.329877822731682        36.838325553757379       0.25883913103100076        21.742487006604065        158.29133914159468        136.20796025996873              138           7
 ../1481_seed.dataconnected          53  0.33108690827414233       0.76711591572333959        17.547606138529545        40.657143533336999       0.37137543768901815        19.682898197517961        64.389815902362798        35.240571629553401              148          25
 ../1482_seed.dataconnected          24  0.29510737313639562       0.65685512253135625        7.0825769552734954        15.764522940752549       0.38327854122063582        9.1986849892952591        34.253869139105127        14.044633011887901              119          14
 ../1483_seed.dataconnected          19  0.32786997053418943       0.76863954919572464        6.2295294401495989        14.604151434718768       0.36432416342415208        6.9221591050588893        26.065053438021717        8.7110954111964940              123          17
 ../1484_seed.dataconnected          72  0.28396652394229205       0.62399443619987116        20.445589723845028        44.927599406390726       0.33436245411298648        24.074096696135026        118.74223111758899        86.784147320627881               97           4
 ../1485_seed.dataconnected          74  0.33284390912806694       0.72898988829370459        24.630449275476952        53.945251733734139       0.37121572088550508        27.469963345527376        85.409264600543466        60.227865017192769              131          25
 ../1486_seed.dataconnected         106  0.36446983801612121       0.80574942701615204        38.633802829708848        85.409439263712116       0.40633903989083037        43.071938228428017        120.85245599489814        96.403393458870113              135           4
 ../1487_seed.dataconnected          71  0.31688967989502181       0.70373082647308560        22.499167272546551        49.964888679589080       0.36908209516892343        26.204828756993564        85.650727418571975        55.995033043995619              100           6
 ../1488_seed.dataconnected          73  0.30050162596453478       0.67381583629745057        21.936618695411038        49.188556049713888       0.35892588652499408        26.201589716324566        117.24216583423166        80.817219020553338              125          19
 ../1489_seed.dataconnected          11  0.33769876214446348       0.75514036732178724        3.7146863835890982        8.3065440405396593       0.45252557361892592        4.9777813098081856        15.034598735432741        3.6725779585967491               81          10
 ../1490_seed.dataconnected          36  0.33814473328292288       0.76284876067389440        12.173210398185224        27.462555384260199       0.39680898983051394        14.285123633898502        55.370809345871002        28.746099062890277               89          13
 ../1491_seed.dataconnected          19  0.32227466214290451       0.75197877680716663        6.1232185807151858        14.287596759336166       0.38415094377571624        7.2988679317386085        27.311820618952112        10.185982113497513               95          15
 ../1492_seed.dataconnected         114  0.32464256021311494       0.74576007859768312        37.009251864295102        85.016648960135882       0.36429230683723079        41.529322979444309        129.64825194884321        106.60460339869752              164           6
 ../1493_seed.dataconnected          38  0.29334554891745113       0.66619463549586133        11.147130858863143        25.315396148842730       0.36599774102229271        13.907914158847124        84.938406644523667        50.527118433335211              113          31
 ../1494_seed.dataconnected          18  0.28914233290760383       0.65372295052736462        5.2045619923368687        11.767013109492563       0.34718374081553327        6.2493073346795986        27.475790394779683        9.3049749284520207               90          10
 ../1495_seed.dataconnected          30  0.32129293268822146       0.71992360358481988        9.6387879806466437        21.597708107544598       0.41500567928056931        12.450170378417079        45.228708194236454        21.569220382364939              121          22
 ../1496_seed.dataconnected          86  0.33774341454330858       0.74789394728966241        29.045933650724539        64.318879466910971       0.37766731748726556        32.479389303904838        116.64414008819034        88.871004534341537              170          34
 ../1497_seed.dataconnected          33  0.36092046176450604       0.77962170540842568        11.910375238228699        25.727516278478049       0.41001368385801895        13.530451567314625        49.668879692224870        22.702920208509624              133          25
 ../1498_seed.dataconnected          53  0.25746274010280989       0.57357792349452930        13.645525225448925        30.399629945210052       0.30574715510996586        16.204599220828189        112.41807339976114        69.255986765868698              136          34
 ../1499_seed.dataconnected          68  0.26771119153115408       0.61692517897150168        18.204361024118477        41.950912170062111       0.30658039308806451        20.847466729988387        91.797886982086325        67.300999199738399              112           5
 ../1500_seed.dataconnected         108  0.32724761060677171       0.71690171185868046        35.342741945531344        77.425384880737482       0.37070696174402307        40.036351868354494        136.80378625485113        123.18409587646481              157          16
 ../1501_seed.dataconnected          67  0.31550271077686631       0.72158333376432493        21.138681622050044        48.346083362209768       0.34970181983562132        23.430021928986630        101.91925472660714        72.777571430985148              131           7
 ../1502_seed.dataconnected          16  0.28248441277670333       0.66059345792532875        4.5197506044272533        10.569495326805260       0.33576600818406532        5.3722561309450452        29.375067795198532        8.6626423100909271               73          14
 ../1503_seed.dataconnected         120  0.26569637634864751       0.58743162170648688        31.883565161837701        70.491794604778420       0.32157640243320823        38.589168291984990        173.90494898772786        171.39377406940346              151           4
 ../1504_seed.dataconnected          19  0.36270724886084965       0.83000717108307054        6.8914377283561432        15.770136250578339       0.43335152224726675        8.2336789226980684        22.342640750774628        7.1980576807482306              109          15
 ../1505_seed.dataconnected          17  0.29031011657646794       0.65482330893875540        4.9352719817999553        11.131996251958842       0.37046674389328965        6.2979346461859240        26.399129438895184        8.7259297872955237               92          12
 ../1506_seed.dataconnected          92  0.28161503548515321       0.62381365100571973        25.908583264634096        57.390855892526218       0.32049181153644479        29.485246661352921        131.48450515933007        98.779247614158180              140           7
 ../1507_seed.dataconnected          20  0.32317692645957996       0.70922587033179929        6.4635385291915988        14.184517406635987       0.39494032073769691        7.8988064147539383        24.799562255973957        9.0681732584827213              104          16
 ../1508_seed.dataconnected          66  0.34326280906161311       0.76682617327361446        22.655345398066466        50.610527436058554       0.39145463875640701        25.836006157922863        80.547085437983284        51.669458775799228              149          23
 ../1509_seed.dataconnected          44  0.29857460533683555       0.65936435697399221        13.137282634820764        29.012031706855659       0.35046597620537906        15.420502953036678        61.414328668555974        34.792445004675763              114          17
 ../1510_seed.dataconnected         123  0.32780727596347653       0.73541747821377668        40.320294943507612        90.456349820294534       0.35505082584649966        43.671251579119456        149.60947452412552        130.89635182282231              173          12
 ../1511_seed.dataconnected          91  0.27965757644411482       0.62311027263315644        25.448839456414447        56.703034809617236       0.34041341734964858        30.977620978818020        155.18080091937261        138.38842584489447              139           7
 ../1512_seed.dataconnected          65  0.29295607112027550       0.67043621410216592        19.042144622817908        43.578353916640786       0.34910938429359401        22.692109979083611        83.083184148062543        57.637338178041666              123           8
 ../1513_seed.dataconnected          97  0.31278143347501414       0.68642338435446260        30.339799047076372        66.583068282382868       0.37543663209009304        36.417353312739024        115.79126183819767        91.643242774061662              140           7
 ../1514_seed.dataconnected          18  0.39536508231931211       0.86835189334440055        7.1165714817476182        15.630334080199210       0.47284231360296208        8.5111616448533169        20.137458849866750        6.0095899368691379              101          10
 ../1515_seed.dataconnected          81  0.29590131721311486       0.67130058595453823        23.968006694262304        54.375347462317599       0.34384456772821070        27.851409985985068        171.20403836003135        152.79183543957359              158           6
 ../1516_seed.dataconnected          75  0.35600997780274202       0.77842312928148449        26.700748335205652        58.381734696111337       0.38109493033137831        28.582119774853375        85.826490134595247        57.940289194327647              140          17
 ../1517_seed.dataconnected         128  0.34225353088894489       0.76334910017377366        43.808451953784946        97.708684822243029       0.39439212162685983        50.482191568238058        134.87898842597673        118.20677060461365              176          16
 ../1518_seed.dataconnected          30  0.31083029957296315       0.70809627389583429        9.3249089871888948        21.242888216875031       0.39594451494184119        11.878335448255235        61.497311957671592        29.403129065198193              122          11
 ../1519_seed.dataconnected          75  0.36921116075264376       0.79602779630608189        27.690837056448281        59.702084722956144       0.42075591194372497        31.556693395779373        84.909461010377228        59.398023066769852              131          12
 ../1520_seed.dataconnected          38  0.32549727034852638       0.73883069583896865        12.368896273244003        28.075566441880810       0.37728016079365256        14.336646110158798        53.440588825050760        26.965449686360476              100          19
 ../1521_seed.dataconnected          28  0.33269728414919814       0.74400690211167919        9.3155239561775485        20.832193259127017       0.41718869174164053        11.681283368765936        40.266423652135039        18.398306128040854              111          13
 ../1522_seed.dataconnected          34  0.28477973268345558       0.61533369871677757        9.6825109112374896        20.921345756370439       0.33318000458264840        11.328120155810046        64.806996195179693        38.766607444234459              133          27
 ../1523_seed.dataconnected          47  0.30242018266010878       0.68007549055800143        14.213748585025114        31.963548056226067       0.35142882649939405        16.517154845471520        67.221570654162107        40.582252331980001              110          13
 ../1524_seed.dataconnected          14  0.33248706750499857       0.74563109458798127        4.6548189450699802        10.438835324231738       0.39675157630360280        5.5545220682504395        22.789536322391417        6.0624974417425035               88          12
 ../1525_seed.dataconnected          57  0.22488827834890765       0.49173633322305493        12.818631865887737        28.028970993714132       0.28633949634637906        16.321351291743607        83.632196909863197        47.311984362692336              119          10
 ../1526_seed.dataconnected          35  0.31499761993514835       0.72495146733787619        11.024916697730193        25.373301356825667       0.36190390385236315        12.666636634832710        53.598797216921845        25.714489003135768              105          23
 ../1527_seed.dataconnected          22  0.36789999038153270       0.79213077479886707        8.0937997883937189        17.426877045575075       0.42215877507971294        9.2874930517536853        26.062233727746779        7.9909010783916337              103          16
 ../1528_seed.dataconnected          96  0.31392222869238723       0.69836603498652361        30.136533954469172        67.043139358706270       0.36108198589982837        34.663870646383522        124.99363063555758        109.69740377923617              148           9
 ../1529_seed.dataconnected          78  0.32063834546432296       0.71314389937508715        25.009790946217191        55.625224151256795       0.36655503103557002        28.591292420774462        125.86851375340353        108.98645865354445              198          57
 ../1530_seed.dataconnected          51  0.29499933602142991       0.68894053537523736        15.044966137092926        35.135967304137104       0.31503205423804898        16.066634766140499        68.176250866657796        36.407334153807298              135          14
 ../1531_seed.dataconnected          39  0.21675383305492579       0.48737012594337048        8.4533994891421056        19.007434911791449       0.24882673444247519        9.7042426432565332        61.998143082895659        33.100304559736543              103          19
 ../1532_seed.dataconnected          18  0.33709276042804220       0.76778710460680366        6.0676696877047593        13.820167882922465       0.43947115647753521        7.9104808165956335        30.778714828318833        10.163565052901371               90          11
 ../1533_seed.dataconnected          78  0.25620761283799354       0.58330705622664003        19.984193801363496        45.497950385677925       0.28879017794642692        22.525633879821299        120.47296645392257        98.925583933005953              113           5
 ../1534_seed.dataconnected         121  0.32149361437315288       0.70773531277260504        38.900727339151501        85.635972845485213       0.36672394570537742        44.373597430350671        146.09445789199242        142.07793091250318              174          10
 ../1535_seed.dataconnected          36  0.35652330470063481       0.79070484451964762        12.834838969222853        28.465374402707315       0.38588722220160643        13.891939999257831        46.295689475245752        21.665544884741891              138          22
 ../1536_seed.dataconnected          18  0.36932552768241689       0.79955329128264130        6.6478594982835038        14.391959243087543       0.46836721917961072        8.4306099452329928        28.133908424886872        8.7781176291275109              102          12
 ../1537_seed.dataconnected          59  0.25223446513853237       0.56786899915170308        14.881833443173409        33.504270949950481       0.30397978269339881        17.934807178910528        120.72368869934169        86.818056856932074               96           8
 ../1538_seed.dataconnected           9  0.33003848687209053       0.72971179781630990        2.9703463818488149        6.5674061803467891       0.52597236458401309        4.7337512812561178        11.293156143686295        2.2570303986294280               91           8
 ../1539_seed.dataconnected          79  0.26540611130024161       0.60593124484291416        20.967082792719086        47.868568342590216       0.31886983416937575        25.190716899380686        115.32390022535796        85.230067831019227              138          12
 ../1540_seed.dataconnected          83  0.22369658349041263       0.50392940233359640        18.566816429704250        41.826140393688505       0.27776326604351498        23.054351081611742        139.63651422974118        108.80362562264273              113           5
 ../1541_seed.dataconnected          57  0.30908792320160999       0.69281020673722260        17.618011622491771        39.490181784021686       0.36685212551615226        20.910571154420680        71.466623063560050        42.990543116976220              185          35
 ../1542_seed.dataconnected          14  0.35469204239231295       0.80105589415679557        4.9656885934923816        11.214782518195138       0.43332259895020103        6.0665163853028146        21.437938693509452        5.6327692259979454              105           9
 ../1543_seed.dataconnected          50  0.36237423479738057       0.79787345151745237        18.118711739869028        39.893672575872621       0.44446119259328593        22.223059629664295        79.895434287861661        52.225881728576780              124          12
 ../1544_seed.dataconnected          83  0.31494402171373048       0.70084299684027773        26.140353802239630        58.169968737743055       0.35150377246384212        29.174813114498896        101.71950671753991        79.071742013370667              143           8
 ../1545_seed.dataconnected          25  0.26318101731009952       0.59582177726500019        6.5795254327524884        14.895544431625005       0.31871493468236778        7.9678733670591946        47.450234037278854        19.375072393747395              110          18
 ../1546_seed.dataconnected          88  0.33660883187067853       0.76809262927927513        29.621577204619712        67.592151376576211       0.36340968453956196        31.980052239481452        128.52300983362690        112.96409069345161              160          18
 ../1547_seed.dataconnected          39  0.30884999138507885       0.69348180239492718        12.045149664018075        27.045790293402160       0.36211516344756139        14.122491374454894        87.198772518762794        57.002372664780715              130          21
 ../1548_seed.dataconnected          25  0.32521738115695181       0.76242877913597651        8.1304345289237947        19.060719478399413       0.35590721762943828        8.8976804407359573        39.345941084141835        15.925129887019443              103          16
 ../1549_seed.dataconnected          96  0.33965761489721547       0.74206203580895802        32.607131030132685        71.237955437659963       0.39056644067851637        37.494378305137573        145.74505155516752        118.74448574872319              200          29
 ../1550_seed.dataconnected          85  0.26437589626461749       0.59520954126727821        22.471951182492486        50.592811007718645       0.30396531493413326        25.837051769401327        125.22391534311225        100.67961461397388              131           6
 ../1551_seed.dataconnected          14  0.34259586649922014       0.82164558464109738        4.7963421309890819        11.503038184975363       0.36880351258704885        5.1632491762186836        14.867416963695673        3.9965519800050355              115          10
 ../1552_seed.dataconnected          33  0.32336963798254359       0.70742418596309176        10.671198053423938        23.344998136782028       0.36796841880575309        12.142957820589853        53.040340606469009        26.766282564186270               95          12
 ../1553_seed.dataconnected          48  0.30288577312772436       0.68994964179867135        14.538517110130769        33.117582806336223       0.32788999995190876        15.738719997691621        85.085082191371697        50.967217832044149               86           7
 ../1554_seed.dataconnected         106  0.31092354255265831       0.70475113092591180        32.957895510581778        74.703619878146654       0.34075350961698886        36.119872019400816        134.78594324648333        122.04984237342263              174          15
 ../1555_seed.dataconnected          80  0.29135899464982007       0.64465458009558241        23.308719571985606        51.572366407646591       0.31958591591311347        25.566873273049076        86.327779807871138        64.316916756772798              117           6
 ../1556_seed.dataconnected          30  0.28946834056347459       0.69416947426065567        8.6840502169042377        20.825084227819669       0.35673393368878337        10.702018010663501        57.105251277349822        29.135681804277681              128          28
 ../1557_seed.dataconnected          82  0.28682095630386617       0.63516523429269300        23.519318416917027        52.083549212000825       0.32694334975427558        26.809354679850596        125.62957285789585        94.754812814717027              121           5
 ../1558_seed.dataconnected          37  0.36251976188582519       0.83456926150959354        13.413231189775532        30.879062675854961       0.38340642511261136        14.186037729166621        45.994148221228293        22.076135007525924              105          17
 ../1559_seed.dataconnected          59  0.30556840837393839       0.69078430875961883        18.028536094062364        40.756274216817509       0.35722301423367242        21.076157839786674        96.926112629008415        68.362381957708266              124          10
 ../1560_seed.dataconnected          98  0.31999310777432116       0.72020812645322030        31.359324561883472        70.580396392415594       0.35908172403742211        35.190008955667366        101.61523528448548        79.106056726418132              135           5
 ../1561_seed.dataconnected          69  0.29998402748766384       0.67519150354913471        20.698897896648806        46.588213744890297       0.35432727091019944        24.448581692803760        129.29707723245744        103.41715898121160              121          10
 ../1562_seed.dataconnected          49  0.35435596144434084       0.76055409585089384        17.363442110772702        37.267150696693797       0.39772654633172194        19.488600770254376        72.949531615329064        42.148224683179244              119          12
 ../1563_seed.dataconnected          69  0.28069919343120042       0.62581331210816737        19.368244346752828        43.181118535463547       0.31607155272331783        21.808937137908931        113.11355325351705        79.254580507246430              119           7
 ../1564_seed.dataconnected          38  0.34288294399236657       0.76238777730657636        13.029551871709931        28.970735537649901       0.37539767198967805        14.265111535607765        51.085704952035279        24.181405313653176              112          30
 ../1565_seed.dataconnected          31  0.34464784637007123       0.76161441451264766        10.684083237472208        23.610046849892079       0.37983317422473284        11.774828400966719        40.859866482725685        17.033899525503923              111          27
 ../1566_seed.dataconnected          22  0.32309435207952192       0.73142403968292935        7.1080757457494821        16.091328873024445       0.33329247332467299        7.3324344131428054        37.408704868739349        15.251047498409015               85          18
 ../1567_seed.dataconnected          73  0.32812313149519934       0.72699727344219567        23.952988599149553        53.070800961280284       0.36169531053324505        26.403757668926890        87.317400221761403        63.038709390552718              118           6
 ../1568_seed.dataconnected          89  0.34198503427242677       0.73898551318896966        30.436668050245981        65.769710673818295       0.37724830641178847        33.575099270649176        94.723495575569160        66.397563995557249              164          15
 ../1569_seed.dataconnected          45  0.26834095640594430       0.62563972478429353        12.075343038267494        28.153787615293208       0.33107869743648011        14.898541384641605        82.621693378916177        47.863757657060788              125          17
 ../1570_seed.dataconnected          86  0.30554839032965703       0.67578184782133033        26.277161568350504        58.117238912634406       0.35933009017430839        30.902387754990521        108.91324580358099        78.155561340333364              168          17
 ../1571_seed.dataconnected          79  0.25814575407190266       0.59217517252972085        20.393514571680310        46.781838629847947       0.30498141611871032        24.093531873378115        147.79169523656299        119.19213215018500              139          11
 ../1572_seed.dataconnected          97  0.29504167754873983       0.67910663129465354        28.619042722227764        65.873343235581387       0.32597323563095182        31.619403856202325        135.04290246080987        114.48245246949224              148           5
 ../1573_seed.dataconnected          59  0.30939346156328074       0.68785982953379921        18.254214232233565        40.583729942494152       0.36263164624497296        21.395267128453405        85.781540747292411        57.823955177270705              124          23
 ../1574_seed.dataconnected          24  0.30690763850156028       0.71563797050014211        7.3657833240374462        17.175311292003411       0.37721013747828358        9.0530432994788050        35.303147805185858        12.153136049538602              117          23
 ../1575_seed.dataconnected          26  0.31774939572806854       0.71223747644095747        8.2614842889297826        18.518174387464896       0.32320041676107419        8.4032108357879292        31.136462308116865        11.294968546925746               96          16
 ../1576_seed.dataconnected          39  0.31696480609446176       0.68545483536096485        12.361627437684009        26.732738579077630       0.37402702572089064        14.587054003114735        57.796936274193712        29.755185962388516               79          20
 ../1577_seed.dataconnected          19  0.28872287580341582       0.69220179430153694        5.4857346402649005        13.151834091729201       0.42606331361763955        8.0952029587351522        38.773422782047483        11.746910565063104              101          16
 ../1578_seed.dataconnected          91  0.28456778327794263       0.63876969928472860        25.895668278292778        58.128042634910301       0.34139430411803007        31.066881674740735        161.87644916791183        141.46561296457963              108           6
 ../1579_seed.dataconnected          64  0.28984194606594532       0.62214111495193525        18.549884548220501        39.817031356923856       0.33698802101412911        21.567233344904263        76.381265052259479        46.635877320152744              132          13
 ../1580_seed.dataconnected          61  0.31329808936471154       0.70310694071854596        19.111183451247403        42.889523383831303       0.37072367384176053        22.614144104347393        87.287535566242141        62.328973510055690              105           9
 ../1581_seed.dataconnected          44  0.30742478720527322       0.70649923393249059        13.526690637032022        31.085966293029585       0.34871811434286976        15.343597031086269        63.594178117097634        34.098876658999743              101          13
 ../1582_seed.dataconnected          38  0.36040547456994976       0.82727735783780831        13.695408033658090        31.436539597836717       0.43754661726816818        16.626771456190390        50.299532852702733        24.087731856832743              136          35
 ../1583_seed.dataconnected          51  0.21238228941460882       0.48183894899233776        10.831496760145050        24.573786398609226       0.26030761703017685        13.275688468539020        117.47190534307305        85.111941497560849              131          30
 ../1584_seed.dataconnected          56  0.36307702329249741       0.80338116265193682        20.332313304379856        44.989345108508459       0.40350965002291711        22.596540401283360        64.671701847334290        39.587184986323237               94           8
 ../1585_seed.dataconnected          70  0.24701167197479848       0.54809276177121002        17.290817038235893        38.366493323984699       0.29367306942855781        20.557114859999047        160.32963515947233        135.36102625334752              153          19
 ../1586_seed.dataconnected          48  0.24125993907533705       0.53179851881101581        11.580477075616178        25.526328902928761       0.25857475124258672        12.411588059644163        85.395548785767417        45.685106099961637              114           8
 ../1587_seed.dataconnected          70  0.31195856586291892       0.71567444741444675        21.837099610404323        50.097211319011272       0.34834418100343623        24.384092670240534        92.651684159029401        65.978035434378754              128          13
 ../1588_seed.dataconnected          39  0.30553817725654792       0.68806962777860858        11.915988913005370        26.834715483365734       0.38030151939909362        14.831759256564652        52.969792329668842        25.124817956079372              113          18
 ../1589_seed.dataconnected          69  0.25093179589991188       0.57224780331120217        17.314293917093920        39.485098428472952       0.27372050762472022        18.886715026105694        124.11283738119876        94.843159036458459              122           8
 ../1590_seed.dataconnected          69  0.30464926870420012       0.67063040507521499        21.020799540589810        46.273497950189835       0.35948360477439101        24.804368729432980        94.535622359548015        71.447318620183410              145          23
 ../1591_seed.dataconnected          47  0.26497593113287549       0.60784539291602602        12.453868763245147        28.568733467053224       0.30249211999918707        14.217129639961792        84.580389154729886        53.898698239339886               95          18
 ../1592_seed.dataconnected          76  0.24731704970292984       0.55664636650070121        18.796095777422668        42.305123854053292       0.28251894536838879        21.471439847997548        140.46611559529035        117.29074476963913              196          50
 ../1593_seed.dataconnected          48  0.29093417287469958       0.66752544107536638        13.964840297985580        32.041221171617586       0.34729777286401836        16.670293097472882        97.921853970450059        59.368977392050915              105          17
 ../1594_seed.dataconnected          41  0.32333615403740307       0.73013356425465759        13.256782315533526        29.935476134440961       0.37012884584238431        15.175282679537757        56.578251293171107        31.950210119512501              136          29
 ../1595_seed.dataconnected          76  0.32161020163187698       0.73158342092567807        24.442375324022649        55.600339990351536       0.36970926680284255        28.097904277016035        124.37003932948492        105.77168404057299              134           8
 ../1596_seed.dataconnected          47  0.34408542581355317       0.75491379469844488        16.172015013236997        35.480948350826907       0.38600397447085444        18.142186800130158        53.984388298217830        28.349081369175362              124           7
 ../1597_seed.dataconnected          60  0.29084667897104044       0.65755860559713741        17.450800738262426        39.453516335828247       0.35320993899595360        21.192596339757216        92.030499348758184        61.908013193107308              183          57
 ../1598_seed.dataconnected          35  0.34499878357878627       0.78005179959112836        12.074957425257519        27.301812985689491       0.38483941854519105        13.469379649081686        52.605850888960362        25.246049650293678              114          11
 ../1599_seed.dataconnected          67  0.27615040025526527       0.62255283718446397        18.502076817102772        41.711040091359088       0.34714734722416790        23.258872264019249        162.18363004882642        138.71200607637368              143          15
 ../1600_seed.dataconnected          69  0.30618298169734015       0.70387817917806206        21.126625737116470        48.567594363286283       0.34357127641842478        23.706418072871308        96.779841178058717        64.120370671904126              135          11
 ../1601_seed.dataconnected          80  0.23416792731242300       0.52883181322366002        18.733434184993840        42.306545057892805       0.27561281402000293        22.049025121600234        122.28981533478792        91.061140799307466              134           9
 ../1602_seed.dataconnected          24  0.33213740690890248       0.75079459408379545        7.9712977658136595        18.019070258011091       0.40503843216440705        9.7209223719457682        29.539076165211995        10.924733319067226               87          21
 ../1603_seed.dataconnected          66  0.23421054763680005       0.53538758760314109        15.457896144028803        35.335580781807309       0.28050493251966740        18.513325546298049        115.61708659384114        83.145342899712944              118          16
 ../1604_seed.dataconnected          88  0.26076495035554759       0.57734210298832767        22.947315631288188        50.806105062972833       0.27561546230446266        24.254160682792715        101.10386518320669        76.080249017823462              157          16
 ../1605_seed.dataconnected          42  0.27643385690936662       0.61694826364295796        11.610221990193399        25.911827073004233       0.33636853868876126        14.127478624927972        65.835219164559618        38.367121588094378              117          22
 ../1606_seed.dataconnected          65  0.29915751407941532       0.64034181513021515        19.445238415161995        41.622217983463983       0.36007047027150257        23.404580567647667        86.705860695918076        61.182679478934148              118           7
 ../1607_seed.dataconnected          59  0.31821047582423934       0.69721642574788179        18.774418073630120        41.135769119125023       0.37961857432300128        22.397495885057076        96.979778884325768        65.031002621734757              116           7
 ../1608_seed.dataconnected          33  0.31551943537198801       0.71447579543462969        10.412141367275604        23.577701249342780       0.34953175112578511        11.534547787150908        46.385906381440336        21.058520825848262               93          18
 ../1609_seed.dataconnected          15  0.32404259282272369       0.74642330605254326        4.8606388923408552        11.196349590788149       0.39800200147926362        5.9700300221889542        26.159716559172615        8.7191007985514268              101          10
 ../1610_seed.dataconnected          78  0.30529594865882581       0.68572823335806765        23.813083995388414        53.486802201929279       0.35973564633177096        28.059380413878134        120.05708698011239        75.258472941186554              161          24
 ../1611_seed.dataconnected          48  0.33416673138762026       0.75875258537124379        16.040003106605774        36.420124097819702       0.36424548581552479        17.483783319145189        68.407504157002776        38.948567839612174              139          20
 ../1612_seed.dataconnected         125  0.34327175196148862       0.74789687538607019        42.908968995186079        93.487109423258772       0.38746496280052212        48.433120350065266        152.91083455345407        131.71898418179615              170          10
 ../1613_seed.dataconnected          30  0.30208169568617205       0.69731877276079690        9.0624508705851614        20.919563182823907       0.33275959250917586        9.9827877752752752        54.381149521537239        25.436605560206157              105          13
 ../1614_seed.dataconnected          73  0.29125839849785401       0.64898446257690878        21.261863090343343        47.375865768114338       0.33842259033375621        24.704849094364203        109.07856125356456        80.846054898828143              160          13
 ../1615_seed.dataconnected          15  0.30725754399791955       0.72827558935366765        4.6088631599687933        10.924133840305014       0.33068585575106924        4.9602878362660388        20.251905643642676        6.1228194779094505               96          11
 ../1616_seed.dataconnected          21  0.36534106355598828       0.80226145994120424        7.6721623346757539        16.847490658765288       0.42447013081135232        8.9138727470383987        27.127180121471490        9.5664312209457769               83          15
 ../1617_seed.dataconnected          89  0.26268220439753215       0.58874067271107344        23.378716191380363        52.397919871285538       0.29460065431074761        26.219458233656539        170.94188113516594        138.24422831939597              153          10
 ../1618_seed.dataconnected          92  0.30275547987781087       0.69354085664442844        27.853504148758599        63.805758811287419       0.34355961081750236        31.607484195210215        146.79952220891960        113.88834647366583              141           5
 ../1619_seed.dataconnected          38  0.31920753044676092       0.75159183964988097        12.129886156976916        28.560489906695476       0.36988905627351959        14.055784138393744        57.247539055140606        30.905627832598881               90           7
 ../1620_seed.dataconnected          52  0.26845792560655912       0.60116537756086452        13.959812131541074        31.260599633164954       0.28591223922042247        14.867436439461969        151.48381435870141        109.71586040008992               98           9
 ../1621_seed.dataconnected         121  0.34759203011850970       0.77766528408840685        42.058635644339674        94.097499374697236       0.38399778977138949        46.463732562338130        122.05940882417904        106.00193682010124              191           8
 ../1622_seed.dataconnected          19  0.39308738988807951       0.82600541992653709        7.4686604078735108        15.694102978604205       0.45019139053981538        8.5536364202564918        25.692014336406931        8.1760276503387406               72           9
 ../1623_seed.dataconnected          90  0.33545201243088474       0.76400148663674750        30.190681118779626        68.760133797307276       0.36500790008910128        32.850711008019118        117.13271222142433        95.732043520240609              139          12
 ../1624_seed.dataconnected          48  0.28058532308677298       0.63165903507391441        13.468095508165103        30.319633683547892       0.34386453209008883        16.505497540324264        63.496339422273685        38.551867568606760              118          14
 ../1625_seed.dataconnected          44  0.29654821194278491       0.68968483000590286        13.048121325482537        30.346132520259726       0.34890789899572500        15.351947555811901        58.146000249569418        32.433375615983778              122           9
 ../1626_seed.dataconnected          79  0.28878796106997401       0.64039763718563381        22.814248924527945        50.591413337665074       0.32265902902418098        25.490063292910296        86.559455584438524        62.308336610449366              123           9
 ../1627_seed.dataconnected          88  0.26476161998065306       0.59569243711359721        23.299022558297469        52.420934465996552       0.31320617861623146        27.562143718228370        139.81349691433988        112.86564910480544              137          10
 ../1628_seed.dataconnected          66  0.30904614875894182       0.71946297250663238        20.397045818090159        47.484556185437739       0.36007771486347306        23.765129180989224        122.38981474642057        90.447805700704365              101           4
 ../1629_seed.dataconnected          77  0.32626818695228976       0.71393535388198737        25.122650395326311        54.973022248913026       0.37106447236869100        28.571964372389207        102.04599847587893        79.164571817193547              147          11
 ../1630_seed.dataconnected          24  0.32864037472777941       0.72313312566258503        7.8873689934667057        17.355195015902041       0.36609207562651136        8.7862098150362726        30.531662155603804        12.080399575339207              114          23
 ../1631_seed.dataconnected          70  0.33102022367589956       0.71712473974631386        23.171415657312970        50.198731782241971       0.37211612503745395        26.048128752621775        81.166566146635617        57.020797197245713              136          17
 ../1632_seed.dataconnected          54  0.28763357444094334       0.63233493723788980        15.532213019810941        34.146086610846048       0.36001304078382063        19.440704202326312        76.442601282106338        48.843069760465205               83           4
 ../1633_seed.dataconnected          59  0.27709455192588461       0.59566155757194417        16.348578563627193        35.144031896744707       0.35337544111573677        20.849151025828469        82.663067713221309        52.689029928078142              140          17
 ../1634_seed.dataconnected          78  0.30178325841710346       0.69245414008653539        23.539094156534070        54.011422926749759       0.32280461545366140        25.178760005385591        124.44351252537412        101.50250975752009              150          41
 ../1635_seed.dataconnected          45  0.21473899095631691       0.48205004845584593        9.6632545930342602        21.692252180513066       0.25864388820480766        11.638974969216346        68.831626526419797        42.970028654201712              107           8
 ../1636_seed.dataconnected          61  0.33145187003260740       0.72679051906314340        20.218564071989050        44.334221662851746       0.38972379153759562        23.773151283793332        83.554099152029764        56.519839865651669              122          10
 ../1637_seed.dataconnected          58  0.31640519876821049       0.69500639065635661        18.351501528556209        40.310370658068685       0.35488658337782419        20.583421835913803        90.388951814284567        64.038042750258981              147          18
 ../1638_seed.dataconnected          21  0.28668298002125425       0.62780561101774379        6.0203425804463393        13.183917831372620       0.36386708732472911        7.6412088338193112        35.126859829324701        12.501686129389739               72           7
 ../1639_seed.dataconnected          16  0.35198879142040196       0.78978988012715967        5.6318206627264313        12.636638082034555       0.39117164755645656        6.2587463609033049        24.099981603699025        7.8278254945878532              102          10
 ../1640_seed.dataconnected          34  0.33586439390942857       0.73018733553931747        11.419389392920571        24.826369408336795       0.38687101548399017        13.153614526455666        53.822955323792449        26.536937423040737               93           6
 ../1641_seed.dataconnected          18  0.36041562110756381       0.81515237424810272        6.4874811799361485        14.672742736465850       0.43614458515464416        7.8506025327835953        21.617416735004358        7.3614288957384790               90          11
 ../1642_seed.dataconnected          70  0.25159532730790152       0.57776014068863746        17.611672911553107        40.443209848204624       0.29066229945299232        20.346360961709461        110.49787747818601        80.845482950536535              122           8
 ../1643_seed.dataconnected          26  0.32520043041763474       0.77008807845904237        8.4552111908585026        20.022290039935100       0.36046008169896054        9.3719621241729740        44.940502851791464        14.342503354039904              101          12
 ../1644_seed.dataconnected          46  0.26324530584973449       0.60958554317511715        12.109284069087787        28.040934986055390       0.32572161214514916        14.983194158676861        78.229436921904153        51.214216830656149               93          19
 ../1645_seed.dataconnected          48  0.35387130866553484       0.73849082083121453        16.985822815945674        35.447559399898296       0.41516255450049683        19.927802616023847        67.813090372077895        40.919797799756317              116          12
 ../1646_seed.dataconnected          89  0.36005732436660365       0.77136123396827294        32.045101868627725        68.651149823176297       0.40193035342349093        35.771801454690696        113.82714864134296        80.003356590871448              146          13
 ../1647_seed.dataconnected          25  0.30190677622122958       0.69546150544904939        7.5476694055307396        17.386537636226233       0.34048978370884048        8.5122445927210126        40.262112538405383        15.428761374450801               80           5
 ../1648_seed.dataconnected          51  0.29415574892101065       0.63806343296475376        15.001943194971544        32.541235081202444       0.35289844015640365        17.997820447976586        85.513897737762733        62.514278930838508              127          11
 ../1649_seed.dataconnected          21  0.37563582455459582       0.81164524426665985        7.8883523156465118        17.044550129599855       0.42706833371303671        8.9684350079737705        25.430743093006395        9.5065169046753706              121          16
 ../1650_seed.dataconnected          35  0.31924161362523190       0.69714353373997462        11.173456476883116        24.400023680899110       0.39475603063799736        13.816461072329908        65.207272704351496        37.571035343903546              100          13
 ../1651_seed.dataconnected          52  0.29135744226233989       0.65283552631004305        15.150586997641675        33.947447368122241       0.34559582658929022        17.970982982643093        82.105826816272113        51.966764414196319               83           9
 ../1652_seed.dataconnected          14  0.35295762398665426       0.80821254306672063        4.9414067358131595        11.314975602934089       0.40297302826603593        5.6416223957245029        20.549087500083484        5.6771620737737631               84          11
 ../1653_seed.dataconnected          90  0.37052661719030039       0.80485248906163787        33.347395547127036        72.436724015547412       0.42324055569788238        38.091650012809417        105.76887692885091        83.056320874455238              121           4
 ../1654_seed.dataconnected          18  0.35936277968106328       0.79329274474206191        6.4685300342591390        14.279269405357114       0.40152382878024062        7.2274289180443310        20.190168004395698        6.5707628284733568              118          17
 ../1655_seed.dataconnected          36  0.32251973895751379       0.73837611100292910        11.610710602470496        26.581539996105448       0.36823900831947942        13.256604299501259        56.298943103153213        29.595304523996603              123          15
 ../1656_seed.dataconnected          77  0.31802669427987978       0.72242208116189077        24.488055459550743        55.626500249465586       0.35993743172687009        27.715182242968996        83.556146310809822        61.415376387391575              107           6
 ../1657_seed.dataconnected          13  0.34014698837986740       0.77831863294984027        4.4219108489382766        10.118142228347924       0.47109920432082281        6.1242896561706965        20.886419381541852        4.9948510502503520               74           8
 ../1658_seed.dataconnected          13  0.35456432437404828       0.77026359524873689        4.6093362168626273        10.013426738233580       0.45430464929125147        5.9059604407862691        17.758962992096489        4.5329808381974575               80           7
 ../1659_seed.dataconnected          16  0.31626901716586509       0.69220365245186743        5.0603042746538414        11.075258439229879       0.46828327803090858        7.4925324484945373        32.949071919523682        8.7829075765007598               57           9
 ../1660_seed.dataconnected          46  0.27001732404677203       0.61304166726580001        12.420796906151514        28.199916694226800       0.31885612649697836        14.667381818861005        65.674094637628471        36.415726599782282              118          26
 ../1661_seed.dataconnected          80  0.30796025247684261       0.69565146911986719        24.636820198147408        55.652117529589376       0.34710850296561330        27.768680237249065        93.377512407239550        66.346590170616579              129          11
 ../1662_seed.dataconnected          30  0.34500879606810270       0.78776547524514828        10.350263882043080        23.632964257354448       0.38397875201874088        11.519362560562227        44.905874931205588        18.524349843628073              114           8
 ../1663_seed.dataconnected          74  0.27800977882998545       0.63121203606013776        20.572723633418924        46.709690668450193       0.31774640195553505        23.513233744709595        128.14178030627511        94.900228915258694              131          13
 ../1664_seed.dataconnected          13  0.32406166792494501       0.75646827044573617        4.2128016830242849        9.8340875157945700       0.40187297465203847        5.2243486704765001        17.922227690763727        4.7844941175290181               95          10
 ../1665_seed.dataconnected          26  0.31109179914250173       0.69604570490100026        8.0883867777050451        18.097188327426007       0.34112389511578928        8.8692212730105204        49.538129423790835        22.052846689600415              131          22
 ../1666_seed.dataconnected          21  0.28666944783299136       0.68004208644181852        6.0200584044928185        14.280883815278189       0.35226059674555993        7.3974725316567582        40.705093307794343        14.401016673298612               92          11
 ../1667_seed.dataconnected          72  0.24347711293958868       0.54184072842033670        17.530352131650385        39.012532446264245       0.29387768327098862        21.159193195511179        122.44873589021957        85.949446043554289              134           9
 ../1668_seed.dataconnected          47  0.29371484980588453       0.63686739349038868        13.804597940876572        29.932767494048267       0.35285416987434109        16.584145984094032        61.500704152110387        31.404334092817471              144          12
 ../1669_seed.dataconnected          44  0.27522971931057083       0.61940548945494622        12.110107649665117        27.253841536017635       0.32029836488013991        14.093128054726156        82.521284752296182        48.415342361637663              100           9
 ../1670_seed.dataconnected          93  0.31100605838335438       0.67982402972696443        28.923563429651956        63.223634764607695       0.36119409491608778        33.591050827196163        138.85523850303289        112.26084299156248              160          24
 ../1671_seed.dataconnected          79  0.31237609836558755       0.71352467299108246        24.677711770881416        56.368449166295512       0.33652164818797620        26.585210206850121        84.162284505585220        61.317639741066102              122           7
 ../1672_seed.dataconnected          93  0.26591415406641555       0.62023054496313867        24.730016328176646        57.681440681571900       0.29363482931549051        27.308039126340617        190.22928246533704        172.32645177085629              130           7
 ../1673_seed.dataconnected          72  0.27796095654287106       0.61432030390767611        20.013188871086715        44.231061881352680       0.35468142670053288        25.537062722438368        123.99255335994593        94.614604285473391              154          12
 ../1674_seed.dataconnected          20  0.33906764787170524       0.74648112807928402        6.7813529574341045        14.929622561585681       0.39474782509652551        7.8949565019305101        31.453203406659465        11.124903389199446               91          13
 ../1675_seed.dataconnected          25  0.38556399852022899       0.81387673076182621        9.6390999630057248        20.346918269045656       0.46488574488685885        11.622143622171471        30.193628347888854        9.8992029873080050               92          11
 ../1676_seed.dataconnected          62  0.30945352514603836       0.70959333709506389        19.186118559054378        43.994786899893960       0.36385699963065887        22.559133977100849        96.534603524053153        70.143693711466256               92           5
 ../1677_seed.dataconnected          90  0.22458882274690806       0.49255712934549367        20.212994047221724        44.330141641094428       0.27006568694547334        24.305911825092601        134.89584938180133        113.31609348728287              127          10
 ../1678_seed.dataconnected          24  0.29738758861890130       0.67451726381712906        7.1373021268536316        16.188414331611099       0.39031353735507829        9.3675248965218785        50.130845257134418        21.593106783509789               85          12
 ../1679_seed.dataconnected          72  0.25091949843430195       0.55188956217261476        18.066203887269740        39.736048476428266       0.31116490506567712        22.403873164728754        99.738589170730791        75.781276349208895              114           7
 ../1680_seed.dataconnected          23  0.32505132193476260       0.71617158172591566        7.4761804044995399        16.471946379696060       0.40437631906947458        9.3006553385979149        41.705530552891297        17.452146721213857               74           6
 ../1681_seed.dataconnected          40  0.31362068905919138       0.70354099140318649        12.544827562367654        28.141639656127460       0.35200320257541506        14.080128103016602        55.775087431937244        29.826024239315814               99          16
 ../1682_seed.dataconnected          42  0.30978756531949642       0.71781513530071261        13.011077743418850        30.148235682629931       0.36587143806686401        15.366600398808288        51.795282010714516        28.840901767998325              156          13
 ../1683_seed.dataconnected          36  0.30322019279242479       0.69348448180308930        10.915926940527292        24.965441344911216       0.36492021395462049        13.137127702366337        51.250607193366385        25.221977082148502               91           8
 ../1684_seed.dataconnected          15  0.31494853176476795       0.71218039619184359        4.7242279764715196        10.682705942877654       0.45351644390672002        6.8027466586008005        22.614238968383894        7.5046985430088000               87          10
 ../1685_seed.dataconnected          19  0.31510463671029959       0.71365078921700476        5.9869880974956926        13.559364995123090       0.39433443065546986        7.4923541824539273        28.079975731095821        10.460136703733086               91          18
 ../1686_seed.dataconnected          35  0.25580529675247882       0.56714265477523462        8.9531853863367594        19.849992917133211       0.28142503177060962        9.8498761119713372        71.147014148942276        34.762239343181811              109          13
 ../1687_seed.dataconnected          30  0.37631260574957098       0.82408696757566213        11.289378172487130        24.722609027269865       0.46720616055086839        14.016184816526051        38.520982087892953        16.097747711995879               75           7
 ../1688_seed.dataconnected         126  0.32152450434868712       0.72542541911763891        40.512087547934577        91.403602808822498       0.34965673972281147        44.056749205074247        140.56590842239839        128.11327851608257              224          60
 ../1689_seed.dataconnected          73  0.31699944857568974       0.68421802299630063        23.140959746025352        49.947915678729949       0.36026204512346305        26.299129294012804        87.806792960718823        64.219543728524116              116          10
 ../1690_seed.dataconnected          68  0.30617379951337415       0.68785799434886241        20.819818366909441        46.774343615722643       0.36384674308517712        24.741578529792044        111.71965079538565        77.475562121958234              147          38
 ../1691_seed.dataconnected          39  0.27420167096925224       0.64067976153629247        10.693865167800837        24.986510699915407       0.30278540926036190        11.808630961154114        62.907332359437930        34.244992298697127              112          18
 ../1692_seed.dataconnected          37  0.30853528328756774       0.70772879044561732        11.415805481640007        26.185965246487839       0.36995771013708312        13.688435275072075        56.162390316164256        26.734727853868105              149          35
 ../1693_seed.dataconnected          78  0.25532310136526565       0.56936483679261218        19.915201906490722        44.410457269823752       0.32880063040643037        25.646449171701569        143.80181798761663        114.67280806704044              206          35
 ../1694_seed.dataconnected          59  0.32335281114804015       0.72020584852029990        19.077815857734368        42.492145062697695       0.36783478621777205        21.702252386848549        102.03232894396770        68.071918343594788              203          44
 ../1695_seed.dataconnected          61  0.32170593236025408       0.72660210350884880        19.624061873975499        44.322728314039779       0.38383092772140409        23.413686591005650        83.481385300083417        57.369571413865515              116          12
 ../1696_seed.dataconnected          30  0.26311652564437255       0.56676028915971477        7.8934957693311762        17.002808674791442       0.31745609667469205        9.5236829002407610        47.835133671127316        21.876449681381324               82           5
 ../1697_seed.dataconnected          42  0.36117700516476436       0.80344337005241684        15.169434216920104        33.744621542201507       0.40949050443155283        17.198601186125220        47.091051039414104        24.242125276086341              130          21
 ../1698_seed.dataconnected          34  0.35949920598063917       0.80931633974396189        12.222973003341732        27.516755551294704       0.40796218708399629        13.870714360855875        36.711872819023000        17.930999699082786              132          23
 ../1699_seed.dataconnected          74  0.33996418810854223       0.77667962859232620        25.157349920032125        57.474292515832140       0.36852110731294335        27.270561941157808        77.183329430823733        54.869401392959048              102           4
 ../1700_seed.dataconnected          82  0.31069152426090241       0.68656767154628728        25.476704989393998        56.298549066795559       0.35742504788714730        29.308853926746078        115.56527629512215        92.113869679572048              133           6
 ../1701_seed.dataconnected          89  0.25316643402847394       0.57479484569188899        22.531812628534180        51.156741266578123       0.28480330481906618        25.347494128896891        146.20511164030580        120.39343814822682              150          14
 ../1702_seed.dataconnected          54  0.29153705231787452       0.65296966665936829        15.743000825165224        35.260361999605891       0.35972072058121940        19.424918911385848        72.153635151676639        43.267285415047496               95          12
 ../1703_seed.dataconnected          55  0.26420720351117755       0.60911759594641146        14.531396193114766        33.501467777052632       0.29953128146432900        16.474220480538094        94.478171310670518        64.066162812493175              145          18
 ../1704_seed.dataconnected          54  0.31854219072816253       0.69457202764816572        17.201278299320776        37.506889493000948       0.36850874477079365        19.899472217622858        70.425996023647841        39.347101680619900              124          28
 ../1705_seed.dataconnected          36  0.30120852805444065       0.68748069179065918        10.843507009959863        24.749304904463731       0.34678925980053948        12.484413352819422        76.403348350363956        43.708402617710199              116           9
 ../1706_seed.dataconnected          37  0.34437972919213711       0.77785462834993135        12.742049980109073        28.780621248947462       0.40236074327526988        14.887347501184985        49.765782817244741        26.866869248787939               82           8
 ../1707_seed.dataconnected          43  0.33234906330434977       0.74327909926095215        14.291009722087040        31.961001268220944       0.40567655394606472        17.444091819680782        55.177131997520185        28.538475016813390              127           9
 ../1708_seed.dataconnected          46  0.25344077624955952       0.56344331664691483        11.658275707479739        25.918392565758083       0.29156647012127573        13.412057625578683        81.690458060547982        53.751813901482990               98           8
 ../1709_seed.dataconnected          58  0.35784883789160410       0.77115933532942060        20.755232597713039        44.727241449106394       0.41145512999602740        23.864397539769591        60.325420384838466        36.537645543310838              113          20
 ../1710_seed.dataconnected          41  0.32870672931177569       0.71222104819197674        13.476975901782803        29.201062975871046       0.39060811006519641        16.014932512673052        63.224543453366181        34.020228355781988              116           9
 ../1711_seed.dataconnected          31  0.30597234384995137       0.68779876489908576        9.4851426593484920        21.321761711871659       0.33604848659152764        10.417503084337357        43.914483887528149        20.350024825690440              104          16
 ../1712_seed.dataconnected          22  0.29520080148102557       0.65509519458742604        6.4944176325825627        14.412094280923373       0.30041583745351169        6.6091484239772571        30.547749781109207        12.614553407355427              106          12
 ../1713_seed.dataconnected         119  0.30792838576057696       0.67592921705371178        36.643477905508661        80.435576829391707       0.36703718697680621        43.677425250239942        129.04126576479027        113.36787878063237              150           4
 ../1714_seed.dataconnected          39  0.29896685512916293       0.69483075274465034        11.659707350037355        27.098399357041362       0.33636313194079825        13.118162145691132        57.314928263793981        24.691649643422213               85           9
 ../1715_seed.dataconnected          25  0.29143756537079812       0.68300359000399924        7.2859391342699533        17.075089750099981       0.32893629102855793        8.2234072757139476        52.797442233414671        23.220695690193075              109          11
 ../1716_seed.dataconnected          70  0.27067278352316432       0.60569104387774153        18.947094846621503        42.398373071441910       0.30816635386104335        21.571644770273036        118.80525426755831        77.055416308762247              130          10
 ../1717_seed.dataconnected          75  0.28588506441142975       0.65991877565667167        21.441379830857230        49.493908174250379       0.35491928051072935        26.618946038304703        118.17791932235606        90.930084644816219              150          20
 ../1718_seed.dataconnected          22  0.32908585868858564       0.74214165573946178        7.2398888911488841        16.327116426268159       0.37889782297689401        8.3357521054916681        31.201151723951519        11.397654319912251               94          20
 ../1719_seed.dataconnected          24  0.26304891179207118       0.60919009269641000        6.3131738830097088        14.620562224713840       0.34534136930110526        8.2881928632265272        52.806538801145884        23.143391761520576              101          22
 ../1720_seed.dataconnected          76  0.32985404074881330       0.73464213504023701        25.068907096909811        55.832802263058014       0.36497295383227540        27.737944491252932        91.721661418752859        66.345920874382003              113           6
 ../1721_seed.dataconnected          22  0.32310729163132085       0.71303614072802968        7.1083604158890585        15.686795096016652       0.40890632879259747        8.9959392334371451        35.730172956594849        13.077014132623958               80           8
 ../1722_seed.dataconnected           7  0.38305375417799237       0.82076640008549384        2.6813762792459466        5.7453648005984572       0.52187771883793099        3.6531440318655171        7.2668782160593537       0.87393126483518369               78           6
 ../1723_seed.dataconnected          37  0.26699183970174284       0.59510643071301284        9.8786980689644857        22.018937936381477       0.30306292644411997        11.213328278432439        55.981833315120490        28.237752599962654               83           8
 ../1724_seed.dataconnected          28  0.34627881953808548       0.76942024904687956        9.6958069470663943        21.543766973312628       0.39394848657431947        11.030557624080945        40.311688562073726        17.712840177621636              162          14
 ../1725_seed.dataconnected          27  0.32742424491246236       0.70278162832061275        8.8404546126364831        18.975103964656544       0.37168637518042730        10.035532129871537        47.757459696440442        20.904884884346188               94          14
 ../1726_seed.dataconnected          18  0.28526523924132113       0.67018614036736224        5.1347743063437807        12.063350526612520       0.34528001432555289        6.2150402578599522        24.691963102461010        7.7134507602086382               78          13
 ../1727_seed.dataconnected          14  0.34941374644295625       0.81809354041161420        4.8917924502013879        11.453309565762599       0.37650671939512936        5.2710940715318113        16.785504523627658        4.4431944848998048               62           9
 ../1728_seed.dataconnected          61  0.34907955259763529       0.74209983312195504        21.293852708455752        45.268089820439258       0.40709475505308618        24.832780058238257        78.428410304796103        52.642320018431207              118           9
 ../1729_seed.dataconnected          45  0.31567764250629554       0.73448069680903094        14.205493912783300        33.051631356406389       0.34399729612885055        15.479878325798275        57.326385465383751        30.284429030309788              138          36
 ../1730_seed.dataconnected          54  0.26657795111340543       0.61395094640592685        14.395209360123893        33.153351105920052       0.31450199595252903        16.983107781436569        101.51748721277653        74.382105436657085              117          13
 ../1731_seed.dataconnected          83  0.24033920471185569       0.52867099079772772        19.948153991084023        43.879692236211405       0.27985935263553718        23.228326268749587        118.14130180205902        96.921617106200799              142          21
 ../1732_seed.dataconnected          19  0.32727622845551652       0.71845932715694649        6.2182483406548137        13.650727215981984       0.35607206253654750        6.7653691881944020        35.366748439704828        14.692695591840851              121          17
 ../1733_seed.dataconnected          73  0.31512835195069738       0.70097821389328319        23.004369692400910        51.171409614209672       0.36108425731462268        26.359150783967454        108.26882629506424        81.000805883701105              115           7
 ../1734_seed.dataconnected          51  0.33263424427279870       0.75107770621253489        16.964346457912733        38.304963016839281       0.36596305461872314        18.664115785554880        54.971598422746403        31.273914377761141              112          17
 ../1735_seed.dataconnected          41  0.35149739091000565       0.76809089013654397        14.411393027310231        31.491726495598304       0.41522680203878259        17.024298883590085        59.074415182027160        31.573526217567252               95          10
 ../1736_seed.dataconnected          70  0.25322444421186002       0.56419814815668512        17.725711094830203        39.493870370967961       0.29774281498722155        20.841997049105508        117.77085892336078        87.329780180572499              126          10
 ../1737_seed.dataconnected          50  0.25071484322197496       0.55703334466513510        12.535742161098748        27.851667233256755       0.29786568669822178        14.893284334911089        93.253272767442866        62.127139942290825              122          18
 ../1738_seed.dataconnected          62  0.35114749634883785       0.78584339422611249        21.771144773627945        48.722290442018974       0.40044129750753615        24.827360445467242        86.680430003138653        59.535514181919204              123          10
 ../1739_seed.dataconnected          31  0.22279877757121991       0.50437015457503165        6.9067621047078172        15.635474791825981       0.24803269862267815        7.6890136573030228        57.075489850152131        26.530516172031518              106          12
 ../1740_seed.dataconnected          78  0.31168886809436180       0.70734814996701534        24.311731711360220        55.173155697427198       0.34872266416812159        27.200367805113483        90.105324489299889        64.886386817610259              127           8
 ../1741_seed.dataconnected          47  0.28529243135392041       0.64589384834373342        13.408744273634259        30.357010872155470       0.31987291132070639        15.034026832073200        71.850759332560187        45.074709148250825              119          10
 ../1742_seed.dataconnected          70  0.32159898822731825       0.70310937323059808        22.511929175912279        49.217656126141868       0.37701237491119283        26.390866243783499        109.08784334346873        76.879864016428769              129          21
 ../1743_seed.dataconnected          23  0.34144403287708180       0.82012731868986832        7.8532127561728817        18.862928329866971       0.39943152569697904        9.1869250910305187        27.116516340920967        10.091825874943632               81           9
 ../1744_seed.dataconnected          13  0.38673495360201249       0.83252868026884852        5.0275543968261625        10.822872843495031       0.48392162508770659        6.2909811261401858        17.938437511347100        3.9613061098402067              117          12
 ../1745_seed.dataconnected          26  0.26958254798115694       0.60120252373573280        7.0091462475100803        15.631265617129053       0.34165941892450041        8.8831448920370111        43.295731587319551        18.958890225198473              120          17
 ../1746_seed.dataconnected          26  0.32987650457859141       0.72727657293717052        8.5767891190433758        18.909190896366432       0.38798490907737027        10.087607636011628        30.912651560159848        11.689817582311427              112          16
 ../1747_seed.dataconnected         102  0.31688839538539321       0.71947792974925717        32.322616329310108        73.386748834424225       0.34462838544752333        35.152095315647379        110.42779035856074        90.465316487914365              143           3
 ../1748_seed.dataconnected          76  0.21577633897072251       0.47991892187748803        16.399001761774912        36.473838062689090       0.26408959650449276        20.070809334341451        127.88717586591346        92.157677179555179              153          15
 ../1749_seed.dataconnected          93  0.31603929374881812       0.69567702140169285        29.391654318640086        64.697962990357439       0.34740744464617640        32.308892352094404        110.72565065886342        86.850401583509537              125           5
 ../1750_seed.dataconnected          25  0.24493609762206645       0.52580394831980970        6.1234024405516614        13.145098707995242       0.28607760448017594        7.1519401120043984        47.295812337227545        22.956136826842297               99          13
 ../1751_seed.dataconnected          34  0.30057161840260388       0.66756533555798303        10.219435025688531        22.697221408971423       0.37477872182035077        12.742476541891927        84.674914908127633        44.923506039970086               97          13
 ../1752_seed.dataconnected          34  0.32231065775432050       0.72086614345381717        10.958562363646896        24.509448877429783       0.35897477153368923        12.205142232145434        61.879585659889678        30.505987199301508              109          17
 ../1753_seed.dataconnected          29  0.33249026011829941       0.74843059327270056        9.6422175434306823        21.704487204908315       0.39298743445368367        11.396635599156827        44.578906198838112        20.574536261959803              129          20
 ../1754_seed.dataconnected          37  0.32559219893942459       0.74153261862130326        12.046911360758710        27.436706888988219       0.39219836960366916        14.511339675335758        52.622733163733223        28.052367147431568               98          14
 ../1755_seed.dataconnected          91  0.26143077904222717       0.58747752250644913        23.790200892842673        53.460454548086872       0.28877283533025760        26.278328015053443        124.33006164386315        103.55357961305829              161          14
 ../1756_seed.dataconnected          60  0.29357863250841337       0.64288643011697510        17.614717950504801        38.573185807018504       0.34599094279953391        20.759456567972034        97.658325398913988        66.643768123155184              120          17
 ../1757_seed.dataconnected          82  0.24679576249659085       0.54037286750329971        20.237252524720450        44.310575135270575       0.29806661137084800        24.441462132409537        127.56723367207445        101.16722123782345              123           7
 ../1758_seed.dataconnected          73  0.24639496932327667       0.55585071428152699        17.986832760599196        40.577102142551468       0.29802193608478311        21.755601334189166        122.66030537172414        96.983041418221546              117          12
 ../1759_seed.dataconnected          77  0.36014549051894079       0.78651614616771848        27.731202769958440        60.561743254914326       0.40147802985258635        30.913808298649148        85.783861693094380        61.202919818416845              194          36
 ../1760_seed.dataconnected          22  0.35066689120805422       0.77736061652190658        7.7146716065771930        17.101933563481946       0.39023032064224450        8.5850670541293788        27.298426298367183        9.3025579818745836               91          15
 ../1761_seed.dataconnected          28  0.29818633241188575       0.70401283708576634        8.3492173075328004        19.712359438401457       0.31919699839162130        8.9375159549653969        43.440262823324801        19.244937506874976               96          13
 ../1762_seed.dataconnected          17  0.33855814973795301       0.76223822858159607        5.7554885455452007        12.958049885887133       0.43295349888070245        7.3602094809719416        22.438878091417394        7.3679650912201256              103          17
 ../1763_seed.dataconnected          46  0.25045229959534704       0.56759759677232591        11.520805781385963        26.109489451526990       0.29977897436190032        13.789832820647415        78.100795359927304        49.911957161627399              113          16
 ../1764_seed.dataconnected          27  0.30348919127054907       0.67814549631586774        8.1942081643048255        18.309928400528428       0.36545540640461799        9.8672959729246852        56.125057143634841        21.018162273600964              105          21
 ../1765_seed.dataconnected          46  0.27394309472185674       0.62581846132222696        12.601382357205409        28.787649220822441       0.29361780677051308        13.506419111443602        76.661255107811741        49.662040292610612               73           5
 ../1766_seed.dataconnected          44  0.31342730067289626       0.67892203138536600        13.790801229607435        29.872569380956104       0.34931941070774136        15.370054071140620        49.804290892135306        27.623341457642844              103           6
 ../1767_seed.dataconnected          54  0.34600057985153182       0.75571254542968747        18.684031311982718        40.808477453203125       0.41360221131211511        22.334519410854217        65.861125900653434        38.893974480700834               91           8
 ../1768_seed.dataconnected          39  0.26707173073363960       0.59912132155059761        10.415797498611944        23.365731540473305       0.31628279202541720        12.335028888991271        68.176538081967522        38.370751803219932              123          11
 ../1769_seed.dataconnected          87  0.38952159666965486       0.81307205778631542        33.888378910259974        70.737269027409440       0.44767372199245353        38.947613813343459        83.376729902607465        61.607492197003403              137           8
 ../1770_seed.dataconnected          55  0.21796419287829297       0.49646452475983399        11.988030608306113        27.305548861790868       0.24789538025786798        13.634245914182738        118.54778668848328        93.493518062377774              144          22
 ../1771_seed.dataconnected          39  0.24506929871332520       0.53666066088976705        9.5577026498196833        20.929765774700915       0.29764751743885864        11.608253180115486        76.995277084686379        43.935070060263719              109          11
 ../1772_seed.dataconnected          14  0.33698983107504410       0.82805518054606364        4.7178576350506169        11.592772527644891       0.42596089038398338        5.9634524653757675        20.543485750866900        4.5642461314065690              102          14
 ../1773_seed.dataconnected          67  0.33211496800142443       0.72620195081502315        22.251702856095438        48.655530704606548       0.38955873839869892        26.100435472712828        98.817160320777674        65.343495154211027              145           9
 ../1774_seed.dataconnected          47  0.28441149206804184       0.67704654838476042        13.367340127197966        31.821187774083739       0.33701234215374798        15.839580081226154        78.237111117793035        46.594885899609679              182          37
 ../1775_seed.dataconnected          27  0.27180710168744993       0.62609596373033394        7.3387917455611476        16.904591020719018       0.29839741839512923        8.0567302966684888        52.503769671151346        24.473599703901023              107          18
 ../1776_seed.dataconnected          17  0.29880839301448137       0.67644636081634302        5.0797426812461834        11.499588133877831       0.38907145566440798        6.6142147462949357        35.716625182009643        11.651866283259077               67           8
 ../1777_seed.dataconnected          25  0.34699968827189487       0.77498088065973236        8.6749922067973717        19.374522016493309       0.39312230026377343        9.8280575065943356        38.080750170361426        15.606771319192250              124          16
 ../1778_seed.dataconnected          19  0.35976565042147696       0.79450704673768380        6.8355473580080623        15.095633888015993       0.42794084019733764        8.1308759637494159        23.625930886959111        8.4525199626376324              107          14
 ../1779_seed.dataconnected          15  0.39082089227146732       0.88192441176917191        5.8623133840720101        13.228866176537579       0.43370056305362031        6.5055084458043044        14.480624206155579        4.2420352581356626               60          10
 ../1780_seed.dataconnected          19  0.30339040230258624       0.69286910747029629        5.7644176437491383        13.164513041935630       0.36453838412039197        6.9262292982874474        32.464269260362727        11.937602272753782              111          16
 ../1781_seed.dataconnected          55  0.25519391191361807       0.58821157688658099        14.035665155248994        32.351636728761953       0.29624323072772285        16.293377690024755        101.89920098660205        68.016983391046239              114          14
 ../1782_seed.dataconnected          47  0.32719439021920743       0.73129504226132103        15.378136340302749        34.370866986282088       0.38464067233611754        18.078111599797523        60.165051841920480        31.554438482414351              153          30
 ../1783_seed.dataconnected          35  0.27982405554407708       0.62286395419948348        9.7938419440426969        21.800238396981921       0.35742796967854956        12.509978938749235        67.525529835275975        38.231934700281734              106          10
 ../1784_seed.dataconnected          27  0.28779709496776473       0.61297766901517337        7.7705215641296475        16.550397063409680       0.35181366757912758        9.4989690246364447        38.072164954264068        16.023390291235849               86          14
 ../1785_seed.dataconnected          86  0.23394318734257036       0.53938343584563209        20.119114111461052        46.386975482724360       0.25579647797924121        21.998497106214742        132.94326777712055        111.91025896499319              124          11
 ../1786_seed.dataconnected          74  0.30061232953963035       0.65982363703005220        22.245312385932646        48.826949140223860       0.34236314866684570        25.334873001346580        107.11550165721535        79.689026911542427              115          11
 ../1787_seed.dataconnected          80  0.28273090986115368       0.62907461934963715        22.618472788892294        50.325969547970971       0.32947022669001896        26.357618135201516        108.30081779509223        91.065129851087804              110          10
 ../1788_seed.dataconnected          92  0.31420078819138092       0.68641420191973757        28.906472513607046        63.150106576615855       0.35874869797514752        33.004880213713570        127.79749516017554        108.70162632015054              126           6
 ../1789_seed.dataconnected          53  0.31091485773972122       0.69190057346853107        16.478487460205226        36.670730393832145       0.35625921976665637        18.881738647632787        108.02026593771592        60.765720201112735              139          28
 ../1790_seed.dataconnected          53  0.33434401270626890       0.76824634558397864        17.720232673432253        40.717056315950870       0.36576202783745665        19.385387475385201        81.949628876014444        48.102676110707549              118          13
 ../1791_seed.dataconnected          48  0.26691331035105542       0.59166760890744818        12.811838896850659        28.400045227557513       0.31864948046633118        15.295175062383898        85.684685663514827        50.526210490104553              102          10
 ../1792_seed.dataconnected          33  0.35367195670997792       0.80420225912766952        11.671174571429271        26.538674551213095       0.41027528968102883        13.539084559473951        40.958278927931865        19.048711558614333              125          16
 ../1793_seed.dataconnected          23  0.34675468054106523       0.74820012216792497        7.9753576524445000        17.208602809862274       0.44608971307734041        10.260063400778829        39.754825695236271        14.793907113901806              131          15
 ../1794_seed.dataconnected          33  0.31033422496918123       0.68457546967826344        10.241029423982981        22.590990499382695       0.37515379817265132        12.380075339697493        46.257127668324941        21.274068780745392              139          16
 ../1795_seed.dataconnected          68  0.30250563342012404       0.67889574559075472        20.570383072568436        46.164910700171319       0.35516826066825891        24.151441725441607        90.157927266401543        64.009829085308482              155          19
 ../1796_seed.dataconnected          56  0.23170135426482261       0.51938656048412257        12.975275838830067        29.085647387110864       0.27035534089976243        15.139899090386695        86.204332593288939        57.543990275778604              240          43
 ../1797_seed.dataconnected          80  0.32188499056857739       0.72240596409587621        25.750799245486192        57.792477127670097       0.35964455078494068        28.771564062795253        109.02815407761344        85.316668536840183              136           6
 ../1798_seed.dataconnected          47  0.26374665105026091       0.58744211389920620        12.396092599362262        27.609779353262692       0.32038178420153990        15.057943857472376        96.990502926228288        56.778650723544182              116          11
 ../1799_seed.dataconnected          27  0.34337166564712956       0.77224086086184796        9.2710349724724974        20.850503243269895       0.40383503152324429        10.903545851127596        38.059603725286067        16.973633901084813              110          19
 ../1800_seed.dataconnected          46  0.35249130556689645       0.81417949028946501        16.214600056077238        37.452256553315394       0.39469024492396426        18.155751266502357        58.330115765948918        33.236401633401528              119          25
 ../1801_seed.dataconnected         117  0.35539023042940232       0.80502177301592348        41.580656960240070        94.187547442863050       0.37903071121095250        44.346593211681444        117.83711805276469        102.91727399008661              190          33
 ../1802_seed.dataconnected          79  0.30746652837250527       0.69259485345810268        24.289855741427917        54.714993423190109       0.36869880923620307        29.127205929660043        122.50054256016972        98.144789521486345              130           7
 ../1803_seed.dataconnected         104  0.32847795207642211       0.71629633458465536        34.161707015947897        74.494818796804154       0.37156253007032558        38.642503127313859        128.94668900137597        115.71037041318006              140           9
 ../1804_seed.dataconnected          41  0.32427757934133594       0.75625228347296591        13.295380752994774        31.006343622391604       0.36682624489695098        15.039876040774990        64.577472019926432        36.391375314425062              109          15
 ../1805_seed.dataconnected          81  0.25248289069129015       0.55420482927831671        20.451114145994502        44.890591171543655       0.29204607931960297        23.655732424887841        156.99997655462911        129.42643448919458              141           8
 ../1806_seed.dataconnected          44  0.32075425766145826       0.72698317367931375        14.113187337104163        31.987259641889807       0.37849402897362355        16.653737274839436        84.224809476941061        52.982930230046883               89           9
 ../1807_seed.dataconnected          30  0.34049783114928261       0.78249414189482847        10.214934934478478        23.474824256844855       0.38308974927699430        11.492692478309829        44.473238781498665        19.146863825015910              141          18
 ../1808_seed.dataconnected          34  0.30649364538121748       0.66022421845336643        10.420783942961394        22.447623427414459       0.35509296558431230        12.073160829866618        45.245982646427038        21.674801139189416              144          19
 ../1809_seed.dataconnected          21  0.34812754550956804       0.81489072070882096        7.3106784557009288        17.112705134885239       0.40072164261076637        8.4151544948260941        26.296991173783319        9.8121978854896419              126          20
 ../1810_seed.dataconnected          27  0.32790899931397344       0.75307560203524482        8.8535429814772826        20.333041254951610       0.38831963328239338        10.484630098624621        41.614140668280150        19.022276654742431              116          17
 ../1811_seed.dataconnected          79  0.35426705036750905       0.79628454456517772        27.987096979033215        62.906479020649037       0.39076170644973757        30.870174809529267        81.412439161851694        55.447688831663065              140          17
 ../1812_seed.dataconnected          41  0.25168257697083313       0.56813645548146552        10.318985655804159        23.293594674740085       0.32777708348162271        13.438860422746531        88.162845728460397        45.746639738367925              114          18
 ../1813_seed.dataconnected          48  0.34465542063267679       0.76180020620337885        16.543460190368485        36.566409897762185       0.38153396712642518        18.313630422068407        62.876589311063547        35.071927896444258              128           7
 ../1814_seed.dataconnected          69  0.26485440223962575       0.59563957618915897        18.274953754534177        41.099130757051967       0.32046495040730227        22.112081578103858        111.98905136645206        85.016588404140478              102           5
 ../1815_seed.dataconnected         110  0.31630220418674099       0.71095740880535852        34.793242460541506        78.205314968589434       0.35983062839872199        39.581369123859417        133.74961356699521        110.66725015139393              130           4
 ../1816_seed.dataconnected          19  0.33262576451562609       0.72300430148741213        6.3198895257968957        13.737081728260831       0.36481018292750522        6.9313934756225990        31.087994292662557        10.510573739683013               73          18
 ../1817_seed.dataconnected          22  0.30013082376123057       0.67489393635243633        6.6028781227470725        14.847666599753600       0.33688676047573562        7.4115087304661840        43.745764108227704        18.537949885888956              100          19
 ../1818_seed.dataconnected          23  0.33836189712180453       0.76434981311938177        7.7823236338015045        17.580045701745782       0.39983401426629284        9.1961823281247348        47.873795513580554        20.813838360641451               94           7
 ../1819_seed.dataconnected          76  0.29919939221240033       0.67742761343496505        22.739153808142426        51.484498621057341       0.33665215770283768        25.585563985415664        112.27023857803016        76.467121301149945              152          12
 ../1820_seed.dataconnected          50  0.28978584661092455       0.63260111693378485        14.489292330546228        31.630055846689242       0.32977038615873944        16.488519307936972        57.273566925696308        35.240525561606233              137          14
 ../1821_seed.dataconnected          38  0.32589629506456053       0.73049240889139588        12.384059212453300        27.758711537873044       0.40105939567939031        15.240257035816832        63.610352538600722        31.575533850518372              116          17
 ../1822_seed.dataconnected          65  0.33706598603216503       0.74443924775284120        21.909289092090727        48.388551103934681       0.37276616637320398        24.229800814258258        90.082983186326700        60.203089485264719              111          10
 ../1823_seed.dataconnected          91  0.34407679028885679       0.76842769122351129        31.310987916285967        69.926919901339531       0.39111815314093967        35.591751935825513        128.58021932305550        112.22795783643473              120           4
 ../1824_seed.dataconnected          35  0.31467834085045582       0.69706553012039607        11.013741929765954        24.397293554213864       0.37847890472456341        13.246761665359719        63.744153019673902        33.969407385051277              125          18
 ../1825_seed.dataconnected          54  0.32622179815594360       0.73461845529241732        17.615977100420956        39.669396585790537       0.37538927007993922        20.271020584316719        58.375505542797015        30.266814144350622              139          10
 ../1826_seed.dataconnected          27  0.35279096080151329       0.79633744568989762        9.5253559416408589        21.501111033627236       0.42425646752050011        11.454924623053502        39.849220179358959        15.244982329092226               97          14
 ../1827_seed.dataconnected          26  0.31534826728199838       0.71645636953183378        8.1990549493319573        18.627865607827680       0.33663155293048080        8.7524203761925001        38.659099447335940        15.374804217112359              100          18
 ../1828_seed.dataconnected          88  0.27260556601762587       0.63186489181158612        23.989289809551074        55.604110479419575       0.30947629945161531        27.233914351742147        150.86254975036380        125.25850998715738              119           3
 ../1829_seed.dataconnected          57  0.22696326189937907       0.50801281229386797        12.936905928264608        28.956730300750475       0.24884943164112563        14.184417603544162        119.62997335606953        81.945900316945199              147          16
 ../1830_seed.dataconnected          35  0.34889907091634026       0.77010616004615007        12.211467482071908        26.953715601615251       0.41639098820670467        14.573684587234663        49.361118656282009        23.555854205489190               97          10
 ../1831_seed.dataconnected          56  0.27069749505836765       0.58564735930149259        15.159059723268589        32.796252120883587       0.32754114133404766        18.342303914706669        98.249379646616845        59.342776845203474              119           9
 ../1832_seed.dataconnected          99  0.33930539194449860       0.74663694762268473        33.591233802505364        73.917057814645787       0.39345401096359867        38.951947085396270        126.14519616453144        111.72810743547399              144           7
 ../1833_seed.dataconnected          36  0.27420621685691909       0.63068106976713001        9.8714238068490872        22.704518511616680       0.30490667520223524        10.976640307280469        60.026075697542915        28.770513843699806              134          28
 ../1834_seed.dataconnected          84  0.29499219339753252       0.64242865311467601        24.779344245392732        53.964006861632782       0.32562742824125201        27.352703972265168        104.84657762281158        75.280306599847407              147           9
 ../1835_seed.dataconnected          46  0.29603051405280162       0.66182849059015114        13.617403646428874        30.444110567146954       0.31275636698606102        14.386792881358806        56.167459249235193        32.309999685147240               96           5
 ../1836_seed.dataconnected          42  0.26647259681795438       0.59739650986647241        11.191849066354084        25.090653414391841       0.32142783437181538        13.499969043616247        77.336868083400461        45.555117688329716              111           8
 ../1837_seed.dataconnected          43  0.35470408486895211       0.77255723999984649        15.252275649364941        33.219961319993402       0.41609755185841263        17.892194729911743        61.986283357455591        35.812391689228043              126          21
 ../1838_seed.dataconnected          46  0.27554910961127960       0.62287317526045560        12.675259042118862        28.652166061980957       0.31944851626171311        14.694631748038804        100.70567940425445        55.601024977604879              125          12
 ../1839_seed.dataconnected          37  0.32544751621529860       0.74749924739170881        12.041558099966048        27.657472153493227       0.37975565245516324        14.050959140841039        51.688790928261717        25.237146268095255              105           9
 ../1840_seed.dataconnected          77  0.32492153957612696       0.72679736500614578        25.018958547361777        55.963397105473227       0.37780708340082197        29.091145421863292        117.94377460929937        92.139833109855900              128           6
 ../1841_seed.dataconnected          92  0.20108308302912709       0.43829501229536066        18.499643638679693        40.323141131173180       0.26497218741431738        24.377441242117200        124.68741533674506        109.65925269654055              129           4
 ../1842_seed.dataconnected          27  0.34603646360299362       0.71746473662422994        9.3429845172808275        19.371547888854209       0.43964219324645754        11.870339217654353        36.890208415825413        15.807657626146099               76           6
 ../1843_seed.dataconnected          51  0.29388517511469114       0.67731711461076116        14.988143930849247        34.543172845148817       0.34210117964224246        17.447160161754365        81.424068625848150        48.106812779209676              101           6
 ../1844_seed.dataconnected          46  0.29840346845454691       0.65013283319605319        13.726559548909158        29.906110327018446       0.38510375546775444        17.714772751516705        68.378027946138829        42.501575672082559              133          32
 ../1845_seed.dataconnected          40  0.30418351043164343       0.71678252080171689        12.167340417265738        28.671300832068674       0.32552293150331790        13.020917260132716        47.554483136780625        23.967988060753505              106          10
 ../1846_seed.dataconnected          48  0.27416883303189665       0.60983559439084067        13.160103985531039        29.272108530760352       0.33154266206031840        15.914047778895284        79.011970889564267        49.512567662454565              118           7
 ../1847_seed.dataconnected          16  0.31750134931155205       0.69510750895657714        5.0800215889848328        11.121720143305234       0.40213882904721748        6.4342212647554797        23.320201894518767        5.9453855731391343               97          14
 ../1848_seed.dataconnected          34  0.34527496592119494       0.76351680573756153        11.739348841320629        25.959571395077091       0.41562299046736173        14.131181675890298        39.987857053418118        18.899238857226837              132          21
 ../1849_seed.dataconnected          76  0.31459336717802655       0.69621332840765426        23.909095905530016        52.912212958981726       0.37377571028577999        28.406953981719280        122.21206528084936        93.999206112775155              171          16
 ../1850_seed.dataconnected          63  0.25283412670939609       0.58997168113660137        15.928549982691953        37.168215911605884       0.29839990828446716        18.799194221921432        108.36683074928558        79.432148940946036              119          14
 ../1851_seed.dataconnected          65  0.35151746428545522       0.75906252418481812        22.848635178554588        49.339064072013180       0.42300529218477650        27.495343992010472        85.476697046607114        62.735505802836578              142          19
 ../1852_seed.dataconnected          57  0.25450899472113758       0.58130264192367831        14.507012699104843        33.134250589649660       0.32842506649775771        18.720228790372190        105.88214268397552        82.301493188397401               96           9
 ../1853_seed.dataconnected          30  0.35234045057142788       0.79620256072548801        10.570213517142836        23.886076821764640       0.38589113592136559        11.576734077640968        35.434643586228752        15.320201324950315              121          20
 ../1854_seed.dataconnected          82  0.29816961142123583       0.66561805249948935        24.449908136541339        54.580680304958129       0.33658988138645712        27.600370273689485        120.83655975856038        95.933928593129224              145          20
 ../1855_seed.dataconnected          30  0.25967217315166419       0.60208403943002631        7.7901651945499255        18.062521182900788       0.28699512936202237        8.6098538808606708        53.055049879313358        24.731547512402564              135          13
 ../1856_seed.dataconnected          20  0.35715314738964954       0.80474924914071788        7.1430629477929912        16.094984982814356       0.43654777016845175        8.7309554033690357        27.455420025206987        9.4039756371802046              111          11
 ../1857_seed.dataconnected          40  0.26003560983406726       0.58863152793011042        10.401424393362690        23.545261117204419       0.29805129359211197        11.922051743684479        80.149645967248844        44.805474690320125              156          28
 ../1858_seed.dataconnected          14  0.36574406533838133       0.80925211929836383        5.1204169147373388        11.329529670177093       0.41415010951151421        5.7981015331611987        14.016558790388689        3.8660482739054780               77          12
 ../1859_seed.dataconnected          37  0.32240055443610671       0.72346935517842759        11.928820514135948        26.768366141601820       0.41345192768917932        15.297721324499635        68.247720096994911        37.001446286982798              121          18
 ../1860_seed.dataconnected          69  0.26424652811568072       0.58493850362931565        18.233010439981971        40.360756750422780       0.31591814564844212        21.798352049742505        106.93957146585359        82.580601785657478              129           9
 ../1861_seed.dataconnected          44  0.32642067868834218       0.71240235215750658        14.362509862287055        31.345703494930291       0.39107561984116784        17.207327273011384        62.724167835002895        35.394011780313150              101          12
 ../1862_seed.dataconnected          48  0.29048056202849820       0.65139764047245796        13.943066977367913        31.267086742677982       0.32461041733805684        15.581300032226729        96.637438508747806        55.345523504891389              126          18
 ../1863_seed.dataconnected          34  0.27397138754881634       0.62794116226755092        9.3150271766597559        21.349999517096730       0.34918656157103545        11.872343093415205        59.857797972522370        33.773178158682647               98          13
 ../1864_seed.dataconnected          79  0.30512214870058085       0.69059441331024241        24.104649747345888        54.556958651509149       0.33706017549692047        26.627753864256718        103.52606611243786        69.111693811231447              135           7
 ../1865_seed.dataconnected         137  0.29522804822851900       0.65090098839956823        40.446242607307106        89.173435410740851       0.34111215789680271        46.732365631861974        153.51482608505003        146.70603151314350              192           9
 ../1866_seed.dataconnected         109  0.26497335968291474       0.59641291035867083        28.882096205437708        65.009007229095118       0.29706246574024009        32.379808765686171        160.49378275388923        152.34980577919603              163          12
 ../1867_seed.dataconnected          20  0.30478460232342725       0.67771759251601371        6.0956920464685451        13.554351850320273       0.36883671353704495        7.3767342707408989        33.051121305322390        12.490278836672784               82          13
 ../1868_seed.dataconnected          41  0.31525473244597446       0.70703730146488097        12.925444030284954        28.988529360060120       0.35726780543937298        14.647980023014291        63.125648765021289        34.971613324616584              107          13
 ../1869_seed.dataconnected          38  0.29861397588966671       0.66150352169641569        11.347331083807335        25.137133824463795       0.31853257305915772        12.104237776247993        67.628020572399805        36.387549837752388              131          21
 ../1870_seed.dataconnected          91  0.22561657158878040       0.50566491646230582        20.531108014579015        46.015507398069829       0.26601134519899461        24.207032413108511        119.51134901816877        97.142244158370929              156          18
 ../1871_seed.dataconnected          26  0.30306668011621629       0.65669604945960913        7.8797336830216231        17.074097285949836       0.36259213333588508        9.4273954667330120        40.061038219894726        18.117015528342701              117          18
 ../1872_seed.dataconnected          59  0.28487198637980249       0.64782904533794805        16.807447196408347        38.221913674938932       0.34892282239401329        20.586446521246785        94.375430172910711        65.922852698266936              130          35
 ../1873_seed.dataconnected          95  0.29272543255796185       0.65613501535425467        27.808916093006374        62.332826458654196       0.33384112313056835        31.714906697403993        120.14048243914722        97.736114908376493              144          11
 ../1874_seed.dataconnected          77  0.25463645434416471       0.56049376426113107        19.607006984500682        43.158019848107095       0.27923844703540202        21.501360421725956        112.56307346234304        71.308807601137332              120           6
 ../1875_seed.dataconnected          75  0.26803819471203316       0.61511320973974504        20.102864603402487        46.133490730480879       0.32541719030070537        24.406289272552904        107.48202659105361        84.194766782250596              123          14
 ../1876_seed.dataconnected          67  0.30815123404309264       0.69173158360642328        20.646132680887206        46.346016101630362       0.36340260485847214        24.347974525517635        102.56260503480921        76.431843000277325              110           5
 ../1877_seed.dataconnected          77  0.33969393023259792       0.73177896611707316        26.156432627910039        56.346980391014633       0.40025536463440858        30.819663076849462        79.778028688037978        54.894988502278181              120           6
 ../1878_seed.dataconnected          56  0.34527232990602025       0.78478626892444470        19.335250474737133        43.948031059768901       0.38591528443799461        21.611255928527697        71.580098683192318        44.543303518402141              112           7
 ../1879_seed.dataconnected          87  0.35119576627259802       0.76914011091237966        30.554031665716028        66.915189649377027       0.39269199984783187        34.164203986761372        100.68920109951787        72.227271451933078              152          12
 ../1880_seed.dataconnected          33  0.30895966624425747       0.69061959141517715        10.195668986060497        22.790446516700847       0.35116953922494082        11.588594794423047        51.571480948918094        25.241442477191828              131          16
 ../1881_seed.dataconnected          26  0.31889722459628145       0.70983541197014732        8.2913278395033174        18.455720711223830       0.38059362559811682        9.8954342655510370        50.266272757117946        23.028979510834226               86          10
 ../1882_seed.dataconnected          22  0.39077417396574260       0.81076210798401416        8.5970318272463366        17.836766375648310       0.52653364764565513        11.583740248204412        29.241642700404299        10.324575419976119              131          13
 ../1883_seed.dataconnected          86  0.16086288970858217       0.35469788124113316        13.834208514938068        30.504017786737453       0.20962054675781158        18.027367021171795        135.01131063914264        121.70862567369066              126           6
 ../1884_seed.dataconnected          62  0.26320387063350797       0.58954369107804683        16.318639979277496        36.551708846838906       0.30706847897068135        19.038245696182244        96.464023127771682        63.249205408202656              141          27
 ../1885_seed.dataconnected          36  0.26068475407027669       0.60244519472076863        9.3846511465299614        21.688027009947671       0.30492052094797462        10.977138754127086        61.932420515359091        34.242871530489047              132          25
 ../1886_seed.dataconnected          69  0.35460800264927950       0.79174391217728035        24.467952182800285        54.630329940232343       0.39550329224802616        27.289727165113806        84.587930654713674        60.598443301389700              143          19
 ../1887_seed.dataconnected          27  0.37089386973656130       0.82814493963324964        10.014134482887155        22.359913370097740       0.41477479230635839        11.198919392271677        39.559350816271291        16.111012484396149              136          22
 ../1888_seed.dataconnected          77  0.30930914447371738       0.68370525255640546        23.816804124476239        52.645304446843220       0.35656642955725976        27.455615075909002        94.102916671540754        70.632887802819383              176          25
 ../1889_seed.dataconnected          51  0.25396309924588151       0.56415533253425898        12.952118061539958        28.771921959247209       0.31162317117748201        15.892781730051583        71.158576013500792        46.215088897327206               95           9
 ../1890_seed.dataconnected          71  0.27084567592428138       0.59804733058761039        19.230042990623978        42.461360471720340       0.31614560911123357        22.446338246897582        78.162376322086047        53.795270100230162              141          12
 ../1891_seed.dataconnected          58  0.29525618534862819       0.66844128359787724        17.124858750220433        38.769594448676884       0.33894491635215285        19.658805148424864        92.170995746534302        60.578958934086174              128           5
 ../1892_seed.dataconnected          30  0.27290877858740337       0.62262854720149541        8.1872633576221006        18.678856416044862       0.32974388841086649        9.8923166523259951        63.132073099488856        37.456679573847495               98          14
 ../1893_seed.dataconnected          83  0.32174555741278899       0.70613018813141559        26.704881265261484        58.608805614907496       0.36176046786593663        30.026118832872740        98.400968283540166        74.660544635633528              150          15
 ../1894_seed.dataconnected          95  0.28286984554149963       0.62028003938676146        26.872635326442467        58.926603741742341       0.30146212799741146        28.638902159754089        97.660019741343220        79.519702212481405              133          14
 ../1895_seed.dataconnected          79  0.23199369844577730       0.51037806248523343        18.327502177216406        40.319866936333440       0.27220543006766013        21.504228975345150        107.84059870895588        86.461777866544537              116           5
 ../1896_seed.dataconnected          21  0.31246819913108032       0.71718998760059549        6.5618321817526866        15.060989739612506       0.38648711680878961        8.1162294529845820        37.876088210346737        14.502616502288793               88          17
 ../1897_seed.dataconnected          18  0.37649854806390526       0.83940990567855733        6.7769738651502944        15.109378302214033       0.43770367763126072        7.8786661973626932        21.431847561346107        7.0917402720105525              118          13
 ../1898_seed.dataconnected          69  0.34553268649212576       0.74897671843756408        23.841755367956679        51.679393572191920       0.39011150203055972        26.917693640108620        74.914413932575187        50.871603037195520              102           5
 ../1899_seed.dataconnected          90  0.32123264531006779       0.71783401341178943        28.910938077906103        64.605061207061055       0.37249759598531595        33.524783638678436        92.467830083426534        73.181543357374068              148          13
 ../1900_seed.dataconnected          20  0.34107571685405863       0.78166332236677882        6.8215143370811724        15.633266447335576       0.40148015672218507        8.0296031344437004        22.552390525241577        7.6041772545622175              114          15
 ../1901_seed.dataconnected          40  0.29657116304444425       0.67323379388887417        11.862846521777771        26.929351755554968       0.35185858436925821        14.074343374770329        68.005983605988149        34.665059636366273              119          13
 ../1902_seed.dataconnected          42  0.29280052774279797       0.65973296367814638        12.297622165197515        27.708784474482147       0.31924097431611648        13.408120921276891        60.785579679554836        33.356328638756139              136          23
 ../1903_seed.dataconnected          51  0.32681572412601773       0.72480684290066377        16.667601930426905        36.965148987933851       0.37418388242708772        19.083378003781473        85.978624374304900        56.655765400597474              120          19
 ../1904_seed.dataconnected          74  0.33514257295244088       0.74815159733419767        24.800550398480624        55.363218202730629       0.36329793042587788        26.884046851514963        94.547623959580960        64.835151384970857              116          10
 ../1905_seed.dataconnected          70  0.24481308602759366       0.55078274387880932        17.136916021931555        38.554792071516651       0.28218338162358902        19.752836713651231        127.91749318560075        102.31577932150341              109           8
 ../1906_seed.dataconnected          83  0.37295074818118107       0.80238372237085021        30.954912099038030        66.597848956780567       0.42781388971934847        35.508552846705925        94.066120167989709        68.925641980405075              173          12
 ../1907_seed.dataconnected          36  0.31410712795017959       0.69700745280711185        11.307856606206466        25.092268301056027       0.32662003564976516        11.758321283391545        50.690313313746302        23.190031686949606              111          13
 ../1908_seed.dataconnected          20  0.33621245051222592       0.76426038430832921        6.7242490102445185        15.285207686166585       0.40196971636626555        8.0393943273253115        28.211741238413108        9.4149287774736159              122          19
 ../1909_seed.dataconnected          25  0.34521684418235632       0.78002533576142197        8.6304211045589074        19.500633394035550       0.40403689660750952        10.100922415187737        31.577771847650737        12.128673890633660               79          12
 ../1910_seed.dataconnected          16  0.37870787976862696       0.86028119419411087        6.0593260762980314        13.764499107105774       0.44321947499451358        7.0915115999122174        18.483858796622712        5.7703934894180371               97          10
 ../1911_seed.dataconnected          83  0.32133915510344035       0.72338304188692981        26.671149873585549        60.040792476615174       0.34911084570751177        28.976200193723479        102.69550357593296        82.970599834669628              178          22
 ../1912_seed.dataconnected          30  0.30335219829350096       0.69445089893588552        9.1005659488050288        20.833526968076566       0.32152823101419808        9.6458469304259431        42.149488609722390        19.412496541782467               87          11
 ../1913_seed.dataconnected          32  0.37086984198319123       0.80925905512616136        11.867834943462119        25.896289764037164       0.44004345381630772        14.081390522121847        41.906260926865450        18.359270409602921              102           9
 ../1914_seed.dataconnected          89  0.28919394390838044       0.63061204704625184        25.738261007845860        56.124472187116417       0.33160121963304456        29.512508547340968        137.63108162192447        110.73514359130232              126           7
 ../1915_seed.dataconnected          26  0.26668686761170884       0.60646372216557343        6.9338585579044301        15.768056776304910       0.30034511631388638        7.8089730241610464        49.623521539716862        20.686659779492871              114          16
 ../1916_seed.dataconnected          91  0.27560266572967479       0.60197457714954528        25.079842581400406        54.779686520608621       0.30175139452675503        27.459376901934707        131.02521592133974        111.85056285662820              139           7
 ../1917_seed.dataconnected          38  0.30140660825419208       0.69069219291969675        11.453451113659298        26.246303330948475       0.35505775573992437        13.492194718117126        57.995819756638774        28.104557408748995              101          14
 ../1918_seed.dataconnected         140  0.33374169367073098       0.73964442331951474        46.723837113902334        103.55021926473206       0.37090432998164596        51.926606197430438        159.10181866739046        153.31218692386506              169           5
 ../1919_seed.dataconnected         104  0.28660953375210563       0.65605236229274333        29.807391510218984        68.229445678445302       0.32131982127276931        33.417261412368006        124.84846088525822        99.137788978532015              164          15
 ../1920_seed.dataconnected          61  0.23323999955083705       0.53128406163089925        14.227639972601059        32.408327759484855       0.30090211154620561        18.355028804318543        107.85261557017333        76.695884003735557              123          14
 ../1921_seed.dataconnected          50  0.32395771687168790       0.72289931922605377        16.197885843584395        36.144965961302688       0.43022312128038526        21.511156064019264        69.304247762325147        44.010971050675685              114          11
 ../1922_seed.dataconnected          89  0.23844144459864625       0.55153750177958227        21.221288569279515        49.086837658382819       0.27445154812615186        24.426187783227515        132.49766675635473        107.31505781617395              156          11
 ../1923_seed.dataconnected          33  0.31348901612936630       0.72693292317148994        10.345137532269089        23.988786464659167       0.34833465294904997        11.495043547318650        47.546853406720260        22.619325213035044              124          30
 ../1924_seed.dataconnected          68  0.29645043476646393       0.66300442020787842        20.158629564119547        45.084300574135732       0.33351424832104903        22.678968885831335        113.53009566764321        83.379313245711216              156          23
 ../1925_seed.dataconnected          28  0.28554164832389839       0.64579917924960861        7.9951661530691549        18.082377018989042       0.35239966915379345        9.8671907363062168        42.336434659194857        17.911397450212647               93          11
 ../1926_seed.dataconnected          32  0.32066710645532126       0.72481322642387358        10.261347406570280        23.194023245563955       0.36480614289078533        11.673796572505131        50.333590307966944        24.502222276871159               99          12
 ../1927_seed.dataconnected          57  0.28570722678496963       0.63513824023331789        16.285311926743269        36.202879693299117       0.35552822394170991        20.265108764677464        109.36682540957281        74.264895034660384              130          15
 ../1928_seed.dataconnected          68  0.25405428273928449       0.56544797571208649        17.275691226271345        38.450462348421880       0.29613781051477295        20.137371115004562        137.28023733929874        105.50036742539841              138          17
 ../1929_seed.dataconnected          22  0.37611088008662125       0.82031864140170385        8.2744393619056673        18.047010110837483       0.45549467373533609        10.020882822177393        27.634103595888060        10.207069101219938              137          21
 ../1930_seed.dataconnected          68  0.32518795415859264       0.72720137888406389        22.112780882784300        49.449693764116347       0.36249873965758683        24.649914296715906        84.455916315052349        56.417815575663468              111           6
 ../1931_seed.dataconnected          30  0.28387448276082350       0.66225727014673352        8.5162344828247054        19.867718104402005       0.30992582361992144        9.2977747085976432        55.272036865812858        27.086490781961022              100          29
 ../1932_seed.dataconnected         104  0.27420461653984474       0.61237794104879673        28.517280120143852        63.687305869074862       0.29770274382142431        30.961085357428129        141.92780481685500        126.00162364597146              147           6
 ../1933_seed.dataconnected          26  0.34457675381871922       0.78653173603764315        8.9589955992867001        20.449825136978721       0.39637161489476697        10.305661987263941        34.922348590901194        14.757526420897108              100          10
 ../1934_seed.dataconnected          91  0.27719429912145077       0.60845548310568021        25.224681220052020        55.369448962616900       0.32800585522604631        29.848532825570214        132.79314141322280        111.07631887036172              123           5
 ../1935_seed.dataconnected          40  0.24640803871850495       0.55797848215022960        9.8563215487401976        22.319139286009182       0.27571487180959015        11.028594872383605        65.805959595214716        36.254817937388928              172          35
 ../1936_seed.dataconnected          74  0.27060658139788318       0.62276616083028713        20.024887023443355        46.084695901441250       0.32099672796995343        23.753757869776553        114.83383118631684        90.102252042339728              128           9
 ../1937_seed.dataconnected          13  0.31496718664959067       0.76716651596710961        4.0945734264446791        9.9731647075724243       0.44845066388439608        5.8298586304971494        19.266587206342418        5.5076885476753636               89          12
 ../1938_seed.dataconnected         109  0.26107624555122860       0.58380556177302401        28.457310765083918        63.634806233259617       0.31339236369213319        34.159767642442517        175.77572270038365        168.27141921894113              162          16
 ../1939_seed.dataconnected          37  0.28392057800873982       0.65143825156172985        10.505061386323373        24.103215307784005       0.32934662485246197        12.185825119541093        55.237063903802756        30.562824779796088              119          13
 ../1940_seed.dataconnected          38  0.37011505563459529       0.81892886546467814        14.064372114114621        31.119296887657768       0.40731086533015770        15.477812882545992        48.929869766707888        24.037084320021275               89           6
 ../1941_seed.dataconnected          44  0.26787339088570633       0.58592264925013948        11.786429198971078        25.780596567006135       0.37602937954499999        16.545292699979999        77.837447877116631        46.505633657066099              154          35
 ../1942_seed.dataconnected          24  0.28487070387824265       0.63461648235601442        6.8368968930778236        15.230795576544345       0.34413279435363608        8.2591870644872660        52.486414522353904        22.406065861222871               92           9
 ../1943_seed.dataconnected         139  0.25580132148383883       0.58316490469406934        35.556383686253596        81.059921752475645       0.28872849194410877        40.133260380231121        151.00706121082257        144.87242841406598              224          16
 ../1944_seed.dataconnected          99  0.29249483004247290       0.65290943961492476        28.956988174204817        64.638034521877557       0.34609187412420833        34.263095538296625        152.50139890821768        123.89235007822928              155           7
 ../1945_seed.dataconnected          17  0.32373588385563151       0.74880267802618927        5.5035100255457357        12.729645526445218       0.41502730595950843        7.0554642013116435        28.413664685799770        9.0318689485510077               75           8
 ../1946_seed.dataconnected          40  0.25605131979678936       0.56520943113249833        10.242052791871574        22.608377245299934       0.27171113330596791        10.868445332238716        79.271886202564232        44.591523832353303               93           9
 ../1947_seed.dataconnected          47  0.29127626819062563       0.66290689488773435        13.689984604959404        31.156624059723516       0.32333894301161115        15.196930321545723        74.212417993698168        40.212650213904254              109           6
 ../1948_seed.dataconnected         115  0.30362418571060490       0.67674059598483072        34.916781356719561        77.825168538255539       0.32800971070136942        37.721116730657485        113.57958610052896        98.838711352656730              173          18
 ../1949_seed.dataconnected          39  0.29822943122115059       0.65866906020866300        11.630947817624874        25.688093348137858       0.34050427405116662        13.279666687995498        58.911439262717593        33.310651481983143              135          32
 ../1950_seed.dataconnected          41  0.31850295628832287       0.72436511641814161        13.058621207821238        29.698969773143805       0.36507077731028720        14.967901869721775        57.797045110915846        29.180839818819869               86           6
 ../1951_seed.dataconnected          65  0.40796373014209719       0.85754821768138956        26.517642459236317        55.740634149290322       0.46294983449470611        30.091739242155896        68.532837179934077        43.968682180990896              162          35
 ../1952_seed.dataconnected          62  0.27053923437710597       0.60474505744383977        16.773432531380571        37.494193561518067       0.32199399893842329        19.963627934182245        90.390920974446061        62.456704085836797              164          43
 ../1953_seed.dataconnected          61  0.28426027726579162       0.64643701368694706        17.339876913213288        39.432657834903772       0.34762122470042833        21.204894706726130        97.475893973549191        65.201840348742166              133          12
 ../1954_seed.dataconnected          86  0.35796322312995704       0.78145543638409143        30.784837189176304        67.205167529031868       0.40227389946475517        34.595555353968948        93.656548470487635        68.302366649654090              114           4
 ../1955_seed.dataconnected          56  0.30864759076862613       0.69663180817882242        17.284265083043064        39.011381258014055       0.34642700514674735        19.399912288217852        64.487578581524829        38.349136863273920              139          15
 ../1956_seed.dataconnected          22  0.31969721426109943       0.72754885340139130        7.0333387137441878        16.006074774830608       0.38019540339209645        8.3642988746261224        40.252442900614277        17.194662825623045              107          22
 ../1957_seed.dataconnected          30  0.26685313687765289       0.57568707592727741        8.0055941063295872        17.270612277818323       0.29615473338877696        8.8846420016633090        85.757801753938324        43.143202272603610               97          10
 ../1958_seed.dataconnected          33  0.36741734952319649       0.85016482077501743        12.124772534265484        28.055439085575575       0.40245334082996276        13.280960247388771        37.866409490434819        16.795772456960520              134          19
 ../1959_seed.dataconnected         116  0.28604343692688194       0.60818871544334385        33.181038683518302        70.549890991427887       0.36928610574724330        42.837188266680222        154.31731746947733        147.04754992045392              183          31
 ../1960_seed.dataconnected          46  0.33013327338738180       0.74924246277365014        15.186130575819563        34.465153287587910       0.37306393140292265        17.160940844534441        53.430245030494170        30.087285076503868              103          21
 ../1961_seed.dataconnected          60  0.37508450980429658       0.81233959413523094        22.505070588257794        48.740375648113854       0.43170284559008382        25.902170735405029        70.720678765321281        45.085815757348719              173          14
 ../1962_seed.dataconnected          75  0.24334507167563843       0.55166410121131726        18.250880375672882        41.374807590848796       0.28254032659087414        21.190524494315561        115.52693804418500        87.030207301280939              105           7
 ../1963_seed.dataconnected          85  0.34677346075312887       0.79427952087556464        29.475744164015953        67.513759274422995       0.37458508551572278        31.839732268836435        100.52175933245930        78.928213938048714              145          23
 ../1964_seed.dataconnected          12  0.35430968268566754       0.76334024348353602        4.2517161922280104        9.1600829218024327       0.45758279676006020        5.4909935611207228        14.488924685721813        3.5236095976778889              105          11
 ../1965_seed.dataconnected          97  0.29744420698692448       0.67039822375704272        28.852088077731675        65.028627704433148       0.34080955830967807        33.058527156038771        114.72930854074175        89.988082374293100              171           9
 ../1966_seed.dataconnected          36  0.22502443290197222       0.51734926256637781        8.1008795844710004        18.624573452389601       0.31787036372745420        11.443333094188350        79.151153680158913        45.607221605267632              122          19
 ../1967_seed.dataconnected          67  0.31933877694863483       0.71257405622449010        21.395698055558533        47.742461767040837       0.37521168749155381        25.139183061934105        80.604594496248652        55.008610018517160              156          28
 ../1968_seed.dataconnected          84  0.24899072099246952       0.55167387011097391        20.915220563367441        46.340605089321805       0.28133754129073452        23.632353468421698        136.79825917144632        120.00153551436848              129           9
 ../1969_seed.dataconnected          24  0.34397550499384821       0.72670587739390313        8.2554121198523571        17.440941057453674       0.43622809005879309        10.469474161411034        38.745449373334601        16.784068431526567              121          21
 ../1970_seed.dataconnected          89  0.24669997923512313       0.55229063217409569        21.956298151925960        49.153866263494514       0.29497728775614634        26.252978610297024        121.94218936237903        100.09925701108290              127           6
 ../1971_seed.dataconnected          40  0.27843301919421887       0.61260251916827946        11.137320767768754        24.504100766731177       0.34227232917971695        13.690893167188678        82.668694517960674        51.011821115965972               96          11
 ../1972_seed.dataconnected          20  0.32282011087695317       0.73023869778585393        6.4564022175390630        14.604773955717079       0.37336046776064163        7.4672093552128329        27.611865357442323        9.2647614815719237               75          19
 ../1973_seed.dataconnected          30  0.32534679520757909       0.73261712216039554        9.7604038562273718        21.978513664811867       0.41395627266912277        12.418688180073683        36.892348081046748        17.230519368209510              102          17
 ../1974_seed.dataconnected          32  0.24592084044791535       0.58000087578733139        7.8694668943332911        18.560028025194605       0.31483967016530789        10.074869445289853        58.531331458035979        32.452147819168594               72           7
 ../1975_seed.dataconnected          32  0.37094439490588577       0.81107956188980590        11.870220636988345        25.954545980473789       0.41166644374660460        13.173326199891347        42.594023891237732        19.514769451945902              102          10
 ../1976_seed.dataconnected         106  0.29313280321368657       0.66655836315688921        31.072077140650777        70.655186494630257       0.32183209088197778        34.114201633489643        132.03992340084551        113.64004049309486              155           3
 ../1977_seed.dataconnected          81  0.21468676424009883       0.48090915479568647        17.389627903448005        38.953641538450604       0.25798312387377831        20.896633033776045        119.31200255439927        91.614718004951570              146          14
 ../1978_seed.dataconnected          45  0.31470669351778546       0.71650413747165342        14.161801208300346        32.242686186224404       0.37053499505583676        16.674074777512654        87.151043144438276        52.274587199010327              111           8
 ../1979_seed.dataconnected          84  0.26931074660227811       0.61473675574212749        22.622102714591360        51.637887482338712       0.30439077737244047        25.568825299284999        153.84669567446019        126.49537035958690              119           4
 ../1980_seed.dataconnected          71  0.24889900758202999       0.55938730617610710        17.671829538324129        39.716498738503603       0.29327245066395269        20.822343997140642        113.53214887847555        89.500913384119258              130          11
 ../1981_seed.dataconnected          69  0.25095147301500786       0.56685561082297375        17.315651638035543        39.113037146785189       0.32040930219293290        22.108241851312371        89.455902562450277        63.237861713150600              158          11
 ../1982_seed.dataconnected          38  0.31535839084367234       0.73107439190866663        11.983618852059550        27.780826892529333       0.35065431709454442        13.324864049592687        55.970479495514432        29.035682203661302              109          22
 ../1983_seed.dataconnected          13  0.36936389735124225       0.82281046572750971        4.8017306655661489        10.696536054457626       0.44037875742665811        5.7249238465465551        13.292487675358645        3.1834278919537691               86          11
 ../1984_seed.dataconnected          54  0.28367011956713256       0.63724548751279153        15.318186456625158        34.411256325690744       0.33850423633548998        18.279228762116460        110.42541008717026        78.951956569776598              122           6
 ../1985_seed.dataconnected          63  0.32327932558960348       0.71009813460819526        20.366597512145020        44.736182480316302       0.37792570730807790        23.809319560408909        94.401949491551747        63.918651376056218              104           8
 ../1986_seed.dataconnected          54  0.20524938839231283       0.45796577079999162        11.083466973184892        24.730151623199546       0.25266919373434010        13.644136461654366        121.38516346562633        81.651807486226488              122          17
 ../1987_seed.dataconnected          57  0.29928552540915243       0.67556490334308761        17.059274948321690        38.507199490555990       0.36653778759534816        20.892653892934845        82.540066073331616        51.841719619612853              130          21
 ../1988_seed.dataconnected          41  0.22658760492483829       0.50787387886663204        9.2900918019183703        20.822829033531914       0.25432946785115429        10.427508181897325        62.767875238294380        36.285109715482271              104           7
 ../1989_seed.dataconnected          12  0.24415502843325068       0.57032285341542854        2.9298603411990083        6.8438742409851425       0.31803960584182012        3.8164752701018414        16.951660655252329        3.0741541082712680               98          11
 ../1990_seed.dataconnected          30  0.30734831595943912       0.71075694726431538        9.2204494787831734        21.322708417929462       0.39044623783204169        11.713387134961250        43.482531965338865        19.275649151511686               95          10
 ../1991_seed.dataconnected          21  0.31854309073432896       0.71519330532394509        6.6894049054209077        15.019059411802846       0.39763558338171773        8.3503472510160730        30.286593835608222        11.451489727014025               91          16
 ../1992_seed.dataconnected         114  0.32505972628941920       0.73720625386186522        37.056808796993792        84.041512940252630       0.37248035498229598        42.462760467981745        138.58072207399437        131.44383786368283              217          44
 ../1993_seed.dataconnected         113  0.26019405898307690       0.57822946609168357        29.401928665087691        65.339929668360242       0.28316785824046098        31.997967981172092        131.65515398058653        114.89635875426303              149           7
 ../1994_seed.dataconnected          37  0.32414898497237077       0.73065230522153712        11.993512443977718        27.034135293196872       0.36204563019249392        13.395688317122275        52.945872110166469        29.018499215738771              112          12
 ../1995_seed.dataconnected         118  0.32207858415018820       0.69951935226340378        38.005272929722210        82.543283567081644       0.35956870993343820        42.429107772145706        116.04762033536096        98.176656810259374              233          32
 ../1996_seed.dataconnected          47  0.25475399284673056       0.56455513124938228        11.973437663796336        26.534091168720966       0.28395539805145847        13.345903708418549        74.294227823213873        42.087351022302968              107          10
 ../1997_seed.dataconnected         113  0.29982531735032714       0.67605155582989385        33.880260860586965        76.393825808778004       0.32313859837277031        36.514661616123043        123.34864720513474        102.18195717092738              145           7
 ../1998_seed.dataconnected          33  0.29200670146187813       0.65885273663723509        9.6362211482419777        21.742140309028759       0.35990772890067541        11.876955053722288        42.923468957237937        17.583370291772148              109          23
 ../1999_seed.dataconnected          97  0.31914120582776712       0.70041370199983211        30.956696965293411        67.940129093983714       0.36727375671947909        35.625554401789472        110.53642779239949        89.172741562320468              152           6
 ../2000_seed.dataconnected          52  0.31193285309794738       0.69049912046818063        16.220508361093263        35.905954264345390       0.35682065968210375        18.554674303469394        102.71737891953370        68.895740951112899              105           7
 ../2001_seed.dataconnected          70  0.25870959642302743       0.58070667059981407        18.109671749611920        40.649466941986987       0.30521448312178068        21.365013818524648        147.30451951693533        123.93847708227776              123           6
 ../2002_seed.dataconnected          25  0.27315462097213533       0.61039676606205118        6.8288655243033833        15.259919151551280       0.30991488414469265        7.7478721036173166        54.557517187646845        23.025395106302462               89          13
 ../2003_seed.dataconnected          98  0.31537068326194756       0.70272865243353100        30.906326959670860        68.867407938486039       0.36433778270217237        35.705102704812894        131.46497303585886        117.55937168446381              156           4
 ../2004_seed.dataconnected          83  0.27089737527769842       0.62044831661629229        22.484482148048968        51.497210279152263       0.31224815566345526        25.916596920066787        150.48387980590181        127.72696920142410              195          25
 ../2005_seed.dataconnected          54  0.22931470383900074       0.53073205967341064        12.382994007306040        28.659531222364173       0.27786430116369110        15.004672262839319        112.56612516437929        74.719245537702491              105           7
 ../2006_seed.dataconnected          77  0.26328960503089649       0.60924281454926910        20.273299587379029        46.911696720293719       0.29969457978381792        23.076482643353980        109.21386024970496        78.883327744136082              124           8
 ../2007_seed.dataconnected          28  0.31523168213232861       0.69220112083099317        8.8264870997052007        19.381631383267809       0.37596244257573175        10.526948392120488        53.630252882258482        26.191393166422422              100          10
 ../2008_seed.dataconnected          32  0.28487105973592941       0.65469062827237789        9.1158739115497411        20.950100104716093       0.34761341757624886        11.123629362439964        48.357806766771731        20.663369363053945              104          11
 ../2009_seed.dataconnected          25  0.31755368147352575       0.70632810061519558        7.9388420368381434        17.658202515379891       0.37767039233658062        9.4417598084145151        39.372341260751462        15.659299902513327               83          11
 ../2010_seed.dataconnected          54  0.21595363048159263       0.48870941324998629        11.661496046006002        26.390308315499261       0.26934221871035446        14.544479810359141        100.81018409063851        68.978465048385146              112          12
 ../2011_seed.dataconnected          32  0.27497745521535494       0.60966957650604836        8.7992785668913580        19.509426448193548       0.34317227408185569        10.981512770619382        61.792466855257089        33.201624699471445              186          20
 ../2012_seed.dataconnected          94  0.32423160825794023       0.74447125293007210        30.477771176246382        69.980297775426777       0.35383616029853365        33.260599068062163        101.93990742710341        79.251341432934126              154          14
 ../2013_seed.dataconnected          52  0.34766229708387386       0.73782919310795048        18.078439448361440        38.367118041613423       0.40095144687177664        20.849475237332385        77.708848119142687        48.138919254144383              157           9
 ../2014_seed.dataconnected          38  0.26018166466771547       0.60131420238497035        9.8869032573731879        22.849939690628872       0.31103716406134241        11.819412234331011        66.288646886182221        36.470022254198810              106          23
 ../2015_seed.dataconnected          47  0.32491129796222706       0.73138634028423699        15.270831004224672        34.375157993359139       0.36529872628714705        17.169040135495912        80.321706269944485        50.539678528766551              115          10
 ../2016_seed.dataconnected          26  0.35401573312275708       0.75513093241074103        9.2044090611916847        19.633404242679266       0.42738657215991055        11.112050876157674        33.135874966948862        13.586580872601088               99          23
 ../2017_seed.dataconnected          63  0.29245604958810445       0.64472760401066787        18.424731124050581        40.617839052672075       0.34721858393253119        21.874770787749465        79.713460182010948        50.348305571333633              118           8
 ../2018_seed.dataconnected          84  0.30518310780819846       0.68240523459074887        25.635381055888672        57.322039705622906       0.34060700945615702        28.610988794317191        114.01714913133260        94.273319578267063              152          14
 ../2019_seed.dataconnected          80  0.27684679105995597       0.61982832681264377        22.147743284796476        49.586266145011500       0.31445538170976955        25.156430536781563        105.40487993270732        77.872818328280019              141           9
 ../2020_seed.dataconnected          65  0.32004433562874418       0.70444075850415133        20.802881815868371        45.788649302769834       0.36241141261183413        23.556741819769218        89.198286711500174        60.904942780552453              128          10
 ../2021_seed.dataconnected          63  0.25977772227495100       0.55655708410715599        16.365996503321913        35.063096298750828       0.33321601977859583        20.992609246051536        120.69305117598118        89.654440964684781              136          10
 ../2022_seed.dataconnected          47  0.27027325488596338       0.63812424922729627        12.702842979640279        29.991839713682925       0.28845309887974735        13.557295647348125        77.561378260533374        49.417385028604599              105           9
 ../2023_seed.dataconnected          70  0.27030852272877498       0.59377353125108390        18.921596591014250        41.564147187575870       0.30322409570301845        21.225686699211291        135.82285340027792        97.771317073318656              105          11
 ../2024_seed.dataconnected          34  0.31390900708526731       0.70371660728504937        10.672906240899088        23.926364647691678       0.36105505583347103        12.275871898338014        47.185707954131729        21.617814490294968              132          20
 ../2025_seed.dataconnected          26  0.28644584175477822       0.63654921614863502        7.4475918856242336        16.550279619864511       0.33142066908050422        8.6169373960931104        49.705238289056531        21.548638148926088              101          25
 ../2026_seed.dataconnected          37  0.23255137846943533       0.50947853674488497        8.6044010033691070        18.850705859560744       0.30065819282865275        11.124353134660153        96.184668618158568        58.560825929113527              108          19
 ../2027_seed.dataconnected          63  0.34335258294092857       0.77624369573832575        21.631212725278502        48.903352831514525       0.39605404452977638        24.951404805375912        83.245703526403048        55.354211115258771              145           8
 ../2028_seed.dataconnected          26  0.28472947495822942       0.62553835363577437        7.4029663489139654        16.263997194530134       0.33634147560490540        8.7448783657275406        43.000497766676695        17.166650237519683               82          18
 ../2029_seed.dataconnected          87  0.26764711119734658       0.59925330573473901        23.285298674169152        52.135037598922295       0.31397158437193790        27.315527840358598        125.01697560617561        102.90851545084135              126           5
 ../2030_seed.dataconnected          19  0.30966864771327118       0.69359830754835194        5.8837043065521524        13.178367843418687       0.33534357500455397        6.3715279250865251        25.742332212165383        8.4331041300657450              113          11
 ../2031_seed.dataconnected          29  0.32076956332919071       0.73842477628404735        9.3023173365465297        21.414318512237372       0.39520106478311678        11.460830878710386        38.579350909202425        17.402128181324471              115          17
 ../2032_seed.dataconnected          25  0.34182260904544925       0.73998199540764287        8.5455652261362314        18.499549885191072       0.40379024151012627        10.094756037753157        29.079794398943569        11.567279678120157              148          19
 ../2033_seed.dataconnected         105  0.27101171961814469       0.60792082560573091        28.456230559905190        63.831686688601742       0.28237633396154027        29.649515065961729        150.94097320510045        136.28470965371437              127           4
 ../2034_seed.dataconnected          39  0.31591178763398237       0.72372199116537450        12.320559717725311        28.225157655449607       0.34488690938382310        13.450589465969101        67.961627068863677        35.380575586634279              141          33
 ../2035_seed.dataconnected          22  0.35003072880737562       0.80429423755723639        7.7006760337622637        17.694473226259202       0.41215027290243206        9.0673060038535045        26.219669982710332        10.134071968604381              101           7
 ../2036_seed.dataconnected          63  0.24120404876827647       0.54568902822565246        15.195855072401418        34.378408778216105       0.26926174548823600        16.963489965758868        98.866511307069729        65.947747812533919              147          25
 ../2037_seed.dataconnected          32  0.32294550475413197       0.68400941736700305        10.334256152132223        21.888301355744098       0.38705792991422777        12.385853757255289        56.519225326663978        25.525327305681650              142          15
 ../2038_seed.dataconnected          51  0.29130909833573387       0.65862682549681117        14.856764015122428        33.589968100337373       0.33519777153046815        17.095086348053876        71.102355075014117        39.869438495768641              130          16
 ../2039_seed.dataconnected          52  0.31437212801686021       0.70530721608563629        16.347350656876731        36.675975236453084       0.37901747979857142        19.708908949525714        73.794564721770939        46.622639265113719              120          14
 ../2040_seed.dataconnected          35  0.27256349933484564       0.62120473173965141        9.5397224767195965        21.742165610887799       0.33855833749699454        11.849541812394810        55.543651026254025        30.010050623901936               92           7
 ../2041_seed.dataconnected          13  0.34418822848847069       0.79343982553403947        4.4744469703501188        10.314717731942514       0.42652017044047680        5.5447622157261982        20.758735010237590        6.2173294442692102               95          12
 ../2042_seed.dataconnected          56  0.36723802289850982       0.81880653142225635        20.565329282316551        45.853165759646359       0.39532492568478683        22.138195838348061        69.187701721686153        42.940257901625657              137          22
 ../2043_seed.dataconnected          19  0.35218185822846998       0.80478979094575775        6.6914553063409299        15.291006027969397       0.40852213618531941        7.7619205875210691        26.831772467311517        8.2163079357927717              120          16
 ../2044_seed.dataconnected          31  0.30189333791658163       0.67710293360081608        9.3586934754140305        20.990190941625297       0.36477009295425777        11.307872881581991        48.596102472824555        23.006591191831223              120          12
 ../2045_seed.dataconnected          28  0.33597712432079752       0.73755864757531531        9.4073594809823309        20.651642132108829       0.41925920890488394        11.739257849336751        46.938568630878308        17.028810991427136               82          11
 ../2046_seed.dataconnected          58  0.26393953105559159       0.58016088893113793        15.308492801224313        33.649331558005997       0.36687373492100156        21.278676625418090        138.37088198841946        99.377758877634960              144          16
 ../2047_seed.dataconnected          78  0.29139584931232071       0.65774330628165589        22.728876246361015        51.303977889969161       0.31266417807831776        24.387805890108783        92.382153615189978        71.909670212468725              154          15
 ../2048_seed.dataconnected          43  0.26942203467626835       0.63478067191810550        11.585147491079539        27.295568892478535       0.30894949799992466        13.284828413996760        89.725370993174863        63.180778713041079              109          16
 ../2049_seed.dataconnected          57  0.30989598578041960       0.69638932173372381        17.664071189483916        39.694191338822257       0.35002814220828549        19.951604105872274        80.581438045090437        53.834489788975546              137          21
 ../2050_seed.dataconnected           9  0.36255161796881424       0.81049553331707791        3.2629645617193281        7.2944597998537013       0.50878843778216531        4.5790959400394877        11.772997616625688        2.3329789697022116               74           9
 ../2051_seed.dataconnected          27  0.33847494124106720       0.76341763230693904        9.1388234135088151        20.612276072287354       0.41472825022755211        11.197662756143908        41.575221880052972        17.236986733443555               81           5
 ../2052_seed.dataconnected          50  0.31905217067229663       0.69207599582982282        15.952608533614832        34.603799791491141       0.35599700045434379        17.799850022717191        68.904283936115377        42.929099839629167              125          13
 ../2053_seed.dataconnected          27  0.37921224726922814       0.82996664638123230        10.238730676269160        22.409099452293272       0.42305403103285322        11.422458837887037        30.509349690091650        12.351163871039576               93          12
 ../2054_seed.dataconnected         111  0.30152989142442888       0.69148883320673682        33.469817948111604        76.755260485947787       0.33474266151359233        37.156435428008749        107.10497790129489        87.789312223210189              156           5
 ../2055_seed.dataconnected          13  0.33518890465579926       0.75721476779099683        4.3574557605253901        9.8437919812829584       0.38112616867732613        4.9546401928052397        15.691786885298411        3.9539781068681763               80          11
 ../2056_seed.dataconnected          29  0.34689232544631504       0.79165292346043759        10.059877437943136        22.957934780352691       0.37528092263875412        10.883146756523869        41.348241156124253        18.439701425130139               97          18
 ../2057_seed.dataconnected          65  0.23484330914708260       0.53813961106279495        15.264815094560369        34.979074719081673       0.27217531271946310        17.691395326765100        130.00601947609874        101.53042476718166              110           4
 ../2058_seed.dataconnected          29  0.33471004739340776       0.77091091499852304        9.7065913744088252        22.356416534957170       0.41383589540085075        12.001240966624671        34.134201236489659        14.770799631646591              103          13
 ../2059_seed.dataconnected          79  0.23025288650634732       0.51620816352250820        18.189978034001438        40.780444918278150       0.25428935143598846        20.088858763443088        133.68304717230433        104.33665714871128              133          13
 ../2060_seed.dataconnected          21  0.31865384683955073       0.70712175447113723        6.6917307836305655        14.849556843893883       0.38584796513835240        8.1028072679054013        36.169165100135956        12.274237545158508               71           9
 ../2061_seed.dataconnected           8  0.43833237887445720       0.90337771525121502        3.5066590309956576        7.2270217220097202       0.51524710171016486        4.1219768136813189        7.6371735499758309        1.1809587997041808               81           8
 ../2062_seed.dataconnected          23  0.32997227587248545       0.77188281841472128        7.5893623450671654        17.753304823538588       0.36959490986560456        8.5006829269089046        26.863911852972397        9.4999117174032488              126          14
 ../2063_seed.dataconnected          20  0.38031744346058050       0.83357331041089155        7.6063488692116099        16.671466208217829       0.45412754674797262        9.0825509349594533        25.457276049120427        7.8375482478977725              102          16
 ../2064_seed.dataconnected          30  0.32417590701940374       0.70894774280192441        9.7252772105821119        21.268432284057731       0.40948115756709769        12.284434727012931        40.858345511332445        17.116603501294463              142          24
 ../2065_seed.dataconnected          65  0.30358824686218139       0.66609951731852735        19.733236046041789        43.296468625704279       0.35549189173954548        23.106972963070458        84.274196428802199        59.287204141731515              126          10
 ../2066_seed.dataconnected          51  0.32077954967478362       0.69559479870076957        16.359757033413963        35.475334733739246       0.40570430493413406        20.690919551640839        95.568086708346243        59.537447657452311              101           9
 ../2067_seed.dataconnected          23  0.32159808397233020       0.69857582052700984        7.3967559313635949        16.067243872121225       0.36404740013473014        8.3730902030987924        27.073724785876895        9.3125007282047250               95           7
 ../2068_seed.dataconnected          91  0.35067210473816068       0.77800945090890106        31.911161531172624        70.798860032709996       0.39050228366225065        35.535707813264807        102.70440387984746        77.007993250324503              141          12
 ../2069_seed.dataconnected          53  0.31555417892064364       0.69313710263269135        16.724371482794112        36.736266439532642       0.34159745405616021        18.104665064976491        65.277282717361345        37.423752968430442              127          15
 ../2070_seed.dataconnected          30  0.33822211307398670       0.76737214652723684        10.146663392219601        23.021164395817106       0.39509535644676058        11.852860693402818        42.423842271613196        19.805104449083714              116          12
 ../2071_seed.dataconnected          83  0.30284490261793634       0.66654898708966337        25.136126917288717        55.323565928442058       0.34424785851187145        28.572572256485330        115.20766417555913        97.327637343395423              178          20
 ../2072_seed.dataconnected          24  0.33750288927513489       0.76234058443839869        8.1000693426032377        18.296174026521570       0.39792402693409479        9.5501766464182758        32.828914751355178        13.014765755508664               97          22
 ../2073_seed.dataconnected          97  0.34314531192252046       0.72883614771241834        33.285095256484482        70.697106328104582       0.37942036003506346        36.803774923401157        114.69896088275082        96.128589729695165              138           8
 ../2074_seed.dataconnected          36  0.33307804531056528       0.75294530603308418        11.990809631180351        27.106031017191029       0.37636854947118564        13.549267780962683        45.215513370094058        21.378609085885731              128          22
 ../2075_seed.dataconnected          31  0.36926398389895099       0.82288169015569024        11.447183500867480        25.509332394826398       0.39627311190669057        12.284466469107407        42.864545445591155        18.421448450786979               92          13
 ../2076_seed.dataconnected          38  0.33536932791987634       0.77427383022689766        12.744034460955302        29.422405548622113       0.39233158481709024        14.908600223049429        55.387183271284790        30.838025860781489              143          35
 ../2077_seed.dataconnected          36  0.32319902747719964       0.73930610192085677        11.635164989179188        26.615019669150843       0.36310713477578310        13.071856851928192        50.042067024934056        25.634404835739929              120          19
 ../2078_seed.dataconnected          23  0.31620371168990474       0.69604310473546782        7.2726853688678093        16.008991408915762       0.39907411640620627        9.1787046773427434        36.355427620516721        14.373503638837516               94          15
 ../2079_seed.dataconnected          92  0.35057938416519840       0.79154978736433934        32.253303343198255        72.822580437519221       0.37454331937233232        34.457985382254570        100.77721447298816        77.626537329761561              167           9
 ../2080_seed.dataconnected          64  0.27803987449918988       0.60809101616854921        17.794551967948152        38.917825034787150       0.34035268875596086        21.782572080381495        114.47164459549958        84.944155318335973              150          19
 ../2081_seed.dataconnected          12  0.40254021856367489       0.85882298336271856        4.8304826227640989        10.305875800352624       0.46608819594696299        5.5930583513635561        16.825081980871577        4.0070814478438725               80           9
 ../2082_seed.dataconnected          76  0.28104335850215389       0.64990081399325894        21.359295246163697        49.392461863487682       0.31263094444510248        23.759951777827787        105.14443163414198        78.384583718544391              135          11
 ../2083_seed.dataconnected          58  0.26875068265843793       0.62019169936003438        15.587539594189399        35.971118562881990       0.31963030987973329        18.538557973024531        95.530569522964541        72.781455879129865              177          15
 ../2084_seed.dataconnected          26  0.36009774006495104       0.77338902878327975        9.3625412416887279        20.108114748365274       0.42992113814942462        11.177949591885040        36.864313439327603        15.992433764706403              101          14
 ../2085_seed.dataconnected          26  0.32695457162815217       0.72565441341274017        8.5008188623319558        18.867014748731243       0.39102587737424427        10.166672811730351        58.640637153715581        20.754853357124205              108          23
 ../2086_seed.dataconnected          55  0.20983943101203065       0.46859085993456734        11.541168705661686        25.772497296401205       0.24538473808263569        13.496160594544964        78.769757187711022        56.421129350663108               91          19
 ../2087_seed.dataconnected          54  0.30356600360561919       0.68858180610316255        16.392564194703436        37.183417529570775       0.33279961270114239        17.971179085861689        83.863942490893379        55.751785051634059               92           9
 ../2088_seed.dataconnected          43  0.31338806963693483       0.68607969490640097        13.475686994388198        29.501426880975242       0.40584158850071811        17.451188305530877        68.690293594341099        36.490022440865012              117          11
 ../2089_seed.dataconnected          46  0.28443420635643468       0.63700271897143668        13.083973492395994        29.302125072686088       0.34770125993549561        15.994257957032797        82.389328356278554        51.583709064371071              121          16
 ../2090_seed.dataconnected          36  0.29120870251038156       0.67707102236515526        10.483513290373736        24.374556805145588       0.34811772521345874        12.532238107684515        59.417890448797557        29.690328253992529              130          33
 ../2091_seed.dataconnected          27  0.30100235028569372       0.69349709743761678        8.1270634577137297        18.724421630815652       0.37424161607916612        10.104523634137486        48.064271449574605        21.805032158577035               69           6
 ../2092_seed.dataconnected          22  0.33516235601155603       0.79169230823354320        7.3735718322542327        17.417230781137949       0.39172760550776992        8.6180073211709374        27.588634385161452        8.7501084990254334               95          10
 ../2093_seed.dataconnected          36  0.38033326763958597       0.84984135215310108        13.691997635025094        30.594288677511638       0.45355728193009504        16.328062149483422        48.528433338778228        21.257399766348389              104          22
 ../2094_seed.dataconnected          45  0.28230947478482638       0.63124793276806712        12.703926365317187        28.406156974563022       0.30014234400227874        13.506405480102543        76.477342191319025        38.569473373265183              145          27
 ../2095_seed.dataconnected          72  0.31016963639835937       0.66622611954787703        22.332213820681876        47.968280607447149       0.40050551724133571        28.836397241376172        116.35616281395765        87.022120046334123              111           5
 ../2096_seed.dataconnected          95  0.35237056364668257       0.75485014350500390        33.475203546434841        71.710763632975372       0.40154323875599529        38.146607681819553        101.32913146268703        82.515397867935889              130           7
 ../2097_seed.dataconnected          26  0.32786270009563612       0.75979201424159815        8.5244302024865384        19.754592370281550       0.39412347337584530        10.247210307771978        32.200195218415026        12.765398137095209              122          20
 ../2098_seed.dataconnected         100  0.30234093854259364       0.67401165817185038        30.234093854259363        67.401165817185031       0.33936574521788299        33.936574521788302        139.13003057799057        110.33459408285466              134           7
 ../2099_seed.dataconnected          23  0.30455716152275647       0.69437367235880165        7.0048147150233984        15.970594464252438       0.35931297384012939        8.2641983983229768        28.429630388456999        9.8529097967034023              153          21
 ../2100_seed.dataconnected          47  0.29558392547870471       0.66101697285780558        13.892444497499122        31.067797724316861       0.34214279512967494        16.080711371094722        88.847874693408315        54.862344714037889               89           5
 ../2101_seed.dataconnected          66  0.24630209093188943       0.56454206883554103        16.255938001504703        37.259776543145705       0.28461762239820071        18.784763078281248        118.13048988100674        93.936264425166129              110           5
 ../2102_seed.dataconnected          94  0.32751598930196579       0.75139155823133541        30.786502994384783        70.630806473745523       0.36947460740744315        34.730613096299656        113.32710181898084        84.794626143534416              129           4
 ../2103_seed.dataconnected          58  0.23944613418985639       0.55937763503530491        13.887875783011671        32.443902832047684       0.28477228235144153        16.516792376383609        119.59550211079123        78.868913705982578              115          19
 ../2104_seed.dataconnected          34  0.31402400037427031       0.71838100718789988        10.676816012725190        24.424954244388594       0.38493955610850294        13.087944907689099        41.094810880437670        19.086096720865317              100          13
 ../2105_seed.dataconnected          99  0.30056794028679767       0.63475364510956167        29.756226088392971        62.840610865846607       0.35196437696345395        34.844473319381940        137.44588029663751        109.24718599960038              141           5
 ../2106_seed.dataconnected          60  0.31160979822862112       0.69932138129485666        18.696587893717268        41.959282877691400       0.35718530428391959        21.431118257035177        85.698369079789103        58.659185416016847              108           8
 ../2107_seed.dataconnected          24  0.31840072507403339       0.71255968829598082        7.6416174017768013        17.101432519103540       0.35702052152624703        8.5684925166299291        36.917965692683566        13.243300778852308              128          23
 ../2108_seed.dataconnected          33  0.28618223826403916       0.62426334232647385        9.4440138627132928        20.600690296773635       0.35674023501624802        11.772427755536185        53.628027109874274        25.736922753150587              116          25
 ../2109_seed.dataconnected          96  0.22818661509284890       0.50079649156239947        21.905915048913496        48.076463189990349       0.25764506064900655        24.733925822304627        139.35287980594509        120.19316489594618              138           7
 ../2110_seed.dataconnected          10  0.38050543914907797       0.87543794225652183        3.8050543914907795        8.7543794225652185       0.45365213701015367        4.5365213701015366        10.987839105919795        2.1441598879826325               91          10
 ../2111_seed.dataconnected          88  0.29579867861781534       0.65618276176482415        26.030283718367748        57.744083035304527       0.34039751287567521        29.954981133059420        109.14286033227341        83.850716372243355              131          11
 ../2112_seed.dataconnected          40  0.23660526389329178       0.53510495899651067        9.4642105557316718        21.404198359860427       0.28994095247607854        11.597638099043142        67.314036556900803        39.734809575615010              122          20
 ../2113_seed.dataconnected          63  0.25265939853114128       0.55728422848932058        15.917542107461900        35.108906394827194       0.29079194626970917        18.319892614991677        92.261247900577843        64.392893753666513              149          21
 ../2114_seed.dataconnected          29  0.37783877462123056       0.83870085380912940        10.957324464015686        24.322324760464753       0.44957881642079178        13.037785676202962        35.567177736059534        15.295028877746457              116          18
 ../2115_seed.dataconnected          89  0.20516900028809779       0.44914016983645899        18.260041025640703        39.973475115444849       0.24573330009997121        21.870263708897436        152.72322172269205        122.87184837520401              131           6
 ../2116_seed.dataconnected          55  0.26492561819808619       0.60265266453889177        14.570909000894741        33.145896549639048       0.30078265948351368        16.543046271593251        84.381122974725756        52.449569116947679              153          22
 ../2117_seed.dataconnected          38  0.30845303973736771       0.69548732585452300        11.721215510019974        26.428518382471875       0.38096122991767473        14.476526736871639        62.952694639851799        38.616973902092241              107          13
 ../2118_seed.dataconnected          78  0.28715577241691359       0.65843672724948910        22.398150248519261        51.358064725460153       0.32491015496740355        25.342992087457478        117.90141448116390        87.980281869592034              158          25
 ../2119_seed.dataconnected         118  0.33751225599579243       0.73067552864704277        39.826446207503508        86.219712380351041       0.37988265066217103        44.826152778136183        99.847207425823399        84.020492209382027              148           3
 ../2120_seed.dataconnected          19  0.35640771485344663       0.82408164293177844        6.7717465822154859        15.657551215703791       0.37335457136101391        7.0937368558592642        22.171669500275875        7.2962519205864869              112          13
 ../2121_seed.dataconnected          40  0.25174435525761146       0.56202246255327382        10.069774210304459        22.480898502130952       0.32278194256582354        12.911277702632942        74.207879524234698        45.391890800700317              106           9
 ../2122_seed.dataconnected          72  0.28775056340332400       0.63347398453833770        20.718040565039328        45.610126886760312       0.34107605294640420        24.557475812141103        125.47805797195086        102.39897092144828              152          11
 ../2123_seed.dataconnected          93  0.27795474381883273       0.61875789515512092        25.849791175151445        57.544484249426247       0.33339219868240033        31.005474477463231        137.49218305635335        108.84822446634924              149           6
 ../2124_seed.dataconnected          74  0.36432033633133876       0.79275103740160724        26.959704888519067        58.663576767718936       0.40431654458515154        29.919424299301212        82.453191507721399        55.731834036473060              126          16
 ../2125_seed.dataconnected          35  0.33096153059076272       0.72924482631059917        11.583653570676695        25.523568920870972       0.39444282595757596        13.805498908515158        58.468666669471261        30.221221826049145               90          10
 ../2126_seed.dataconnected         103  0.26492856164438361       0.59124929855813446        27.287641849371511        60.898677751487853       0.31321146170415753        32.260780555528228        150.38160230357855        137.91455878134022              140           5
 ../2127_seed.dataconnected          47  0.21109431671169043       0.46939449630345109        9.9214328854494500        22.061541326262201       0.28353039804302160        13.325928708022015        113.31478833033809        78.083607064101272               97          13
 ../2128_seed.dataconnected          48  0.33114771068656623       0.75369093131505516        15.895090112955179        36.177164703122649       0.36815028992947874        17.671213916614981        55.956878114229220        31.935515780741142               97          12
 ../2129_seed.dataconnected          88  0.28535094700188113       0.64013511774214027        25.110883336165539        56.331890361308346       0.31134554850804574        27.398408268708025        109.03183973185034        80.002338580411390              133           8
 ../2130_seed.dataconnected          26  0.30631972965218557       0.71498828927967140        7.9643129709568248        18.589695521271455       0.36280929662094968        9.4330417121446910        48.218722744898088        20.445590482119602              104          18
 ../2131_seed.dataconnected          54  0.30228271344195440       0.68124215754503692        16.323266525865538        36.787076507431991       0.32043291194200185        17.303377244868098        95.882571298581624        59.921810510458947              145          14
 ../2132_seed.dataconnected          48  0.29959434524075185       0.66828006763498593        14.380528571556088        32.077443246479326       0.35127119220130049        16.861017225662422        88.064861452625848        59.643201090993060              106           8
 ../2133_seed.dataconnected          20  0.33409333569433858       0.77158905728263960        6.6818667138867713        15.431781145652792       0.39409577159038794        7.8819154318077587        27.015987723296469        9.3634632401918871              112          18
 ../2134_seed.dataconnected          68  0.30171472395070054       0.66703544161618711        20.516601228647637        45.358410029900725       0.35406510898015037        24.076427410650226        107.72638556277087        73.435009662361821              113           9
 ../2135_seed.dataconnected          45  0.28051448172419885       0.63578715299612121        12.623151677588949        28.610421884825456       0.33499107540638456        15.074598393287305        78.537043650591599        46.324979491032934              108          13
 ../2136_seed.dataconnected          48  0.28895851945933104       0.67406005637923316        13.870008934047890        32.354882706203192       0.33260666992587579        15.965120156442037        95.186436191354929        62.240368339037708              123          10
 ../2137_seed.dataconnected          49  0.26345029777486001       0.58799745909827306        12.909064590968141        28.811875495815379       0.30010432011527421        14.705111685648436        81.775047104315433        55.359615526981699               94           4
 ../2138_seed.dataconnected          42  0.33276117672852668       0.74565044146290504        13.975969422598121        31.317318541442013       0.40659719897729463        17.077082357046375        59.106803768081598        34.718863358893763              128          17
 ../2139_seed.dataconnected          36  0.29951803251789183       0.66192023342512096        10.782649170644106        23.829128403304356       0.33931614162633061        12.215381098547901        52.581079926299168        25.702160856788762              118          19
 ../2140_seed.dataconnected          67  0.27318584638505417       0.62139972132538090        18.303451707798629        41.633781328800524       0.32315895880240342        21.651650239761029        137.73319177675268        118.17304018019070              145          19
 ../2141_seed.dataconnected          27  0.30805879076384152       0.74997789797538272        8.3175873506237217        20.249403245335333       0.35061270388937765        9.4665430050131967        45.946067020939118        19.854785563659021              123          15
 ../2142_seed.dataconnected          39  0.30970918172756368       0.70434317643974187        12.078658087374983        27.469383881149934       0.38997048289704322        15.208848832984685        75.304893627404624        40.735028702169892              120          17
 ../2143_seed.dataconnected          28  0.33826277082203915       0.75316685743590306        9.4713575830170953        21.088672008205286       0.42176450425628831        11.809406119176073        38.388628617534835        15.581829794988623               95          27
 ../2144_seed.dataconnected          40  0.26402488249507716       0.59142596315407536        10.560995299803086        23.657038526163014       0.33040716494083600        13.216286597633440        60.067679283694261        36.525157447558904               97           7
 ../2145_seed.dataconnected          16  0.33958766177222199       0.78506560260185931        5.4334025883555519        12.561049641629749       0.42058498486174462        6.7293597577879138        27.036995658666633        7.7633222435513867              120          13
 ../2146_seed.dataconnected          92  0.30113236198861804       0.67410253407507792        27.704177302952861        62.017433134907165       0.34692124915637534        31.916754922386531        127.27891750037244        105.46468691720708              154          23
 ../2147_seed.dataconnected          85  0.28532966716717062       0.62825148613192960        24.253021709209502        53.401376321214016       0.32565735393791817        27.680875084723045        127.08780466838388        97.075709850751537              147           8
 ../2148_seed.dataconnected          88  0.27150607460270337       0.60843681208689526        23.892534565037899        53.542439463646787       0.30374156943793701        26.729258110538456        134.15751312340549        117.47548457987574              148           9
 ../2149_seed.dataconnected          33  0.34090856207821757       0.76597440257434868        11.249982548581180        25.277155284953505       0.36384464309254877        12.006873222054109        45.570831287917471        22.563599093515744              112          11
 ../2150_seed.dataconnected          17  0.29281700394758631       0.66697791362936321        4.9778890671089675        11.338624531699175       0.35402198476614322        6.0183737410244351        20.722370480773680        5.4492761655638553               76           9
 ../2151_seed.dataconnected          62  0.19300462621763576       0.42787999952048733        11.966286825493416        26.528559970270216       0.24759404818806416        15.350830987659977        131.23566325647622        101.94773825058235              115          13
 ../2152_seed.dataconnected         136  0.29661727467472238       0.66272022126895536        40.339949355762243        90.129950092577928       0.32707490712926540        44.482187369580096        179.82850206909092        159.90106143447028              175           9
 ../2153_seed.dataconnected          32  0.28001201853328378       0.62162083473549967        8.9603845930650809        19.891866711535990       0.33042972815818711        10.573751301061987        69.679365275663883        36.703823450446770               93           8
 ../2154_seed.dataconnected          43  0.29636938410547320       0.68813703928157155        12.743883516535348        29.589892689107575       0.36147834119545552        15.543568671404588        54.547385824024495        30.139465087100824               88           5
 ../2155_seed.dataconnected         104  0.33471611493504216       0.74907763822726825        34.810475953244385        77.904074375635901       0.37299270430260800        38.791241247471234        115.82995340827486        84.733312191993321              162           8
 ../2156_seed.dataconnected          35  0.29151250772655585       0.63988135236507460        10.202937770429454        22.395847332777610       0.34128067141448198        11.944823499506869        64.315508368735166        34.924603648399589               86           9
 ../2157_seed.dataconnected          78  0.26882595324485059       0.61243580822873966        20.968424353098346        47.769993041841694       0.31204903711796400        24.339824895201193        115.52255290077122        96.290591565844039              138           6
 ../2158_seed.dataconnected          21  0.31844429179409378       0.75924144478557598        6.6873301276759696        15.944070340497095       0.35535428903710475        7.4624400697792002        23.160984691328672        7.6042322899355304               75          11
 ../2159_seed.dataconnected          36  0.32092222387684122       0.68001795408900045        11.553200059566283        24.480646347204015       0.43254552507604555        15.571638902737639        60.088422885764416        34.680088114467935              109          15
 ../2160_seed.dataconnected          55  0.25594976138778108       0.60122916106018998        14.077236876327959        33.067603858310449       0.27738079356277490        15.255943645952620        83.061101399321359        52.494425448685860              144          22
 ../2161_seed.dataconnected          60  0.27535353321383343       0.62820808835305986        16.521211992830008        37.692485301183595       0.32947112508035487        19.768267504821292        125.73208473546815        88.136250370156162              106           8
 ../2162_seed.dataconnected          33  0.30625899489708192       0.69024480239088692        10.106546831603703        22.778078478899268       0.35408880199016279        11.684930465675372        44.908870267727906        21.728346487426652              103          19
 ../2163_seed.dataconnected          36  0.35731181818762719       0.75545151275921174        12.863225454754579        27.196254459331623       0.44385534398968512        15.978792383628665        37.754583608486186        17.893625620412148              100           9
 ../2164_seed.dataconnected          14  0.39121460533068719       0.87650273946199986        5.4770044746296209        12.271038352467999       0.46051169147104859        6.4471636805946799        13.743511529910574        3.8840718029218366               93          13
 ../2165_seed.dataconnected          95  0.28114901929173342       0.63259036020233328        26.709156832714676        60.096084219221659       0.32249896273521095        30.637401459845041        98.706855437335733        77.209338827307150              142           8
 ../2166_seed.dataconnected          28  0.27696691013769081       0.66028125955442685        7.7550734838553428        18.487875267523950       0.32644677398652577        9.1405096716227217        45.171069932395447        18.847253876469491              115          14
 ../2167_seed.dataconnected          71  0.29522825210464798       0.63832029361052645        20.961205899430006        45.320740846347377       0.36181922587549348        25.689165037160038        110.62975687085061        80.169038974995715              164          62
 ../2168_seed.dataconnected           6  0.33319632035296082       0.76717406444371028        1.9991779221177648        4.6030443866622619       0.40463428393115430        2.4278057035869258        6.9528784318996575        1.0073300930640261               74           6
 ../2169_seed.dataconnected          30  0.27543637898064199       0.62610185519721517        8.2630913694192607        18.783055655916456       0.33328659979113356        9.9985979937340073        38.453048360733845        15.711840098062355              103          18
 ../2170_seed.dataconnected          74  0.33341599679367756       0.76133336689140751        24.672783762732138        56.338669149964154       0.37864589916879998        28.019796538491200        111.33699840251931        82.762232344456663              144          21
 ../2171_seed.dataconnected          14  0.33961539129038598       0.77689843290619909        4.7546154780654035        10.876578060686787       0.43042646034320226        6.0259704448048312        23.915620239504609        6.7794009333608756               70           5
 ../2172_seed.dataconnected          20  0.26640689217935820       0.57395260734491838        5.3281378435871645        11.479052146898368       0.31926204607312236        6.3852409214624473        35.781334546122686        14.910793341039977               99          15
 ../2173_seed.dataconnected          50  0.32813523870702865       0.70778591854099893        16.406761935351433        35.389295927049943       0.37188231731793631        18.594115865896814        74.606530737099405        45.202871931169071              104           7
 ../2174_seed.dataconnected          79  0.28165717636264043       0.62994891868926306        22.250916932648593        49.765964576451779       0.31993266330011211        25.274680400708856        122.35634674548369        95.595352120545854              165          21
 ../2175_seed.dataconnected          98  0.27167734034824925       0.58843786580786772        26.624379354128425        57.666910849171039       0.36296232451358162        35.570307802331001        185.90185239561723        172.97753267908840              136           4
 ../2176_seed.dataconnected          18  0.29600050964651897       0.68746284860059825        5.3280091736373416        12.374331274810768       0.35064540448351217        6.3116172807032189        37.303651516802638        11.668442124286996              107          10
 ../2177_seed.dataconnected          59  0.31479608428471650       0.70820551635700202        18.572968972798275        41.784125465063120       0.36346880951823141        21.444659761575654        95.313558537375016        64.234672109840943              158          22
 ../2178_seed.dataconnected          44  0.30339240735216211       0.66235981269369348        13.349265923495132        29.143831758522513       0.36187504818342603        15.922502120070746        76.523319155468727        46.975179590607567               77           5
 ../2179_seed.dataconnected         104  0.32870393927097030       0.70321944654991375        34.185209684180911        73.134822441191034       0.38085352606909473        39.608766711185851        133.61883314198579        118.83993331383621              187          18
 ../2180_seed.dataconnected          94  0.34970419335162611       0.76498497014493805        32.872194175052854        71.908587193624172       0.40396014591593044        37.972253716097462        114.23014832709512        88.667367897997224              139           5
 ../2181_seed.dataconnected          24  0.31576405338797559       0.72839362953282649        7.5783372813114145        17.481447108787837       0.35327789560175210        8.4786694944420500        26.661353358938559        10.415416449929685               95          12
 ../2182_seed.dataconnected          21  0.29897306921909578       0.66931976939805438        6.2784344536010117        14.055715157359142       0.37287700210541852        7.8304170442137888        29.260102149380742        10.183996688469517               88          21
 ../2183_seed.dataconnected          43  0.33558904868288464       0.77338730370692188        14.430329093364039        33.255654059397642       0.37027743736846808        15.921929806844128        60.087499552758835        33.504124561314235              121          24
 ../2184_seed.dataconnected          87  0.23541579349722197       0.52548718923497206        20.481174034258313        45.717385463442568       0.27908984228490913        24.280816278787093        182.26635895753100        149.06941529150933              115           6
 ../2185_seed.dataconnected          36  0.30462879796044590       0.69036944738513939        10.966636726576052        24.853300105865017       0.35391404539534255        12.740905634232332        46.374931661388864        22.963300237902619              123          10
 ../2186_seed.dataconnected          53  0.31257324667347297       0.68540592511648291        16.566382073694069        36.326514031173595       0.34979481463575240        18.539125175694878        100.64595332528759        68.071359160560675              106           9
 ../2187_seed.dataconnected          49  0.28807970731368210       0.68269318095896470        14.115905658370423        33.451965866989269       0.33885328269026466        16.603810851822967        75.828109966597324        44.694251760492826              130          18
 ../2188_seed.dataconnected          44  0.31069346501226425       0.70023968294175176        13.670512460539626        30.810546049437079       0.37556940089962115        16.525053639583330        94.175007640057970        66.133160684027416               93           7
 ../2189_seed.dataconnected          24  0.36849842358426599       0.83462410101034079        8.8439621660223828        20.030978424248179       0.42143897506215233        10.114535401491656        31.576706311541475        11.804940190210081              100          13
 ../2190_seed.dataconnected          71  0.24786679095284012       0.55003830999630499        17.598542157651647        39.052720009737655       0.31077672941126511        22.065147788199823        134.49715878982411        105.88701328007015              114           7
 ../2191_seed.dataconnected          33  0.34654479686845274       0.78891332468452879        11.435978296658941        26.034139714589450       0.40813903911789745        13.468588290890615        47.715253295246306        21.098805855067543              161          23
 ../2192_seed.dataconnected          35  0.33884669635939829       0.76238389176079124        11.859634372578940        26.683436211627694       0.38603418383978644        13.511196434392525        44.878342698686687        21.229974502029595              140          18
 ../2193_seed.dataconnected          59  0.21761936767092357       0.48982636821400904        12.839542692584491        28.899755724626534       0.25174877969907361        14.853178002245343        135.21503441396106        102.54460574434663              113           7
 ../2194_seed.dataconnected          26  0.37153632514144269       0.83389420363238753        9.6599444536775092        21.681249294442075       0.42725667943063333        11.108673665196466        31.560760215750712        12.791981349433231              102           7
 ../2195_seed.dataconnected          40  0.30341326537908103       0.67267760225743767        12.136530615163242        26.907104090297508       0.36064718562925052        14.425887425170021        59.791192116773182        32.077381646015425              104          15
 ../2196_seed.dataconnected          57  0.31787790205870253       0.69693384367666400        18.119040417346046        39.725229089569851       0.36703856008400992        20.921197924788565        100.61835578128502        74.079665494368655              126          16
 ../2197_seed.dataconnected          53  0.29840182126493664       0.65416984333012906        15.815296527041642        34.671001696496837       0.37252674406714287        19.743917435558572        80.950909552956787        53.534883857114835              121          12
 ../2198_seed.dataconnected          81  0.27516379224985360       0.61517350997902320        22.288267172238143        49.829054308300883       0.31692062469555859        25.670570600340245        167.42746249408475        144.32674339499911              130           9
 ../2199_seed.dataconnected          29  0.31194205167687150       0.72930372052448200        9.0463194986292734        21.149807895209978       0.38080200787833357        11.043258228471673        32.669651200327259        14.450953243508064              110          22
 ../2200_seed.dataconnected          59  0.26349913705809014       0.58213268336743174        15.546449086427318        34.345828318678471       0.31125861780593933        18.364258450550420        120.33133713012626        92.976245568313601              119           8
 ../2201_seed.dataconnected          11  0.37155102608826407       0.82025448698187942        4.0870612869709051        9.0227993568006735       0.45095554388928460        4.9605109827821305        13.685577246120051        3.5445334519298433               81           8
 ../2202_seed.dataconnected          92  0.26205744834227485       0.60728096213175453        24.109285247489286        55.869848516121415       0.31548449236247805        29.024573297347981        185.98527596050675        173.79921173419666              152           6
 ../2203_seed.dataconnected          19  0.28377222187374551       0.62869905453806874        5.3916722156011652        11.945282036223306       0.38565436280727189        7.3274328933381661        26.138312685136519        8.8108024538283019               83          10
 ../2204_seed.dataconnected          44  0.35011139466364399       0.77886526481891738        15.404901365200336        34.270071652032364       0.42939736300171388        18.893483972075412        48.834126356052089        27.814926423977475              107          13
 ../2205_seed.dataconnected          59  0.36434786536104513       0.83075392436871931        21.496524056301663        49.014481537754442       0.39419697239425638        23.257621371261127        67.044913570522908        40.428902192132867              123          13
 ../2206_seed.dataconnected          76  0.28501184639435234       0.63250892782811918        21.660900325970779        48.070678514937057       0.33669661926076677        25.588943063818274        95.243963461089962        72.464693952552523              134          18
 ../2207_seed.dataconnected          62  0.33142795769643257       0.74426454339609316        20.548533377178821        46.144401690557778       0.36896033418337615        22.875540719369322        93.798354820718885        69.038594582744238              120          23
 ../2208_seed.dataconnected          90  0.30784805603159116       0.69217123234768962        27.706325042843204        62.295410911292066       0.33975176186335626        30.577658567702063        136.25012105463134        111.11518753325939              137           7
 ../2209_seed.dataconnected          82  0.28539559237427758       0.64194402708879306        23.402438574690763        52.639410221281032       0.33366891057087472        27.360850666811729        116.08390366176125        89.854256410630626              152          14
 ../2210_seed.dataconnected          11  0.39183939733252671       0.84316629082308892        4.3102333706577936        9.2748291990539773       0.52809083790715017        5.8089992169786520        11.660477749785063        2.7111675168575919               75           8
 ../2211_seed.dataconnected          61  0.25900538969966191       0.60200973770595978        15.799328771679377        36.722594000063545       0.30818327159901815        18.799179567540108        95.251468558200003        66.936173331786733              115          11
 ../2212_seed.dataconnected          94  0.30062011775363057       0.66528982038058515        28.258291068841274        62.537243115775006       0.34361299742936169        32.299621758359997        148.77840399677766        117.01431875519164              130          10
 ../2213_seed.dataconnected          81  0.29745626447948220       0.66733114038238428        24.093957422838059        54.053822370973130       0.32065690783631962        25.973209534741891        89.271594155455531        68.662407932207842              129           6
 ../2214_seed.dataconnected          60  0.31830305274999998       0.72793835683239683        19.098183164999998        43.676301409943811       0.35036238401654113        21.021743040992469        83.235347803993264        49.626752058463730              116           9
 ../2215_seed.dataconnected          20  0.34263832383948317       0.80202181231812764        6.8527664767896637        16.040436246362553       0.36456572077828481        7.2913144155656964        21.482702442502770        6.6643009953227352              123          16
 ../2216_seed.dataconnected          84  0.27319223239289464       0.61282059854137250        22.948147521003150        51.476930277475290       0.29943627586868560        25.152647172969591        124.30840444413245        98.391752861067175              166          22
 ../2217_seed.dataconnected          69  0.28156387142778527       0.62632637793613699        19.427907128517184        43.216520077593451       0.32707062539280590        22.567873152103608        96.382054699830476        65.544190722248331              113           9
 ../2218_seed.dataconnected          83  0.31693113292892794       0.70347448618521080        26.305284033101017        58.388382353372499       0.35136011765791297        29.162889765606778        100.82377277563882        77.427588485255825              155          22
 ../2219_seed.dataconnected          64  0.26005201411550782       0.59459469568487733        16.643328903392501        38.054060523832149       0.30059776432172208        19.238256916590213        92.748032191875240        64.526227405476433              122          10
 ../2220_seed.dataconnected          71  0.32500983913997011       0.71562690863308809        23.075698578937878        50.809510512949252       0.37252510316889748        26.449282324991721        121.81202979562111        93.670174678648479              170          32
 ../2221_seed.dataconnected          76  0.35004609785165852       0.77289598267453030        26.603503436726047        58.740094683264303       0.40065395363225426        30.449700476051323        86.224288570461567        60.304663590666301              113           4
 ../2222_seed.dataconnected          42  0.29064837825701090       0.64442047000645353        12.207231886794458        27.065659740271048       0.33789976978682529        14.191790331046661        77.323507096455231        41.525112251797950              119          14
 ../2223_seed.dataconnected          16  0.32410180844659447       0.80487045562955639        5.1856289351455116        12.877927290072902       0.35249352470848527        5.6398963953357644        17.444598982078006        4.9760324671292588               82          12
 ../2224_seed.dataconnected          59  0.24879299273242902       0.56655713673930275        14.678786571213312        33.426871067618862       0.27855397610935645        16.434684590452029        101.22132984860806        68.058496307294789              133           8
 ../2225_seed.dataconnected          36  0.28817783633027189       0.62289628131602071        10.374402107889788        22.424266127376747       0.33581242463042188        12.089247286695187        58.040058855499602        27.966468685702221               98           7
 ../2226_seed.dataconnected          76  0.34054253791087424       0.74134822980921544        25.881232881226442        56.342465465500375       0.38906744060104853        29.569125485679688        96.607812713302053        70.552831536606746              128           7
 ../2227_seed.dataconnected          82  0.32192918303546220       0.71473886826899646        26.398193008907899        58.608587198057712       0.36694935697115993        30.089847271635115        129.12962273617461        100.90471990170789              167          16
 ../2228_seed.dataconnected         123  0.25438696673280392       0.58479660401616407        31.289596908134882        71.929982293988175       0.29266723057802246        35.998069361096761        143.44821205816297        130.12491809661253              150           7
 ../2229_seed.dataconnected          61  0.22227855977483360       0.51175583290718030        13.558992146264849        31.217105807337997       0.27432996307458229        16.734127747549518        113.76279343310203        77.794614853307507              150          14
 ../2230_seed.dataconnected          69  0.33324877340261716       0.76760521412501759        22.994165364780585        52.964759774626216       0.36611279129295982        25.261782599214229        85.237539662169326        59.352750660655566              120          12
 ../2231_seed.dataconnected          16  0.31758102744362549       0.74612918771004377        5.0812964390980078        11.938067003360700       0.35446767577012339        5.6714828123219743        25.158172936392592        8.2261709913638263              104          14
 ../2232_seed.dataconnected          43  0.28844453076578747       0.62324439646315655        12.403114822928861        26.799509047915731       0.35646143442689554        15.327841680356508        62.708836078124968        30.454780263569948              105          12
 ../2233_seed.dataconnected          43  0.34307374175527600       0.73247984434371116        14.752170895476867        31.496633306779579       0.41529232482456380        17.857569967456243        58.742501797087932        30.127712786874639               83           8
 ../2234_seed.dataconnected          30  0.31458176126038456       0.70673477886135960        9.4374528378115361        21.202043365840787       0.36158188707839728        10.847456612351918        43.067210627699218        19.240034127547769              117          19
 ../2235_seed.dataconnected          93  0.29447174444516999       0.67761625143661053        27.385872233400811        63.018311383604782       0.34301836685639875        31.900708117645085        139.08604057728681        117.79499262532785              150          10
 ../2236_seed.dataconnected          24  0.33674158801955834       0.73967170675235738        8.0817981124694001        17.752120962056576       0.41202842085197222        9.8886821004473333        39.085267531762653        17.548063487135071               87          20
 ../2237_seed.dataconnected          66  0.29184569314292208       0.62969402485667303        19.261815747432856        41.559805640540418       0.31945129577399728        21.083785521083822        106.06532468086471        79.646700740748557              106           9
 ../2238_seed.dataconnected          74  0.25881304016989326       0.58918288973001753        19.152164972572102        43.599533840021294       0.32527144224760968        24.070086726323115        120.85607562280697        99.248903538830277              145          15
 ../2239_seed.dataconnected          58  0.24243957980676054       0.54241103909823685        14.061495628792111        31.459840267697736       0.32277181909861369        18.720765507719594        152.74295956087033        124.26049185561007              107           7
 ../2240_seed.dataconnected          32  0.27250056181771531       0.61305025917579703        8.7200179781668901        19.617608293625505       0.32451433812057617        10.384458819858438        56.187334596859507        30.197785427857884              102          17
 ../2241_seed.dataconnected          16  0.33736091968894061       0.73790430145113828        5.3977747150230497        11.806468823218212       0.41583539564819938        6.6533663303711901        23.702629885852524        7.0671663399636602               98          15
 ../2242_seed.dataconnected          22  0.36493704931404231       0.77991532980055500        8.0286150849089299        17.158137255612210       0.44770365207931911        9.8494803457450200        27.554783287807449        10.306342849315437               87          10
 ../2243_seed.dataconnected          46  0.30146634777588233       0.67999304157703555        13.867451997690587        31.279679912543635       0.38215077350497390        17.578935581228798        93.937403039805531        47.459416723093710              128          18
 ../2244_seed.dataconnected          12  0.37206926487459385       0.85067272365542301        4.4648311784951265        10.208072683865076       0.43567723674400943        5.2281268409281134        12.818259586443245        3.1758732559693099               75           9
 ../2245_seed.dataconnected          18  0.37783771557795892       0.83762004172633786        6.8010788804032609        15.077160751074082       0.45158427804727769        8.1285170048509983        18.910287505499827        5.9701774191403025               79          11
 ../2246_seed.dataconnected          66  0.32414175627303704       0.72503113192736601        21.393355914020443        47.852054707206158       0.36076622476137715        23.810570834250893        71.285331113843341        47.057373107661114              145          13
 ../2247_seed.dataconnected          30  0.34757782688636135       0.78698163718227010        10.427334806590840        23.609449115468102       0.40586198678771884        12.175859603631565        43.444225591904598        19.312124877408426              106          14
 ../2248_seed.dataconnected          20  0.28891843664143885       0.69840725598716358        5.7783687328287767        13.968145119743271       0.38280926751858629        7.6561853503717261        28.667072850424766        10.242172363277813               92          13
 ../2249_seed.dataconnected          66  0.26099818263939184       0.57527023540590472        17.225880054199862        37.967835536789714       0.31894783365486828        21.050557021221305        95.682455506008608        67.194830094773678              133          16
 ../2250_seed.dataconnected          58  0.33674966748990792       0.75006246404704680        19.531480714414659        43.503622914728716       0.38753511018980075        22.477036391008443        69.258779899157020        43.234812131419794              123           7
 ../2251_seed.dataconnected          16  0.31943256379450380       0.71272111389710679        5.1109210207120608        11.403537822353709       0.38938187638822691        6.2301100222116306        22.793613175740553        7.9118234851047884              110          14
 ../2252_seed.dataconnected          33  0.28963368790100724       0.66446524831270659        9.5579117007332393        21.927353194319316       0.34949847130600081        11.533449553098027        78.233348766991185        46.493659037609284               89           8
 ../2253_seed.dataconnected          83  0.24925009045196544       0.55601631032288934        20.687757507513133        46.149353756799812       0.29165271348038130        24.207175218871647        192.38532179121617        187.18758732995542              137           9
 ../2254_seed.dataconnected          70  0.32118888129296763       0.70777458076825928        22.483221690507733        49.544220653778147       0.37196274266186413        26.037391986330491        115.24840701806887        92.854322182150227              150          13
 ../2255_seed.dataconnected          55  0.31357239873503573       0.67742562863193034        17.246481930426967        37.258409574756172       0.36226938736686803        19.924816305177742        73.486446410656782        46.210597581299446               95          10
 ../2256_seed.dataconnected          23  0.29276422978245253       0.65173257643294213        6.7335772849964082        14.989849257957669       0.36922045519073138        8.4920704693868210        35.322324560094096        14.997066674428231              100          20
 ../2257_seed.dataconnected         114  0.26919459736615881       0.61429377618952052        30.688184099742102        70.029490485605336       0.30446986073165594        34.709564123408775        131.18138086820971        111.57227854890917              158           9
 ../2258_seed.dataconnected          55  0.30908052904268246       0.68172407113841849        16.999429097347534        37.494823912613015       0.34584324156436147        19.021378286039880        77.985150275028857        51.183936690645531               86           5
 ../2259_seed.dataconnected         116  0.30625391937327129       0.69014980914713886        35.525454647299469        80.057377861068105       0.33502844853091779        38.863300029586462        125.15943166226529        108.64671496576580              168          11
 ../2260_seed.dataconnected         121  0.35023602347174476       0.78947187280837550        42.378558840081119        95.526096609813436       0.37735410403183145        45.659846587851604        138.90904509999970        126.06617940717670              172          18
 ../2261_seed.dataconnected          63  0.26204363096336714       0.59905966566132718        16.508748750692128        37.740758936663610       0.32959412652445086        20.764429971040403        99.257276119502833        66.823270128711300              119           6
 ../2262_seed.dataconnected          77  0.34458070286467030       0.75582016177056366        26.532714120579612        58.198152456333403       0.39553872178425231        30.456481577387429        114.44284195827903        78.351697891274256              147          15
 ../2263_seed.dataconnected          33  0.35570616315084880       0.80908075854974804        11.738303383978010        26.699665032141684       0.39548652382173366        13.051055286117212        39.950639856528305        19.640321231982480               85           5
 ../2264_seed.dataconnected          93  0.30396387517838863       0.66110289081275619        28.268640391590143        61.482568845586329       0.38533444397036670        35.836103289244100        130.81885584937382        115.81307453922082              140           9
 ../2265_seed.dataconnected          60  0.24544328357784809       0.57320088528267921        14.726597014670885        34.392053116960753       0.27885811398739174        16.731486839243505        119.70832263049978        85.736008331358732              131          15
 ../2266_seed.dataconnected          78  0.27687854421443325       0.62498666122712854        21.596526448725793        48.748959575716029       0.32168618824079065        25.091522682781672        108.75230530052747        72.415140867598495              131          12
 ../2267_seed.dataconnected          60  0.30725141595254069       0.69198507502465245        18.435084957152441        41.519104501479148       0.35939544947313462        21.563726968388078        81.405280383264497        57.334517841016002              147          17
 ../2268_seed.dataconnected          27  0.35068608077877383       0.78541234779664437        9.4685241810268934        21.206133390509397       0.39514776878376212        10.668989757161578        36.251017930966491        14.248022569706619              119          20
 ../2269_seed.dataconnected          20  0.33494382503319342       0.78016747428666255        6.6988765006638680        15.603349485733251       0.39755426805593985        7.9510853611187970        31.756186454600098        10.515932771676352              114          18
 ../2270_seed.dataconnected          86  0.26437650614409181       0.58514917288298141        22.736379528391897        50.322828867936401       0.33214501726811346        28.564471485057759        130.11004175034924        110.10792054622810              120           5
 ../2271_seed.dataconnected          40  0.23821147625539713       0.53868926957009655        9.5284590502158846        21.547570782803863       0.28809882996612723        11.523953198645088        94.006400307391345        59.866831495245371               97           8
 ../2272_seed.dataconnected          51  0.32907866473424274       0.72077550650857647        16.783011901446379        36.759550831937403       0.36707393926866444        18.720770902701886        73.198728501652454        47.068193401403533               97           6
 ../2273_seed.dataconnected          92  0.30265341033621646       0.67244798768356151        27.844113750931914        61.865214866887662       0.34058280163831800        31.333617750725256        133.66385797231769        111.97901917386818              170          20
 ../2274_seed.dataconnected          19  0.33045111532246779       0.72659915326401003        6.2785711911268880        13.805383912016191       0.42841197933330577        8.1398276073328102        32.670938180260542        9.7837540902051181              104          16
 ../2275_seed.dataconnected          42  0.30250932692645238       0.68435415356638940        12.705391730911000        28.742874449788356       0.32313239461828974        13.571560573968169        59.707306914124011        30.354446168723953               99          22
 ../2276_seed.dataconnected          48  0.29058536246287231       0.63651498322979960        13.948097398217872        30.552719195030381       0.33812321911501514        16.229914517520726        74.146529548197293        47.670369573431742              103          11
 ../2277_seed.dataconnected          76  0.32932249433794286       0.74065127560056987        25.028509569683656        56.289496945643307       0.36474752726161430        27.720812071882687        104.66287396007458        79.708843429569441              150          25
 ../2278_seed.dataconnected          52  0.26011789779180139       0.58887065555001761        13.526130685173673        30.621274088600916       0.32150456511251158        16.718237385850603        95.729661450139830        61.038691422331695              139          18
 ../2279_seed.dataconnected          20  0.28673345519941013       0.63720125700848917        5.7346691039882023        12.744025140169784       0.35513759881980461        7.1027519763960925        38.199209472304673        14.771560452440760               80          15
 ../2280_seed.dataconnected          21  0.23351531564123271       0.51485698750777986        4.9038216284658871        10.811996737663376       0.36956271773942445        7.7608170725279138        47.261886795316897        16.879380917680365               97          12
 ../2281_seed.dataconnected          76  0.31403624495912763       0.70610469776682594        23.866754616893701        53.663957030278773       0.35994662608286310        27.355943582297595        126.15419977851379        93.062840502053561              149          11
 ../2282_seed.dataconnected          84  0.25994214385332548       0.57530633624576866        21.835140083679342        48.325732244644570       0.29628079347830949        24.887586652177998        143.45156561641579        131.29965675057380              181          43
 ../2283_seed.dataconnected          71  0.32401700885460000       0.70721844564742697        23.005207628676601        50.212509640967312       0.39656052421453986        28.155797219232330        96.072025517505693        67.172319267495411              137          14
 ../2284_seed.dataconnected          91  0.25017336318002609       0.57533591972995934        22.765776049382374        52.355568695426300       0.28511605405301055        25.945560918823961        169.52572301310667        156.54261742129341              132           9
 ../2285_seed.dataconnected          88  0.23710389748847654       0.53869637089704614        20.865142978985936        47.405280638940063       0.28824576384444267        25.365627218310955        183.34101662587562        167.19446140709965              143          10
 ../2286_seed.dataconnected          20  0.29597397987124507       0.63140409636904304        5.9194795974249015        12.628081927380862       0.40514568006412865        8.1029136012825731        30.727036768853210        11.056650596096736              122          20
 ../2287_seed.dataconnected          56  0.30700071160526921       0.66757163041769907        17.192039849895075        37.384011303391148       0.34312604736678221        19.215058652539803        92.104454261811284        57.057596104739950              116           7
 ../2288_seed.dataconnected          31  0.32267339437280607       0.72749251200069875        10.002875225556988        22.552267872021662       0.38079301712819225        11.804583530973959        57.188745462887120        30.225638850368505               95          15
 ../2289_seed.dataconnected          87  0.32363109365078285       0.72830969498942866        28.155905147618107        63.362943464080296       0.36393778573393865        31.662587358852662        107.12155966779584        85.204605202650654              130           5
 ../2290_seed.dataconnected          74  0.26930414980264533       0.60112895794773513        19.928507085395754        44.483542888132398       0.32211565352155574        23.836558360595124        140.83028874004162        108.78892464016540              122           9
 ../2291_seed.dataconnected          30  0.32854418078455333       0.71694638058125060        9.8563254235365996        21.508391417437519       0.38710582699484175        11.613174809845253        40.973395606236004        17.011405838576596              111          14
 ../2292_seed.dataconnected          17  0.31926001310091484       0.76029190993935192        5.4274202227155524        12.924962468968982       0.31757871143216498        5.3988380943468046        21.769768983875636        7.4867427943066431               87          11
 ../2293_seed.dataconnected          30  0.28955348265214714       0.64884866113033313        8.6866044795644139        19.465459833909993       0.34620280546180265        10.386084163854079        42.421713814632049        17.993100170249647              102          16
 ../2294_seed.dataconnected         133  0.28985491215450232       0.63953551097992634        38.550703316548805        85.058222960330198       0.32725128260635078        43.524420586644652        143.72451267408437        140.11047205975015              163          10
 ../2295_seed.dataconnected          82  0.29658297171800407       0.67254408929881981        24.319803680876333        55.148615322503225       0.31922908428323110        26.176784911224949        124.87338752142493        104.17045761491673              143           9
 ../2296_seed.dataconnected         106  0.33823535695174450       0.75841462543799476        35.852947836884915        80.391950296427439       0.37429372417112033        39.675134762138754        110.00361776594789        95.263927788600142              146           5
 ../2297_seed.dataconnected          51  0.26876594290341732       0.57898394148974053        13.707063088074284        29.528181015976767       0.30969602364636001        15.794497205964360        75.288931098210725        48.146352260415263              111          15
 ../2298_seed.dataconnected          96  0.23949012126770322       0.54618472881130076        22.991051641699510        52.433733965884869       0.28662491925928774        27.515992248891621        151.91625659158623        132.56412778374403              162          13
 ../2299_seed.dataconnected          18  0.34641818911867223       0.78421510962228380        6.2355274041361000        14.115871973201109       0.41130977293970100        7.4035759129146177        21.060961105200985        6.0953579134886429               72           9
 ../2300_seed.dataconnected         102  0.35796587012723868       0.78535785352363019        36.512518752978345        80.106501059410277       0.39591483719707110        40.383313394101251        104.86098377096300        80.067949897811033              154          12
 ../2301_seed.dataconnected          32  0.30426072227691942       0.68631012063304830        9.7363431128614213        21.961923860257546       0.34487674063555968        11.036055700337910        48.457502841144034        22.590065596380153              122           9
 ../2302_seed.dataconnected          24  0.30873870867118630       0.72166297473587904        7.4097290081084708        17.319911393661098       0.35568113414107394        8.5363472193857746        29.618971637721785        11.264159143775512              126          20
 ../2303_seed.dataconnected          28  0.32007513393901282       0.76099377292323511        8.9621037502923588        21.307825641850584       0.37368338105774213        10.463134669616780        45.465988056379317        20.233519139568486              105          22
 ../2304_seed.dataconnected          16  0.36243513011116779       0.80504471657435128        5.7989620817786847        12.880715465189621       0.40660180084838032        6.5056288135740852        18.556255335569329        5.3886979159090052               69          12
 ../2305_seed.dataconnected          88  0.30517823094200297       0.68275656805836360        26.855684322896263        60.082577989135999       0.35366209587554848        31.122264437048266        119.43055085283908        98.017549193427740              140          14
 ../2306_seed.dataconnected          39  0.32722462703653060       0.72236955083283683        12.761760454424694        28.172412482480635       0.39746994764831189        15.501327958284165        52.049386970195847        24.255915031859793              162          35
 ../2307_seed.dataconnected          51  0.28843957500268891       0.65969021772887348        14.710418325137134        33.644201104172545       0.32248298170955553        16.446632067187331        122.34221365178709        80.442390884321611              109           7
 ../2308_seed.dataconnected          26  0.31280671910669339       0.74932803944232440        8.1329746967740277        19.482529025500433       0.33824159940829573        8.7942815846156890        35.188005581178224        14.958971453409003              108          24
 ../2309_seed.dataconnected          40  0.31984249957025152       0.71348800867932805        12.793699982810061        28.539520347173124       0.36496025285717310        14.598410114286924        77.367000051447633        40.613043589321443               99           7
 ../2310_seed.dataconnected          59  0.28688336016164462       0.63686720773984196        16.926118249537033        37.575165256650678       0.35921927866034081        21.193937440960109        100.33860574672683        63.174495397721188              125          14
 ../2311_seed.dataconnected          87  0.28416081191443038       0.63876892724144141        24.721990636555443        55.572896670005406       0.33638170514826610        29.265208347899151        121.87704006349190        95.287749143893379              120           3
 ../2312_seed.dataconnected          47  0.33515601395268285       0.74519145117156904        15.752332655776094        35.023998205063748       0.38047013800204238        17.882096486095993        73.886411755403699        44.393368599198404              110          10
 ../2313_seed.dataconnected          32  0.31683559574013836       0.74766262210399270        10.138739063684428        23.925203907327766       0.33312300819361701        10.659936262195744        52.164539993250251        23.644337230922094              120          14
 ../2314_seed.dataconnected          48  0.31651287787019472       0.69620922934831242        15.192618137769347        33.418043008718996       0.36536863135332376        17.537694304959540        65.083763435605590        36.463364773203743              124          21
 ../2315_seed.dataconnected          41  0.33862265529823388       0.77456800865826370        13.883528867227589        31.757288354988813       0.38534439518781755        15.799120202700520        65.301188558385746        37.489447805568403              103          20
 ../2316_seed.dataconnected          65  0.31716529100473928       0.72099671583793989        20.615743915308052        46.864786529466095       0.34560781220783549        22.464507793509306        81.713934235794568        58.053154663614642              127          13
 ../2317_seed.dataconnected          55  0.32513767785139991       0.73176884040292878        17.882572281826995        40.247286222161080       0.37615788719768584        20.688683795872720        76.551520430441485        47.182224591409664              109           9
 ../2318_seed.dataconnected          29  0.33330936434305980       0.74968853652174405        9.6659715659487340        21.740967559130578       0.41521534412494387        12.041244979623372        45.726104707206495        21.164379716827000              101          23
 ../2319_seed.dataconnected          49  0.32602240505379337       0.73829756893057641        15.975097847635876        36.176580877598241       0.39848988632219468        19.526004429787537        87.179212029021613        59.831861874070306              164          20
 ../2320_seed.dataconnected          69  0.29411746542318812       0.63740897395608087        20.294105114199979        43.981219202969584       0.34463046170684242        23.779501857772125        118.91251643995989        91.859267324089558              167          28
 ../2321_seed.dataconnected          36  0.36005861777735110       0.77911117087171666        12.962110239984639        28.048002151381802       0.46012676204233438        16.564563433524036        49.968882624805794        24.131926924471891               93          11
 ../2322_seed.dataconnected          14  0.28889164869430312       0.64632346858908363        4.0444830817202435        9.0485285602471706       0.36872495466791272        5.1621493653507784        26.301076746022019        8.2871012832135182               84          12
 ../2323_seed.dataconnected          46  0.38969242837370660       0.82921814100297475        17.925851705190503        38.144034486136839       0.43702360368070925        20.103085769312624        58.386097098740230        30.521510216511164              114          13
 ../2324_seed.dataconnected          37  0.32576984166290779       0.74978170010207212        12.053484141527589        27.741922903776668       0.36605696358883200        13.544107652786783        45.836056353994913        22.638358312878101              109          12
 ../2325_seed.dataconnected          74  0.30260875379834018       0.66662199625460161        22.393047781077172        49.330027722840519       0.34253107177724273        25.347299311515961        117.28295431612109        92.807389615825258              141          10
 ../2326_seed.dataconnected          85  0.33977500877586231       0.73360510677269941        28.880875745948295        62.356434075679452       0.38484396219610401        32.711736786668844        105.11671918243994        74.566670363167574              128           8
 ../2327_seed.dataconnected          73  0.24049646317384879       0.53912545871858453        17.556241811690963        39.356158486456671       0.26502021208183463        19.346475481973929        124.80340692189630        95.651503755976734              130           6
 ../2328_seed.dataconnected          35  0.32222570679530210       0.70335669209982410        11.277899737835574        24.617484223493843       0.36644238782651745        12.825483573928111        51.780536698901805        24.851956604080058               94           8
 ../2329_seed.dataconnected          45  0.27680162917291373       0.64535778598818494        12.456073312781118        29.041100369468321       0.33255293038992767        14.964881867546746        70.026735849169953        40.305338040266470              103          10
 ../2330_seed.dataconnected          50  0.33548926737580875       0.76398365234940591        16.774463368790439        38.199182617470292       0.37112421367625004        18.556210683812502        66.469734096346073        40.411251230257044              132          14
 ../2331_seed.dataconnected          29  0.27220797017520376       0.62118196702201089        7.8940311350809091        18.014277043638316       0.32371464860837307        9.3877248096428190        52.757892836685578        23.690871849830877               74          11
 ../2332_seed.dataconnected          76  0.31663897547908670       0.70013655492332072        24.064562136410590        53.210378174172376       0.35611202992142194        27.064514274028067        83.330832269688173        61.163606050177897              148          11
 ../2333_seed.dataconnected         119  0.31703301033440029       0.69401523527916265        37.726928229793636        82.587812998220357       0.35772756974351755        42.569580799478587        132.52579223060005        119.09792227027414              174          10
 ../2334_seed.dataconnected          31  0.28633181800639457       0.65181195571980399        8.8762863581982323        20.206170627313924       0.34225624309725833        10.609943536015008        59.035239791489083        29.928304536914219              104           9
 ../2335_seed.dataconnected          64  0.25992009311916076       0.58788211980792082        16.634885959626288        37.624455667706933       0.31739702191516761        20.313409402570727        80.669883407177338        53.349571376595385              149          19
 ../2336_seed.dataconnected          29  0.23378439885844135       0.51519082384612536        6.7797475668947991        14.940533891537635       0.32493664648598392        9.4231627480935334        59.586003164675191        32.999704726164815              103          15
 ../2337_seed.dataconnected          23  0.33462279758006519       0.73011282198814964        7.6963243443414990        16.792594905727441       0.37398479146910618        8.6016502037894416        32.461688743864173        12.954281278631230              107          18
 ../2338_seed.dataconnected          75  0.32347163427697284       0.69790553106713316        24.260372570772962        52.342914830034985       0.38902295463521591        29.176721597641194        97.675336835428652        70.431452002157812              156          37
 ../2339_seed.dataconnected          50  0.26027831321013994       0.62140046363547374        13.013915660506997        31.070023181773688       0.28444870125494265        14.222435062747133        76.169457427172148        49.123663511954248              153          49
 ../2340_seed.dataconnected          74  0.32625002788682889       0.73251454258265025        24.142502063625336        54.206076151116122       0.37403683521339992        27.678725805791593        98.902406927511294        77.260855425262918              132          17
 ../2341_seed.dataconnected          88  0.30418799011481285       0.67864584624566482        26.768543130103531        59.720834469618502       0.35038858610184237        30.834195576962127        124.25995245855691        100.45149342473496              139          10
 ../2342_seed.dataconnected           8  0.33636315903068026       0.82304850661041029        2.6909052722454421        6.5843880528832823       0.50770149999546010        4.0616119999636808        8.5137546710564109        1.4310923605981292               50           6
 ../2343_seed.dataconnected          96  0.27499306438490995       0.61947444504313565        26.399334180951357        59.469546724141026       0.30328825413188687        29.115672396661139        127.36726100356729        99.638386023793174              156           6
 ../2344_seed.dataconnected          56  0.25027091660057188       0.57396673926913899        14.015171329632025        32.142137399071785       0.30867524286320425        17.285813600339438        112.66330642476385        89.846746148687217              120          13
 ../2345_seed.dataconnected          19  0.36354314332030785       0.81414802439737077        6.9073197230858492        15.468812463550044       0.41972735165197955        7.9748196813876113        26.967988858000208        8.0608036997787114               83          10
 ../2346_seed.dataconnected          82  0.24662734018276480       0.55325009029928562        20.223441894986713        45.366507404541423       0.27985332878986768        22.947972960769150        106.24356443300755        81.150027986925494              119           6
 ../2347_seed.dataconnected          95  0.24859874207164576       0.55911774694625538        23.616880496806345        53.116185959894260       0.30718768217465503        29.182829806592228        152.14601447221955        127.31047065299309              150           8
 ../2348_seed.dataconnected          91  0.27447711192682916       0.60091140066627236        24.977417185341455        54.682937460630782       0.33819539682299204        30.775781110892275        96.099687361320065        71.397269348814277              169          15
 ../2349_seed.dataconnected          37  0.30034456705725754       0.67971482685521312        11.112748981118528        25.149448593642884       0.36824369943303970        13.625016879022469        64.218566356857480        33.950311943762884              116           9
 ../2350_seed.dataconnected          13  0.32849922353482081       0.72698925986790641        4.2704899059526706        9.4508603782827834       0.42610995378811034        5.5394293992454342        24.417075831024132        6.7482244700147804               96          13
 ../2351_seed.dataconnected          20  0.33204602757481205       0.75970766900454478        6.6409205514962411        15.194153380090896       0.40276633018824848        8.0553266037649696        38.276932785567936        13.987629451216343              106          13
 ../2352_seed.dataconnected          41  0.28555963508103277       0.67133348181229024        11.707945038322343        27.524672754303900       0.31812908238883120        13.043292377942079        74.151471318799693        48.294458596928159               88          14
 ../2353_seed.dataconnected          22  0.35201882139787277       0.75198660807663009        7.7444140707532014        16.543705377685860       0.39891597884625368        8.7761515346175809        25.561119137496885        8.4406976737994004              102          14
 ../2354_seed.dataconnected          61  0.25814837813525154       0.56580196828597884        15.747051066250345        34.513920065444708       0.33309575719113454        20.318841188659206        132.27782591483597        109.26771485620522              105           7
 ../2355_seed.dataconnected          33  0.27151166918810454       0.59997486200790184        8.9598850832074497        19.799170446260760       0.31681095780617752        10.454761607603858        49.979853817963935        24.309380039122548               99          14
 ../2356_seed.dataconnected          73  0.32530404029102949       0.73019959544244584        23.747194941245152        53.304570467298547       0.37148339550955140        27.118287872197254        106.57873556973412        75.114311048956566              158          18
 ../2357_seed.dataconnected          13  0.28330248562575100       0.66052087969630013        3.6829323131347631        8.5867714360519010       0.29702238476969367        3.8612910020060176        20.831885608824429        5.1698117112238533               99          10
 ../2358_seed.dataconnected          68  0.36771795367826188       0.77623313336675792        25.004820850121806        52.783853068939536       0.42837216583381466        29.129307276699397        91.526665380393155        66.810865466525328              110           7
 ../2359_seed.dataconnected          30  0.32329530023323577       0.75145521089668066        9.6988590069970737        22.543656326900418       0.39903865101872860        11.971159530561858        43.780412252488354        21.179845939619707              105          25
 ../2360_seed.dataconnected          44  0.30421041809425370       0.70124013660290518        13.385258396147163        30.854566010527829       0.33284651943478322        14.645246855130461        50.314511597358305        27.394416320910221              127           9
 ../2361_seed.dataconnected          15  0.32055658162718481       0.75314585337493567        4.8083487244077725        11.297187800624036       0.37885151529182509        5.6827727293773762        19.013014991565424        5.4975779036386667               71          12
 ../2362_seed.dataconnected          92  0.29981519225302661       0.67837888390521195        27.582997687278446        62.410857319279501       0.32693849180676088        30.078341246221999        104.64401386972776        84.388148775748391              154          21
 ../2363_seed.dataconnected          33  0.27847584327730862       0.65619696595118016        9.1897028281511837        21.654499876388947       0.32920661888341501        10.863818423152695        55.898045405387350        31.848842474706924              136          28
 ../2364_seed.dataconnected          51  0.33714180390342530       0.72215028243441381        17.194231999074692        36.829664404155103       0.36458661380435559        18.593917304022135        56.796129185029010        32.666553199007957              164          21
 ../2365_seed.dataconnected          61  0.29584834899397716       0.66869908588465965        18.046749288632608        40.790644238964241       0.34716941539011142        21.177334338796797        76.397635478247821        50.699641286086710              126           9
 ../2366_seed.dataconnected          17  0.36941600043142742       0.81172270766918875        6.2800720073342662        13.799286030376209       0.46590336580133535        7.9203572186227005        18.806737900107716        5.5734225535826392              137          16
 ../2367_seed.dataconnected          28  0.29836320128194055       0.64916786590728315        8.3541696358943351        18.176700245403929       0.32849152305208018        9.1977626454582442        39.820589481754240        18.548580934876526              123          18
 ../2368_seed.dataconnected          36  0.29587022352565567       0.70123206093691626        10.651328046923604        25.244354193728984       0.31217863913762872        11.238431008954635        39.010225830946183        18.197367624553809              141          30
 ../2369_seed.dataconnected          88  0.29004497681428415       0.66427313244552300        25.523957959657004        58.456035655206023       0.33361526724804380        29.358143517827855        133.69544585363278        103.82499337633898              134           7
 ../2370_seed.dataconnected          40  0.35545123527467065       0.80106836216384392        14.218049410986826        32.042734486553755       0.39662599194554315        15.865039677821727        53.781837036609289        26.754499174981916              124          15
 ../2371_seed.dataconnected          40  0.29338977063986593       0.68360598946977069        11.735590825594638        27.344239578790827       0.34992009077917569        13.996803631167028        54.634955894120715        29.139974265603520              133          19
 ../2372_seed.dataconnected          37  0.32116823700399788       0.75869244287503601        11.883224769147922        28.071620386376331       0.38645830515208462        14.298957290627131        49.582684446752602        24.156851387432777              131          13
 ../2373_seed.dataconnected          63  0.30561656826827149       0.66125320615644323        19.253843800901105        41.658951987855922       0.38383216140106430        24.181426168267052        79.384707608126746        53.325268006791724              103          10
 ../2374_seed.dataconnected          64  0.29220280333376408       0.66374134181402611        18.700979413360901        42.479445876097671       0.35802797221061022        22.913790221479054        158.81454866950648        139.47489150078897              149          19
 ../2375_seed.dataconnected          91  0.30533982537776666       0.67190110404265924        27.785924109376765        61.143000467881990       0.34118621220701312        31.047945310838195        113.84073576493486        89.968453676383220              141           7
 ../2376_seed.dataconnected          21  0.27726476851040244       0.63483096346109547        5.8225601387184511        13.331450232683006       0.34295901897053216        7.2021393983811750        42.746006073471889        14.824157134796087               97          13
 ../2377_seed.dataconnected          82  0.21592733068237555       0.48913001204329415        17.706041115954793        40.108660987550117       0.23356665337452920        19.152465576711393        139.98468484495388        121.30070967413357              182          14
 ../2378_seed.dataconnected          47  0.23169432620127645       0.52090444415139836        10.889633331459994        24.482508875115723       0.28858251588482925        13.563378246586975        89.533639127340891        54.785933490067428              118          18
 ../2379_seed.dataconnected          97  0.32590902836345592       0.71015813770899439        31.613175751255223        68.885339357772452       0.38624106644336875        37.465383445006772        128.37545920239708        104.44848634643282              135           6
 ../2380_seed.dataconnected          74  0.34359502958736626       0.74405340985833779        25.426032189465104        55.059952329516996       0.39918193742914593        29.539463369756799        101.49883661433384        75.135972838874594              102           8
 ../2381_seed.dataconnected          50  0.35931460426838840       0.78666259842310005        17.965730213419420        39.333129921154999       0.41784520042834306        20.892260021417151        77.198129232817450        51.685687129546352              122          11
 ../2382_seed.dataconnected          10  0.35245325258743543       0.80345228405755220        3.5245325258743545        8.0345228405755229       0.35104447526100102        3.5104447526100104        10.567153242089951        2.0822138774220718               67           7
 ../2383_seed.dataconnected          34  0.31774213861867590       0.71283402114512506        10.803232713034980        24.236356718934253       0.38449551900459489        13.072847646156227        62.844742661482954        36.458834183138592               81          12
 ../2384_seed.dataconnected          33  0.34301720695138627       0.73946864547027136        11.319567829395746        24.402465300518955       0.40625500020468508        13.406415006754608        38.655850780884052        17.419688767125535              102          12
 ../2385_seed.dataconnected          95  0.24972842312857341       0.55982645678168919        23.724200197214472        53.183513394260473       0.29690930503102358        28.206383977947240        136.47448472885466        107.07701492717187              131           4
 ../2386_seed.dataconnected         112  0.30857633624431119       0.69582501967974852        34.560549659362856        77.932402204131833       0.34995438240905313        39.194890829813950        143.38980074428440        129.31148322318077              152          15
 ../2387_seed.dataconnected          54  0.31687323439844917       0.72195919315386825        17.111154657516256        38.985796430308888       0.36885467177422004        19.918152275807884        93.244463486342994        58.795090211150402              111          10
 ../2388_seed.dataconnected          73  0.29600251828882645       0.66529642975286007        21.608183835084333        48.566639371958786       0.34444579099931261        25.144542742949820        92.321718411025543        68.229468431037446              129          23
 ../2389_seed.dataconnected          95  0.27086012127119202       0.59952584034929557        25.731711520763241        56.954954833183081       0.31612266951728635        30.031653604142203        117.59483045952793        92.025377298252550              131           4
 ../2390_seed.dataconnected          56  0.29742213343262719       0.67869400739900376        16.655639472227122        38.006864414344207       0.32946202922011314        18.449873636326338        94.446839322722980        61.722863453393508              133          10
 ../2391_seed.dataconnected         105  0.34787501192456932       0.76141787521981497        36.526876252079781        79.948876898080570       0.39655210788950584        41.637971328398116        123.68324650737866        95.993926112137814              177          19
 ../2392_seed.dataconnected          85  0.33286967525040156       0.74786130802539919        28.293922396284135        63.568211182158933       0.36713873534121627        31.206792504003381        90.001447012412527        65.987375152029159              120           4
 ../2393_seed.dataconnected          25  0.32937497204100580       0.74135193803477406        8.2343743010251451        18.533798450869352       0.41827162956871883        10.456790739217970        48.405788321224122        18.173144394882843              108           9
 ../2394_seed.dataconnected          74  0.31641392815877606       0.70839664728150853        23.414630683749429        52.421351898831631       0.33731688462204734        24.961449462031503        113.34778233316264        83.159760911276763              111           5
 ../2395_seed.dataconnected          15  0.35194640240544994       0.80360634411975418        5.2791960360817489        12.054095161796313       0.47194912339249462        7.0792368508874191        18.447614435756115        5.3312625302541878               87          11
 ../2396_seed.dataconnected          60  0.22911362716514433       0.51980403470606806        13.746817629908660        31.188242082364084       0.28265657489126500        16.959394493475902        106.54435616749950        75.823306459446485              109          15
 ../2397_seed.dataconnected          34  0.22913220217833183       0.51767655071526852        7.7904948740632820        17.601002724319130       0.29324351407498078        9.9702794785493474        68.417995267890873        39.182012544446906               95          26
 ../2398_seed.dataconnected          36  0.32355455754030160       0.73581155034638912        11.647964071450858        26.489215812470007       0.40594214698241188        14.613917291366828        61.989867812953769        35.585491883401176              130          22
 ../2399_seed.dataconnected          46  0.26318992962251381       0.60042423435670300        12.106736762635634        27.619514780408338       0.30871353588953226        14.200822650918484        91.099009169784807        65.540127642880151              140          24
 ../2400_seed.dataconnected          61  0.33046631517795416       0.72629427336086361        20.158445225855203        44.303950675012679       0.36681779182622931        22.375885301399990        82.815304304686194        53.225067407956701              162          30
 ../2401_seed.dataconnected          56  0.32098753890170295       0.69293348449669478        17.975302178495365        38.804275131814904       0.39621045608266747        22.187785540629378        77.839349045170252        48.030862287435774              123          11
 ../2402_seed.dataconnected          35  0.28704997110566405       0.64615192211129091        10.046748988698242        22.615317273895183       0.34389675414921433        12.036386395222502        63.056301376547609        26.403185997437216               93          15
 ../2403_seed.dataconnected          52  0.24571381386402597       0.58564184856157941        12.777118320929350        30.453376125202130       0.28928712455434952        15.042930476826175        85.295445835135467        53.188644439620774              108           7
 ../2404_seed.dataconnected          60  0.27107542108316734       0.63551654463758178        16.264525264990041        38.130992678254906       0.31902149230010768        19.141289538006461        94.233573191013392        60.645767356637556              132          13
 ../2405_seed.dataconnected          44  0.35624515578644322       0.81383287814785810        15.674786854603502        35.808646638505756       0.39619367530176841        17.432521713277811        52.480770057300425        28.513236601832094               95          14
 ../2406_seed.dataconnected          88  0.23784851735627008       0.52798635901335145        20.930669527351768        46.462799593174928       0.27995123618325285        24.635708784126251        126.78603835781264        102.92262496312152              140          12
 ../2407_seed.dataconnected          20  0.26785761806975955       0.60418451152732777        5.3571523613951912        12.083690230546555       0.35704185025239349        7.1408370050478700        41.489002893133531        14.011704035989540               90          12
 ../2408_seed.dataconnected          70  0.27902760327885234       0.64151365584527320        19.531932229519665        44.905955909169123       0.32001224009531126        22.400856806671790        114.29226890818713        90.035120111471116              119          12
 ../2409_seed.dataconnected          16  0.36155534617107377       0.81892500345459684        5.7848855387371803        13.102800055273550       0.44566710383526470        7.1306736613642352        18.144603093623989        4.4448753851698033              116          14
 ../2410_seed.dataconnected          97  0.30464427796783800       0.66503788532892349        29.550494962880286        64.508674876905573       0.34995344038220971        33.945483717074339        136.24241178565367        112.15710621151996              148           5
 ../2411_seed.dataconnected          43  0.32310516363051195       0.72864686821368807        13.893522036112014        31.331815333188587       0.36834535356884202        15.838850203460206        62.304013243512188        31.529129494993899               98          10
 ../2412_seed.dataconnected          83  0.28479674768288848       0.62439344307410716        23.638130057679746        51.824655775150894       0.32106443380601990        26.648348005899653        125.18699126267293        106.29734507139531              120           4
 ../2413_seed.dataconnected          25  0.33155716812143393       0.74234148125158783        8.2889292030358490        18.558537031289696       0.41675311214031968        10.418827803507993        33.011583788648920        13.712210684775533              109          17
 ../2414_seed.dataconnected          62  0.32290957591433367       0.72824990047344351        20.020393706688687        45.151493829353498       0.38682835025914197        23.983357716066802        75.774605813818283        49.917072425656933              125          15
 ../2415_seed.dataconnected         112  0.33800423961257492       0.75178573570866680        37.856474836608392        84.200002399370675       0.35600399908966029        39.872447898041955        120.70356011648374        101.70553171348693              177          13
 ../2416_seed.dataconnected          76  0.31062655771944836       0.69071036765418958        23.607618386678077        52.493987941718409       0.35188778421888317        26.743471600635122        120.87712667964161        88.810859645661765              139           8
 ../2417_seed.dataconnected          84  0.25388533811024477       0.56389464984996396        21.326368401260559        47.367150587396971       0.30850427000296821        25.914358680249329        112.08734658418373        93.986089243235583              196          35
 ../2418_seed.dataconnected          36  0.34036318655215830       0.75779959023110888        12.253074715877698        27.280785248319919       0.41173958711831499        14.822625136259340        49.668830314103189        21.141383947367814              114          16
 ../2419_seed.dataconnected          35  0.29167080884378693       0.65627426306625580        10.208478309532543        22.969599207318954       0.33131924402057916        11.596173540720271        70.850992271654789        42.103896706671819              102          14
 ../2420_seed.dataconnected          38  0.29906351854142621       0.67236330373940667        11.364413704574195        25.549805542097452       0.35833257829825732        13.616637975333779        56.366166341128256        28.439969770771633              102          15
 ../2421_seed.dataconnected          79  0.34422492230839791       0.77404359253811372        27.193768862363434        61.149443810510981       0.37758932531683559        29.829556700030011        112.44427688868933        83.346542503829568              122           7
 ../2422_seed.dataconnected          93  0.29112188034238579       0.66979706208946899        27.074334871841877        62.291126774320617       0.32299452503731946        30.038490828470710        127.48354466653660        105.35453499480015              147          11
 ../2423_seed.dataconnected          47  0.28740081630519654       0.65265858333428028        13.507838366344238        30.674953416711173       0.32435213561235948        15.244550373780896        66.254626884254691        38.226141662014761              135          15
 ../2424_seed.dataconnected          75  0.25514337708720847       0.56550979444007177        19.135753281540634        42.413234583005384       0.28810726872587428        21.608045154440571        101.96973403638984        71.092420524772280              132          11
 ../2425_seed.dataconnected          67  0.33356685765905358       0.72690812606442656        22.348979463156589        48.702844446316583       0.37763525574123186        25.301562134662536        90.003519075397136        62.123932285365406              126           8
 ../2426_seed.dataconnected         108  0.31828366328243946       0.70110701042508539        34.374635634503463        75.719557125909219       0.34820335715230866        37.605962572449336        115.12508464992322        92.355963298415759              203          18
 ../2427_seed.dataconnected          92  0.26102971889429960       0.59993395442678743        24.014734138275564        55.193923807264440       0.29520365398476284        27.158736166598182        122.90008440732259        102.64885834258941              122           7
 ../2428_seed.dataconnected          71  0.27396840174691117       0.61528287154961447        19.451756524030692        43.685083880022624       0.30089562152006200        21.363589127924403        191.45576573692645        165.22811534211885              122           9
 ../2429_seed.dataconnected          46  0.31778662722698431       0.69549819288377157        14.618184852441278        31.992916872653492       0.38671828561992022        17.789041138516332        97.338640518156453        59.161862221625064              126          24
 ../2430_seed.dataconnected          50  0.32670370411679911       0.71091558321568638        16.335185205839956        35.545779160784321       0.40968086676046900        20.484043338023451        62.728241387733618        35.658782648451684               88           7
 ../2431_seed.dataconnected          62  0.26016181496676294       0.58139497032991938        16.130032527939303        36.046488160454999       0.31255778179787114        19.378582471468011        92.394178345819498        61.049526050481369              121          10
 ../2432_seed.dataconnected          63  0.26211183599631616       0.59812361562534022        16.513045667767919        37.681787784396434       0.28792188642177352        18.139078844571731        90.933787580039379        63.181961665599644              133          10
 ../2433_seed.dataconnected          54  0.33735226240361360       0.75539013085891438        18.217022169795136        40.791067066381373       0.36095996850695500        19.491838299375569        73.474214888715011        45.615140485659147              118          28
 ../2434_seed.dataconnected          36  0.35366593460578671       0.79365972839228571        12.731973645808322        28.571750222122287       0.38610276084097911        13.899699390275249        42.176136392829534        20.084999658947588              112          15
 ../2435_seed.dataconnected          62  0.23393537115010085       0.51830372239127698        14.503993011306253        32.134830788259173       0.28259286516280518        17.520757640093922        122.60263357201971        98.262748475381173              104           5
 ../2436_seed.dataconnected          73  0.26085715797274878       0.59020757274474589        19.042572532010659        43.085152810366452       0.31902580675724274        23.288883893278719        173.79354987705736        156.51013341808130              131          18
 ../2437_seed.dataconnected          56  0.27559896198634198       0.62142355788732628        15.433541871235152        34.799719241690269       0.33525859836732980        18.774481508570467        73.531881238262386        46.669414159278695              111          11
 ../2438_seed.dataconnected          36  0.33118885620940386       0.74938168344132361        11.922798823538539        26.977740603887650       0.39785960708148899        14.322945854933604        68.563373943162560        33.329042867619492              105          10
 ../2439_seed.dataconnected          37  0.34029701972443199       0.77435363154375758        12.590989729803983        28.651084367119029       0.41678095716634378        15.420895415154719        45.533750157195499        21.822119581682234               91           9
 ../2440_seed.dataconnected          46  0.23224106863810873       0.54212716303753805        10.683089157353001        24.937849499726749       0.31243615740303921        14.372063240539804        98.157854605576389        66.997238881145066              114          40
 ../2441_seed.dataconnected         113  0.19777866342897998       0.44185684102414424        22.348988967474739        49.929823035728297       0.23651162946592275        26.725814129649269        164.60619648056826        165.60381949194627              168           7
 ../2442_seed.dataconnected          49  0.26164797705327386       0.60019349001772659        12.820750875610420        29.409481010868603       0.31894552431029977        15.628330691204688        85.218845913826200        53.370780169395424               93           7
 ../2443_seed.dataconnected          29  0.34490326389559384       0.78176885845279565        10.002194652972221        22.671296895131075       0.39103023925832869        11.339876938491532        38.037750237897193        16.909878790565354              138          26
 ../2444_seed.dataconnected          79  0.29688812409380871       0.66838434259348534        23.454161803410887        52.802363064885341       0.33237563982631552        26.257675546278925        108.01467311177062        80.029092974326659              144           9
 ../2445_seed.dataconnected          51  0.34424540042858698       0.75816388389662426        17.556515421857934        38.666358078727839       0.37572549401220390        19.162000194622397        56.062184044039256        32.982582869913649              109          13
 ../2446_seed.dataconnected          26  0.32360888912472346       0.73682111547271123        8.4138311172428093        19.157349002290491       0.39985791057232850        10.396305674880541        45.517084068760234        19.766424906917191              107          10
 ../2447_seed.dataconnected          64  0.23497189475416158       0.51822694078921705        15.038201264266341        33.166524210509891       0.27250919536157109        17.440588503140550        124.88443621532731        103.90917822147505              137           8
 ../2448_seed.dataconnected          41  0.35532980439178047       0.81629885844475303        14.568521980062998        33.468253196234876       0.39894364303876423        16.356689364589332        48.052404580183406        24.066644693777835              109          31
 ../2449_seed.dataconnected          10  0.35713002166223856       0.80952877826327296        3.5713002166223857        8.0952877826327292       0.44411967159951232        4.4411967159951233        10.195331114222229        1.9444887883059454              109           8
 ../2450_seed.dataconnected          72  0.22861742311224964       0.51820167876205159        16.460454464081973        37.310520870867713       0.26330044180505274        18.957631809963797        125.34087932869095        86.610712512329329              109           6
 ../2451_seed.dataconnected          79  0.22588438192997573       0.50996076508848831        17.844866172468084        40.286900441990575       0.26343248367781041        20.811166210547022        120.66401728698229        84.461902619868553              164          17
 ../2452_seed.dataconnected          46  0.34721388401283654       0.78341500580029788        15.971838664590480        36.037090266813699       0.39052009182443237        17.963924223923890        58.441876399440467        32.447311278346099               97          11
 ../2453_seed.dataconnected          13  0.35304132849518088       0.80791872652891417        4.5895372704373516        10.502943444875884       0.44751273748466569        5.8176655873006542        14.159811750736258        3.7901819454507515               84           8
 ../2454_seed.dataconnected          19  0.31921190427288759       0.68954944763262449        6.0650261811848640        13.101439505019865       0.39181212809304167        7.4444304337677920        34.836901273046784        13.746371579132264               87          14
 ../2455_seed.dataconnected          76  0.35078527759927319       0.79315733788292431        26.659681097544762        60.279957679102246       0.38902880847525773        29.566189444119587        87.556547903303837        62.266876781379615              138          12
 ../2456_seed.dataconnected         126  0.30369303627358041       0.69100453381528382        38.265322570471135        87.066571260725766       0.33469399256006438        42.171443062568109        144.99694131156059        132.33867316483017              154           3
 ../2457_seed.dataconnected          15  0.38564955292110137       0.86169911908591690        5.7847432938165202        12.925486786288754       0.46271545059288194        6.9407317588932287        17.020679686971981        4.5591269644249710               95          11
 ../2458_seed.dataconnected          96  0.25390319800478550       0.55952092276167253        24.374707008459410        53.714008585120567       0.30627238296597714        29.402148764733806        149.11053957086833        139.22163914162198              163           8
 ../2459_seed.dataconnected          27  0.34754140250174193       0.80647966258301418        9.3836178675470325        21.774950889741383       0.40569506179548909        10.953766668478206        31.593485577642419        12.407121377654450              100          14
 ../2460_seed.dataconnected          64  0.34074665557252443       0.77138698050250964        21.807785956641563        49.368766752160617       0.37484768658279483        23.990251941298869        70.433217585649444        47.570802247347281              117          17
 ../2461_seed.dataconnected          76  0.30992765304883840       0.67833489965935645        23.554501631711720        51.553452374111089       0.35786312679315829        27.197597636280030        84.034433235246624        62.301756006139570              168          38
 ../2462_seed.dataconnected          77  0.24796343847663938       0.55046105228302400        19.093184762701231        42.385501025792848       0.30140929442883418        23.208515671020233        121.70819872332201        92.039183774915884              141           9
 ../2463_seed.dataconnected          78  0.29415210270344144       0.65414371485247513        22.943864010868431        51.023209758493060       0.35044141564063658        27.334430419969653        99.630481352239883        68.301485989716340              130           8
 ../2464_seed.dataconnected          59  0.35562233840785207       0.80008721339433653        20.981717966063272        47.205145590265857       0.39308320238946276        23.191908940978301        67.973574074530774        43.727081985940181              126          10
 ../2465_seed.dataconnected         102  0.34711813779247830       0.75170543040782345        35.406050054832789        76.673953901597997       0.38650353467053516        39.423360536394590        108.95081129003383        87.195716405414814              190          14
 ../2466_seed.dataconnected          31  0.31394746568170062       0.71462046855077410        9.7323714361327198        22.153234525073998       0.40092214874986365        12.428586611245773        46.624432698498495        22.806734534973707              125          19
 ../2467_seed.dataconnected          27  0.31704206908287796       0.71183535990051350        8.5601358652377044        19.219554717313866       0.39249034279083461        10.597239255352534        44.039974372861700        16.819804747233878               98          17
 ../2468_seed.dataconnected          95  0.30691535972125239       0.68271126247535430        29.156959173518977        64.857569935158665       0.33255005343626981        31.592255076445632        108.46569328211704        85.675612899100770              141          12
 ../2469_seed.dataconnected          52  0.28687828993284442       0.64292313351699382        14.917671076507910        33.432002942883678       0.36526133819544793        18.993589586163292        121.82680720339251        75.993209882638382              125          11
 ../2470_seed.dataconnected          56  0.24974456217908558       0.54714359939158674        13.985695482028792        30.640041565928858       0.30943849131962803        17.328555513899168        105.89580820039247        68.726774645120670              122          13
 ../2471_seed.dataconnected          29  0.27678081852259384       0.62025105212792730        8.0266437371552222        17.987280511709891       0.31351421238435284        9.0919121591462329        51.704091066002377        22.958252803518238              107          25
 ../2472_seed.dataconnected          13  0.33285336605895838       0.77098530025089973        4.3270937587664591        10.022808903261696       0.42166477065105518        5.4816420184637176        14.783781698782350        3.7895265666160567               82          11
 ../2473_seed.dataconnected          34  0.31601980207488650       0.71216070273060794        10.744673270546141        24.213463892840672       0.38670760687688066        13.148058633813942        41.283570113980652        18.711766806824716              120          13
 ../2474_seed.dataconnected          38  0.32146521003011269       0.74554934242809467        12.215677981144282        28.330875012267597       0.39716615592386678        15.092313925106938        68.571067614739903        37.115040823355741              116          11
 ../2475_seed.dataconnected          98  0.30023376261112039       0.66641530899773493        29.422908735889798        65.308700281778030       0.33470405199745895        32.800997095750979        108.08306005421660        84.297293152431109              147          18
 ../2476_seed.dataconnected         117  0.31422483789431710       0.68788975808251018        36.764306033635101        80.483101695653687       0.35994979189578957        42.114125651807377        134.61648935543829        119.57970867183073              153           6
 ../2477_seed.dataconnected          77  0.22596694006981685       0.51165433759692602        17.399454385375897        39.397383994963306       0.25783806296228073        19.853530848095616        115.99847238617402        85.803203983680419              116           5
 ../2478_seed.dataconnected          81  0.28699555737653071       0.65343934108523660        23.246640147498987        52.928586627904167       0.32702040231851837        26.488652587799987        127.73599748018329        106.79949074085233              144          13
 ../2479_seed.dataconnected          22  0.34749862703165996       0.77958616663912383        7.6449697946965189        17.150895666060723       0.39185974990189298        8.6209144978416461        43.882961866069031        19.527536610913089              147          21
 ../2480_seed.dataconnected          44  0.29240274624930179       0.64782671242011680        12.865720834969279        28.504375346485141       0.32703829482518937        14.389684972308332        57.931182571170730        32.356525724523898              135          12
 ../2481_seed.dataconnected          67  0.33794022607904295       0.78290076112024487        22.641995147295876        52.454350995056409       0.38608099819347325        25.867426878962707        99.647369242154397        73.270114626459531              125          25
 ../2482_seed.dataconnected         102  0.29415618243553587       0.66120998565615319        30.003930608424660        67.443418536927624       0.35531943447879694        36.242582316837286        131.57047174301368        117.08562967016543              166          11
 ../2483_seed.dataconnected          42  0.37081927951274946       0.82042696198121912        15.574409739535477        34.457932403211203       0.44128431065004803        18.533941047302019        55.977498287879556        30.016859872518808              128          25
 ../2484_seed.dataconnected         156  0.32094808870166475       0.71421630026292504        50.067901837459701        111.41774284101631       0.34443007642840218        53.731091922830743        171.13398519031421        172.58349968957546              214          14
 ../2485_seed.dataconnected          19  0.36327273977822916       0.82878368950544801        6.9021820557863540        15.746890100603512       0.42771439763219482        8.1265735550117011        20.599431130469455        6.7896182082811860               97          16
 ../2486_seed.dataconnected          59  0.20106363246436754       0.45966007752923882        11.862754315397684        27.119944574225091       0.22702850322545171        13.394681690301651        146.98212689327596        120.96513170108277               98           7
 ../2487_seed.dataconnected          57  0.30745782792675014       0.66692569803122914        17.525096191824758        38.014764787780059       0.36843121344886570        21.000579166585347        96.179359684179531        66.116175738034485              156          29
 ../2488_seed.dataconnected          63  0.30764277621383834       0.67566312625154779        19.381494901471815        42.566776953847508       0.37013615385509163        23.318577692870772        134.34643046945197        97.572282411103217              142          14
 ../2489_seed.dataconnected          38  0.25780563195060385       0.57800922784141828        9.7966140141229463        21.964350657973895       0.28954882220670092        11.002855243854635        75.982979878433881        43.051812746423856              124          13
 ../2490_seed.dataconnected         123  0.32606797662964926       0.72884702012401426        40.106361125446860        89.648183475253759       0.36375102299927525        44.741375828910854        140.05253680130460        123.30469728743338              171           5
 ../2491_seed.dataconnected          31  0.23864960724208387       0.53251136177600300        7.3981378245045999        16.507852215056094       0.31718476709320292        9.8327277798892911        53.871038918049891        29.680677835396082               96          20
 ../2492_seed.dataconnected          51  0.29812187362291787       0.65575519923465064        15.204215554768812        33.443515160967181       0.32119246120634110        16.380815521523395        67.421227862429276        38.171623275336444               90          12
 ../2493_seed.dataconnected          59  0.31035590339172342       0.69572206807776160        18.310998300111681        41.047602016587938       0.36134420649362520        21.319308183123887        81.456256039228293        51.451931983282620              145          20
 ../2494_seed.dataconnected          13  0.34799342469829869       0.80603134566204482        4.5239145210778826        10.478407493606582       0.43678828807690206        5.6782477449997266        15.928463092574246        3.5805854509119790               80          11
 ../2495_seed.dataconnected          41  0.27362495527306779       0.61484172869043519        11.218623166195780        25.208510876307841       0.32245139296431485        13.220507111536909        86.036334049625026        56.218233951681540              139           9
 ../2496_seed.dataconnected          69  0.30607861690905941       0.69279703178834717        21.119424566725097        47.802995193395958       0.35636939159159037        24.589488019819736        89.200562300098696        62.387350891056116              112           9
 ../2497_seed.dataconnected          36  0.30985819636171080       0.65739812689126387        11.154895069021588        23.666332568085501       0.39837966130728819        14.341667807062375        71.163989959215883        36.594705738068839               93          16
 ../2498_seed.dataconnected          22  0.34404021992997436       0.76605149920646387        7.5688848384594358        16.853132982542206       0.41655525808913602        9.1642156779609927        27.882260202083941        10.279506883728548              117          10
 ../2499_seed.dataconnected          19  0.31317542971347367       0.70770888469190907        5.9503331645559996        13.446468809146273       0.34074611710498415        6.4741762249946984        28.371411975091497        8.8274940910555841               88          12
 ../2500_seed.dataconnected          73  0.32059282278589218       0.74199458414683472        23.403276063370129        54.165604642718932       0.35852534974741523        26.172350531561314        86.836109783670736        65.221804413621612              126          13
 ../2501_seed.dataconnected          60  0.26922267476870959       0.61737597680953993        16.153360486122576        37.042558608572392       0.31731809088953911        19.039085453372348        99.020630804110212        65.021017176441049              133          18
 ../2502_seed.dataconnected          39  0.29906202098826073       0.67823642863787503        11.663418818542169        26.451220716877128       0.36376528360476496        14.186846060585832        64.900095961377303        37.670867548510913              114          17
 ../2503_seed.dataconnected          97  0.29540794696073397       0.67188419151734435        28.654570855191196        65.172766577182401       0.32974096588607732        31.984873690949499        143.69748057556149        114.58972173187348              169          11
 ../2504_seed.dataconnected          17  0.32929447330417927       0.80891074198720392        5.5980060461710472        13.751482613782466       0.36008287715809811        6.1214089116876682        21.668545189396909        6.6720915735763544               91          10
 ../2505_seed.dataconnected          82  0.32958962983585438       0.72067923722686189        27.026349646540059        59.095697452602678       0.36476396073959050        29.910644780646422        110.90552685787672        80.189504241060817              131           9
 ../2506_seed.dataconnected         111  0.31307734767126105       0.70558882457737471        34.751585591509979        78.320359528088588       0.35904175694108825        39.853635020460793        137.30645504762026        119.33291302232337              164           7
 ../2507_seed.dataconnected         121  0.37800463447248139       0.81941911291202973        45.738560771170249        99.149712662355597       0.42726172931155365        51.698669246697989        128.87567123347134        110.91242912046663              171          15
 ../2508_seed.dataconnected          50  0.32908300120685080       0.74083960877884025        16.454150060342538        37.041980438942012       0.38372021307379583        19.186010653689792        58.832583079559583        35.761217918334054              125          13
 ../2509_seed.dataconnected         104  0.32677816109998081       0.74792642522102204        33.984928754398005        77.784348222986296       0.37564617525918864        39.067202226955615        111.42872995828600        92.612742938414186              161          12
 ../2510_seed.dataconnected          51  0.29883361518197293       0.68176059689024338        15.240514374280620        34.769790441402414       0.37044724282837832        18.892809384247293        79.264199979026785        55.732799745502298              100          12
 ../2511_seed.dataconnected          83  0.29247149217051721       0.66495032544079524        24.275133850152930        55.190877011586004       0.33629208805364780        27.912243308452766        140.46962062639159        121.55440654770203              163          22
 ../2512_seed.dataconnected          75  0.30957205901766499       0.70725813439770702        23.217904426324875        53.044360079828024       0.37160723321806094        27.870542491354570        118.16867006327253        85.439807571165417              117           7
 ../2513_seed.dataconnected          53  0.33609346878896923       0.75066939201838379        17.812953845815368        39.785477776974339       0.39775153668941599        21.080831444539047        62.045562196125914        35.217827348455813              150          39
 ../2514_seed.dataconnected          17  0.32939933929507048       0.74132794086216613        5.5997887680161984        12.602574994656825       0.43875545116779530        7.4588426698525199        22.705210353090724        6.6155597703153948               87           8
 ../2515_seed.dataconnected          33  0.33081611108337639       0.76368487576106692        10.916931665751420        25.201600900115210       0.36864417219439549        12.165257682415051        52.751092713424747        25.818904281177950               97          11
 ../2516_seed.dataconnected          23  0.27976095596122580       0.61223036702221156        6.4345019871081934        14.081298441510866       0.31330729538537178        7.2060677938635509        45.113884070518310        19.327012545007225              130          19
 ../2517_seed.dataconnected          66  0.27302241624393714       0.60132590576301337        18.019479472099849        39.687509780358880       0.30523828582483520        20.145726864439123        91.677883147856335        56.891572755188221              107           7
 ../2518_seed.dataconnected          49  0.26843894799667312       0.60077331838728165        13.153508451836982        29.437892600976802       0.31555997463167385        15.462438756952018        103.62338057116276        74.854830166751711              119          14
 ../2519_seed.dataconnected          29  0.30775565419266282       0.69974094278641163        8.9249139715872214        20.292487340805938       0.34907971345370470        10.123311690157436        47.937090200175064        20.683715215512205               98          13
 ../2520_seed.dataconnected          33  0.36411609450964177       0.81493342764459986        12.015831118818179        26.892803112271796       0.39231270294140175        12.946319197066257        57.909089295621449        27.587352075366660              102          18
 ../2521_seed.dataconnected          27  0.30968226625375794       0.70509539838508617        8.3614211888514642        19.037575756397327       0.37161292577514304        10.033548995928863        46.621397959162962        19.264092214213072              104          12
 ../2522_seed.dataconnected          61  0.34471147794540330       0.76801113898101414        21.027400154669600        46.848679477841863       0.40670578393159612        24.809052819827365        65.490699092545356        39.578498255551054              130          21
 ../2523_seed.dataconnected          43  0.33225856751118948       0.76758507623557470        14.287118402981148        33.006158278129710       0.38841805469763763        16.701976351998418        64.852148555496058        35.105419760023608              170          31
 ../2524_seed.dataconnected          96  0.23131745329737613       0.52619832275589618        22.206475516548110        50.515038984566033       0.25981954706378213        24.942676518123086        133.47112515738687        112.18716654613137              139          10
 ../2525_seed.dataconnected          34  0.32312799039648316       0.73828121243849743        10.986351673480428        25.101561222908913       0.41346448841403699        14.057792606077257        58.480188131784736        28.755241675022710              128          26
 ../2526_seed.dataconnected          37  0.33796356478834211       0.76565622020793811        12.504651897168658        28.329280147693709       0.35469974294823770        13.123890489084795        51.364344220356116        23.095194114928120               92          11
 ../2527_seed.dataconnected          48  0.34125053785914050       0.78053053570906472        16.380025817238746        37.465465714035105       0.39031098781919760        18.734927415321486        72.202708556759390        43.604462378877727              139          20
 ../2528_seed.dataconnected          81  0.29258219957008319       0.67827501444221561        23.699158165176737        54.940276169819462       0.32807784178682231        26.574305184732609        92.548542142411790        63.482150782956239              149          11
 ../2529_seed.dataconnected          32  0.38749973820865186       0.82801954926819366        12.399991622676859        26.496625576582197       0.46194590657302964        14.782269010336949        44.393375257399555        18.480369624073990              103          14
 ../2530_seed.dataconnected          87  0.27900552652519245       0.57951985234457937        24.273480807691744        50.418227153978407       0.34067983799604040        29.639145905655514        110.90125038666790        87.398304538915681              146          12
 ../2531_seed.dataconnected          20  0.35488018549690853       0.80251493142009367        7.0976037099381708        16.050298628401872       0.40434791761941735        8.0869583523883470        22.771635814672027        6.9581322455673176               84          13
 ../2532_seed.dataconnected          36  0.28616732645920051       0.63940082571470636        10.302023752531218        23.018429725729430       0.33041755214148383        11.895031877093418        65.832336354492796        32.580802010566465               86          13
 ../2533_seed.dataconnected          83  0.27199084157768721       0.60013335201926721        22.575239850948037        49.811068217599178       0.31657520040896298        26.275741633943927        149.17311752066482        131.09179245173922              164          27
 ../2534_seed.dataconnected          21  0.30196928289289443       0.69359663433127750        6.3413549407507830        14.565529320956827       0.37513920992199862        7.8779234083619709        37.289805758924047        14.784269963376691               75           6
 ../2535_seed.dataconnected          31  0.32091860329382316       0.73598703855684910        9.9484767021085183        22.815598195262321       0.39834422125805452        12.348670858999689        38.723439421258725        17.445058435155133              160          28
 ../2536_seed.dataconnected          70  0.29593651535002879       0.66421049182942127        20.715556074502015        46.494734428059488       0.34409004982095931        24.086303487467152        124.37167206215912        103.25370134934653              141          11
 ../2537_seed.dataconnected         106  0.27933631106138762       0.61855680096930787        29.609648972507088        65.567020902746634       0.32974803527661389        34.953291739321074        115.45192121401692        96.919778775482555              138           6
 ../2538_seed.dataconnected          54  0.31595268054119668       0.70689964076648737        17.061444749224620        38.172580601390315       0.35879493936618972        19.374926725774245        69.586701783191643        44.068376025800184              120          25
 ../2539_seed.dataconnected          11  0.32195034654389526       0.72485157466647532        3.5414538119828478        7.9733673213312288       0.37282028448536758        4.1010231293390431        13.584337576998452        3.2722227465804599               71          10
 ../2540_seed.dataconnected          36  0.33208578542249345       0.78692802477961354        11.955088275209764        28.329408892066088       0.37845457343230637        13.624364643563030        65.677875923826321        31.971281107573255              111          31
 ../2541_seed.dataconnected          73  0.30881516041516704       0.68051193631694062        22.543506710307195        49.677371351136664       0.35868926174520477        26.184316107399948        105.17382676339597        74.068384866036496              132          23
 ../2542_seed.dataconnected          23  0.32651550481117647       0.76150999928560204        7.5098566106570592        17.514729983568849       0.39226558952816704        9.0221085591478420        26.735662184856171        10.119453009019884              101          21
 ../2543_seed.dataconnected          48  0.27113213979700140       0.62141589779084616        13.014342710256066        29.827963093960616       0.30322516223478091        14.554807787269484        73.607993379036614        46.016576043585353              134          19
 ../2544_seed.dataconnected          73  0.29874155213108006       0.68805700645295897        21.808133305568845        50.228161471066002       0.34477746600754178        25.168755018550549        112.36149509543911        84.317834935353602              118           7
 ../2545_seed.dataconnected          19  0.32375809817896445       0.69111239443624095        6.1514038654003249        13.131135494288579       0.36911613729168735        7.0132066085420597        28.879938173439889        9.6567160295901555               79           7
 ../2546_seed.dataconnected          17  0.25024180064055113       0.59778118460698093        4.2541106108893691        10.162280138318676       0.35796788463113605        6.0854540387293126        29.272775226171714        7.2730514707297562               77          15
 ../2547_seed.dataconnected          15  0.30127761991357338       0.68900969928353650        4.5191642987036005        10.335145489253048       0.38277181090172735        5.7415771635259105        24.813395647929163        8.0982094177357293              101          14
 ../2548_seed.dataconnected          50  0.32997624120230107       0.76920344933455898        16.498812060115053        38.460172466727947       0.38097215427373798        19.048607713686899        72.523623032804821        44.165890916421787              106          19
 ../2549_seed.dataconnected          44  0.32930146199548183       0.72772684613316407        14.489264327801200        32.019981229859219       0.37631054417389731        16.557663943651480        52.139834583428076        29.168935016415645              137          29
 ../2550_seed.dataconnected          20  0.33471583770909169       0.79611567833743435        6.6943167541818340        15.922313566748688       0.38770908193285791        7.7541816386571583        21.949878965034497        7.4751945696587097              105           9
 ../2551_seed.dataconnected          74  0.18384515903598717       0.41369049109087702        13.604541768663051        30.613096340724901       0.17533536178525827        12.974816772109111        152.97430045895337        133.21568549335871              109           9
 ../2552_seed.dataconnected          67  0.30266147079009359       0.67495601550573525        20.278318542936269        45.222053038884262       0.34749379361807059        23.282084172410730        111.27964516243237        80.075911257826476              137           9
 ../2553_seed.dataconnected          54  0.27261679754832469       0.60289422774037327        14.721307067609533        32.556288297980160       0.30589998696129828        16.518599295910107        111.42939280315316        79.981069906626374              114          11
 ../2554_seed.dataconnected          41  0.34518290688088649       0.74332640449764187        14.152499182116346        30.476382584403318       0.41561428051007032        17.040185500912884        72.452021442433818        44.355271647204567              130          20
 ../2555_seed.dataconnected          91  0.32271524511207145       0.71813788400253165        29.367087305198503        65.350547444230386       0.34884147739298810        31.744574442761916        119.01372585857239        93.035612682765986              140          10
 ../2556_seed.dataconnected          22  0.33278506392457491       0.76485531980882415        7.3212714063406477        16.826817035794132       0.39059128118344033        8.5930081860356875        39.356516702856105        16.377257946492730              163          19
 ../2557_seed.dataconnected          18  0.34088838105057329       0.77327025021537044        6.1359908589103194        13.918864503876668       0.46343744134712128        8.3418739442481833        28.448951387678850        9.7612323711465621               85          16
 ../2558_seed.dataconnected          50  0.27032389016617564       0.59203170088470658        13.516194508308782        29.601585044235328       0.32515742714878959        16.257871357439480        75.086912695935268        48.188573578364888              118          22
 ../2559_seed.dataconnected          17  0.30838428323083283       0.71553483709624821        5.2425328149241581        12.164092230636220       0.35305239108564668        6.0018906484559933        24.979908037193464        8.8492537722642162               80          13
 ../2560_seed.dataconnected          22  0.37842321506817417       0.82544171463310245        8.3253107314998314        18.159717721928253       0.45046176129903026        9.9101587485786666        28.727112032000843        9.2474094668417735               96           7
 ../2561_seed.dataconnected          22  0.28357037913409472       0.65397440698010778        6.2385483409500839        14.387436953562371       0.33793891654526337        7.4346561639957942        45.454427096943050        19.611053524767271               99          10
 ../2562_seed.dataconnected          61  0.28868146337941419       0.67202502971286804        17.609569266144266        40.993526812484951       0.32745379779859796        19.974681665714474        89.953339818235065        61.839346573494034              112           6
 ../2563_seed.dataconnected          25  0.31619578342953986       0.69059044501420519        7.9048945857384965        17.264761125355129       0.40590733365649545        10.147683341412387        55.064308461788286        22.978256060624055              131          24
 ../2564_seed.dataconnected          65  0.21590801050585129       0.49090532192742614        14.034020682880334        31.908845925282698       0.27013232371845575        17.558601041699625        128.89265867730629        100.20685858490123              118           9
 ../2565_seed.dataconnected          87  0.27208419209291690       0.60028774055571410        23.671324712083770        52.225033428347125       0.32540333417362688        28.310090073105538        156.97590828296617        143.27016313802795              134          13
 ../2566_seed.dataconnected          18  0.34137251602883389       0.76237447933210289        6.1447052885190097        13.722740627977853       0.38935275620375864        7.0083496116676560        21.331460087554760        6.8084089733119466              118          14
 ../2567_seed.dataconnected          68  0.29523031943911071       0.67266177987711617        20.075661721859529        45.741001031643897       0.35565161214249058        24.184309625689359        88.178420954786475        55.355084270977024              125          10
 ../2568_seed.dataconnected          80  0.30353127355847920       0.67098372982657895        24.282501884678336        53.678698386126314       0.36641503908390854        29.313203126712683        123.03757497362436        91.805811100271598              118           9
 ../2569_seed.dataconnected          83  0.24851144992278684       0.54100515133405136        20.626450343591308        44.903427560726264       0.30300136314968601        25.149113141423939        123.61758340420697        105.92661590881579              155          21
 ../2570_seed.dataconnected          75  0.30761089103606315       0.68193177285583972        23.070816827704736        51.144882964187978       0.34392374943385107        25.794281207538830        120.70710671276690        87.920215463657755              142           9
 ../2571_seed.dataconnected          20  0.33008182099543476       0.76886826498558691        6.6016364199086954        15.377365299711737       0.38365635544730498        7.6731271089460993        28.795708108010984        9.2438198182354245               84          17
 ../2572_seed.dataconnected          38  0.29776148926760809       0.68278116652315901        11.314936592169108        25.945684327880041       0.36376716417894356        13.823152238799855        81.798616343384310        53.390899218873493              124          19
 ../2573_seed.dataconnected          24  0.29293433474120034       0.68594673618956148        7.0304240337888082        16.462721668549477       0.37222418254445133        8.9333803810668329        42.028448672296918        16.864194958323022               92          16
 ../2574_seed.dataconnected          69  0.29697280788850083       0.66874899606527605        20.491123744306556        46.143680728504044       0.33976512208618082        23.443793423946477        113.96610593341602        88.403075273053787              117           5
 ../2575_seed.dataconnected          14  0.37984459199638054       0.78532536452193646        5.3178242879493274        10.994555103307110       0.48443934573858688        6.7821508403402166        17.884468434850767        5.1557690750098146               96          11
 ../2576_seed.dataconnected          71  0.25882391600894805       0.57137162889306947        18.376498036635311        40.567385651407932       0.29581341802898742        21.002752680058105        115.34987104584904        89.059263270575698              135          11
 ../2577_seed.dataconnected          24  0.32106538438851517       0.72185421522129056        7.7055692253243642        17.324501165310974       0.36256197245293320        8.7014873388703968        29.846105169277358        11.043282339593219               95          15
 ../2578_seed.dataconnected          79  0.28610099314992965       0.64401861141886230        22.601978458844442        50.877470302090124       0.32585436064398954        25.742494490875174        115.46220607597250        93.343157816517049              134           7
 ../2579_seed.dataconnected          25  0.32409620650029725       0.72531310706499341        8.1024051625074307        18.132827676624835       0.38892949656971232        9.7232374142428082        34.657910978148166        15.108326771362043              106          16
 ../2580_seed.dataconnected          31  0.29858984358280405       0.68308985595039640        9.2562851510669262        21.175785534462289       0.33029418621192047        10.239119772569534        49.030702122886275        22.330892391762546              101          30
 ../2581_seed.dataconnected          79  0.31572807100018774       0.71997698136084287        24.942517609014832        56.878181527506584       0.36217373195288188        28.611724824277669        96.178658918709942        68.501503419408834              148          19
 ../2582_seed.dataconnected          97  0.28303842660482598       0.62525534771047919        27.454727380668121        60.649768727916481       0.32765397212771763        31.782435296388609        138.27413933253689        122.19498550752189              143           6
 ../2583_seed.dataconnected          44  0.25820228187331212       0.58523643866391617        11.360900402425733        25.750403301212312       0.29317055513147500        12.899504425784899        66.714405246441643        40.438371713170987              135          36
 ../2584_seed.dataconnected          97  0.25368421273004010       0.57639074218206876        24.607368634813891        55.909901991660668       0.29198342961865215        28.322392673009258        196.17218177632117        174.82555775491252              151           8
 ../2585_seed.dataconnected          46  0.33180719698081729       0.75620093764584395        15.263131061117596        34.785243131708825       0.37033575456584705        17.035444710028965        59.432232621951449        35.421086203192999              168          36
 ../2586_seed.dataconnected         108  0.31758219958933337       0.73885852406892294        34.298877555648005        79.796720599443674       0.35772114652350623        38.633883824538671        145.74513650547405        124.24837715497912              192          30
 ../2587_seed.dataconnected          41  0.28531851084662391       0.62243951812881892        11.698058944711580        25.520020243281575       0.34651813964475220        14.207243725434839        82.976287823771315        46.266514328417308              137          12
 ../2588_seed.dataconnected          45  0.30850221176503512       0.69413133462302745        13.882599529426580        31.235910058036236       0.37126638526029304        16.706987336713187        61.319854432217966        34.000021876659268              113           8
 ../2589_seed.dataconnected          33  0.32879493760872824       0.76474186151466994        10.850232941088032        25.236481429984106       0.37095045370020174        12.241364972106657        46.274118943160950        22.545005407593866               98          12
 ../2590_seed.dataconnected          11  0.37115464185885100       0.86788224088970134        4.0827010604473610        9.5467046497867152       0.45698321748856396        5.0268153923742034        11.482088006078540        2.5877956457126405               81           6
 ../2591_seed.dataconnected          31  0.30287166193417270       0.66277729775328253        9.3890215199593534        20.546096230351758       0.36411428643553384        11.287542879501549        56.340567724511864        27.289998174678345              101          14
 ../2592_seed.dataconnected          78  0.29824599000786539       0.67184850338631297        23.263187220613499        52.404183264132413       0.33533745252302016        26.156321296795571        104.01237632947216        80.232379614303795              137          17
 ../2593_seed.dataconnected          72  0.31377914998114848       0.69262975567676099        22.592098798642692        49.869342408726794       0.37072499345743143        26.692199528935063        104.10701952249738        78.546061018483130              142          10
 ../2594_seed.dataconnected         112  0.29051904419299057       0.63281738316685809        32.538132949614948        70.875546914688101       0.32594846063314104        36.506227590911799        122.22880482107743        98.618903227785424              166          20
 ../2595_seed.dataconnected          51  0.25593513001917967       0.62006569284455448        13.052691630978163        31.623350335072278       0.31075740603078905        15.848627707570241        120.21624729946208        90.188067531401245              113          15
 ../2596_seed.dataconnected          96  0.32279787212862054       0.72867821359399221        30.988595724347572        69.953108505023252       0.37235954229249818        35.746516060079827        130.93386595632970        104.79169438238063              163          28
 ../2597_seed.dataconnected         112  0.27682860462103009       0.62352178818371429        31.004803717555369        69.834440276576004       0.33984185672218542        38.062287952884766        137.95958450404740        124.93679339357757              148           4
 ../2598_seed.dataconnected          63  0.23985870257726860       0.54952725601761410        15.111098262367921        34.620217129109690       0.25947429739792316        16.346880736069160        82.341000549492406        52.485626363763544              132          14
 ../2599_seed.dataconnected          85  0.27960426355906282       0.63678305545321923        23.766362402520340        54.126559713523633       0.33635984021229703        28.590586418045248        159.43362104256747        135.76513323183232              121           6
 ../2600_seed.dataconnected          68  0.24798985336509774       0.55537923872399420        16.863310028826646        37.765788233231603       0.29299407181260462        19.923596883257115        103.42235822227279        73.958252576783437              150          15
 ../2601_seed.dataconnected          92  0.35594607169475490       0.77521173936799159        32.747038595917452        71.319480021855227       0.39101888172610838        35.973737118801971        95.127640168013727        68.784423496738953              162          10
 ../2602_seed.dataconnected          70  0.32158299812173174       0.68641880152313839        22.510809868521221        48.049316106619685       0.40048128798843946        28.033690159190762        102.65639772588207        76.838338748693317              137          29
 ../2603_seed.dataconnected          50  0.26919943387942452       0.62396592232709214        13.459971693971227        31.198296116354605       0.32171714458982231        16.085857229491115        91.090250144429831        61.217571799257122              112          29
 ../2604_seed.dataconnected          48  0.23876305613960933       0.52423489675894341        11.460626694701247        25.163275044429284       0.28232039899943367        13.551379151972817        80.286795682581484        49.072079858282017              138          14
 ../2605_seed.dataconnected          76  0.17460999338495412       0.40305606387257309        13.270359497256512        30.632260854315554       0.22646589602319075        17.211408097762497        138.49294285906319        113.46477916851576              133          20
 ../2606_seed.dataconnected          86  0.29145630391378219       0.66854759852738654        25.065242136585269        57.495093473355240       0.32787088966563327        28.196896511244461        117.28680448542876        96.026419239242529              143           8
 ../2607_seed.dataconnected         108  0.31479246536015532       0.67789262225457669        33.997586258896774        73.212403203494290       0.37184011277467621        40.158732179665030        151.23189751455990        125.97780959506566              146          12
 ../2608_seed.dataconnected          70  0.33700570542482966       0.76594636072794087        23.590399379738077        53.616245250955863       0.38129523790073450        26.690666653051416        83.657847489445516        56.355082824946606              142          13
 ../2609_seed.dataconnected          69  0.29552090189757124       0.65872533289487178        20.390942230932417        45.452047969746154       0.34376480978072932        23.719771874870322        87.374031138823142        62.867210360189631              128           7
 ../2610_seed.dataconnected         118  0.28281228634475830       0.64961705584350515        33.371849788681480        76.654812589533606       0.33493107310792503        39.521866626735154        159.59353571791490        143.68957804597292              197          21
 ../2611_seed.dataconnected          86  0.24409170402447708       0.54735060475777686        20.991886546105029        47.072152009168811       0.29617772779208118        25.471284590118980        157.35037206893534        137.85503531839612              124           7
 ../2612_seed.dataconnected          35  0.29311673004651978       0.66405952596741236        10.259085551628193        23.242083408859433       0.33773218358728324        11.820626425554913        53.758011163616189        24.645260089542852              121          33
 ../2613_seed.dataconnected          49  0.28634396956925623       0.64582550344720124        14.030854508893555        31.645449668912860       0.33107705322992426        16.222775608266289        71.849542393113367        42.735790072185623              155          10
 ../2614_seed.dataconnected          90  0.24907462488728227       0.55786779456835500        22.416716239855404        50.208101511151952       0.30195847305690765        27.176262575121690        139.22195245951175        122.79761718165044              144          10
 ../2615_seed.dataconnected          88  0.25409778478999956       0.59035029283357054        22.360605061519962        51.950825769354211       0.29033304011573152        25.549307530184375        128.87539594121029        112.20815607347613              148           9
 ../2616_seed.dataconnected          92  0.29407471231706883       0.64900105333728419        27.054873533170333        59.708096907030146       0.35208088251518094        32.391441191396645        175.21781244425108        150.32826787895686              161          14
 ../2617_seed.dataconnected          63  0.34843101768901785       0.77172711101943081        21.951154114408126        48.618807994224142       0.40989654819763116        25.823482536450761        100.91963586171399        70.096388891045891              135          14
 ../2618_seed.dataconnected          84  0.24981185645641216       0.54594007816384305        20.984195942338623        45.858966565762813       0.29867150186204616        25.088406156411878        106.89357428310311        80.018027103795831              151           8
 ../2619_seed.dataconnected          73  0.30295026589170415       0.67649107045811918        22.115369410094402        49.383848143442698       0.35140617394217855        25.652650697779034        83.964614907085874        61.943856741806179              141          29
 ../2620_seed.dataconnected          21  0.40096130557159126       0.86323830322577688        8.4201874170034170        18.128004367741315       0.48362876447913872        10.156204054061913        24.442557351135918        8.4267852067615259              120          20
 ../2621_seed.dataconnected          45  0.33856615888026814       0.74408759841262428        15.235477149612066        33.483941928568093       0.37392336316724228        16.826551342525903        56.564099961501896        29.895166302342634              143          36
 ../2622_seed.dataconnected          87  0.17945427089659668       0.41128544230667580        15.612521568003912        35.781833480680795       0.21372830513222776        18.594362546503817        151.99888514231296        139.94856410278385              128           5
 ../2623_seed.dataconnected          46  0.28584634762293964       0.64264122532298396        13.148931990655223        29.561496364857263       0.35433562783395317        16.299438880361844        116.59648506258858        62.811810349194396              121           9
 ../2624_seed.dataconnected          81  0.28169674824978219       0.61578680786269291        22.817436608232356        49.878731436878127       0.31236605449237320        25.301650413882228        135.21249499731039        119.80623729337070              113           5
 ../2625_seed.dataconnected          16  0.35536187198599861       0.78423883284359186        5.6857899517759778        12.547821325497470       0.42485482005014918        6.7976771208023870        22.379916969116387        7.5015780568437540              107          14
 ../2626_seed.dataconnected          83  0.25702542457235283       0.57890703710562330        21.333110239505285        48.049284079766736       0.31292739455240470        25.972973747849590        162.89604789048818        142.64588910144136              171          16
 ../2627_seed.dataconnected          82  0.22290660976673674       0.49375086643804061        18.278342000872414        40.487571047919332       0.26454682490956605        21.692839642584417        98.410046025079552        69.722886115455950              125           9
 ../2628_seed.dataconnected          35  0.33669258398837687       0.80530740875334594        11.784240439593191        28.185759306367107       0.37373630910183975        13.080770818564391        40.288227524161790        18.797470075847968              116          21
 ../2629_seed.dataconnected          69  0.29008441977025684       0.66680114100089249        20.015824964147722        46.009278729061585       0.34589993118180717        23.867095251544693        126.01337128768775        82.627709104678800              122          11
 ../2630_seed.dataconnected         118  0.28143216962578332       0.62512421353995251        33.208996015842430        73.764657197714399       0.32315363170688705        38.132128541412669        160.83656720127303        149.35735471366357              204          14
 ../2631_seed.dataconnected          76  0.27400759815480769       0.60991042327293288        20.824577459765383        46.353192168742900       0.32026324612935303        24.340006705830831        138.76514366777261        106.03765588616329              126          11
 ../2632_seed.dataconnected          26  0.29275297344081996       0.67831734307534985        7.6115773094613193        17.636250919959096       0.40030893582857890        10.408032331543051        44.240339606807801        19.956620283181028               82          16
 ../2633_seed.dataconnected          10  0.38577495733645334       0.84800626667351986        3.8577495733645333        8.4800626667351988       0.52316750476073637        5.2316750476073635        11.633170302769667        2.0325156256157761               86           8
 ../2634_seed.dataconnected         105  0.30616119467822051       0.69539030933460810        32.146925441213156        73.015982480133857       0.33601822129565673        35.281913236043955        132.34875796837113        113.37043267112696              172           8
 ../2635_seed.dataconnected          83  0.30928223214374162       0.68971050958767077        25.670425267930554        57.245972295776674       0.36437697864699425        30.243289227700522        118.56345899666850        88.154001457668784              129          19
 ../2636_seed.dataconnected         108  0.30977141897481547       0.68835792858520717        33.455313249280074        74.342656287202374       0.34873621265979532        37.663510967257892        136.59407895144778        123.59633040354886              165          11
 ../2637_seed.dataconnected          85  0.30668919905900210       0.68424961880910973        26.068581920015180        58.161217598774329       0.35534359780414770        30.204205813352555        99.740659706499358        78.801735057574462              147           9
 ../2638_seed.dataconnected          43  0.24066968691782847       0.54899319941861069        10.348796537466624        23.606707575000261       0.31457637783937825        13.526784247093264        79.659696981223263        53.730528568695092              137          26
 ../2639_seed.dataconnected          25  0.29088981165262129       0.67759024270930968        7.2722452913155324        16.939756067732741       0.30428691672735980        7.6071729181839949        41.750803623006213        19.079882284507693              102          10
 ../2640_seed.dataconnected         109  0.24778084966211503       0.55695412414460699        27.008112613170539        60.707999531762162       0.29148287110828075        31.771632950802601        164.68780975942559        158.92595640001244              187          15
 ../2641_seed.dataconnected          95  0.31250356006444613       0.70248951533734227        29.687838206122382        66.736503957047518       0.34186150702781554        32.476843167642478        113.06415720303153        89.321513927763959              178          19
 ../2642_seed.dataconnected          73  0.29063937595157086       0.65056962743496594        21.216674444464672        47.491582802752511       0.35853422445493260        26.172998385210079        116.23130950512244        90.391315488009596              141          12
 ../2643_seed.dataconnected          75  0.34064464564578201       0.76132468989540036        25.548348423433652        57.099351742155029       0.37591490346425593        28.193617759819194        90.318299050753708        62.508092978335817              152          13
 ../2644_seed.dataconnected          26  0.28121977824741118       0.62175154658048415        7.3117142344326904        16.165540211092587       0.34450719457224582        8.9571870588783913        39.652849960882307        14.735780533671145              127          13
 ../2645_seed.dataconnected          71  0.30710602271817022       0.70423165440275370        21.804527612990086        50.000447462595510       0.36568963915055408        25.963964379689340        121.46992997507388        86.950750812501710              164           9
 ../2646_seed.dataconnected          36  0.31709649755468150       0.72553183184695591        11.415473911968533        26.119145946490413       0.34499370397552648        12.419773343118953        51.966992463605287        24.552900325759925              104          25
 ../2647_seed.dataconnected         115  0.34880544600358410       0.75677734169730804        40.112626290412173        87.029394295190428       0.40108688354337596        46.124991607488234        149.30777435251713        123.49818326525535              162          13
 ../2648_seed.dataconnected          98  0.32328528313851307       0.70849936263731295        31.681957747574280        69.432937538456670       0.35434523132787649        34.725832670131894        135.81029046804846        121.33567076073589              131           3
 ../2649_seed.dataconnected          31  0.33686201882031713       0.72439127736666531        10.442722583429831        22.456129598366626       0.40750814268655505        12.632752423283206        44.608961940705562        20.318064264606406              120          14
 ../2650_seed.dataconnected          69  0.28513542833736910       0.66638533654400356        19.674344555278466        45.980588221536244       0.32434311978963121        22.379675265484554        110.27309557670691        85.674314970791670              131           6
 ../2651_seed.dataconnected         120  0.29241125491627284       0.65837446236131081        35.089350589952744        79.004935483357301       0.34094222019918147        40.913066423901775        171.40815414340057        174.10274173263011              171           5
 ../2652_seed.dataconnected          14  0.31838747642128246       0.71427182497057251        4.4574246698979545        9.9998055495880145       0.44870704282015894        6.2818985994822256        22.867052862416330        5.8816692770696921               79          10
 ../2653_seed.dataconnected          86  0.23842126180929235       0.52242965163732802        20.504228515599142        44.928950040810207       0.27583696244751937        23.721978770486665        141.16987783474394        133.27133263176671              127           9
 ../2654_seed.dataconnected          99  0.28405517436905364       0.63301045775968934        28.121462262536312        62.668035318209242       0.34868895806745848        34.520206848678392        159.80882500759239        142.84429710270066              135           5
 ../2655_seed.dataconnected          26  0.32753063391487780       0.77153280727991191        8.5157964817868219        20.059852989277708       0.39081048911509775        10.161072716992541        34.912406007879120        14.485709042172221              115          16
 ../2656_seed.dataconnected          68  0.29796138187083004       0.69355298134349308        20.261373967216443        47.161602731357533       0.33838200870690632        23.009976592069631        106.51565113883153        76.843504048376062              119          12
 ../2657_seed.dataconnected          54  0.22596388033747641       0.51392970125385162        12.202049538223726        27.752203867707987       0.28730373750910271        15.514401825491547        126.40461082031290        93.926977542249091              105           6
 ../2658_seed.dataconnected          67  0.25271576386476019       0.57778891694735046        16.931956178938933        38.711857435472481       0.31429613894959885        21.057841309623122        122.40167776638013        97.185850126596577              118           6
 ../2659_seed.dataconnected          32  0.26724176896416507       0.60870957984774388        8.5517366068532823        19.478706555127804       0.30695605378636764        9.8225937211637646        52.279661186117785        26.139778249652046              122          17
 ../2660_seed.dataconnected          92  0.34716153328374855       0.76714779931688371        31.938861062104866        70.577597537153295       0.38300817279560323        35.236751897195496        104.70876924225936        83.201035481344462              168           7
 ../2661_seed.dataconnected          58  0.29454367528215575       0.65443913213709182        17.083533166365033        37.957469663951322       0.35706119667643271        20.709549407233098        67.217151111510091        40.327201287432715              131          11
 ../2662_seed.dataconnected          75  0.29745310224769200       0.67827668734140156        22.308982668576899        50.870751550605114       0.33936926271299411        25.452694703474560        124.97445637087043        94.794341249397718              156          16
 ../2663_seed.dataconnected          37  0.31871256823066768       0.72035473083300927        11.792365024534703        26.653125040821344       0.39242075805059035        14.519568047871843        59.707471942357486        30.565862614249120              128          23
 ../2664_seed.dataconnected         100  0.31044612826685547       0.70676451570445564        31.044612826685547        70.676451570445565       0.34389143713540965        34.389143713540967        102.82363929421554        81.364287349460724              188          29
 ../2665_seed.dataconnected          79  0.32860094841711107       0.71772848271844969        25.959474924951774        56.700550134757528       0.38676345289649183        30.554312778822855        92.357520991380667        68.573295902753486              145          21
 ../2666_seed.dataconnected          96  0.29360875378900897       0.65875341934953768        28.186440363744861        63.240328257555618       0.32457154377496328        31.158868202396476        116.73062925022882        93.009560072000866              131           5
 ../2667_seed.dataconnected          56  0.25626808430579762       0.58837272391069040        14.351012721124667        32.948872538998664       0.30155880759242720        16.887293225175924        75.879977876684933        47.823000602337558              182          38
 ../2668_seed.dataconnected          37  0.23598321962327307       0.52920303511627231        8.7313791260611033        19.580512299302075       0.31117949691933172        11.513641386015273        72.498413281054141        46.283111302722020              123          25
 ../2669_seed.dataconnected         121  0.32594695715042038       0.70886247507301103        39.439581815200867        85.772359483834336       0.35931387599049586        43.476978994850001        120.50555331642906        102.44331305166084              210          14
 ../2670_seed.dataconnected          94  0.29249286486097520       0.63506347067084812        27.494329296931667        59.695966243059722       0.34682578971862194        32.601624233550460        105.14697865775386        81.241102488542367              158          15
 ../2671_seed.dataconnected          32  0.31067853524296579       0.69962448197359983        9.9417131277749053        22.387983423155195       0.36050765098454252        11.536244831505361        47.805985919113006        21.909802500367221              114          19
 ../2672_seed.dataconnected          91  0.33457740778981171       0.73076792737376062        30.446544108872864        66.499881391012210       0.38575029939581795        35.103277245019434        103.92326963858198        81.973900338660826              157          10
 ../2673_seed.dataconnected         105  0.36452414228137847       0.80913801461602997        38.275034939544739        84.959491534683153       0.39393257330722403        41.362920197258525        108.70496414503305        89.430823563763951              159          11
 ../2674_seed.dataconnected          19  0.33395937500933598       0.75499570074006173        6.3452281251773837        14.344918314061173       0.38701200015742604        7.3532280029910950        26.813820960010208        8.8921539190149694              109          12
 ../2675_seed.dataconnected          99  0.29283791157985051       0.66252926265793877        28.990953246405201        65.590397003135934       0.32815393222437422        32.487239290213047        124.87849560582403        102.79951343068154              156           6
 ../2676_seed.dataconnected          80  0.29480101610542642       0.68605703648701222        23.584081288434113        54.884562918960981       0.33870981445620585        27.096785156496466        108.62255645712474        82.597907675543482              127          17
 ../2677_seed.dataconnected          33  0.30257795071696769       0.68876023024626032        9.9850723736599338        22.729087598126590       0.33680872316018778        11.114687864286196        42.465589017746481        19.262425941245620              124          26
 ../2678_seed.dataconnected          27  0.34752186400317381       0.73381945314337782        9.3830903280856930        19.813125234871201       0.40528483666708875        10.942690590011397        51.940806930816670        21.330557497446364              102          14
 ../2679_seed.dataconnected          43  0.27172842587028528       0.58759318810199890        11.684322312422267        25.266507088385953       0.34483109665023931        14.827737155960291        68.240163044585174        37.241502162013930               99           6
 ../2680_seed.dataconnected         103  0.24480958479705478       0.54333602789243662        25.215387234096642        55.963610872920974       0.26995314841060247        27.805174286292054        175.87118054697950        160.21182293688216              157          25
 ../2681_seed.dataconnected          38  0.27571782867328193       0.62814124232171265        10.477277489584713        23.869367208225082       0.33255654017817521        12.637148526770657        77.006158965990181        44.178902326365545              120          12
