# File, Nq6, PetersQcl, RogalQcl, Nq6*Peters, Nq6*Rogal, MoroniQcl, Nq6*Moroni, area, volume
 1_seed.data         212  0.27023734341914085       0.61420417993771814        57.290316804857859        130.21128614679625       0.32659535449262572        69.238215152436652        268.24237138833587        347.73704502929996     
 2_seed.data         172  0.29857938647833698       0.66851125348632423        51.355654474273962        114.98393559964777       0.35135990223581759        60.433903184560627        229.50656299514387        263.18373763231790     
 3_seed.data         172  0.27999911734785043       0.63480782470739938        48.159848183830277        109.18694584967270       0.33881791727701388        58.276681771646388        207.89602482150281        219.12395988583566     
 4_seed.data         211  0.27730563814794773       0.62127249148359798        58.511489649216969        131.08849570303917       0.32716937928254808        69.032739028617641        277.17062378018636        346.35245757414725     
 5_seed.data         219  0.33549756906008693       0.73063683444442040        73.473967624159044        160.00946674332806       0.40357784849238104        88.383548819831447        261.84271797288631        344.33838254449807     
 6_seed.data         133  0.27087457297219353       0.62224848427209101        36.026318205301742        82.759048408188107       0.33690515061135778        44.808385031310586        167.45949045585886        174.66374137420539     
 7_seed.data         136  0.29534532682242048       0.66388124273306226        40.166964447849189        90.287849011696466       0.34534576667197187        46.967024267388176        176.91853546712790        177.73811487073911     
 8_seed.data         195  0.22902523818229995       0.52447953819919735        44.659921445548491        102.27350994884348       0.28420532682054256        55.420038730005800        361.30677572226057        480.88627210213457     
 9_seed.data         201  0.19907462984915600       0.44913416338019047        40.014000599680358        90.275966839418288       0.26400753287486411        53.065514107847690        351.02422436558584        478.59975120358968     
 10_seed.data         190  0.25630235686909114       0.57863630476143058        48.697447805127318        109.94089790467181       0.33105715454038059        62.900859362672314        310.17054103701219        408.30143528617577     
 11_seed.data         199  0.19092530549760700       0.44129443343647662        37.994135794023791        87.817592253858848       0.23219971780422366        46.207743843040511        305.39781255099456        396.44863086883254     
 12_seed.data         193  0.33819927041109021       0.73393957212095617        65.272459189340410        141.65033741934454       0.39959593821628370        77.122016075742749        214.28007617548275        244.98934272087638     
 13_seed.data         137  0.26671192151203726       0.60321571880485014        36.539533247149109        82.640553476264472       0.32589331562712937        44.647384240916722        174.59532551414586        171.31800903329110     
 14_seed.data         217  0.34824825742596821       0.75090086236064135        75.569871861435104        162.94548713225916       0.41174645086746625        89.348979838240183        205.70629769344265        235.04614320155940     
 15_seed.data         196  0.27538827553558326       0.62100772869736831        53.976102004974322        121.71751482468419       0.32893630172644162        64.471515138382557        262.39858526986285        324.59290991385518     
 16_seed.data         170  0.23933638181472935       0.55160635166857086        40.687184908503987        93.773079783657053       0.30575298860219641        51.978008062373391        254.11833611864031        306.76125220857278     
 17_seed.data         209  0.22104005734035792       0.50758287130877799        46.197371984134804        106.08482010353460       0.27914864942438344        58.342067729696140        279.34834063510237        354.29896727341691     
 18_seed.data         171  0.27674367714144493       0.62461777086979775        47.323168791187086        106.80963881873542       0.32000538095864950        54.720920143929064        241.33795703736982        266.81041302956697     
 19_seed.data         157  0.27973484757135464       0.63086255947502934        43.918371068702676        99.045421837579610       0.32949205503972673        51.730252641237094        170.92474260007910        173.86403480174454     
 20_seed.data         224  0.26144789753765924       0.60632810446137897        58.564329048435667        135.81749539934890       0.30390749707363046        68.075279344493225        262.83782702201984        339.96619784965952     
 21_seed.data         148  0.32084387455459151       0.70733254888439123        47.484893434079545        104.68521723488990       0.37053161154518915        54.838678508687998        158.35484452251265        149.20581818967275     
 22_seed.data         147  0.21122335656188701       0.47547848645229612        31.049833414597391        69.895337508487529       0.27004905094769110        39.697210489310592        250.28568051753066        282.93349085424569     
 23_seed.data         215  0.26561691574729124       0.60734322909680583        57.107636885667617        130.57879425581325       0.32050492644186585        68.908559185001153        320.28459542453146        412.61761313167648     
 24_seed.data         130  0.24833245561030967       0.56277176667620543        32.283219229340254        73.160329667906709       0.32730301628824698        42.549392117472109        206.28069398312019        212.41674488052448     
 25_seed.data         152  0.24442903871352134       0.57327995338599835        37.153213884455241        87.138552914671749       0.28465925122290153        43.268206185881034        206.09121295832367        227.27235550410870     
 26_seed.data         203  0.22448692920530972       0.51340866692560816        45.570846628677870        104.22195938589846       0.29160728457069757        59.196278767851609        364.63760310896595        477.37348550117815     
 27_seed.data         224  0.22441311040050635       0.51690229459432235        50.268536729713425        115.78611398912821       0.29346445821152256        65.736038639381050        364.74986172555668        537.69368269004360     
 28_seed.data         200  0.27834552462739065       0.63500622193300038        55.669104925478130        127.00124438660008       0.32314456444850415        64.628912889700828        209.47732553175911        238.47821998742830     
 29_seed.data         138  0.30356063237742964       0.68512629871618747        41.891367268085290        94.547429222833870       0.35439690017829734        48.906772224605035        153.39177074502803        146.18756232602658     
 30_seed.data         205  0.25769934684954277       0.58220932383411461        52.828366104156267        119.35291138599349       0.31597758141551358        64.775404190180282        350.40262631724198        503.57523707567799     
 31_seed.data         174  0.29228610659431364       0.66274939173416891        50.857782547410572        115.31839416174539       0.34404732469936022        59.864234497688678        214.48450384767332        248.87959524404371     
 32_seed.data         171  0.25529335095022654       0.58877822026828330        43.655163012488735        100.68107566587645       0.31828820172807765        54.427282495501281        292.19973059960097        360.37740801136607     
 33_seed.data         194  0.30177314626135238       0.67984741831501572        58.543990374702361        131.89039915311304       0.35573003520870983        69.011626830489703        279.73736866307956        303.95508843190680     
 34_seed.data         189  0.23144312199242176       0.52330683828701174        43.742750056567715        98.904992436245223       0.27988731947606321        52.898703380975945        282.89345282670519        314.79319530774035     
 35_seed.data         130  0.20850990683404177       0.48660170129405955        27.106287888425431        63.258221168227742       0.28515354107077290        37.069960339200478        232.20116966362963        256.35636846951496     
 36_seed.data         157  0.29895809679127727       0.68241823973530513        46.936421196230533        107.13966363844291       0.35570517012735453        55.845711709994660        183.80028536831222        189.24742582694853     
 37_seed.data         169  0.32056405962052192       0.73223694354244728        54.175326075868206        123.74804345867359       0.36816591187311076        62.220039106555717        161.62998052642178        165.52273579405616     
 38_seed.data         130  0.31776410309693859       0.69123944101255019        41.309333402602014        89.861127331631522       0.38363620174031854        49.872706226241412        155.71388947763339        143.53572569129162     
 39_seed.data         151  0.20682147757836641       0.49133002353688870        31.230043114333327        74.190833554070196       0.27629389877221511        41.720378714604479        261.40817507902750        309.15380498053571     
 40_seed.data         159  0.26388411614485863       0.60721523204632899        41.957574467032522        96.547221895366306       0.30530158494282567        48.542952005909278        194.08005645851105        202.39642827454335     
 41_seed.data         164  0.25887876834526979       0.58603895923963945        42.456118008624244        96.110389315300864       0.32114988122301602        52.668580520574629        233.48712412318508        270.16060074992868     
 42_seed.data         154  0.23471228049354698       0.54048635405300027        36.145691196006233        83.234898524162048       0.29149020390362723        44.889491401158594        233.09355081294214        265.75760282752873     
 43_seed.data         188  0.24140881890428950       0.54618597138823732        45.384857954006428        102.68296262098862       0.31817909831168673        59.817670482597102        285.99914793710559        347.73905233887984     
 44_seed.data         188  0.28144306241390127       0.64395067572957754        52.911295733813439        121.06272703716057       0.32467864159158888        61.039584619218708        222.72180996906206        240.48869043604839     
 45_seed.data         168  0.25701124056617602       0.57338347355214014        43.177888415117572        96.328423556759546       0.33411558188528645        56.131417756728126        253.02691132133435        303.59815248614075     
 46_seed.data         177  0.22699061338276350       0.51981581421402245        40.177338568749136        92.007399115881981       0.28803962377004871        50.983013407298621        211.01245867811500        242.39906497781669     
 47_seed.data         172  0.27578597094065777       0.60804320652911148        47.435187001793139        104.58343152300718       0.32779343992238086        56.380471666649505        251.77462087000430        279.84623233170782     
 48_seed.data         189  0.32261089482455613       0.71849124285206656        60.973459121841110        135.79484489904058       0.37580501014989959        71.027146918331027        216.88139641254068        238.18454727600638     
 49_seed.data         181  0.25723601062792723       0.58615847348516958        46.559717923654830        106.09468370081569       0.33493053784763255        60.622427350421489        315.11217747024125        394.81068806771572     
 50_seed.data         188  0.25302027415082684       0.56172788442345090        47.567811540355443        105.60484227160877       0.31567378336373147        59.346671272381521        253.34996908133598        288.98275229258388     
 51_seed.data         158  0.27382560254498395       0.60737160355529785        43.264445202107467        95.964713361737054       0.35486559644419741        56.068764238183192        237.72226631165614        260.22743518336949     
 52_seed.data         202  0.29697935461408292       0.67169575803512771        59.989829632044753        135.68254312309580       0.34596297081477140        69.884520104583828        213.47461298904713        231.33220553572380     
 53_seed.data         182  0.28666630974737828       0.64727292232582989        52.173268374022847        117.80367186330103       0.33921169683645563        61.736528824234924        205.95400340075363        228.18221724453846     
 54_seed.data         139  0.24525817930707372       0.57089464769171494        34.090886923683250        79.354356029148377       0.31710400764106844        44.077457062108515        186.67064183036956        196.51268557022598     
 55_seed.data         155  0.22577357908890736       0.52302290734633783        34.994904758780642        81.068550638682368       0.28571300272377315        44.285515422184837        215.29177945982207        241.59507880922143     
 56_seed.data         143  0.26944849496760404       0.61740934096267308        38.531134780367374        88.289535757662250       0.32667205286951861        46.714103560341165        194.97107007260749        214.25366482194437     
 57_seed.data         155  0.30473576651161483       0.67771040060268106        47.234043809300296        105.04511209341557       0.37413625368663822        57.991119321428926        203.92625758798513        209.05272720159959     
 58_seed.data         174  0.26097959876459592       0.60561559658347897        45.410450185039693        105.37711380552534       0.31007040406368325        53.952250307080888        257.58108207658660        307.41762987365030     
 59_seed.data         166  0.25882092975675641       0.58745460281949768        42.964274339621568        97.517464068036617       0.32380375798238231        53.751423825075463        253.32205118080401        298.54011676514403     
 60_seed.data         189  0.26811632329865825       0.61576130644686489        50.673985103446412        116.37888691845747       0.30731218003351113        58.082002026333605        238.69233714101472        270.50265170306398     
 61_seed.data         145  0.27412354015145651       0.62346875518176481        39.747913321961192        90.402969501355898       0.33173541255864641        48.101634821003728        196.62910331003633        204.68836625615609     
 62_seed.data         142  0.20130345115704443       0.45530020479290728        28.585090064300310        64.652629080592831       0.28070267865940512        39.859780369635530        224.99685793344915        229.06562555606348     
 63_seed.data         139  0.31503495849252355       0.69981305127259452        43.789859230460777        97.274014126890634       0.38104296060257936        52.964971523758528        189.97288451481421        201.48170423753996     
 64_seed.data         145  0.28402958334142964       0.65413153625784637        41.184289584507297        94.849072757387717       0.33059953619447763        47.936932748199254        174.91283333750499        177.36779303277891     
 65_seed.data         126  0.16625862088372315       0.39841981408451194        20.948586231349115        50.200896574648503       0.22485771261324672        28.332071789269087        315.17924342857725        376.21826272575686     
 66_seed.data         161  0.12995924123326733       0.30209331353464070        20.923437838556040        48.637023479077151       0.16855238758136346        27.136934400599515        397.51066834578978        567.68046342777984     
 67_seed.data         168  0.28672798824854462       0.64448031458628041        48.170302025755497        108.27269285049510       0.33507214010947223        56.292119538391333        191.95599547596620        199.90266808753717     
 68_seed.data         146  0.28014448888884874       0.64253198163620584        40.901095377771917        93.809669318886051       0.34353960787083793        50.156782749142337        167.29985581011718        170.34406018164498     
 69_seed.data         135  0.28894731171352012       0.67231662415111504        39.007887081325215        90.762744260400524       0.33616747082896054        45.382608561909670        184.69943257203528        180.32158474001633     
 70_seed.data         219  0.29301914035107485       0.64357055222010617        64.171191736885390        140.94195093620326       0.36101488494647849        79.062259803278792        331.28500121275664        432.15922458215044     
 71_seed.data         189  0.33518718809087983       0.73645514504992038        63.350378549176284        139.19002241443496       0.39663432935162701        74.963888247457504        211.38122643630555        240.00409883345725     
 72_seed.data         190  0.22260436588013399       0.51136982244453000        42.294829517225459        97.160266264460702       0.27814321120073204        52.847210128139089        301.18332015807698        365.30421851788225     
 73_seed.data         217  0.26868435285225767       0.59607434915382462        58.304504568939912        129.34813376637993       0.33723530160498627        73.180060448282021        298.23842307407671        395.62029273811498     
 74_seed.data         183  0.26448600690095031       0.59074959424746532        48.400939262873905        108.10717574728615       0.33359747337401546        61.048337627444830        271.10526465665401        326.69245102886589     
 75_seed.data         129  0.29746964322554698       0.67314787325495695        38.373583976095560        86.836075649889452       0.35885748709109050        46.292615834750677        146.38001158335825        135.59507363849360     
 76_seed.data         154  0.30261398582996846       0.65325885984597198        46.602553817815142        100.60186441627968       0.35021573901297942        53.933223807998829        142.81454224914188        138.96430983280618     
 77_seed.data         135  0.20923899650596936       0.48702053960163194        28.247264528305863        65.747772846220315       0.26094135807231028        35.227083339761890        240.20591185913858        272.56610903490497     
 78_seed.data         155  0.27433516443503303       0.61390841278824804        42.521950487430118        95.155803982178440       0.32699634333139732        50.684433216366585        225.88796077237021        245.77353331969252     
 79_seed.data         130  0.29606908859396042       0.66957682910566418        38.488981517214853        87.044987783736346       0.34685378603510131        45.090992184563170        157.69504441384234        153.16486467368145     
 80_seed.data         167  0.30755990724254589       0.68475183540590356        51.362504509505165        114.35355651278590       0.36477410199077692        60.917275032459749        201.47053930792003        216.89276014770064     
 81_seed.data         187  0.27019188196217542       0.60381524558397071        50.525881926926800        112.91345092420252       0.32145283816575421        60.111680736996036        231.34790717077706        257.00011740608971     
 82_seed.data         168  0.28257095943938088       0.62995252769148624        47.471921185815987        105.83202465216969       0.33439399639532502        56.178191394414604        182.01070671792147        202.75845844973901     
 83_seed.data         155  0.16573893022049427       0.37553442398360226        25.689534184176612        58.207835717458352       0.19367122529647046        30.019039920952920        447.74204095087396        644.10386519650604     
 84_seed.data         148  0.29818870522535773       0.66294004721173139        44.131928373352942        98.115126987336239       0.36545932046024188        54.087979428115801        171.88462093848969        178.89114817118980     
 85_seed.data         156  0.26870021766383623       0.61794277077235682        41.917233955558451        96.399072240487669       0.31225115060614156        48.711179494558081        174.75897675845351        187.45096194253989     
 86_seed.data         228  0.27545325749382993       0.62268232596885897        62.803342708593220        141.97157032089984       0.33652923346661107        76.728665230387321        271.54084607759012        341.67970413452667     
 87_seed.data         185  0.29413793456635040       0.67064629013984889        54.415517894774823        124.06956367587205       0.34023956354595819        62.944319256002267        189.14339581471930        209.59293668402196     
 88_seed.data         170  0.25909098258551250       0.59351603460171143        44.045467039537122        100.89772588229094       0.33110300568206802        56.287510965951562        342.68662989942430        433.88606631355071     
 89_seed.data         142  0.26688411333019502       0.61053008012044807        37.897544092887692        86.695271377103623       0.30899965009519581        43.877950313517808        166.75512013807614        171.54297244275637     
 90_seed.data         191  0.30337179433944972       0.69166400351210022        57.944012718834898        132.10782467081114       0.36459677302093280        69.637983646998165        230.63816985506401        287.16450907510603     
 91_seed.data         179  0.25300811585071703       0.56639827469665127        45.288452737278348        101.38529117070058       0.30188577723878918        54.037554125743263        267.62787916868143        342.71408415439970     
 92_seed.data         163  0.27515524046544709       0.63953407399294615        44.850304195867878        104.24405406085022       0.31511046295970596        51.363005462432071        182.44920004836322        190.08944759108530     
 93_seed.data         215  0.29956125735725175       0.65691663784381393        64.405670331809134        141.23707713642000       0.35511467086074633        76.349654235060456        255.83099427052056        299.05293472761883     
 94_seed.data         130  0.28528771822032645       0.64284980038236095        37.087403368642441        83.570474049706917       0.35072843262919573        45.594696241795447        168.64851974644432        161.48070096295405     
 95_seed.data         161  0.27526657024691936       0.63317343518498725        44.317917809754015        101.94092306478295       0.33360106914828730        53.709772132874257        189.35072488860845        211.19914421970856     
 96_seed.data         197  0.26949479041804780       0.60376234224655545        53.090473712355418        118.94118142257142       0.33972611144665094        66.926043954990234        316.72305319619562        394.28185203344947     
 97_seed.data         217  0.34955869777858539       0.76038772403529375        75.854237417953030        165.00413611565875       0.39760817545739585        86.280974074254900        207.04066767975982        240.69935115041159     
 98_seed.data         129  0.15784480020728947       0.36856912524008401        20.361979226740342        47.545417155970839       0.21941368918493831        28.304365904857043        273.20534058033837        331.22644584666978     
 99_seed.data         173  0.29813008642472866       0.67791483275625353        51.576504951478057        117.27926606683187       0.35922103824385798        62.145239616187432        219.94318393672262        253.73301723892089     
 100_seed.data         194  0.27512945899461189       0.61825887927093326        53.375115044954704        119.94222257856106       0.31847252021854955        61.783668922398611        217.91516200938813        242.67394394490438     
 101_seed.data         160  0.26200709255988652       0.61114472448902235        41.921134809581844        97.783155918243580       0.30036204327319288        48.057926923710859        202.28227782008722        226.02261887132161     
 102_seed.data         130  0.16055252283506904       0.36143758664459935        20.871827968558975        46.986886263797913       0.20559230549898319        26.726999714867816        285.68114399059573        329.88414970410662     
 103_seed.data         218  0.25961020998852313       0.59020327515852389        56.595025777498044        128.66431398455822       0.31409999326031446        68.473798530748553        297.62658035388614        388.46911147637059     
 104_seed.data         215  0.24716986404139840       0.57342457305613970        53.141520768900655        123.28628320707003       0.31128728406280048        66.926766073502108        364.43209795896200        468.19770866711474     
 105_seed.data         143  0.26853392033391821       0.59795457958694354        38.400350607750305        85.507504880932927       0.34137874493852316        48.817160526208809        287.55282247239552        344.72868457595547     
 106_seed.data         184  0.16107286662476938       0.38229706258064938        29.637407458957568        70.342659514839482       0.20671340745580860        38.035266971868779        366.63280308284305        536.59952104857268     
 107_seed.data         133  0.25743537544043982       0.58571213403470879        34.238904933578496        77.899713826616264       0.32856978392101316        43.699781261494749        261.25866152874016        280.95840388403457     
 108_seed.data         216  0.31231830476833855       0.70337723902709814        67.460753829961121        151.92948362985319       0.35750987511061783        77.222133023893448        218.98461964685092        264.43770369854985     
 109_seed.data         213  0.27265382037244390       0.60756375301593946        58.075263739330552        129.41107939239510       0.33197446538035186        70.710561126014952        286.25226068548187        362.55846341132303     
 110_seed.data         222  0.32077637720511204       0.70430941992306673        71.212355739534871        156.35669122292080       0.36137530051972139        80.225316715378142        207.72648168695406        230.95343539564644     
 111_seed.data         133  0.34213843098444324       0.75517561175336367        45.504411320930949        100.43835636319737       0.39767007947571603        52.890120570270234        125.58123607274241        116.28454333092112     
 112_seed.data         216  0.31259091925465904       0.69198129561013000        67.519638559006353        149.46795985178807       0.36985553989791309        79.888796617949225        287.57535111936579        359.50455255741224     
 113_seed.data         131  0.26547287531019648       0.61412613489469747        34.776946665635741        80.450523671205374       0.32469814610917841        42.535457140302370        177.16838111727591        176.12383485795726     
 114_seed.data         186  0.21104838330523776       0.48113515117575334        39.254999294774223        89.491138118690117       0.27193087508974084        50.579142766691795        339.65417949491820        477.37505376463014     
 115_seed.data         131  0.33998936092126703       0.77018608465134042        44.538606280685983        100.89437708932560       0.37532098536683506        49.167049083055396        125.59566884492574        112.09354587664556     
 116_seed.data         177  0.26213852803717569       0.59702054401069560        46.398519462580097        105.67263628989312       0.32075081933184973        56.772895021737405        253.27229130935032        308.79783384912298     
 117_seed.data         192  0.29451698717080510       0.66821293772224699        56.547261536794579        128.29688404267142       0.34451683897562596        66.147233083320188        231.50918930449672        269.91034971943225     
 118_seed.data         173  0.27117747295284561       0.61266849386201849        46.913702820842289        105.99164943812920       0.33293072622868308        57.597015637562173        224.87434573635190        261.19576753222799     
 119_seed.data         170  0.22954526517507057       0.52318167903431378        39.022695079761995        88.940885435833337       0.28532658051593573        48.505518687709078        270.42122590187284        316.54309321775736     
 120_seed.data         169  0.18201185207640733       0.42910505650582492        30.760003000912839        72.518754549484413       0.23452324694458246        39.634428733634437        337.65462291163578        453.08327412916282     
 121_seed.data         163  0.28932330357129010       0.64726501405362147        47.159698482120284        105.50419729074029       0.34191885668388516        55.732773639473280        202.94008823015437        222.96037155349364     
 122_seed.data         127  0.30829245115066323       0.68903212844697648        39.153141296134230        87.507080312766007       0.35296268787243962        44.826261359799830        162.04644031183338        159.30275407133840     
 123_seed.data         206  0.21719231467583744       0.49680868538593920        44.741616823222515        102.34258918950347       0.28208350224495521        58.109201462460774        362.71354534028046        506.27105842977056     
 124_seed.data         184  0.23211137675350807       0.51965192680007166        42.708493322645488        95.615954531213191       0.30185951433360747        55.542150637383777        325.77910388690998        446.85105422439216     
 125_seed.data         164  0.25598942101306060       0.56732981011900929        41.982265046141940        93.042088859517520       0.30748083210815763        50.426856465737849        200.15383318596062        206.37301611457437     
 126_seed.data         188  0.25067980303680276       0.55161578582079973        47.127802970918921        103.70376773431035       0.31384379188046790        59.002632873527965        284.72334308170684        349.04717304262681     
 127_seed.data         189  0.27808806697647603       0.63330866461097324        52.558644658553973        119.69533761147395       0.33417637745183776        63.159335338397334        259.91019480418527        315.54078594641015     
 128_seed.data         186  0.28909096497287601       0.65022630490736377        53.770919484954938        120.94209271276966       0.35424208027501930        65.889026931153595        226.19748160040646        246.65766920879588     
 129_seed.data         149  0.30414911178455500       0.67571613427600263        45.318217655898692        100.68170400712440       0.36183661619635760        53.913655813257279        168.59599821231507        169.20153949960238     
 130_seed.data         168  0.26758176116876414       0.60165338607058116        44.953735876352376        101.07776885985764       0.33438685912311478        56.176992332683284        285.17828659586428        347.49446347111154     
 131_seed.data         156  0.24370808061260066       0.56349963919776425        38.018460575565705        87.905943714851219       0.29813296644542336        46.508742765486048        269.68145855473210        336.11245231827638     
 132_seed.data         142  0.25446324533044845       0.59061064426313536        36.133780836923677        83.866711485365215       0.30866821905787245        43.830887106217887        204.73177325415170        224.62595034956914     
 133_seed.data         208  0.21692191650067105       0.49765643160953194        45.119758632139579        103.51253777478264       0.26620875947685541        55.371421971185924        366.87990879936820        466.15390447217027     
 134_seed.data         219  0.29897533277201727       0.65040379298534001        65.475597877071777        142.43843066378946       0.35974811648984284        78.784837511275583        252.39707395880995        303.28599874667646     
 135_seed.data         167  0.25477767698699272       0.57523769546574488        42.547872056827785        96.064695142779399       0.32018814995118139        53.471421041847293        250.15815241873878        293.75942914735384     
 136_seed.data         166  0.31586323911184211       0.71351949834311768        52.433297692565787        118.44423672495753       0.36947959143442399        61.333612178114386        198.94074468296662        218.80544767015408     
 137_seed.data         150  0.33884997523977867       0.74487743865933731        50.827496285966802        111.73161579890059       0.39047626929842422        58.571440394763634        140.18185361953846        140.33819668693283     
 138_seed.data         187  0.20860482271350828       0.47420525609055580        39.009101847426045        88.676382888933929       0.26168277037236609        48.934678059632461        293.89312139701957        379.53404552548056     
 139_seed.data         206  0.28839264811493759       0.66659412959039988        59.408885511677141        137.31839069562238       0.32236385822535041        66.406954794422191        213.31635988140951        248.70318986046428     
 140_seed.data         219  0.28968315199775596       0.64204951805827171        63.440610287508555        140.60884445476151       0.35295050907400261        77.296161487206575        265.61034818274248        329.79065875021615     
 141_seed.data         168  0.31078382643499192       0.70029740240015537        52.211682841078641        117.64996360322610       0.37830116550866066        63.554595805454994        181.62461939024070        189.81681454130666     
 142_seed.data         145  0.20181702288477160       0.45390886211999837        29.263468318291881        65.816785007399758       0.27520793759862527        39.905150951800664        249.53677022228393        289.43890698607362     
 143_seed.data         148  0.21687011020556965       0.49867271226484478        32.096776310424310        73.803561415197024       0.29206391322183062        43.225459156830929        270.43227965056906        328.84754122158853     
 144_seed.data         170  0.20228567563566852       0.45486482789278859        34.388564858063646        77.327020741774064       0.26371822845380077        44.832098837146134        327.11241251313385        397.40363686656394     
 145_seed.data         225  0.28503894801429192       0.64615950478105666        64.133763303215687        145.38588857573774       0.33348276360722889        75.033621811626503        281.16141129549976        359.04806482714372     
 146_seed.data         161  0.26452294913828561       0.59205843067634167        42.588194811263982        95.321407338891007       0.33059321441507822        53.225507520827591        183.28327527540046        182.95857590983789     
 147_seed.data         155  0.24514879686509250       0.56896044751438679        37.998063514089338        88.188869364729953       0.31928498822990187        49.489173175634789        258.08095548519276        277.12323378806775     
 148_seed.data         161  0.31779478032727282       0.70488059768601341        51.164959632690923        113.48577622744816       0.37364623560352689        60.157043932167831        170.04495450294476        178.57600314650313     
 149_seed.data         200  0.28463573677215087       0.63650073390475248        56.927147354430176        127.30014678095050       0.33077024330426014        66.154048660852027        217.23207722159611        258.44432155403734     
 150_seed.data         145  0.26054428496556375       0.59180161227999895        37.778921320006745        85.811233780599849       0.33009929742751476        47.864398126989641        218.62905329363736        211.79291732574876     
 151_seed.data         196  0.27348234922163484       0.61990450789855533        53.602540447440425        121.50128354811685       0.35499465373167721        69.578952131408727        250.06239477617424        307.17240698995846     
 152_seed.data         200  0.27931327361060282       0.62606750064874050        55.862654722120567        125.21350012974810       0.35426034255499544        70.852068510999089        290.46415869169249        371.40421398145003     
 153_seed.data         149  0.30252467351721496       0.68232768013346823        45.076176354065026        101.66682433988677       0.34036498671802939        50.714383020986382        164.50023842791450        157.35756860019131     
 154_seed.data         182  0.28777328475347075       0.65627653692805310        52.374737825131675        119.44232972090566       0.34673043597407188        63.104939347281082        197.44784977093710        212.31304963640494     
 155_seed.data         125  0.31280528408854452       0.70343496615135437        39.100660511068064        87.929370768919298       0.36836259298576601        46.045324123220752        132.42130809751126        116.31064393194140     
 156_seed.data         130  0.18445784934837497       0.41812304958918223        23.979520415288746        54.355996446593693       0.22887409348673737        29.753632153275859        194.01185402813164        198.90352851851046     
 157_seed.data         218  0.26589935682041715       0.59101595527288409        57.966059786850941        128.84147824948874       0.32090363295836588        69.956991984923761        256.32183711911421        338.26073085321565     
 158_seed.data         193  0.23426872856432110       0.54841428115913582        45.213864612913973        105.84395626371321       0.28570694786807949        55.141440938539340        262.82420705061907        317.17119002494979     
 159_seed.data         154  0.31937100863065854       0.72694091816546913        49.183135329121413        111.94890139748225       0.38625522302453574        59.483304345778507        159.66468615080248        158.25580283275326     
 160_seed.data         157  0.21795020034001777       0.50898092857595423        34.218181453382790        79.910005786424819       0.27926487826486490        43.844585887583790        239.96855874396056        276.66287746485204     
 161_seed.data         193  0.26566039309966050       0.58635913984297439        51.272455868234474        113.16731398969405       0.33362187238644897        64.389021370584658        340.09365936470749        428.86378268489909     
 162_seed.data         221  0.28977513661910115       0.65435652661539401        64.040305192821350        144.61279238200208       0.34420550298344421        76.069416159341174        252.10889664213710        319.64211690900368     
 163_seed.data         143  0.20213900838244064       0.46351327925637736        28.905878198689013        66.282398933661966       0.24916577752581298        35.630706186191254        291.25622913345649        385.57363146936558     
 164_seed.data         159  0.26272225839808677       0.61073206294953308        41.772839085295800        97.106398008975759       0.30734345710019284        48.867609678930663        176.36004927874811        182.37414413480624     
 165_seed.data         130  0.26080696299435813       0.61768029631748778        33.904905189266557        80.298438521273411       0.30592361861748424        39.770070420272951        175.93756415890530        159.35457649328296     
 166_seed.data         135  0.29426735422196454       0.66365636803720229        39.726092819965210        89.593609685022315       0.36333547557450196        49.050289202557764        167.94049639290097        163.63220221691185     
 167_seed.data         129  0.33502350968869438       0.73888005108728583        43.218032749841576        95.315526590259879       0.39106808086246181        50.447782431257572        156.33700536890669        148.51617809455689     
 168_seed.data         162  0.24957484520041059       0.56025929095390292        40.431124922466516        90.762005134532274       0.33239643089081150        53.848221804311464        296.75803792580177        397.58291906628693     
 169_seed.data         196  0.29842655196233792       0.66179559391862874        58.491604184618232        129.71193640805123       0.35869555994342767        70.304329748911826        231.30563402175159        277.48089407383850     
 170_seed.data         203  0.31298736935265675       0.69760524774188315        63.536435978589324        141.61386529160228       0.36554440469623461        74.205514153335628        231.98797811657786        255.66825190002774     
 171_seed.data         142  0.21192041219101121       0.49669476598752593        30.092698531123592        70.530656770228688       0.25675926672642574        36.459815875152458        229.96678189534560        263.32036272996203     
 172_seed.data         175  0.25685675358632598       0.58360003569442398        44.949931877607050        102.13000624652420       0.30629268256767739        53.601219449343546        216.88050237327622        251.06088041637861     
 173_seed.data         154  0.31273554153162780       0.70387576145284358        48.161273395870680        108.39686726373792       0.37998512975474669        58.517709982230990        218.81712178765349        253.12281346001708     
 174_seed.data         184  0.31625689724327422       0.70835338275947191        58.191269092762454        130.33702242774282       0.36002114066093355        66.243889881611778        193.90054184732307        217.66796744049341     
 175_seed.data         155  0.25162159938633044       0.54751153362928495        39.001347904881221        84.864287712539166       0.32364320946313385        50.164697466785746        199.91807670689377        219.14910392842367     
 176_seed.data         146  0.27188829261727754       0.62001536384292932        39.695690722122521        90.522243121067675       0.32637191801594728        47.650300030328303        187.69809916136373        187.30269983677405     
 177_seed.data         149  0.25990463585044127       0.58887611625909098        38.725790741715748        87.742541322604552       0.31624569010503151        47.120607825649692        240.59574716285292        267.56825450342598     
 178_seed.data         189  0.32321222715474773       0.72032802162585219        61.087110932247320        136.14199608728606       0.36990391851538923        69.911840599408563        204.79147466326563        229.70975126577014     
 179_seed.data         131  0.26288718166152375       0.59908757862373718        34.438220797659611        78.480472799709574       0.32059329794633545        41.997722030969946        166.27941086092997        158.71623275216024     
 180_seed.data         132  0.22046438128341278       0.51523063298476146        29.101298329410486        68.010443553988509       0.26117384207366789        34.474947153724159        215.81319837156238        233.39161252084642     
 181_seed.data         128  0.32166515816359459       0.73060474704368439        41.173140244940107        93.517407621591602       0.37260007122924749        47.692809117343678        133.62449446233052        125.37082018537276     
 182_seed.data         145  0.18819810091091835       0.43334509949575073        27.288724632083159        62.835039426883853       0.22838872483088435        33.116365100478234        282.65141340584967        315.49636473133205     
 183_seed.data         208  0.21748989346585540       0.50723171140862122        45.237897840897922        105.50419597299322       0.27008766580885518        56.178234488241877        393.74440580631352        585.74388265306254     
 184_seed.data         202  0.30215430824637701       0.66654974558578650        61.035170265768159        134.64304860832888       0.35696137133266415        72.106197009198155        232.41199635053982        266.89820890218573     
 185_seed.data         202  0.28663038718937395       0.64023926668797138        57.899338212253539        129.32833187097023       0.33863652439487252        68.404577927764251        248.01241300305537        310.18532138263390     
 186_seed.data         193  0.32374017655174586       0.70590375721312826        62.481854074486954        136.23942514213374       0.38926975631270755        75.129062968352557        231.11415888386665        272.83340781287802     
 187_seed.data         211  0.32864553009514336       0.73738276861844110        69.344206850075253        155.58776417849108       0.37327143076973246        78.760271892413556        212.56177160552480        247.91380780036269     
 188_seed.data         215  0.32901513740008087       0.72604889864500355        70.738254541017383        156.10051320867575       0.39428638735081206        84.771573280424590        269.67064113916513        329.45015834641833     
 189_seed.data         131  0.19210182575123158       0.44074082419092442        25.165339173411336        57.737047969011101       0.24666679417156301        32.313350036474752        205.89239471288423        227.53008878458596     
 190_seed.data         209  0.27144621635859739       0.62253446865850137        56.732259218946858        130.10970394962678       0.31871365446147643        66.611153782448568        268.17462675865789        336.28846422278929     
 191_seed.data         198  0.30565369640225026       0.68279716679310487        60.519431887645553        135.19383902503478       0.35668442126500888        70.623515410471754        253.58360143448434        287.37961866467452     
 192_seed.data         138  0.28612879214792081       0.64974653449542608        39.485773316413074        89.665021760368802       0.35045058727720685        48.362181044254548        200.36169201577738        200.21460708966160     
 193_seed.data         128  0.25196515918285567       0.58530747316130716        32.251540375405526        74.919356564647316       0.30643976440040221        39.224289843251483        216.79288002780945        227.80557383063513     
 194_seed.data         127  0.27982487232902853       0.62889524804695718        35.537758785786622        79.869696501963560       0.34634113929447979        43.985324690398933        191.35795127052376        197.10020162403819     
 195_seed.data         125  0.26843946434942095       0.59813512152995774        33.554933043677622        74.766890191244713       0.35401321540466846        44.251651925583559        193.91201847846776        200.90368733852256     
 196_seed.data         159  0.22773783458737290       0.52954080870974385        36.210315699392289        84.196988584849265       0.28565001452349004        45.418352309234919        292.66742799301289        369.09204729277104     
 197_seed.data         216  0.18915820531087144       0.42876844267846759        40.858172347148233        92.613983618549000       0.27016253621017733        58.355107821398306        460.77421791412047        671.69351487004872     
 198_seed.data         143  0.29156147640416674       0.65664481178675072        41.693291125795845        93.900208085505355       0.33584117186235896        48.025287576317332        177.96822612691611        177.76245786139910     
 199_seed.data         175  0.27086692361584408       0.62085694699648764        47.401711632772717        108.64996572438534       0.31660147580954823        55.405258266670941        223.89655586747983        261.39536813021243     
 200_seed.data         155  0.30286223040456850       0.69478722184987529        46.943645712708118        107.69201938673066       0.34599202105611870        53.628763263698396        183.75636285870758        199.65870448088359     
 201_seed.data         179  0.25834969496473792       0.59139767242067742        46.244595398688091        105.86018336330126       0.31454608977306969        56.303750069379475        226.65753741406226        247.00866026018053     
 202_seed.data         220  0.30087356480406124       0.67243916543278326        66.192184256893469        147.93661639521233       0.35669011894099395        78.471826167018662        260.17512095203472        317.27570468580672     
 203_seed.data         187  0.25916868570056395       0.58739503414027550        48.464544226005458        109.84287138423151       0.30372726585948895        56.796998715724435        233.43522699413202        257.16554229789159     
 204_seed.data         173  0.28885766895402709       0.66094665027095623        49.972376729046687        114.34377049687542       0.32874843448680974        56.873479166218083        223.55915103225894        260.15940602994885     
 205_seed.data         154  0.29392755979582508       0.66397473884624258        45.264844208557065        102.25210978232136       0.34753635090745766        53.520598039748478        205.09618646840221        197.32315855923105     
 206_seed.data         153  0.24855967156745509       0.56275920195245999        38.029629749820629        86.102157898726375       0.30175609103624540        46.168681928545546        200.94219497146386        221.62075650230628     
 207_seed.data         166  0.26745424182233951       0.60103015901629575        44.397404142508357        99.771006396705090       0.33279367862667897        55.243750652028709        233.46297417719404        257.28039630544805     
 208_seed.data         169  0.24783525856342792       0.55528229935339901        41.884158697219320        93.842708590724428       0.29214942497554247        49.373252820866675        215.50213628035067        247.36985337506781     
 209_seed.data         135  0.29387306874726504       0.64609811333432110        39.672864280880781        87.223245300133343       0.35699520723874789        48.194352977230963        165.83442889659008        171.41573784955096     
 210_seed.data         172  0.29654427352380941       0.68292358227833017        51.005615046095215        117.46285615187278       0.34506982207485143        59.352009396874443        228.93988834990540        265.32489703864195     
 211_seed.data         199  0.23510543551184673       0.52515250688363502        46.785981666857502        104.50534886984337       0.30195868264533932        60.089777846422521        268.86067486471944        340.31173298277588     
 212_seed.data         189  0.23771851957497722       0.55800222900312413        44.928800199670697        105.46242128159047       0.26939387201035220        50.915441809956569        259.61466877177787        300.48365403908741     
 213_seed.data         222  0.33488922131989363       0.73090056411492910        74.345407133016380        162.25992523351425       0.38755490896747180        86.037189790778740        221.62355567358648        264.95544561289535     
 214_seed.data         184  0.32018238195584148       0.70294960091933245        58.913558279874835        129.34272656915718       0.36993320371901206        68.067709484298220        195.62903572249672        217.78325956216895     
 215_seed.data         129  0.28046273874021882       0.62310292765704522        36.179693297488228        80.380277667758833       0.35833023602038755        46.224600446629992        183.28649178521664        178.42688085433358     
 216_seed.data         225  0.32683922223937018       0.73084260535647072        73.538825003858292        164.43958620520590       0.37140193779698483        83.565436004321583        210.55812407787363        235.18594235524174     
 217_seed.data         179  0.19992446280018497       0.46126887974327818        35.786478841233112        82.567129474046794       0.24844797199238716        44.472186986637304        350.01535255499795        434.81015929081610     
 218_seed.data         204  0.28562271905655362       0.64590992054110830        58.267034687536942        131.76562379038609       0.33657744924419997        68.661799645816799        223.07049229000802        264.72367984841486     
 219_seed.data         213  0.28639658604275442       0.64579292017814238        61.002472827106693        137.55389199794433       0.33172068069614996        70.656504988279949        224.40568142458648        264.88527776864009     
 220_seed.data         160  0.28602209624522001       0.65788906570725258        45.763535399235202        105.26225051316041       0.33708196322588263        53.933114116141219        180.90207119802739        195.99522034069383     
 221_seed.data         208  0.25169363210566653       0.57329947765375999        52.352275477978637        119.24629135198208       0.31018204132109672        64.517864594788122        288.25577555636499        381.75325718855390     
 222_seed.data         128  0.24122844458901699       0.53941260612036501        30.877240907394174        69.044813583406722       0.31008943208419226        39.691447306776610        224.49907245624169        228.54917112268672     
 223_seed.data         131  0.31204496139179222       0.69639760814688012        40.877889942324778        91.228086667241300       0.37906301566805595        49.657255052515332        149.88532172457045        138.06867387641623     
 224_seed.data         177  0.25352990386236979       0.55256931270343879        44.874792983639452        97.804768348508659       0.35113769902060804        62.151372726647622        364.76915261309927        465.53286114480386     
 225_seed.data         212  0.31594427007901676       0.70362336428039041        66.980185256751554        149.16815322744276       0.37512341694187573        79.526164391677653        231.81024642594761        278.18766100406918     
 226_seed.data         132  0.29207169410016881       0.64846804338280450        38.553463621222285        85.597781726530201       0.36080537291407666        47.626309224658122        202.07268078505768        203.53511778848718     
 227_seed.data         218  0.27529558771445656       0.60937258868683963        60.014438121751532        132.84322433373103       0.33632812271098367        73.319530750994446        264.00018843040397        333.19524603395257     
 228_seed.data         166  0.30370132328785615       0.68662473010393066        50.414419665784123        113.97970519725249       0.34265809873846492        56.881244390585174        175.30265809960497        181.86017843352124     
 229_seed.data         165  0.25659437002324131       0.58628685518490253        42.338071053834817        96.737331105508915       0.32114071108501907        52.988217329028146        231.10629243942100        271.26163426019207     
 230_seed.data         163  0.25376113163490405       0.59938084668752711        41.363064456489361        97.699078010066913       0.29606380932819593        48.258400920495937        199.34813005815590        216.45005419179182     
 231_seed.data         210  0.24399102633854347       0.55583792399949550        51.238115531094131        116.72596403989405       0.30960543431855297        65.017141206896127        389.63579067583180        520.62342847226751     
 232_seed.data         174  0.24585529353130411       0.57399792053781651        42.778821074446917        99.875638173580072       0.29014969827237863        50.486047499393884        246.88595338321835        293.02991153313963     
 233_seed.data         169  0.24982067393928875       0.57328200835557086        42.219693895739802        96.884659412091480       0.30253961803778318        51.129195448385360        226.93398642034788        243.68916153450027     
 234_seed.data         202  0.31607480350547257       0.70405611820384950        63.847110308105457        142.21933587717760       0.37509107477331233        75.768397104209086        257.76730420116257        307.03734284504418     
 235_seed.data         177  0.23375594611321954       0.53916382328899115        41.374802462039860        95.431996722151439       0.30099373417650310        53.275890949241052        362.05451680907640        434.20964407175120     
 236_seed.data         221  0.24482144649386611       0.55131570072933789        54.105539675144414        121.84076986118367       0.30645588726312800        67.726751085151292        355.64731859515200        506.58570336440209     
 237_seed.data         148  0.31295255279631418       0.69571794093901584        46.316977813854500        102.96625525897434       0.35895262565104930        53.124988596355294        153.68649828981813        148.32680390826198     
 238_seed.data         203  0.22491961112561298       0.50882335318494398        45.658681058499432        103.29114069654364       0.29356252462963328        59.593192499815558        312.88410174030929        416.67807197954363     
 239_seed.data         161  0.27907500791225465       0.61765317190234592        44.931076273872996        99.442160676277695       0.33622790553229875        54.132692790700098        180.26243436664606        181.11976170608665     
 240_seed.data         154  0.23808829270263587       0.55067045121738345        36.665597076205927        84.803249487477046       0.29438304472932669        45.334988888316310        258.72779434855357        281.62072992621989     
 241_seed.data         126  0.30711276410281707       0.68740167848611611        38.696208276954948        86.612611489250625       0.35648517179728706        44.917131646458166        164.97133091199953        159.21649262655302     
 242_seed.data         160  0.19299418032700563       0.44424886160952887        30.879068852320902        71.079817857524617       0.25340247079195033        40.544395326712049        360.29253145629372        473.45590610392594     
 243_seed.data         127  0.32070669228938226       0.70681412572709146        40.729749920751544        89.765393967340614       0.39597034002609288        50.288233183313793        152.57834652914082        149.48526565703580     
 244_seed.data         133  0.27995659842757553       0.63487560643600405        37.234227590867548        84.438455655988534       0.31948227145102182        42.491142102985904        163.33684336550203        165.68725871221309     
 245_seed.data         153  0.28312539700415074       0.63880269156212699        43.318185741635062        97.736811809005431       0.32260549267024607        49.358640378547648        188.02565220029658        186.20340551127745     
 246_seed.data         190  0.29196884680567925       0.66299733839290409        55.474080893079055        125.96949429465178       0.34608649132315727        65.756433351399878        225.24159715070442        248.08823532072111     
 247_seed.data         193  0.22792985603192426       0.51207693984086500        43.990462214161383        98.830849389286939       0.30156337128265009        58.201730657551465        295.75574618667770        382.37617981644246     
 248_seed.data         175  0.30681583802938295       0.68841918703377070        53.692771655142018        120.47335773090987       0.35905466556056731        62.834566473099279        202.45924007560015        220.18689553242837     
 249_seed.data         141  0.25740594914298137       0.58463599091567187        36.294238829160371        82.433674719109732       0.32800039159209760        46.248055214485760        218.35610937169838        210.43007046749082     
 250_seed.data         188  0.27220847067685899       0.62184235659595954        51.175192487249490        116.90636304004039       0.32851970777996320        61.761705062633084        238.64255478679860        295.73318324560194     
 251_seed.data         167  0.22136380745479378       0.50332253037358721        36.967755844950560        84.054862572389069       0.29148801282912296        48.678498142463532        257.99131274088791        314.28381866101142     
 252_seed.data         185  0.26345595879108458       0.57864582634947670        48.739352376350645        107.04947787465319       0.32602435027236559        60.314504800387631        263.82246244982576        329.02536076011012     
 253_seed.data         195  0.29515161992213101       0.66675691005139837        57.554565884815545        130.01759746002267       0.34692443457873384        67.650264742853096        205.13487195951643        230.70144651690012     
 254_seed.data         214  0.25197384850752980       0.56980959732752201        53.922403580611373        121.93925382808970       0.30434846637090801        65.130571803374309        312.63293023879010        413.88885124555264     
 255_seed.data         151  0.23080212750105614       0.54562998949419905        34.851121252659475        82.390128413624055       0.29546595669064890        44.615359460287983        245.43266363818327        292.29712387482181     
 256_seed.data         200  0.26607530240228972       0.57880603992064539        53.215060480457943        115.76120798412907       0.33434019224750355        66.868038449500716        246.38752172572660        293.97430479983615     
 257_seed.data         198  0.26245954924883319       0.59944205005401829        51.966990751268973        118.68952591069562       0.30454199867948673        60.299315738538368        224.11910064757771        249.73816951185626     
 258_seed.data         181  0.26579390174937390       0.59696434727305925        48.108696216636673        108.05054685642372       0.31795773708628056        57.550350412616780        285.55507031671539        325.26888643024256     
 259_seed.data         224  0.29070439922033603       0.64360746551831505        65.117785425355265        144.16807227610258       0.34603959326029449        77.512868890305967        266.42344623606476        313.07621146780218     
 260_seed.data         183  0.31851687252612815       0.72048595515714220        58.288587672281452        131.84892979375701       0.35768502939324159        65.456360378963211        198.46957001014269        208.65949187086366     
 261_seed.data         186  0.32143060081767999       0.72049471408815913        59.786091752088481        134.01201682039760       0.37546452915551642        69.836402422926056        186.69375581053558        197.95566750692063     
 262_seed.data         134  0.19967394126928018       0.44842712330279766        26.756308130083543        60.089234522574884       0.25595421671868596        34.297865040303918        220.86888348251648        232.35785629902600     
 263_seed.data         168  0.21461778623744715       0.50356952008580391        36.055788087891123        84.599679374415061       0.27085467344307990        45.503585138437423        251.02706313507753        311.51412422900370     
 264_seed.data         182  0.28996519743011601       0.63924433508251277        52.773665932281112        116.34246898501732       0.34030853451984472        61.936153282611741        246.74778790082200        267.81278184630878     
 265_seed.data         208  0.21750164159705315       0.49773387520317741        45.240341452187053        103.52864604226090       0.27436880924215301        57.068712322367830        298.09328150112020        396.95420061969003     
 266_seed.data         174  0.24677651391338901       0.55922854983230141        42.939113420929687        97.305767670820444       0.30979576808075032        53.904463646050559        215.65202747720190        251.60965383029276     
 267_seed.data         219  0.25423950385165489       0.56890073635431149        55.678451343512421        124.58926126159422       0.30902529891477798        67.676540462336376        233.80277171403480        285.95452001932307     
 268_seed.data         150  0.25205912527826457       0.57929068865166899        37.808868791739684        86.893603297750346       0.30861490230995908        46.292235346493861        231.12644968655437        265.33650943493313     
 269_seed.data         166  0.25761028145814763       0.57166928055429744        42.763306722052505        94.897100572013372       0.31120858107106170        51.660624457796239        191.30763553293781        206.54157886514776     
 270_seed.data         201  0.25911434921715737       0.58861247611401391        52.081984192648633        118.31110769891680       0.31218874580848310        62.749937907505107        254.93132192261226        311.43627090545533     
 271_seed.data         204  0.30785744887333683       0.69152355342371719        62.802919570160711        141.07080489843830       0.36003763181911735        73.447676891099945        215.98307633869888        245.47867118844638     
 272_seed.data         183  0.29729228708300109       0.67720028689441980        54.404488536189199        123.92765250167882       0.35456094229794688        64.884652440524277        214.91967308789435        232.40533677639266     
 273_seed.data         190  0.22793126486967835       0.50977378979322641        43.306940325238884        96.857020060713012       0.29035096623265594        55.166683584204627        322.55821355444090        404.69952106999352     
 274_seed.data         135  0.24360900913813480       0.55970472910366287        32.887216233648196        75.560138428994492       0.30039772851315488        40.553693349275910        190.00286361939683        188.49507461390286     
 275_seed.data         173  0.25261183454102593       0.59140676762884470        43.701847375597488        102.31337079979014       0.30738260778331550        53.177191146513579        284.12817342589796        349.69569773600665     
 276_seed.data         172  0.25643629694602504       0.58817127691521842        44.107043074716309        101.16545962941757       0.30999275819149552        53.318754408937231        289.02055081613912        367.45448002544128     
 277_seed.data         181  0.20533185939686005       0.47668993408506727        37.165066550831668        86.280878069397176       0.25425741586712575        46.020592271949759        337.48099857954554        463.90109727845908     
 278_seed.data         144  0.28621273490692783       0.66320910317346449        41.214633826597606        95.502110856978888       0.32965825075601196        47.470788108865719        172.88282895581992        172.30653761568936     
 279_seed.data         172  0.28551634255077230       0.64754760199436834        49.108810918732836        111.37818754303136       0.33885711192105972        58.283423250422274        180.86898429962662        195.30292242719179     
 280_seed.data         125  0.20747971299397669       0.48544458913691318        25.934964124247085        60.680573642114148       0.25971321807063663        32.464152258829579        262.65998146304202        280.56716681491514     
 281_seed.data         169  0.25491110995959254       0.56429606272012156        43.079977583171143        95.366034599700541       0.30006137454111625        50.710372297448650        211.98771851631159        228.70520424158002     
 282_seed.data         191  0.16114002727781501       0.37954625231231642        30.777745210062669        72.493334191652437       0.22308964741124240        42.610122655547300        353.19828010031335        513.41870314654363     
 283_seed.data         169  0.28086370036904218       0.62963282511007590        47.465965362368131        106.40794744360282       0.34939782602011615        59.048232597399632        214.25249773280569        246.26091355419658     
 284_seed.data         185  0.35787392143433244       0.76301858920860888        66.206675465351495        141.15843900359263       0.41294360754364201        76.394567395573773        162.46038602407720        173.15785035324126     
 285_seed.data         197  0.22112737849591560       0.51117648691373851        43.562093563695370        100.70176792200648       0.29284971050610309        57.691392969702306        393.93908877334445        572.05187142640409     
 286_seed.data         172  0.28463075432545126       0.65534067934752149        48.956489743977620        112.71859684777370       0.32782633001079536        56.386128761856803        208.98132785200335        243.81500028216627     
 287_seed.data         194  0.31493827057038987       0.68983191861513649        61.098024490655632        133.82739221133647       0.36611491157382742        71.026292845322516        205.61814404864978        237.24579627079513     
 288_seed.data         135  0.28794252233753154       0.64868772427025834        38.872240515566759        87.572842776484876       0.34726888457668720        46.881299417852773        203.75259221070058        224.05359512228057     
 289_seed.data         166  0.22837420825827215       0.51999495345129421        37.910118570873173        86.319162272914838       0.29424779955067448        48.845134725411967        228.58395324708195        262.72895019032950     
 290_seed.data         210  0.27050330030800018       0.60907401825011043        56.805693064680035        127.90554383252319       0.34177186679690358        71.772092027349757        311.88971515251001        401.53347654410874     
 291_seed.data         210  0.30734609205720759       0.67242967437270518        64.542679332013591        141.21023161826810       0.36470821567283435        76.588725291295219        251.88374772675792        309.18266085955497     
 292_seed.data         170  0.27554305053032813       0.62196446847830666        46.842318590155784        105.73395964131214       0.33004303152637759        56.107315359484190        197.23565286366701        202.12445950765417     
 293_seed.data         207  0.25732451971979980       0.58840872405509825        53.266175581998560        121.80060587940534       0.30753840812142047        63.660450481134035        293.12971865062622        386.25396967046180     
 294_seed.data         141  0.28555609044731073       0.65902400683491280        40.263408753070813        92.922384963722706       0.34813009630217329        49.086343578606431        178.75034983610442        177.89137972500487     
 295_seed.data         177  0.26977899520831711       0.59945808975049375        47.750882151872126        106.10408188583739       0.34398509275411687        60.885361417478684        270.33702501710110        330.58641483419518     
 296_seed.data         154  0.24388712811020899       0.55407293238159661        37.558617728972187        85.327231586765876       0.28980762351703121        44.630374021622806        225.17763263784792        244.44475210299984     
 297_seed.data         187  0.26895401967158711       0.60688194595627187        50.294401678586787        113.48692389382283       0.33502857456092477        62.650343442892932        230.33548495081695        277.70167202337177     
 298_seed.data         152  0.27214299179435886       0.60887604075395496        41.365734752742547        92.549158194601148       0.33761726573458950        51.317824391657602        252.66061227678583        275.40921157767008     
 299_seed.data         154  0.26549313859010887       0.61182233474328052        40.885943342876764        94.220639550465194       0.30469777939126380        46.923458026254629        167.65334244347150        170.47759186393623     
 300_seed.data         221  0.23929882538784475       0.53246972783406310        52.885040410713692        117.67580985132794       0.30444778822946228        67.282961198711163        360.54283990777913        479.63844214462313     
 301_seed.data         131  0.25645605044569481       0.59832439076045474        33.595742608386018        78.380495189619566       0.31172017102820121        40.835342404694359        188.95303621080697        193.10588897835476     
 302_seed.data         222  0.30700417170363270       0.66742688172343956        68.154926118206461        148.16876774260359       0.36283832681066058        80.550108551966645        247.61849256597046        304.13673745641989     
 303_seed.data         169  0.25889555074614429       0.57747913290126207        43.753348076098384        97.593973460313293       0.33420054847970293        56.479892693069793        242.17179005229784        271.96294410146095     
 304_seed.data         163  0.27516441283539722       0.61152293245722633        44.851799292169744        99.678237990527890       0.34172048955697920        55.700439797787610        223.66542594745940        252.91062504409578     
 305_seed.data         225  0.29654180183598644       0.66067853848784053        66.721905413096948        148.65267115976411       0.35218457326996622        79.241528985742406        237.66062253614487        281.46450177075997     
 306_seed.data         211  0.27500024390180750       0.62139256200279680        58.025051463281379        131.11383058259011       0.34469082177424321        72.729763394365321        280.88379247202670        353.70040722357521     
 307_seed.data         213  0.27777921052002191       0.61752985200710919        59.166971840764667        131.53385847751426       0.35861288282207071        76.384544041101066        316.21440344757792        381.60039550925387     
 308_seed.data         133  0.26137691193968066       0.58226355000178653        34.763129287977527        77.441052150237610       0.32049964659008445        42.626452996481234        172.74166458643575        168.48822763642707     
 309_seed.data         188  0.17247123400984252       0.39647966103517096        32.424591993850392        74.538176274612141       0.24326107224380777        45.733081581835862        385.80752965143893        553.95423214598782     
 310_seed.data         125  0.34561723886784596       0.74377736614297241        43.202154858480746        92.972170767871546       0.40767891497889464        50.959864372361828        156.07120184440785        136.81931054421389     
 311_seed.data         201  0.24918873010630041       0.57278354190809611        50.086934751366385        115.12949192352731       0.29211312074700230        58.714737270147459        294.56321931382604        378.90773892295641     
 312_seed.data         185  0.31967922126134923       0.71849904572115930        59.140655933349606        132.92232345841447       0.37228783509998586        68.873249493497383        207.22241549827558        233.13481969100880     
 313_seed.data         183  0.25237874177484743       0.56126281472376593        46.185309744797081        102.71109509444916       0.31657194418516599        57.932665785885376        306.00265705189724        369.94302188424138     
 314_seed.data         152  0.24346829106884232       0.54988902261362582        37.007180242464031        83.583131437271120       0.31466025536753228        47.828358815864910        273.71359924837469        340.38573798395743     
 315_seed.data         148  0.16509398641973638       0.38018238777546981        24.433909990120984        56.266993390769535       0.19131789594019238        28.315048599148472        301.81296993693036        389.01534634618520     
 316_seed.data         152  0.24075453202241046       0.55969690183036402        36.594688867406390        85.073929078215329       0.27533983236669168        41.851654519737139        167.65924101907183        166.45044425341811     
 317_seed.data         172  0.24374988523821886       0.55118869247597124        41.924980260973641        94.804455105867049       0.32488490253193070        55.880203235492083        261.61358407637704        342.84810144066142     
 318_seed.data         166  0.27859465861760774       0.62905648267672976        46.246713330522887        104.42337612433714       0.34070905975906823        56.557703920005324        208.57089955506632        232.19779361773661     
 319_seed.data         137  0.20925218081936828       0.47573040721269416        28.667548772253454        65.175065788139094       0.27714384958034083        37.968707392506694        236.61447447106389        236.25459873145101     
 320_seed.data         179  0.27666398291198213       0.60615351785808536        49.522852941244800        108.50147969659727       0.36104296378880035        64.626690518195261        265.98818682960223        348.40079831407405     
 321_seed.data         125  0.24725932747149076       0.58888997119452624        30.907415933936345        73.611246399315775       0.28783111336652578        35.978889170815719        203.57849127912874        222.65349595687522     
 322_seed.data         185  0.28437568589089890       0.63611718202706946        52.609501889816293        117.68167867500784       0.34640443327678955        64.084820156206064        271.13669260030150        325.58754303348962     
 323_seed.data         201  0.32747144834884256       0.69846438655550591        65.821761118117351        140.39134169765669       0.37906493498706517        76.192051932400105        202.33792668813149        228.23242000888166     
 324_seed.data         202  0.28271839744811245       0.64180168839802332        57.109116284518713        129.64394105640071       0.34056318038996602        68.793762438773143        234.87498672264567        274.21454683980500     
 325_seed.data         206  0.28373149604097764       0.64709092165413007        58.448688184441394        133.30072986075081       0.33470652120260103        68.949543367735814        315.24308901968374        401.17363409290465     
 326_seed.data         161  0.20443782203489813       0.47200746275199579        32.914489347618598        75.993201503071319       0.26539018949170945        42.727820508165223        270.86052178667069        359.50177872779017     
 327_seed.data         129  0.22914965955860259       0.53387886260410455        29.560306083059732        68.870373275929481       0.29874243157850350        38.537773673626951        233.02977694506399        280.14963881183701     
 328_seed.data         134  0.20480256033444336       0.46047139371335982        27.443543084815410        61.703166757590218       0.25672497582342280        34.401146760338655        223.26190082743139        260.74713631581159     
 329_seed.data         148  0.20255319345909176       0.47071353346195588        29.977872631945580        69.665602952369468       0.26833945576573043        39.714239453328105        286.64213941025906        356.57195223059068     
 330_seed.data         213  0.23632484885845642       0.52062435686898267        50.337192806851220        110.89298801309332       0.29555854835519590        62.953970799656730        286.91694824611233        350.58218395189022     
 331_seed.data         221  0.31010871667862117       0.68357940798571115        68.534026385975281        151.07104916484215       0.35298366833927031        78.009390702978735        211.58452710183801        247.70391374443861     
 332_seed.data         148  0.19814588533344601       0.45628925383830149        29.325591029350011        67.530809568068619       0.25920389187070592        38.362175996864472        233.67775240633492        272.08960869430041     
 333_seed.data         196  0.35057383399077546       0.75842375790308414        68.712471462191985        148.65105654900449       0.41183011386396828        80.718702317337787        178.40872524847322        196.70987794088322     
 334_seed.data         138  0.25471091547075581       0.57669090482850927        35.150106334964299        79.583344866334272       0.34171407844834295        47.156542825871327        201.52734049913320        196.24409778131948     
 335_seed.data         150  0.28130981991819914       0.63766990593503259        42.196472987729869        95.650485890254885       0.32490219617778171        48.735329426667256        193.51732163529218        208.57100198600358     
 336_seed.data         148  0.31994696108784543       0.70098401719781978        47.352150241001127        103.74563454527733       0.38370276971297484        56.788009917520277        184.77891434459573        188.63344481249419     
 337_seed.data         139  0.25436430846931357       0.58150391173915428        35.356638877234587        80.829043731742445       0.31236415443792459        43.418617466871517        205.18414973463663        220.59832399264587     
 338_seed.data         165  0.22163430607279649       0.51904445346630146        36.569660502011423        85.642334821939741       0.28530516744563750        47.075352628530190        286.33693458572270        329.25172530239422     
 339_seed.data         188  0.36544688173870843       0.79983318068870213        68.704013766877182        150.36863796947600       0.41626251423353677        78.257352675904912        152.33986407541323        156.86238291465108     
 340_seed.data         131  0.22544076083975395       0.52906693034540375        29.532739670007768        69.307767875247890       0.26758626650231004        35.053800911802618        226.36307250964862        265.86394159583358     
 341_seed.data         209  0.18304896589595046       0.42813908533626843        38.257233872253643        89.481068835280098       0.22011083352226302        46.003164206152974        400.72804101659989        552.84912137734523     
 342_seed.data         182  0.29495358261700760       0.64450305358497395        53.681552036295386        117.29955575246525       0.36055589639132235        65.621173143220673        213.30545678258207        231.30636935859874     
 343_seed.data         154  0.33301869858865030       0.73074022146813700        51.284879582652145        112.53399410609310       0.37752177917665625        58.138353993205065        154.97418536959816        156.80803720382616     
 344_seed.data         141  0.27067369624637683       0.60718279680834897        38.164991170739135        85.612774349977201       0.33659549103681302        47.459964236190636        185.54991408501363        183.79834856748693     
 345_seed.data         216  0.30138041799483656       0.69100891254406327        65.098170286884695        149.25792510951766       0.34912167669305355        75.410282165699570        255.72818920738663        299.95963307386143     
 346_seed.data         176  0.25713781949490550       0.59595995994723538        45.256256231103364        104.88895295071343       0.31768138872480595        55.911924415565849        220.69324338511433        255.32322817503257     
 347_seed.data         177  0.29372223029976913       0.65259224793907156        51.988834763059138        115.50882788521567       0.33982350567748787        60.148760504915352        214.45788439608921        233.71558287322708     
 348_seed.data         153  0.17192117388547778       0.40643694745176612        26.303939604478103        62.184852960120217       0.22896952846619478        35.032337855327803        431.75584503785547        640.49794217387694     
 349_seed.data         154  0.27821065530654837       0.63758121889688346        42.844440917208452        98.187507710120059       0.34069344086925679        52.466789893865545        224.50429732447625        238.65481087545029     
 350_seed.data         151  0.26824138356713906       0.60629297710289298        40.504448918637998        91.550239542536843       0.33654097861457616        50.817687770801001        257.92993724355313        302.38616319651823     
 351_seed.data         152  0.28150099473832951       0.64288381529557947        42.788151200226089        97.718339924928074       0.33034118338620089        50.211859874702533        157.70586439070041        160.03903874882133     
 352_seed.data         222  0.28231269936955050       0.63771168462571470        62.673419260040212        141.57199398690867       0.34045287857032547        75.580539042612259        294.14759056523508        384.08253543762174     
 353_seed.data         125  0.31049595445637973       0.70716387672885861        38.811994307047463        88.395484591107319       0.35787424509518839        44.734280636898546        145.61932461174112        128.92882255087898     
 354_seed.data         178  0.29292389639592631       0.65505005480246603        52.140453558474881        116.59890975483896       0.34482890318860748        61.379544767572135        213.18810632500902        235.65867701174619     
 355_seed.data         200  0.32229751878018797       0.72197697755302892        64.459503756037591        144.39539551060579       0.37063860237278262        74.127720474556526        207.13639643520995        241.91388455820231     
 356_seed.data         196  0.29678891485913939       0.65619285503949576        58.170627312391318        128.61379958774117       0.34919837215624133        68.442880942623304        207.63487025406400        243.31045450529288     
 357_seed.data         213  0.22992065783502044       0.53289845875749009        48.973100118859357        113.50737171534539       0.27691149604567883        58.982148657729589        336.85025328222213        460.67631051555691     
 358_seed.data         160  0.31332120040375000       0.68044006076180630        50.131392064600000        108.87040972188900       0.39439979224362021        63.103966758979233        260.64445058311190        314.07251133514973     
 359_seed.data         152  0.29316885421078681       0.66033807235726194        44.561665840039595        100.37138699830382       0.34682391867399609        52.717235638447406        183.06114768941751        180.06868982805290     
 360_seed.data         143  0.31305884735106582       0.69453799661153370        44.767415171202408        99.318933515449316       0.36243928297572930        51.828817465529291        135.61086686126990        127.81817767250550     
 361_seed.data         202  0.30419582748990759       0.68317950491073787        61.447557152961330        138.00225999196905       0.35787864298035343        72.291485882031395        212.18351843964351        242.58200852688478     
 362_seed.data         136  0.23421073079906962       0.55093095704136508        31.852659388673469        74.926610157625646       0.29020176401676251        39.467439906279701        222.09052396156122        233.81041574381996     
 363_seed.data         198  0.25123865973682807       0.57998161790865399        49.745254627891960        114.83636034591349       0.30494080838802889        60.378280060829724        299.35850437818050        396.45559082749992     
 364_seed.data         180  0.26945053812065806       0.62117169305351050        48.501096861718452        111.81090474963189       0.32325827516567068        58.186489529820726        228.80517943721244        268.30764031022352     
 365_seed.data         196  0.31809649235702714       0.70208930563741367        62.346912501977322        137.60950390493309       0.36285636662394311        71.119847858292843        214.44196177439613        247.24210915858885     
 366_seed.data         150  0.28248348332103174       0.65513110002955532        42.372522498154758        98.269665004433293       0.32892202410694876        49.338303616042317        223.28532320090108        258.60229923364125     
 367_seed.data         153  0.29897148562494330       0.68253042299770339        45.742637300616323        104.42715471864862       0.34935616040122253        53.451492541387047        160.62112371966953        168.64292849129805     
 368_seed.data         137  0.25085144992867370       0.56455873362536857        34.366648640228298        77.344546506675499       0.33120413219594835        45.374966110844923        183.26991176450005        184.19430301725677     
 369_seed.data         206  0.27622846125456701       0.62033331651937318        56.903063018440804        127.78866320299088       0.31853111776846399        65.617410260303586        230.52755108161497        268.66535079921169     
 370_seed.data         135  0.21338878167643882       0.48458251532623725        28.807485526319240        65.418639569042028       0.25758692327502986        34.774234642129031        224.96901855935920        257.04137839273227     
 371_seed.data         219  0.25795392380555343       0.58378131180192405        56.491909313416201        127.84810728462136       0.30048400937598263        65.805998053340190        246.60383897637328        308.15302777675299     
 372_seed.data         204  0.27710469361172341       0.62195543352811100        56.529357496791576        126.87890843973464       0.34633951292502418        70.653260636704928        269.63591478443698        336.97853273658490     
 373_seed.data         128  0.16245975027790163       0.38139899308118119        20.794848035571409        48.819071114391193       0.21995707003699519        28.154504964735384        266.12799188717617        320.27695798783606     
 374_seed.data         191  0.27968361139287451       0.61715755565745756        53.419569776039033        117.87709313057439       0.33240880427716535        63.490081616938582        217.83031248199663        249.41847521287534     
 375_seed.data         151  0.23280525180058587       0.54543424378234906        35.153593021888469        82.360570811134707       0.27967333206039391        42.230673141119482        210.76999127387964        227.41200653879289     
 376_seed.data         200  0.29225984646296477       0.66140849900179521        58.451969292592956        132.28169980035904       0.34384687068212211        68.769374136424418        217.15449587658998        249.48344108210472     
 377_seed.data         138  0.26275940640850465       0.60564102234060202        36.260798084373640        83.578461083003077       0.31994721878150828        44.152716191848143        195.12526083992606        205.64983782485604     
 378_seed.data         187  0.31188832737734884       0.69591768055641445        58.323117219564232        130.13660626404950       0.37005287701084205        69.199888001027460        246.48194573155590        299.83932851626446     
 379_seed.data         152  0.25957428335468019       0.59716778288224859        39.455291069911389        90.769502998101785       0.31543083734114319        47.945487275853765        219.59330011226206        253.34219265593802     
 380_seed.data         126  0.27866562846261561       0.63469083846576468        35.111869186289567        79.971045646686349       0.32176467748203841        40.542349362736843        167.25505018022119        162.95160469655860     
 381_seed.data         209  0.26373297822372566       0.61041788476375991        55.120192448758665        127.57733791562582       0.29881843689432541        62.453053310914008        259.48588018527090        314.23269049978092     
 382_seed.data         142  0.25741858543315183       0.58199900845583197        36.553439131507560        82.643859200728144       0.33015540078802219        46.882066911899152        231.68240122299517        268.04175350491255     
 383_seed.data         156  0.10853353751228892       0.24957654791929612        16.931231851917072        38.933941475410194       0.14481836402239420        22.591664787493496        443.63869863489714        629.71928254743523     
 384_seed.data         155  0.31984306074969088       0.71746352176386441        49.575674416202084        111.20684587339899       0.36544013335869879        56.643220670598311        150.59341867836582        148.57619060577289     
 385_seed.data         175  0.23104175272892927       0.53705363057245714        40.432306727562619        93.984385350180006       0.28473543729863421        49.828701527260989        257.14063474375303        315.02826431764640     
 386_seed.data         189  0.28754457983313331       0.64449022465539696        54.345925588462194        121.80865245987003       0.34492770990978061        65.191337172948536        232.92925507536887        261.83590089726488     
 387_seed.data         159  0.23145907743940544       0.53216221480013837        36.801993312865463        84.613792153221993       0.28105461739244053        44.687684165398046        287.49128833012475        330.91627746969198     
 388_seed.data         186  0.18736319723278955       0.43894197697330778        34.849554685298855        81.643207717035253       0.25006288090212686        46.511695847795593        382.20522796637925        496.24507006983123     
 389_seed.data         150  0.24915128046388788       0.57025329616493781        37.372692069583181        85.537994424740674       0.31723957172834760        47.585935759252138        306.10678121576638        410.02393719699182     
 390_seed.data         201  0.24003059834520865       0.54752979175612615        48.246150267386938        110.05348814298135       0.28906973223959365        58.103016180158320        253.49650254571822        287.91998034645616     
 391_seed.data         211  0.23849051126219878       0.54292834585130423        50.321497876323946        114.55788097462519       0.29256690489418558        61.731616932673155        419.60780226160955        611.09561261251326     
 392_seed.data         223  0.24002448867950066       0.55239014838587464        53.525460975528645        123.18300309005005       0.28030809496679082        62.508705177594351        283.20376114475857        353.08052565659187     
 393_seed.data         139  0.29598891415892309       0.67103242620771630        41.142459068090311        93.273507242872569       0.33762381924432566        46.929710874961266        150.22308926390158        147.11609557927085     
 394_seed.data         155  0.11429168472751110       0.27439244842212301        17.715211132764221        42.530829505429068       0.15265238663202368        23.661119927963671        413.94932974920124        571.91234308466233     
 395_seed.data         128  0.24335195970678064       0.55642301773102565        31.149050842467922        71.222146269571283       0.30255762688822541        38.727376241692852        165.43830139013374        167.65732967802032     
 396_seed.data         127  0.30855977848583005       0.68651301973418544        39.187091867700417        87.187153506241557       0.34715556798411745        44.088757133982917        139.44778832699512        127.08982218618755     
 397_seed.data         147  0.26052614035849847       0.59621119911256215        38.297342632699277        87.643046269546630       0.34451741887472132        50.644060574584032        246.24454777893362        301.20392598544657     
 398_seed.data         147  0.27453204305420942       0.62866863635866732        40.356210328968785        92.414289544724099       0.33430180819145106        49.142365804143303        227.18552852109940        226.51653835846037     
 399_seed.data         194  0.22893133168138813       0.51725985424798915        44.412678346189296        100.34841172410989       0.29336582451421944        56.912969955758570        310.41895233122494        405.50561693933412     
 400_seed.data         191  0.21607204377983008       0.50706416896614825        41.269760361947547        96.849256272534319       0.27161412702631804        51.878298262026746        306.50589394893666        405.27538299759181     
 401_seed.data         200  0.31015720430152288       0.67646598056872842        62.031440860304578        135.29319611374569       0.36872156661006195        73.744313322012388        247.97086104680943        305.09547195901501     
 402_seed.data         164  0.24557408667377334       0.56020421321546932        40.274150214498825        91.873490967336963       0.32147592332080110        52.722051424611379        208.01990255655556        213.38244495402327     
 403_seed.data         199  0.30985571210955642       0.67381522026805540        61.661286709801729        134.08922883334301       0.36315335655840547        72.267517955122685        182.73944412035755        193.50405799628754     
 404_seed.data         125  0.34403050817062686       0.75208296039990052        43.003813521328354        94.010370049987571       0.40033241509937156        50.041551887421448        118.90306247248472        108.31216902309332     
 405_seed.data         143  0.23332186635131638       0.52758759631091445        33.365026888238241        75.445026272460765       0.30213880464839005        43.205849064719779        214.08578715800203        239.59039438118745     
 406_seed.data         223  0.28527673822104094       0.63467318046982790        63.616712623292131        141.53211924477162       0.34103602593231674        76.051033782906629        261.32077089108117        339.67107694743754     
 407_seed.data         202  0.29133257474702418       0.63909896041126280        58.849180098898884        129.09799000307510       0.36052412197789868        72.825872639535532        293.82815325113990        334.23845620583688     
 408_seed.data         219  0.22586700252397332       0.52038953021334811        49.464873552750156        113.96530711672324       0.28520112210264698        62.459045740479688        422.68311680836302        620.35121735472239     
 409_seed.data         223  0.31468919634284143       0.69926234888167627        70.175690784453636        155.93550380061382       0.35718933906974953        79.653222612554146        248.91419187152823        297.00632791802724     
 410_seed.data         181  0.33618926406932581       0.74475257103760661        60.850256796547974        134.80021535780679       0.38912092712253205        70.430887809178301        177.50840726784307        190.28077770260160     
 411_seed.data         221  0.34296731741857839       0.73448290631022195        75.795777149505824        162.32072229455906       0.40416936645513435        89.321429986584690        224.03853800463440        271.07545999131304     
 412_seed.data         151  0.31507360235519899       0.68796007071870169        47.576113955635044        103.88197067852396       0.38397815744193248        57.980701773731802        245.68261939701119        260.01948794166935     
 413_seed.data         170  0.34603141094801382       0.74880012753799774        58.825339861162348        127.29602168145962       0.40136128744351640        68.231418865397785        162.75884724620087        163.64924970727571     
 414_seed.data         216  0.23683489611697131       0.53129532107765920        51.156337561265801        114.75978935277439       0.29484302913713178        63.686094293620464        263.99545881616399        334.72372204410345     
 415_seed.data         152  0.27477024043303083       0.61316367476507971        41.765076545820683        93.200878564292111       0.32604555322341489        49.558924089959064        171.60502811615342        175.60708102695776     
 416_seed.data         187  0.26973833170534306       0.60658159657120647        50.441068028899153        113.43075855881561       0.32780647678884334        61.299811159513702        263.19798810664275        313.80655898003511     
 417_seed.data         129  0.18792683038899582       0.43754024258741192        24.242561120180461        56.442691293776136       0.24639699247544761        31.785212029332740        294.38002862199352        334.97460741584251     
 418_seed.data         151  0.25870013972277028       0.58161579542417541        39.063721098138316        87.823985109050483       0.31944698717346837        48.236495063193722        185.04195953897832        197.34118542936568     
 419_seed.data         128  0.26437994898738187       0.62027444925106268        33.840633470384880        79.395129504136023       0.30970934119041277        39.642795672372834        161.75210099861548        162.29932342973098     
 420_seed.data         153  0.27912972206678655       0.63409433659030134        42.706847476218343        97.016433498316104       0.32779747700751571        50.153013982149908        185.13968067909786        197.47678192055105     
 421_seed.data         217  0.20758250255285030       0.47863150301598595        45.045403053968514        103.86303615446896       0.26785637283973451        58.124832906222387        342.77101462913697        466.19135353007670     
 422_seed.data         190  0.31079610207527225       0.68115415056380391        59.051259394301731        129.41928860712275       0.37456253560752795        71.166881765430304        246.37737885579776        256.92900990280475     
 423_seed.data         196  0.26412561734589257       0.60068459870059443        51.768620999794948        117.73418134531651       0.32562565904735458        63.822629173281499        247.52537824366820        300.95381062387429     
 424_seed.data         209  0.19285741311732313       0.45660222225282399        40.307199341520537        95.429864450840213       0.23867335168789774        49.882730502770627        467.81866656320199        666.05022320069043     
 425_seed.data         213  0.29909407336445992       0.66799309393830431        63.707037626629962        142.28252900885883       0.35063011739132588        74.684215004352410        233.44407508780554        268.65604113960313     
 426_seed.data         191  0.33521843796552886       0.72157711152483184        64.026721651416011        137.82122830124288       0.39299911435567086        75.062830841933135        188.24259710286552        191.15027951320724     
 427_seed.data         188  0.28081041376583199       0.63241088423240865        52.792357787976414        118.89324623569283       0.33539550293028364        63.054354550893322        256.78214956125578        310.87290788599569     
 428_seed.data         161  0.34201965152700881       0.74199920965234190        55.065163895848414        119.46187275402704       0.39469579733056087        63.546023370220297        157.68220958913844        158.84524852770949     
 429_seed.data         202  0.28596398047592458       0.63034499064101346        57.764724056136764        127.32968810948472       0.34766395903321817        70.228119724710069        234.28498115410591        279.60046706339244     
 430_seed.data         209  0.28129292547996798       0.63745559804300300        58.790221425313305        133.22821999098764       0.32503456627880484        67.932224352270211        250.79141505590613        308.98153308511252     
 431_seed.data         218  0.28119542328986868       0.63363315135702125        61.300602277191373        138.13202699583064       0.32111954512303864        70.004060836822418        251.19151014381708        294.23609954785456     
 432_seed.data         217  0.23482901852368279       0.53718221135180488        50.957897019639169        116.56853986334166       0.30481115890397192        66.144021482161904        330.98034285241584        448.21926577145331     
 433_seed.data         170  0.30838934349981911       0.68136861731997356        52.426188394969252        115.83266494439550       0.36508685846749100        62.064765939473467        223.45858887715167        248.59777310784602     
 434_seed.data         191  0.31804743394367940       0.69666652626698378        60.747059883242763        133.06330651699389       0.37801435147036927        72.200741130840527        240.49190307969027        272.53567618427979     
 435_seed.data         195  0.23279051360526087       0.52661596978587399        45.394150153025869        102.69011410824542       0.29544260619886814        57.611308208779285        312.42181202406289        373.46949494291385     
 436_seed.data         139  0.19485760308826094       0.45765690054258984        27.085206829268273        63.614309175419990       0.21924711533230765        30.475349031190763        262.46875256300410        315.94187363782652     
 437_seed.data         143  0.27394093109551176       0.60914669585584147        39.173553146658179        87.107977507385328       0.34366967631198608        49.144763712614008        203.60751862066104        204.38409588301843     
 438_seed.data         200  0.32192417080486813       0.71614023284444639        64.384834160973625        143.22804656888928       0.37877830795661338        75.755661591322678        221.70261599762028        239.05081681528182     
 439_seed.data         203  0.30108632001343588       0.66351306858488757        61.120522962727485        134.69315292273217       0.36807907308657911        74.720051836575564        235.97220126399728        267.89513584125268     
 440_seed.data         194  0.23514117093862627       0.54872798638728693        45.617387162093493        106.45322935913366       0.27999072549983806        54.318200746968586        242.26820778812640        286.67065040327645     
 441_seed.data         166  0.33779177897913804       0.72073171766550137        56.073435310536915        119.64146513247323       0.39460048242253998        65.503680082141642        186.07691155368261        197.89810361952553     
 442_seed.data         156  0.25818249812818295       0.59263122466793583        40.276469707996540        92.450471048197983       0.33266204578159930        51.895279141929493        227.86699476461303        249.38563124358333     
 443_seed.data         209  0.34723735031998765       0.76781099924489016        72.572606216877418        160.47249884218203       0.39783407657698727        83.147322004590336        185.42302458043196        209.16613730999416     
 444_seed.data         217  0.29641452252214928       0.66559826235415687        64.321951387306399        144.43482293085205       0.34369896257890264        74.582674879621877        283.82398087510541        361.53089011941285     
 445_seed.data         224  0.30120353117736315       0.66169678639824514        67.469590983729347        148.22008015320691       0.34605164000238425        77.515567360534078        207.44201086850828        243.68692031868486     
 446_seed.data         196  0.28741732219619270       0.63757044004153784        56.333795150453767        124.96380624814142       0.37207491709826357        72.926683751259660        334.06851878115179        424.36810330584768     
 447_seed.data         129  0.27998463167059240       0.62134148803159717        36.118017485506421        80.153051956076041       0.34586422595201954        44.616485147810522        206.24484038264100        224.43347415153542     
 448_seed.data         169  0.25863731818577196       0.59500074323492136        43.709706773395460        100.55512560670171       0.31403466521889295        53.071858421992907        246.82710175827805        269.72095087912680     
 449_seed.data         163  0.28313766307554467       0.63699202026327362        46.151439081313782        103.82969930291360       0.34132149189044719        55.635403178142894        224.95450342089541        260.35534035047272     
 450_seed.data         221  0.25067867111118719       0.56413118174046095        55.399986315572370        124.67299116464187       0.31159400748079086        68.862275653254784        312.27676424095665        412.42727764923814     
 451_seed.data         151  0.33153869963275640       0.73461743805714796        50.062343644546218        110.92723314662935       0.39442701132868363        59.558478710631228        197.90326812321922        207.34528049833455     
 452_seed.data         218  0.25173467636233726       0.57958819481062651        54.878159446989521        126.35022646871658       0.28591649666146163        62.329796272198635        288.03683111863791        360.53735872307180     
 453_seed.data         160  0.31735766589554765       0.70743863986083777        50.777226543287625        113.19018237773405       0.38598397628394526        61.757436205431240        196.98589081754008        206.99359578127627     
 454_seed.data         211  0.25112178178467742       0.56638103028973308        52.986695956566933        119.50639739113367       0.32227082159464709        67.999143356470540        353.48903059059217        477.30749272357502     
 455_seed.data         127  0.14037225203577625       0.33490344211578682        17.827276008543585        42.532737148704925       0.18449337409647895        23.430658510252826        292.64672223054703        349.61615513688918     
 456_seed.data         150  0.21594615294562611       0.50604904652717153        32.391922941843916        75.907356979075729       0.27237963715715385        40.856945573573078        281.67328187807516        328.89460140539535     
 457_seed.data         143  0.27235374051338851       0.62123362664651238        38.946584893414560        88.836408610451272       0.33630167365456526        48.091139332602829        174.37430087017049        186.34659381193094     
 458_seed.data         160  0.28329246045439954       0.64990975081201308        45.326793672703928        103.98556012992209       0.31867044303142922        50.987270885028678        192.27784323657997        200.37578832257051     
 459_seed.data         155  0.22916285268271994       0.50799250985004019        35.520242165821593        78.738839026756224       0.28744859426380720        44.554532110890115        214.39442153455070        251.65951497242474     
 460_seed.data         208  0.24657205854477018       0.54958841894947763        51.286988177312196        114.31439114149134       0.30005638337216306        62.411727741409919        253.41765206079742        308.53153863485863     
 461_seed.data         187  0.29088307473068731       0.64783254619482178        54.395134974638523        121.14468613843167       0.35077956566071666        65.595778778554021        228.86775170435914        277.18467910840263     
 462_seed.data         220  0.31053031137805986       0.68009456870125018        68.316668503173176        149.62080511427504       0.38793915159141290        85.346613350110843        313.03431297959196        422.82708599248980     
 463_seed.data         187  0.28110594363790159       0.64208820376476694        52.566811460287596        120.07049410401142       0.32807559194135250        61.350135693032918        249.86039861606932        300.97472409378003     
 464_seed.data         200  0.24526120784994090       0.56601416924217152        49.052241569988183        113.20283384843431       0.29269149715762205        58.538299431524408        332.83538140763085        433.94064212421239     
 465_seed.data         202  0.32196094255393493       0.71623134543491840        65.036110395894852        144.67873177785353       0.37174389167256000        75.092266117857122        179.36912252069183        203.73381914445338     
 466_seed.data         176  0.28689520294798238       0.63989230773908368        50.493555718844895        112.62104616207873       0.35383500173063720        62.274960304592149        217.45883921613409        235.99275391686174     
 467_seed.data         200  0.29776703292558609       0.66324163144879156        59.553406585117216        132.64832628975830       0.34513206089886861        69.026412179773729        206.16107446916942        232.67888812510216     
 468_seed.data         156  0.28119170134186972       0.64661783544207241        43.865905409331674        100.87238232896330       0.33503521776853984        52.265493971892212        228.60254469673256        251.21530911197894     
 469_seed.data         129  0.23512146760835706       0.54617172881667286        30.330669321478062        70.456153017350800       0.28953693679557013        37.350264846628548        171.01396487317774        175.15535666976481     
 470_seed.data         209  0.29269308847243941       0.66402469804331232        61.172855490739835        138.78116189105228       0.32979886195653269        68.927962148915327        198.19267567165340        218.32033409507147     
 471_seed.data         179  0.29338585713266252       0.67456900027869970        52.516068426746592        120.74785104988725       0.33045054713667138        59.150647937464178        169.59227091610737        179.72181992680396     
 472_seed.data         212  0.23873298033338822       0.51894328276621871        50.611391830678301        110.01597594643836       0.31148948131476378        66.035770038729922        389.62665985947450        521.71415990681794     
 473_seed.data         218  0.32886165847110094       0.73634787233934795        71.691841546700005        160.52383616997784       0.37612843135657120        81.995998035732526        203.52413088830298        237.56665138673239     
 474_seed.data         202  0.27752193116985707       0.62311347242551141        56.059430096311125        125.86892142995330       0.32568048299708285        65.787457565410733        265.49135570362563        345.98602784875931     
 475_seed.data         160  0.19011845932983848       0.45121994495187823        30.418953492774158        72.195191192300513       0.25002556808718351        40.004090893949360        332.50543049191032        456.82306933947240     
 476_seed.data         177  0.23028797806423437       0.52951661321428045        40.760972117369484        93.724440538927638       0.28881950036808990        51.121051565151909        211.90816437004861        218.11407822221284     
 477_seed.data         221  0.34665940204056561       0.75965971126742582        76.611727850964996        167.88479619010110       0.39846097172022116        88.059874750168873        196.00384028281684        227.25550454423163     
 478_seed.data         203  0.32226012129100651       0.71026021285161944        65.418804622074319        144.18282320887874       0.37317301047550006        75.754121126526513        217.20613658193662        256.29725651884343     
 479_seed.data         141  0.31077125680708922       0.69826165379067173        43.818747209799582        98.454893184484717       0.35575936420926080        50.162070353505776        151.25976181759387        148.05048932165909     
 480_seed.data         197  0.29754451748339950       0.67779048431440569        58.616269944229700        133.52472540993793       0.34519145777329924        68.002717181339946        202.83535458770965        236.67576833002806     
 481_seed.data         138  0.23900000389605944       0.54798504710745022        32.982000537656205        75.621936500828127       0.28688078327267430        39.589548091629055        198.21661013442008        205.78069651788508     
 482_seed.data         197  0.31957467762953157       0.70746195828959690        62.956211493017719        139.37000578305060       0.36742727591590985        72.383173355434238        195.92296336810645        209.71878138116105     
 483_seed.data         202  0.31718971403360013       0.70823111226499280        64.072322234787222        143.06268467752855       0.36969333590587744        74.678053852987247        218.55474248003145        246.14314273370465     
 484_seed.data         176  0.32576016581240458       0.72552009027522124        57.333789182983203        127.69153588843893       0.36937636358595721        65.010239991128472        175.00271150433716        187.76109448954310     
 485_seed.data         125  0.28831808043217666       0.66776882466573628        36.039760054022082        83.471103083217031       0.35806821900388741        44.758527375485926        182.22638219550367        175.50806780065801     
 486_seed.data         182  0.29773690652138057       0.68500058198121261        54.188116986891266        124.67010592058070       0.34697266490250878        63.149025012256594        179.50699229123572        188.09741261286160     
 487_seed.data         167  0.28055793586573813       0.63329744892973960        46.853175289578267        105.76067397126651       0.33125636543713810        55.319813028002059        208.64634648214857        229.98884451426173     
 488_seed.data         182  0.24022080272044491       0.54617428029605786        43.720186095120972        99.403719013882537       0.30360600236173718        55.256292429836165        271.32884781160379        337.91277444226961     
 489_seed.data         128  0.15725917560961883       0.37250522890251803        20.129174478031210        47.680669299522307       0.20603157842882136        26.372042038889134        312.27843441759683        335.96290352803550     
 490_seed.data         148  0.24535063595744147       0.54711078147002878        36.311894121701336        80.972395657564263       0.31138019100916781        46.084268269356834        178.17670405169764        182.39882880761309     
 491_seed.data         206  0.29811928610116578       0.67710006158849445        61.412572936840149        139.48261268722985       0.35378011943139209        72.878704602866776        210.66624928101339        248.08751590545745     
 492_seed.data         132  0.28553326813167423       0.64955976943889338        37.690391393380999        85.741889565933931       0.33550698380337163        44.286921862045055        182.97799677193385        198.20263673136745     
 493_seed.data         199  0.25552566780635549       0.57164115038905050        50.849607893464743        113.75658892742105       0.30987457706485511        61.665040835906169        221.58129063984137        246.42128503032257     
 494_seed.data         156  0.24493496942424375       0.56387422332663861        38.209855230182029        87.964378838955625       0.31045956484812925        48.431692116308163        283.89389377315604        341.41439598630672     
 495_seed.data         128  0.27005231438188548       0.59230234173554031        34.566696240881342        75.814699742149159       0.33780337233902485        43.238831659395181        204.10336427995486        216.56647168794538     
 496_seed.data         203  0.21876399629703119       0.49886112877703137        44.409091248297329        101.26880914173736       0.28425980429711600        57.704740272314545        364.76032900671572        504.47204378911272     
 497_seed.data         141  0.24889755592701748       0.57851645261294826        35.094555385709462        81.570819818425704       0.31395500111547070        44.267655157281368        203.62462779474561        226.34967530302328     
 498_seed.data         128  0.27503028069717028       0.62000830511550420        35.203875929237796        79.361063054784537       0.34705724795439519        44.423327738162584        182.09129438194748        191.53019952440869     
 499_seed.data         126  0.31397682564918156       0.71401895067974630        39.561080031796877        89.966387785648038       0.37531682622693974        47.289920104594408        164.41270059622676        148.75061130823761     
 500_seed.data         207  0.25264236837345294       0.58909009175483074        52.296970253304757        121.94164899324996       0.29540003260691866        61.147806749632160        305.04885961186125        377.75209787157905     
 501_seed.data         202  0.32064915624950591       0.71711518372757954        64.771129562400191        144.85726711297107       0.37185354219480976        75.114415523351568        233.62333031076111        274.26362392280430     
 502_seed.data         189  0.28255902851140680       0.63166891950013138        53.403656388655882        119.38542578552483       0.33596703606867584        63.497769816979734        208.25617006599396        238.99476393751735     
 503_seed.data         184  0.27685740843834727       0.62468300735480520        50.941763152655895        114.94167335328416       0.33079991118813123        60.867183658616149        281.22510150993759        354.28938791537200     
 504_seed.data         195  0.31283531451734875       0.67642192003146684        61.002886330883008        131.90227440613603       0.37929545228668499        73.962613195903572        232.09575576504389        264.24800495081274     
 505_seed.data         125  0.29279923176154432       0.67197838205928184        36.599903970193040        83.997297757410237       0.35958345354283666        44.947931692854581        161.32318868461235        158.10973790343391     
 506_seed.data         208  0.27112634727409046       0.62032304810309757        56.394280233010818        129.02719400544430       0.31087392255233576        64.661775890885835        285.76777590625858        365.75424968961369     
 507_seed.data         198  0.30406047293449717       0.67177480703191894        60.203973641030437        133.01141179231996       0.37176598623358070        73.609665274248982        246.14336370867710        281.80033125496215     
 508_seed.data         144  0.17214617853469558       0.39489755874145738        24.789049708996163        56.865248458769862       0.22283159849159562        32.087750182789769        225.73310848570765        254.83207382657045     
 509_seed.data         208  0.25609435154335847       0.57306228088380651        53.267625121018561        119.19695442383176       0.30547158406382630        63.538089485275869        237.47884249911411        288.91620966777293     
 510_seed.data         203  0.21188645468051323       0.49008083665902186        43.012950300144183        99.486409841781438       0.26799752009901545        54.403496580100139        350.79584803228585        481.19504263033764     
 511_seed.data         144  0.19869072847428790       0.46336976129815105        28.611464900297456        66.725245626933756       0.25751295806892338        37.081865961924969        286.51012157995319        314.52171041510695     
 512_seed.data         187  0.28500915427396079       0.62121886528775583        53.296711849230668        116.16792780881033       0.35787049757460709        66.921783046451523        239.89498356658135        272.32821234988154     
 513_seed.data         135  0.25308490559369390       0.59007874156603313        34.166462255148673        79.660630111414477       0.30576648320197691        41.278475232266885        254.15125952620875        294.42290474885618     
 514_seed.data         137  0.30935884513080186       0.68827164193142332        42.382161782919859        94.293214944604998       0.35847222902751563        49.110695376769641        162.42689533523554        166.25913796583387     
 515_seed.data         186  0.29290647932691322       0.64707714011726647        54.480605154805858        120.35634806181156       0.34150805608503326        63.520498431816186        208.69246708458255        224.26031668909920     
 516_seed.data         145  0.29694467551628295       0.67519488512892367        43.056977949861029        97.903258343693935       0.34840727399154681        50.519054728774286        198.22534133963788        207.03400576725554     
 517_seed.data         222  0.28764137310554588       0.64391474254752556        63.856384829431185        142.94907284555069       0.33891696601744592        75.239566455872989        241.40494820964008        286.67063418304275     
 518_seed.data         152  0.20539340617916446       0.48813695786689237        31.219797739232998        74.196817595767641       0.24284616595989905        36.912617225904654        268.59087101610686        329.80552954942306     
 519_seed.data         212  0.17737505907309908       0.41955691024530756        37.603512523497002        88.946064972005203       0.21665775105827365        45.931443224354013        391.08294236652750        591.41438160091036     
 520_seed.data         158  0.25280107958871767       0.57811144499188793        39.942570575017392        91.341608308718293       0.31840409576603257        50.307847131033142        251.50464487042322        288.58546513017461     
 521_seed.data         148  0.31723674249772676       0.72020759371549004        46.951037889663560        106.59072386989253       0.37438583436945599        55.409103486679484        175.07317064427679        179.15434133272862     
 522_seed.data         223  0.30653106443617079       0.68399392932273595        68.356427369266086        152.53064623897012       0.36240603457735271        80.816545710749651        288.20138958064365        353.23715714453391     
 523_seed.data         192  0.34014737730844802       0.74140715778713484        65.308296443222019        142.35017429512988       0.38367394093297785        73.665396659131744        183.03845374214117        192.49681022550021     
 524_seed.data         203  0.30662559754386515       0.68492764748192325        62.244996301404626        139.04031243883043       0.35626625726192729        72.322050224171235        231.55719782585766        273.27290751010310     
 525_seed.data         150  0.29244267917603051       0.68434364054796304        43.866401876404574        102.65154608219446       0.35304625368447468        52.956938052671198        213.37516261168747        247.78132631260053     
 526_seed.data         134  0.21135406448154895       0.49230721997186733        28.321444640527559        65.969167476230226       0.28427385713714298        38.092696856377160        283.20207235476551        340.30888288299741     
 527_seed.data         211  0.30682501404962242       0.67183544197861889        64.740077964470331        141.75727825748859       0.35599612970368938        75.115183367478465        195.35776248620863        222.65464266220292     
 528_seed.data         204  0.24618175593820865       0.56707517899911197        50.221078211394563        115.68333651581884       0.30877444646459579        62.989987078777538        277.60226367058675        356.73601578003064     
 529_seed.data         166  0.32907211986798163       0.73715000525090568        54.625971898084948        122.36690087165034       0.37900431747038194        62.914716700083403        189.25318795073218        190.32912133082615     
 530_seed.data         140  0.16403494133754817       0.38637956205418661        22.964891787256743        54.093138687586126       0.21324528443523780        29.854339820933291        322.74121959140751        366.79569026152814     
 531_seed.data         148  0.28621248366301472       0.63933704293481253        42.359447582126180        94.621882354352252       0.33439563955864976        49.490554654680167        177.26344894748485        173.02854341437373     
 532_seed.data         211  0.30550523481354808       0.67431547764823119        64.461604545658645        142.28056578377678       0.35746532269447456        75.425183088534126        273.97608566478868        311.12091598645571     
 533_seed.data         211  0.27282102673171066       0.60408722418294425        57.565236640390950        127.46240430260124       0.32449927420164931        68.469346856548000        310.92093017210055        399.31850497132461     
 534_seed.data         216  0.31851534229855660       0.71095155065706894        68.799313936488232        153.56553494192690       0.36863252041100231        79.624624408776498        254.68768790644259        294.84112021373960     
 535_seed.data         137  0.29227655417438148       0.63814912956830661        40.041887921890265        87.426430750858003       0.37270008646852892        51.059911846188463        185.15023555512101        193.99916295590248     
 536_seed.data         166  0.28632463633467375       0.64900239419446659        47.529889631555847        107.73439743628145       0.33990847302166111        56.424806521595741        224.78025997344363        252.96677772349935     
 537_seed.data         167  0.31010085932959164       0.69549976011156756        51.786843508041805        116.14845993863179       0.37532836780785289        62.679837423911430        178.65347802009137        193.11196347566553     
 538_seed.data         172  0.29451124794265782       0.63547137679287757        50.655934646137148        109.30107680837494       0.35495022619528110        61.051438905588348        222.34608703170716        251.78360734630033     
 539_seed.data         162  0.28854785851484233       0.63981960480396760        46.744753079404454        103.65077597824275       0.34686858864928888        56.192711361184799        237.56015595784277        282.53188970113865     
 540_seed.data         211  0.21763094306368949       0.48545521132463576        45.920128986438485        102.43104958949814       0.30591012751085095        64.547036904789550        394.66684933930389        532.57326366598988     
 541_seed.data         125  0.27714960612231360       0.62046519700056224        34.643700765289196        77.558149625070286       0.33996911823725773        42.496139779657213        212.95087378702985        236.61867194479191     
 542_seed.data         181  0.29055852518834435       0.65742070621692250        52.591093059090326        118.99314782526297       0.35195283520742859        63.703463172544573        219.32439303286489        247.12736322724371     
 543_seed.data         183  0.29764294874714881       0.67899197774698317        54.468659620728232        124.25553192769792       0.34731586191962743        63.558802731291820        204.25880398689506        221.29254618413594     
 544_seed.data         163  0.26685615504624027       0.60078715577724617        43.497553272537168        97.928306391691123       0.33389665995194212        54.425155572166567        228.04648567581103        241.43750364513309     
 545_seed.data         196  0.28833108837938404       0.65233318086093361        56.512893322359268        127.85730344874298       0.35079685830903490        68.756184228570845        288.80552596782411        377.94655958356174     
 546_seed.data         144  0.32842989132055167       0.73375874767751381        47.293904350159437        105.66125966556199       0.38379238521516967        55.266103470984433        140.67785584787001        132.75681080527187     
 547_seed.data         134  0.25386819758147627       0.60137220755756970        34.018338475917822        80.583875812714339       0.30564041602463876        40.955815747301592        225.00535467889358        240.91956313611180     
 548_seed.data         217  0.31886454524204211       0.71341914144847174        69.193606317523134        154.81195369431836       0.36872050900871367        80.012350454890864        224.43135016852577        265.55117176859039     
 549_seed.data         194  0.22727906140222273       0.52261525184058788        44.092137912031212        101.38735885707405       0.28076373508451363        54.468164606395646        305.92143111912844        401.87503151401989     
 550_seed.data         203  0.28201745621339047       0.62221652290857699        57.249543611318266        126.30995415044113       0.34541568599329581        70.119384256639052        237.71266851222563        287.33020180983266     
 551_seed.data         178  0.26539318817623453       0.61390381007009298        47.239987495369746        109.27487819247655       0.32695826915107074        58.198571908890592        270.09993156170600        333.22633522321365     
 552_seed.data         219  0.29672142686707947       0.66192530248787729        64.981992483890409        144.96164124484514       0.35221331987549037        77.134717052732398        231.33608813869813        278.93200928176532     
 553_seed.data         185  0.26310234199663418       0.59031553745796905        48.673933269377322        109.20837442972427       0.33592781540614813        62.146645850137403        351.70657021747223        472.45191990870734     
 554_seed.data         140  0.23605668254329390       0.55586997542502237        33.047935556061148        77.821796559503127       0.29897500232902724        41.856500326063816        275.58026112364757        320.37772550144206     
 555_seed.data         148  0.12874008705776541       0.30331585917629544        19.053532884549281        44.890747158091727       0.17069338111180599        25.262620404547285        292.56527257253401        358.01774772041477     
 556_seed.data         146  0.22280138120048373       0.50164073475318927        32.529001655270626        73.239547273965627       0.27532568383528028        40.197549839950923        223.53937931236135        233.94078895557092     
 557_seed.data         222  0.29514201451587996       0.66172455081942338        65.521527222525350        146.90285028191198       0.34870575216045530        77.412676979621082        266.28108275135395        328.18636509320316     
 558_seed.data         209  0.25231293057879778       0.56868848107362724        52.733402490968736        118.85589254438810       0.31303436599863654        65.424182493715037        354.80396193447683        502.93911342800192     
 559_seed.data         142  0.25614471054574289       0.58124479472445068        36.372548897495491        82.536760850872000       0.32067056164181795        45.535219753138151        217.88470188914340        239.88553627516131     
 560_seed.data         146  0.19456320814251596       0.44880500986430427        28.406228388807332        65.525531440188431       0.25961054228270070        37.903139173274305        235.77957494617462        265.31701856885860     
 561_seed.data         127  0.12471966585075588       0.29341524331227536        15.839397563045996        37.263735900658972       0.15364090788605678        19.512395301529210        262.51457894127554        317.04529917825909     
 562_seed.data         158  0.21592634451261600       0.48295396720985201        34.116362432993327        76.306726819156623       0.27041761609908782        42.725983343655876        190.38000713394320        208.82544015735874     
 563_seed.data         193  0.30482268269140639       0.67349739445065038        58.830777759441432        129.98499712897552       0.36678625720138608        70.789747639867514        268.65841998836407        327.54105722191849     
 564_seed.data         193  0.23348548655720364       0.53081427982817864        45.062698905540302        102.44715600683848       0.29533471771367714        56.999600518739690        260.64988574669007        326.54301393363249     
 565_seed.data         182  0.29336851838045153       0.65169291654630190        53.393070345242180        118.60811081142694       0.35654383460987488        64.890977898997221        229.16609213081560        276.95331766904701     
 566_seed.data         171  0.24166051559807036       0.55979827107314573        41.323948167270032        95.725504353507915       0.29115554100208485        49.787597511356509        249.57370586622812        288.63607279367045     
 567_seed.data         145  0.26410626571087809       0.61680721375722769        38.295408528077324        89.437045994798012       0.32052543478080975        46.476188043217412        201.79380159578449        214.85211596659011     
 568_seed.data         134  0.25877139305173408       0.60469721210365968        34.675366668932369        81.029426421890392       0.30646808246485086        41.066723050290015        166.06584419907085        163.61270573437415     
 569_seed.data         136  0.26739479133245331       0.59884427625746017        36.365691621213649        81.442821571014576       0.32093932523061008        43.647748231362968        155.99269723456362        152.93363048125761     
 570_seed.data         197  0.28810482500819945       0.64596236327580381        56.756650526615289        127.25458556533334       0.34461548880182008        67.889251293958552        226.89082501478535        256.93457875445165     
 571_seed.data         215  0.29987345243269864       0.68267254203487004        64.472792273030208        146.77459653749705       0.35314580569400378        75.926348224210813        230.95640035166872        281.71830394441008     
 572_seed.data         149  0.23101345710187374       0.53204276482721913        34.421005108179187        79.274371959255646       0.27005310619006756        40.237912822320069        237.10007871311052        257.16296607048940     
 573_seed.data         156  0.25985409564817041       0.57986452875488259        40.537238921114586        90.458866485761689       0.32485110094340008        50.676771747170413        241.81797999060984        274.63358828584973     
 574_seed.data         134  0.11305422684188018       0.25776061711310444        15.149266396811944        34.539922693155994       0.13574167085520664        18.189383894597690        295.94883456129566        353.10554753979034     
 575_seed.data         157  0.22921814204494209       0.52624136222590046        35.987248301055907        82.619893869466367       0.27311518737728147        42.879084418233191        183.67293051320078        186.44009591245330     
 576_seed.data         161  0.26275198384131021       0.58648933962033600        42.303069398450944        94.424783678874093       0.33308500028697058        53.626685046202262        212.83496433545662        238.56902585132158     
 577_seed.data         203  0.25246218931338155       0.56297515173387114        51.249824430616457        114.28395580197584       0.31161223743898903        63.257284200114775        259.93140700956508        305.81032533129974     
 578_seed.data         207  0.23936663968426167       0.54950371117825847        49.548894414642163        113.74726821389950       0.29834592881760952        61.757607265245170        387.74923112005661        539.10268644289283     
 579_seed.data         127  0.27194097128304173       0.61386396470728766        34.536503352946298        77.960723517825528       0.33083105938310747        42.015544541654648        137.37431761533480        128.81501346609053     
 580_seed.data         193  0.23530729431052935       0.53841377559223857        45.414307801932168        103.91385868930205       0.30135462841327038        58.161443283761180        343.07639157996584        444.56461482879575     
 581_seed.data         129  0.25547058950381507       0.58383892475113008        32.955706045992144        75.315221292895785       0.31842208725792431        41.076449256272234        161.90199115663162        149.74984040480527     
 582_seed.data         191  0.30594003706516187       0.68773584804035381        58.434547079445920        131.35754697570758       0.36004246493438419        68.768110802467376        205.19438415989026        220.53720213005116     
 583_seed.data         210  0.23142416542571126       0.53332059659778075        48.599074739399363        111.99732528553396       0.28343556643878864        59.521468952145618        277.01442821049397        330.16959688983934     
 584_seed.data         193  0.26651028014306016       0.61193150450316502        51.436484067610614        118.10278036911085       0.33200060985231944        64.076117701497651        287.02393202023217        318.61036258704661     
 585_seed.data         163  0.19941320351319758       0.46721095736383694        32.504352172651203        76.155386050305424       0.24806215470313858        40.434131216611590        250.72732575201110        283.53228680795291     
 586_seed.data         175  0.29286693669136182       0.65049940937595097        51.251713920988323        113.83739664079143       0.34147195714937167        59.757592501140046        238.60105009312969        271.27630470554004     
 587_seed.data         137  0.31852792740868097       0.71112041740356846        43.638326054989292        97.423497184288877       0.37037704332543797        50.741654935585004        159.58816766727637        154.00663288800752     
 588_seed.data         150  0.25820813138171200       0.59176396187295144        38.731219707256798        88.764594280942717       0.30105370136398585        45.158055204597879        169.08304206086527        171.80855500603951     
 589_seed.data         220  0.30741502010389360       0.68790855638023041        67.631304422856587        151.33988240365068       0.35931260944825272        79.048774078615594        248.48931755756834        306.90359864103488     
 590_seed.data         131  0.29872507547513627       0.65801626630386634        39.132984887242849        86.200130885806487       0.37449882634260090        49.059346250880715        155.99192718053459        157.91786410297323     
 591_seed.data         172  0.25752627380248072       0.59509639083859900        44.294519094026683        102.35657922423903       0.30329345589867790        52.166474414572598        176.26753991191833        186.99175747661289     
 592_seed.data         137  0.25681324403318395       0.58546302784837789        35.183414432546201        80.208434815227776       0.30165971449580453        41.327380885925223        225.83894409797753        252.54894291298746     
 593_seed.data         188  0.18978336167367008       0.43916286938726901        35.679271994649973        82.562619444806572       0.23563141703388052        44.298706402369540        364.55252824043271        522.83445570562128     
 594_seed.data         210  0.31046182877599560       0.69841112276672968        65.196984042959073        146.66633578101323       0.35807787962285331        75.196354720799192        185.49616341515164        205.52160878010471     
 595_seed.data         175  0.19886260594155122       0.44524843252054308        34.800956039771464        77.918475691095040       0.25509114744890771        44.640950803558852        298.85825018038099        395.03223802956575     
 596_seed.data         126  0.33770536767722548       0.76066720228266838        42.550876327330407        95.844067487616215       0.37196863569178146        46.868048097164461        118.62687479044693        105.87800571140313     
 597_seed.data         173  0.25621256257522002       0.58197933517927580        44.324773325513064        100.68242498601471       0.29880413505024839        51.693115363692968        168.08950357182547        176.19792877377657     
 598_seed.data         130  0.18305437227096019       0.42901485033561987        23.797068395224827        55.771930543630582       0.22030867255042455        28.640127431555193        242.06524101441588        291.83046855900704     
 599_seed.data         184  0.34405836436271225       0.74564421705271799        63.306739042739054        137.19853593770011       0.40391306479144173        74.320003921625272        182.82636102801354        196.21496829696099     
 600_seed.data         140  0.24418404126341187       0.56080418083417316        34.185765776877659        78.512585316784239       0.28718988274586599        40.206583584421239        179.14475716869347        185.29067421125748     
 601_seed.data         128  0.23457670423599419       0.53102305305690234        30.025818142207257        67.970950791283499       0.31299883967220665        40.063851478042452        289.70068510154942        363.18959355744801     
 602_seed.data         137  0.29592682923615465       0.66836938009716806        40.541975605353187        91.566605073312019       0.35135496346178502        48.135629994264548        210.90381641345127        219.43090915467567     
 603_seed.data         214  0.26891840250090343       0.60568816390053482        57.548538135193333        129.61726707471445       0.32848557174623533        70.295912353694362        256.81767378558351        307.76007514777308     
 604_seed.data         153  0.20561341337526845       0.47942355672417875        31.458852246416072        73.351804178799341       0.26192081723494015        40.073885036945846        319.53395422404350        385.51930062428727     
 605_seed.data         160  0.14664078291374563       0.34540988280655421        23.462525266199300        55.265581249048672       0.18803463149392094        30.085541039027351        331.61129658721524        405.90441662806393     
 606_seed.data         188  0.20937786123865035       0.47554099251961340        39.363037912866268        89.401706593687322       0.29015057021366075        54.548307200168225        396.91391142633319        573.80467428771431     
 607_seed.data         155  0.29177207389469206       0.65766180619801040        45.224671453677267        101.93757996069161       0.36528587282054564        56.619310287184575        187.37851894327440        205.50704968796498     
 608_seed.data         185  0.26693188999057338       0.60069550234754310        49.382399648256076        111.12866793429548       0.32431887931378928        59.998992673051013        227.84580211896946        265.51470226848835     
 609_seed.data         149  0.27165934649410961       0.61778603853957803        40.477242627622331        92.050119742397129       0.33290869669479056        49.603395807523796        170.26331620258517        180.74923687074943     
 610_seed.data         213  0.27289389388930074       0.61153073289908422        58.126399398421057        130.25604610750494       0.33014713480885588        70.321339714286296        302.32517438053640        392.07065618023074     
 611_seed.data         222  0.30546655671239220       0.68543871844989368        67.813575590151075        152.16739549587641       0.36510700733475226        81.053755628315002        296.19468712030965        387.12800510783342     
 612_seed.data         152  0.24044366967221228       0.55124520748600747        36.547437790176268        83.789271537873134       0.29317456834951028        44.562534389125560        217.03633672921504        215.62947947695261     
 613_seed.data         204  0.29734375130569879       0.66104236858387000        60.658125266362553        134.85264319110948       0.34942477158178176        71.282653402683479        200.95728339962523        224.45919691720252     
 614_seed.data         139  0.28386216455864666       0.63571760423785262        39.456840873651885        88.364746989061516       0.34338390413497955        47.730362674762155        221.16478000197870        230.91715812902507     
 615_seed.data         215  0.24942425543747146       0.56911630508977240        53.626214919056366        122.36000559430107       0.31026122182218285        66.706162691769308        309.07247849648962        399.88899256606231     
 616_seed.data         179  0.30517061697393133       0.69164211591624658        54.625540438333708        123.80393874900814       0.34484368794859394        61.727020142798317        178.58060171800315        195.09767088434677     
 617_seed.data         216  0.19038224266866219       0.44241751276576330        41.122564416431032        95.562182757404869       0.22495993700473313        48.591346393022356        335.50877981545671        468.64732308463260     
 618_seed.data         202  0.26558453225883710       0.60698926713324786        53.648075516285097        122.61183196091606       0.33028142998019400        66.716848855999189        275.97295526544997        337.43804246535319     
 619_seed.data         162  0.28458653493921737       0.63938759166457804        46.103018660153211        103.58078984966164       0.36020072607198972        58.352517623662337        265.68985696728015        319.63959712265751     
 620_seed.data         160  0.31629801913798544       0.70269057659314160        50.607683062077669        112.43049225490266       0.38702240640430324        61.923585024688521        215.18900788372963        224.46449165844572     
 621_seed.data         172  0.28725674179894745       0.65743981955979947        49.408159589418958        113.07964896428551       0.34336019863815143        59.057954165762048        239.01601178622701        244.08171918460198     
 622_seed.data         131  0.26573372826034047       0.62054353499731107        34.811118402104604        81.291203084647748       0.32713586128962391        42.854797828940733        173.18268668773288        173.79244933406324     
 623_seed.data         125  0.22087408397395963       0.51586889924622181        27.609260496744955        64.483612405777720       0.27661039934925519        34.576299918656900        251.26515028284945        274.89958473030089     
 624_seed.data         158  0.28836520360914980       0.65719698611915001        45.561702170245667        103.83712380682570       0.35160141826834490        55.553024086398494        179.12184121943480        186.87995569536952     
 625_seed.data         135  0.20587966831241283       0.47079677103464279        27.793755222175733        63.557564089676774       0.23401311113123957        31.591770002717343        255.86542410421865        275.45137196427027     
 626_seed.data         183  0.27586101587264844       0.61537718737713187        50.482565904694667        112.61402529001514       0.34068923971579895        62.346130867991207        242.50129533309504        294.20625312088453     
 627_seed.data         138  0.25118899583097443       0.57927664827605807        34.664081424674471        79.940177462096017       0.30708764234471048        42.378094643570044        217.43116687516866        230.20395654174561     
 628_seed.data         207  0.30187904766303097       0.68286393575606819        62.488962866247412        141.35283470150611       0.34807551717174617        72.051632054551462        202.12086167646868        222.19483431920276     
 629_seed.data         139  0.31699774703037559       0.71844525192752906        44.062686837222209        99.863890017926536       0.37356228733470881        51.925157939524524        151.92841046371339        143.62106514037339     
 630_seed.data         182  0.15954458993491649       0.37097518636407911        29.037115368154801        67.517483918262400       0.21152019934935407        38.496676281582438        372.28602221447562        498.27775803744572     
 631_seed.data         149  0.23549130517738154       0.53675420861230239        35.088204471429847        79.976377083233061       0.28374631741980788        42.278201295551376        223.92805960893602        253.05054997471549     
 632_seed.data         192  0.25507385164859669       0.56199004897711802        48.974179516530569        107.90208940360665       0.31838198901978249        61.129341891798234        281.00421813556551        377.63684540788273     
 633_seed.data         189  0.28024545758969599       0.64975187508073629        52.966391484452544        122.80310439025916       0.34311670667467598        64.849057561513760        211.54177705591647        233.05803275820472     
 634_seed.data         177  0.27428484552891524       0.61358100713446184        48.548417658618000        108.60383826279974       0.33590974822020575        59.456025434976418        235.30280561152668        275.95992961861873     
 635_seed.data         155  0.25091055238941851       0.56594330823818273        38.891135620359869        87.721212776918321       0.29823192698232992        46.225948682261141        198.17293682109576        197.23361366309351     
 636_seed.data         213  0.26230066275326708       0.59326309122895249        55.870041166445887        126.36503843176688       0.31090088266414534        66.221888007462951        258.05926285749251        311.86757509470254     
 637_seed.data         151  0.22401881723603248       0.51013140844469684        33.826841402640902        77.029842675149226       0.28304225886800288        42.739381089068438        303.13851045339118        338.06653793257613     
 638_seed.data         141  0.29164165883073256       0.64963737064437888        41.121473895133292        91.598869260857427       0.35977784052677181        50.728675514274826        185.40253860473183        198.61697083729865     
 639_seed.data         217  0.29834359539423433       0.66630654358290564        64.740560200548856        144.58851995749052       0.34271225898158797        74.368560199004591        216.89305616661417        255.70669076079531     
 640_seed.data         213  0.20732086406647174       0.47458661487987353        44.159344046158481        101.08694896941306       0.25864648502777982        55.091701310917102        453.29278083698216        731.15784867825607     
 641_seed.data         126  0.21143271110396042       0.49312386091984400        26.640521599099014        62.133606475900343       0.27920778423211146        35.180180813246047        245.62802235060983        270.27583231751441     
 642_seed.data         165  0.26605207416050008       0.59011519146326374        43.898592236482514        97.369006591438520       0.32035919646116062        52.859267416091505        179.91428320682073        180.65049173864165     
 643_seed.data         216  0.23923341751625116       0.54654297097872084        51.674418183510248        118.05328173140370       0.28774473731879674        62.152863260860094        352.61815418131943        440.63720955679804     
 644_seed.data         212  0.28515381410555757       0.64711325804345887        60.452608590378205        137.18801070521329       0.34030124813481061        72.143864604579846        294.17650281844385        369.14232365728384     
 645_seed.data         136  0.27538744097977153       0.63380027651067794        37.452691973248925        86.196837605452203       0.31991012340847158        43.507776783552131        191.59603538923079        179.90598988071386     
 646_seed.data         218  0.29753184929909915       0.66449707531632674        64.861943147203618        144.86036241895923       0.35745468986536422        77.925122390649406        272.86833050144639        349.89860476414435     
 647_seed.data         200  0.27290938780888974       0.60700941166707756        54.581877561777944        121.40188233341551       0.32203174497632914        64.406348995265830        217.01472392136318        245.27906595832991     
 648_seed.data         129  0.26455161711254993       0.61160423245938000        34.127158607518943        78.896945987260025       0.31575165647655495        40.731963685475591        217.08789687256410        239.04069264342024     
 649_seed.data         190  0.23862231647344009       0.54971687094895705        45.338240129953618        104.44620548030184       0.29097323359377320        55.284914382816908        257.79543456532923        333.73102871485389     
 650_seed.data         158  0.25199594651250629       0.57520017884232144        39.815359548975991        90.881628257086788       0.30687109605050844        48.485633175980333        206.20693413413892        226.04499604026029     
 651_seed.data         143  0.20650714407496604       0.48570030432890909        29.530521602720142        69.455143519033996       0.25196534787437025        36.031044746034944        256.16440459937240        308.83208384345699     
 652_seed.data         156  0.28507689151632754       0.64087517079761536        44.471995076547095        99.976526644427992       0.34299708957739772        53.507545974074041        171.70223630259093        180.25525846080703     
 653_seed.data         145  0.25979430814054405       0.58189654385340028        37.670174680378885        84.374998858743041       0.33387962422954326        48.412545513283774        186.96571861427157        203.37883967239884     
 654_seed.data         221  0.21114223822920608       0.48115970818735898        46.662434648654546        106.33629550940634       0.28068228692361546        62.030785410119016        402.51584042232196        571.39319527225075     
 655_seed.data         145  0.28417768742980398       0.64678486581832006        41.205764677321575        93.783805543656413       0.33989795660928929        49.285203708346948        176.70611149599691        174.84293551547486     
 656_seed.data         187  0.29333076595983248       0.65946600529347588        54.852853234488677        123.32014298987998       0.35205569393809055        65.834414766422938        195.22488664084469        216.62640543510133     
 657_seed.data         136  0.22509669423446815       0.52993746674218678        30.613150415887670        72.071495476937400       0.26941815718380879        36.640869376997998        298.62075271881196        345.79666880240291     
 658_seed.data         223  0.26523642730356989       0.59653025676084648        59.147723288696085        133.02624725766876       0.31769864702732459        70.846798287093378        286.52719200487343        351.53924230593134     
 659_seed.data         129  0.21071393299962746       0.48407065948597156        27.182097356951942        62.445115073690332       0.26678666731314760        34.415480083396041        189.05839371403030        198.15961945060087     
 660_seed.data         176  0.19289875776776030       0.44019464646440881        33.950181367125815        77.474257777735957       0.24528082713177507        43.169425575192413        233.93581360860318        265.97916767655681     
 661_seed.data         150  0.33242945529828727       0.73597298959322488        49.864418294743089        110.39594843898374       0.38017418703545225        57.026128055317841        139.45151075876458        139.81638892165543     
 662_seed.data         225  0.27532501757951772       0.61394235809045161        61.948128955391489        138.13703057035161       0.31867759538193985        71.702458960936468        264.87850612207450        334.52503003862438     
 663_seed.data         130  0.30407682990724322       0.67867208074087659        39.529987887941616        88.227370496313952       0.35270657010538170        45.851854113699623        132.31102419672678        119.61492445963226     
 664_seed.data         223  0.31258961148532405       0.69503645765285182        69.707483361227261        154.99313005658595       0.36121880802426670        80.551794189411481        222.62163626969684        258.67683255161870     
 665_seed.data         137  0.26722185871921478       0.60813258347084698        36.609394644532422        83.314163935506031       0.34419874041637744        47.155227437043706        189.68642880706474        191.65539354555125     
 666_seed.data         194  0.24099577760915275       0.54861366733870942        46.753180856175632        106.43105146370962       0.30029364710081474        58.256967537558062        325.09753647651650        420.40699740895957     
 667_seed.data         199  0.27781007653780493       0.61746267343298256        55.284205231023179        122.87507201316353       0.32651154387220915        64.975797230569626        284.78051126598194        380.54947856496676     
 668_seed.data         158  0.33957292285883367       0.74860180341061455        53.652521811695721        118.27908493887711       0.39369162357846582        62.203276525397598        148.20503487386452        143.21788402028116     
 669_seed.data         188  0.28652878390694969       0.63522425193424581        53.867411374506545        119.42215936363822       0.35627302537591138        66.979328770671344        245.77671031771169        291.81218834018767     
 670_seed.data         223  0.28018338730557141       0.61659539251146989        62.480895369142424        137.50077253005779       0.32673283166354655        72.861421460970888        222.71421617530035        258.43759871585115     
 671_seed.data         222  0.27604237339814169       0.62377508310386642        61.281406894387459        138.47806844905836       0.34058582082397526        75.610052222922505        277.92435698323055        349.03829666473956     
 672_seed.data         202  0.24541007265584519       0.56566163664549129        49.572834676480731        114.26365060238925       0.29862447431122308        60.322143810867061        308.99761941473173        375.10687190935244     
 673_seed.data         143  0.28918643726177873       0.64607101110633214        41.353660528434361        92.388154588205495       0.34307529097713962        49.059766609730964        225.67124066620187        245.95559593765049     
 674_seed.data         218  0.32162252291382293       0.70851262263036008        70.113709995213398        154.45575173341851       0.36854968353418105        80.343831010451467        219.93615552269651        251.77041749232012     
 675_seed.data         194  0.19925726936506802       0.45394235370320418        38.655910256823198        88.064816618421617       0.27165200785910903        52.700489524667155        364.10449250926922        515.11991686345630     
 676_seed.data         158  0.17314887801965076       0.40755320928490341        27.357522727104818        64.393407067014735       0.24930530044497268        39.390237470305685        295.74019770964003        364.77493413137148     
 677_seed.data         210  0.32768943768808612       0.70817160977629690        68.814781914498084        148.71603805302234       0.37928000464246076        79.648800974916753        181.98712165647945        203.60789538018520     
 678_seed.data         160  0.25501296132103396       0.59149124958408661        40.802073811365432        94.638599933453861       0.32010840259028961        51.217344414446337        233.20564586426377        269.88800802008848     
 679_seed.data         202  0.22094283714323504       0.49178922722358814        44.630453102933480        99.341423899164809       0.29020465170972259        58.621339645363967        365.74527629554433        535.32242908242938     
 680_seed.data         129  0.30313657550650830       0.67690329342027711        39.104618240339569        87.320524851215751       0.35960540208923186        46.389096869510908        161.24205717023113        149.92802254424137     
 681_seed.data         196  0.19479612285433273       0.43587065905396749        38.180040079449213        85.430649174577624       0.25937200432810648        50.836912848308870        328.75340913612951        448.07417769225992     
 682_seed.data         180  0.31462605387173115       0.70390465922038348        56.632689696911605        126.70283865966903       0.36176788564893159        65.118219416807690        195.51367823034386        209.87962136753487     
 683_seed.data         225  0.23252066910663088       0.53134989079464168        52.317150548991947        119.55372542879438       0.29049788331279108        65.362023745377996        360.05684690219090        515.60100513870600     
 684_seed.data         154  0.21780175882225025       0.49553364299885927        33.541470858626539        76.312181021824330       0.26769620632238711        41.225215773647612        219.96265284201530        257.62900888838476     
 685_seed.data         199  0.25542527050395825       0.56979708615275848        50.829628830287689        113.38962014439893       0.31596795400558331        62.877622847111077        269.79119022860300        330.15967359439850     
 686_seed.data         161  0.27116510060229349       0.61414278428033775        43.657581196969254        98.876988269134372       0.33537970686913321        53.996132805930444        243.61758494723776        287.07980094098036     
 687_seed.data         162  0.24138390674321186       0.54678438917497807        39.104192892400320        88.579071046346442       0.29456979164170199        47.720306245955726        228.22436971638390        251.61690405105787     
 688_seed.data         214  0.26251568876829662       0.57532310986315527        56.178357396415478        123.11914551071523       0.32351831947463716        69.232920367572348        257.34786948729766        325.03268053617427     
 689_seed.data         143  0.20319814585904086       0.46207134771577252        29.057334857842843        66.076202723355465       0.28392874836389559        40.601811016037068        275.45501430110488        293.79187804802814     
 690_seed.data         192  0.23174321548762553       0.52652334043135196        44.494697373624099        101.09248136281957       0.29380780050070510        56.411097696135378        340.40964462731716        472.82110152296690     
 691_seed.data         144  0.31205594072692922       0.70030583789719014        44.936055464677807        100.84404065719538       0.35843983124196754        51.615335698843325        161.63040680066382        148.64320973822538     
 692_seed.data         163  0.24515492048636936       0.55517456879305382        39.960252039278203        90.493454713267766       0.29361851777230025        47.859818396884940        258.55266853609123        293.65906639390607     
 693_seed.data         198  0.33294897214458347       0.73483008522446380        65.923896484627519        145.49635687444382       0.38021774457379487        75.283113425611390        172.89663704694732        187.55964715178553     
 694_seed.data         125  0.24949278162443755       0.57075691837164755        31.186597703054694        71.344614796455943       0.29744239190407579        37.180298988009476        137.46192697373920        129.57164967012216     
 695_seed.data         195  0.22431697556533070       0.51642404273711673        43.741810235239484        100.70268833373777       0.28792277615571144        56.144941350363730        301.71364537089568        382.21540960570024     
 696_seed.data         169  0.25800370496628394       0.58183590228538351        43.602626139301989        98.330267486229815       0.30595540278573996        51.706463070790051        235.24190853893273        280.49870333351743     
 697_seed.data         136  0.32190827725450760       0.72659100776950436        43.779525706613036        98.816377056652598       0.35596175586336859        48.410798797418131        145.39161238603648        132.48620436930443     
 698_seed.data         145  0.29384336284305435       0.65727247976317171        42.607287612242878        95.304509565659899       0.35009730583456589        50.764109346012056        235.25550347581014        246.60024422191378     
 699_seed.data         196  0.21708356155208475       0.50798767974063042        42.548378064208613        99.565585229163560       0.25864926982107661        50.695256884931013        323.96712722696088        417.78950393706361     
 700_seed.data         217  0.23885781221082802       0.55769728445155053        51.832145249749679        121.02031072598646       0.28286151828750844        61.380949468389332        346.24168950945261        471.85225780576832     
 701_seed.data         136  0.28972479703362852       0.66548642187914719        39.402572396573476        90.506153375564026       0.32961260931298481        44.827314866565935        201.24032705578315        206.93459726393462     
 702_seed.data         169  0.29646820155053277       0.66100121403804879        50.103126062040040        111.70920517243025       0.36855558231031316        62.285893410442924        210.83258761021170        232.54990406449596     
 703_seed.data         156  0.28355270330174603       0.63958707965573203        44.234221715072380        99.775584426294202       0.32410513339473918        50.560400809579313        156.75270372603350        158.48353749884481     
 704_seed.data         125  0.28397683301553373       0.64239439978764645        35.497104126941714        80.299299973455803       0.33877681346447364        42.347101683059208        161.77557040137503        153.38510895083303     
 705_seed.data         214  0.28924638402207742       0.65455649580079678        61.898726180724566        140.07509010137051       0.33549350129783351        71.795609277736375        228.45384711242255        250.67195602716171     
 706_seed.data         164  0.32015019686979307       0.72674829430387899        52.504632286646064        119.18672026583616       0.36288651388695309        59.513388277460308        167.31832621735910        169.77838908506865     
 707_seed.data         132  0.28913123845461569       0.65670388848559913        38.165323476009270        86.684913280099082       0.34736396524004787        45.852043411686317        180.66132158110361        181.47933477394861     
 708_seed.data         159  0.29276556388254626       0.64239766900071471        46.549724657324859        102.14122937111364       0.37635410013569826        59.840301921576021        207.39783006885847        238.38732138757044     
 709_seed.data         184  0.26893155159148363       0.61935721627776941        49.483405492832986        113.96172779510957       0.33071629514055839        60.851798305862744        276.87384064417284        330.89001966083146     
 710_seed.data         164  0.28691175303533611       0.66058370029392943        47.053527497795123        108.33572684820443       0.34554216289237327        56.668914714349214        228.26300146386913        246.19607579123962     
 711_seed.data         219  0.28192424745530104       0.62385073036917560        61.741410192710930        136.62330995084946       0.33585144662167871        73.551466810147630        229.00118988788225        261.93343680698530     
 712_seed.data         151  0.25390908047294541       0.58987757063028889        38.340271151414754        89.071513165173627       0.29121540606055141        43.973526315143260        192.72634349958571        190.26336224242320     
 713_seed.data         181  0.28336310813061139       0.62494896912368181        51.288722571640662        113.11576341138641       0.34517001351516313        62.475772446244527        202.78724321367810        226.70005497494125     
 714_seed.data         143  0.24191749512498667       0.54037250913961798        34.594201802873094        77.273268806965376       0.29236521187863951        41.808225298645446        204.97308031008561        218.40967604185454     
 715_seed.data         213  0.32423976690026624       0.72512537737566063        69.063070349756714        154.45170538101573       0.37675262161018919        80.248308402970295        206.99824038197551        229.81257508270119     
 716_seed.data         215  0.34440631494055196       0.73889582662966458        74.047357712218670        158.86260272537788       0.40926412587335431        87.991787062771181        211.56667942917161        242.04883604312235     
 717_seed.data         136  0.27068463629027106       0.62832122105706723        36.813110535476866        85.451686063761144       0.32000577992113866        43.520786069274855        204.23748900179015        217.14019291964834     
 718_seed.data         159  0.26901099042628340       0.62737754413166702        42.772747477779063        99.753029516935058       0.33567018913339208        53.371560072209341        215.03013409609105        248.17981828966262     
 719_seed.data         132  0.30135061803314817       0.67884439501841920        39.778281580375555        89.607460142431336       0.35387936627690403        46.712076348551335        153.58727474601619        149.39952293816893     
 720_seed.data         151  0.21938613639473678       0.51135941013696862        33.127306595605255        77.215270930682266       0.28166686733716512        42.531696967911934        203.02019727524439        228.77106155647411     
 721_seed.data         175  0.27849201535944718       0.62422392443811492        48.736102687903255        109.23918677667011       0.34070926820665642        59.624121936164876        212.77768299126501        243.61701857802927     
 722_seed.data         151  0.26060685577504855       0.57701193986419985        39.351635222032328        87.128802919494177       0.31567255797391602        47.666556254061319        200.78905052719961        207.02999524481365     
 723_seed.data         126  0.25078802461951372       0.57766539776914250        31.599291102058729        72.785840118911949       0.33094290325403658        41.698805810008608        220.70668011299674        220.41739675098137     
 724_seed.data         142  0.16424888303048926       0.39072900128617688        23.323341390329475        55.483518182637120       0.21735157519837076        30.863923678168646        309.98865323057458        427.77566626243453     
 725_seed.data         184  0.26459580091504115       0.60578714152929425        48.685627368367570        111.46483404139015       0.32601434383091482        59.986639264888325        254.50547829423172        313.28871405801806     
 726_seed.data         136  0.27667666772714200       0.62401038246111940        37.628026810891313        84.865412014712234       0.33514808159290710        45.580139096635364        183.87865783377609        189.95266753283275     
 727_seed.data         221  0.32283866091228819       0.71418461896976759        71.347344061615686        157.83480079231865       0.37372748128841288        82.593773364739249        222.48911908979139        273.00268129503780     
 728_seed.data         149  0.27316495667171714       0.61542232267087960        40.701578544085855        91.697926077961057       0.33558145267786660        50.001636449002120        197.42172322921814        215.55071678681838     
 729_seed.data         156  0.25086482244798097       0.58193266479294481        39.134912301885031        90.781495707699392       0.31319954416157353        48.859128889205472        307.88928932620183        316.83750516837046     
 730_seed.data         156  0.24713363486188905       0.54885500579177693        38.552847038454694        85.621380903517206       0.30645450953358572        47.806903487239374        230.17911219886929        267.08229902600334     
 731_seed.data         130  0.20217530617391449       0.45729030031781476        26.282789802608885        59.447739041315920       0.26754276371853314        34.780559283409310        236.79899379149859        265.20258827663099     
 732_seed.data         130  0.25087350904974903       0.57855186813841486        32.613556176467377        75.211742857993926       0.30665231384727332        39.864800800145531        216.72994126704384        230.02505873472256     
 733_seed.data         179  0.29124701804983716       0.65540258292318188        52.133216230920851        117.31706234324956       0.35387381189605582        63.343412329393992        224.83963917872268        254.22748236669236     
 734_seed.data         199  0.28478048914876503       0.64723389144381926        56.671317340604240        128.79954439732003       0.35159117805578788        69.966644433101791        295.23612174506582        380.22751663258373     
 735_seed.data         141  0.30591188593475965       0.67695056263519005        43.133575916801114        95.450029331561794       0.37097365299278751        52.307285071983038        174.65746185889299        161.57965547249316     
 736_seed.data         136  0.22520180055945435       0.51512384167066105        30.627444876085793        70.056842467209904       0.29037065393619377        39.490408935322350        218.05464140730234        248.35310247094245     
 737_seed.data         128  0.30077176403621225       0.66638771293702970        38.498785796635168        85.297627255939801       0.36395884162786596        46.586731728366843        189.56499126743159        192.66712278679603     
 738_seed.data         179  0.28315383409832295       0.62461496930732663        50.684536303599806        111.80607950601147       0.34349895587090457        61.486313100891920        228.82741003197202        246.40137845228142     
 739_seed.data         178  0.30590711485682265       0.68151573121892950        54.451466444514431        121.30980015696944       0.37688059424134285        67.084745774959032        252.59547965313902        276.16696544751420     
 740_seed.data         212  0.34733164856504223       0.74800312831799143        73.634309495788955        158.57666320341417       0.40207413610675952        85.239716854633016        216.25404580395013        236.98072156326819     
 741_seed.data         131  0.26924803773027500       0.61077784797076162        35.271492942666022        80.011898084169772       0.31921090151396336        41.816628098329204        173.82764850992820        171.21083392032594     
 742_seed.data         172  0.25548263256931170       0.59595221615968252        43.943012801921611        102.50378117946539       0.30642280532696481        52.704722516237950        203.25669008290762        194.58038397872173     
 743_seed.data         202  0.27566674643333478       0.62530913003654165        55.684682779533624        126.31244426738141       0.34484536993666021        69.658764727205366        260.66277330719498        324.16233106403945     
 744_seed.data         167  0.24722520836637998       0.55572102287355274        41.286609797185456        92.805410819883306       0.31155805491709654        52.030195171155121        249.20848953305139        283.67566528683307     
 745_seed.data         151  0.33559966400896368       0.74314474109393380        50.675549265353517        112.21485590518401       0.38655017586614321        58.369076555787622        164.94215308053361        153.83690272488434     
 746_seed.data         172  0.25071842074249334       0.59167278505524890        43.123568367708856        101.76771902950281       0.29304477506285609        50.403701310811250        219.36169497149370        245.81107086427880     
 747_seed.data         167  0.24723046251712763       0.55451364427720151        41.287487240360313        92.603778594292649       0.31304568228287882        52.278628941240761        207.00338860719978        230.63895775276919     
 748_seed.data         211  0.26119913351597535       0.58235889961379672        55.113017171870801        122.87772781851110       0.30618925298546645        64.605932379933421        247.45763954128122        292.52873108963684     
 749_seed.data         127  0.26869065482935195       0.63060106374869018        34.123713163327700        80.086335096083658       0.31386446370065929        39.860786889983729        173.55752357708852        166.09045099368487     
 750_seed.data         145  0.24757835096945435       0.57529831751364036        35.898860890570880        83.418256039477853       0.28834297691984306        41.809731653377241        236.28775168977467        251.30379786910643     
 751_seed.data         180  0.27831693715872086       0.63281143816504559        50.097048688569757        113.90605886970820       0.32902087796880364        59.223758034384652        209.51010267865550        231.84938621488075     
 752_seed.data         160  0.26924599370516444       0.60520758594914204        43.079358992826315        96.833213751862729       0.32646716015921046        52.234745625473671        202.85126154625240        219.21659439435984     
 753_seed.data         142  0.27433590172471961       0.61807849539157167        38.955698044910186        87.767146345603180       0.33078840468660764        46.971953465498288        192.17536982568760        194.97238321578766     
 754_seed.data         196  0.26656668578381032       0.60534064311603653        52.247070413626822        118.64676605074315       0.31863931688490754        62.453306109441876        267.89987649555576        337.75285900694121     
 755_seed.data         199  0.26011777310868528       0.58708452309967252        51.763436848628373        116.82982009683484       0.32856933756305690        65.385298175048320        277.54106460632528        355.18381587103261     
 756_seed.data         189  0.29553322156180040       0.67256185059138296        55.855778875180278        127.11418976177139       0.35187001413024366        66.503432670616050        246.41470387439557        288.92329839475326     
 757_seed.data         222  0.34772883839836999       0.75925987087426838        77.195802124438131        168.55569133408758       0.39316953732799848        87.283637286815662        174.79570072129664        196.81850310495224     
 758_seed.data         219  0.27949450832105671       0.63126331504137867        61.209297322311421        138.24666599406194       0.33211943516063375        72.734156300178796        268.43164175725730        303.45334668640226     
 759_seed.data         159  0.17310309541818697       0.38980430278008876        27.523392171491729        61.978884142034111       0.22725656888047266        36.133794451995151        380.82359507454419        533.69573754059445     
 760_seed.data         213  0.24208355613564986       0.55558919522921824        51.563797456893418        118.34049858382349       0.27950960493497190        59.535545851149017        244.55630805303366        289.81605941375261     
 761_seed.data         202  0.24087537261967285       0.54311221010715027        48.656825269173915        109.70866644164435       0.29381447810958494        59.350524578136159        251.86487924534063        319.49014675828192     
 762_seed.data         167  0.26670691047016787       0.61063941774883279        44.540054048518037        101.97678276405507       0.32296720775657822        53.935523695348564        281.18655411078527        371.05765627047646     
 763_seed.data         224  0.29102999865775192       0.64804967575686323        65.190719699336427        145.16312736953736       0.33700803498903481        75.489799837543799        255.50301007037140        289.75100931969740     
 764_seed.data         146  0.26393265597242660       0.58645989981969959        38.534167771974282        85.623145373676138       0.34732054593490935        50.708799706496762        195.98520466241951        214.34016995310458     
 765_seed.data         153  0.21032100871930762       0.49317424701627172        32.179114334054063        75.455659793489573       0.25570862142670930        39.123419078286524        280.16286781662041        325.25653263726730     
 766_seed.data         165  0.23526593690752093       0.53407941745969756        38.818879589740952        88.123103880850095       0.28859547754546006        47.618253795000911        253.68154755125838        305.62482057220905     
 767_seed.data         217  0.31566645791250020       0.70944730139476719        68.499621367012537        153.95006440266448       0.36743860979206072        79.734178324877178        205.11634203629328        237.11503196339734     
 768_seed.data         157  0.29637639877894628       0.66607884037893261        46.531094608294566        104.57437793949242       0.34702621435567965        54.483115653841708        184.23745049665663        192.65566215262263     
 769_seed.data         132  0.25916572178670749       0.60107449836432170        34.209875275845391        79.341833784090468       0.31664838547739332        41.797586883015917        177.37638036187292        173.16048625649250     
 770_seed.data         213  0.28802868497252732       0.66668628055905632        61.350109899148322        142.00417775907900       0.33060297942860845        70.418434618293603        235.04629225399776        294.77449722581707     
 771_seed.data         172  0.35160494089701388       0.75031726293001799        60.476049834286385        129.05456922396309       0.41227768215025579        70.911761329843998        173.07474903031581        183.60261091326717     
 772_seed.data         144  0.20683216601103574       0.46124229188527305        29.783831905589146        66.418890031479322       0.27171354394202296        39.126750327651308        317.36841350496655        359.55539632121923     
 773_seed.data         177  0.23153841944234713       0.52762142306780246        40.982300241295441        93.388991883001040       0.29516462406902166        52.244138460216831        281.72455342579428        339.92007683165201     
 774_seed.data         186  0.23046157504934503       0.53429418292313258        42.865852959178177        99.378718023702660       0.27962705511888597        52.010632252112792        276.44413878300094        347.13144355491397     
 775_seed.data         201  0.25464615197782559       0.57663318762536864        51.183876547542944        115.90327071269910       0.31803838019838876        63.925714419876144        251.56981513412236        292.58874512724987     
 776_seed.data         176  0.21692129991358047       0.49828626978880808        38.178148784790160        87.698383482830224       0.27203206985963507        47.877644295295774        254.22120614471652        296.81185069867865     
 777_seed.data         160  0.30775142050021087       0.70459479938986480        49.240227280033736        112.73516790237836       0.35563891914928109        56.902227063884972        182.96295657695433        191.53168596140088     
 778_seed.data         224  0.23475075225998032       0.54046216737217234        52.584168506235592        121.06352549136660       0.27386254695055784        61.345210516924958        262.11910166793109        315.42091831364741     
 779_seed.data         141  0.18935847022065541       0.45070775383655426        26.699544301112415        63.549793290954149       0.26514995649544820        37.386143865858195        257.93302618885156        295.75623514117081     
 780_seed.data         216  0.28718319422429489       0.63788176017623544        62.031569952447697        137.78246019806684       0.33835732206462110        73.085181565958152        226.78961615525634        276.68206347785087     
 781_seed.data         172  0.32376196124101025       0.72159942163151236        55.687057333453765        124.11510052062013       0.38795969396968616        66.729067362786026        182.38621123868373        197.22991341685901     
 782_seed.data         128  0.25801592766145781       0.58038950951549373        33.026038740666600        74.289857217983197       0.31571558678228256        40.411595108132168        183.00810611677781        173.17304072291947     
 783_seed.data         210  0.32088311539336173       0.69952545651753550        67.385454232605966        146.90034586868245       0.38582872047279870        81.024031299287728        228.98365616697637        272.58715984926653     
 784_seed.data         148  0.24633501963137805       0.54300101274296686        36.457582905443950        80.364149885959094       0.30881546331359588        45.704688570412188        222.51938475470018        255.32913485515530     
 785_seed.data         192  0.28942149378424059       0.64893279197451870        55.568926806574197        124.59509605910759       0.34663945004770758        66.554774409159847        219.07306065320728        239.94273878993900     
 786_seed.data         210  0.28500779652010599       0.63893754841740114        59.851637269222259        134.17688516765423       0.34374759362046714        72.186994660298097        251.92277077018329        300.17831598961720     
 787_seed.data         156  0.26033280893211475       0.59569455888484080        40.611918193409899        92.928351186035158       0.30963892792679282        48.303672756579680        248.37846497037387        283.91671648538647     
 788_seed.data         199  0.31929025854308518       0.70839376999721959        63.538761450073949        140.97036022944670       0.38314089498072590        76.245038101164454        243.41950822470349        287.66967000725072     
 789_seed.data         192  0.19307933314281281       0.44978465174784266        37.071231963420061        86.358653135585797       0.24187512940109440        46.440024845010129        315.57626100625106        431.99349103483956     
 790_seed.data         127  0.28184929112433355       0.62061713911251659        35.794859972790363        78.818376667289613       0.34037995935594528        43.228254838205054        161.25578892601675        158.22671860855604     
 791_seed.data         184  0.25904519643664137       0.58810674846337074        47.664316144342010        108.21164171726022       0.33418536327952708        61.490106843432983        295.29995722011978        388.44288045800874     
 792_seed.data         206  0.19550356914955924       0.45493492546026915        40.273735244809203        93.716594644815444       0.24184984069626778        49.821067183431161        321.81982659524056        417.50290883544824     
 793_seed.data         200  0.26309081482438057       0.57495047159346269        52.618162964876113        114.99009431869254       0.33518615744384844        67.037231488769692        273.90542068207867        351.19614364182917     
 794_seed.data         141  0.13376442979342601       0.30567662656335487        18.860784600873068        43.100404345433034       0.17597233841762985        24.812099716885811        332.45847558947167        423.07958896600655     
 795_seed.data         194  0.32869035944603936       0.73348485010972275        63.765929732531639        142.29606092128623       0.37369290093880103        72.496422782127397        193.50412289802532        222.27137689348282     
 796_seed.data         148  0.25864294600555465       0.59138895086359478        38.279156008822092        87.525564727812025       0.31313828396924165        46.344466027447766        210.04535994152548        230.50615326223874     
 797_seed.data         190  0.26186404954714460       0.59113333160133941        49.754169413957470        112.31533300425448       0.32403442715849701        61.566541160114433        302.77640953148585        362.81811702770437     
 798_seed.data         141  0.23188346726368111       0.52127899745876083        32.695568884179039        73.500338641685275       0.29567386790982653        41.690015375285540        222.41871339645317        259.72556392164557     
 799_seed.data         127  0.33198565623640486       0.74844591721816900        42.162178342023417        95.052631486707469       0.37916554314675172        48.154023979637465        130.49660990974192        119.20035697718613     
 800_seed.data         209  0.29828758223547291       0.64763449083879243        62.342104687213840        135.35560858530761       0.38306832115693756        80.061279121799956        309.91633728564284        423.27209654391123     
 801_seed.data         208  0.23589584255586626       0.53291428382998118        49.066335251620181        110.84617103663609       0.30087346161608325        62.581680016145313        365.50672660482559        456.16681330408801     
 802_seed.data         192  0.27812717856134678       0.62301416262961429        53.400418283778578        119.61871922488595       0.35063271297289478        67.321480890795797        293.02012826174484        348.71446685821962     
 803_seed.data         167  0.26458381852290869       0.60660642847891921        44.185497693325750        101.30327355597950       0.31358882377996722        52.369333571254522        195.68436361397093        202.60583935173133     
 804_seed.data         155  0.25266569742035438       0.57469024831965110        39.163183100154932        89.076988489545926       0.32264897286847416        50.010590794613492        258.78750979860030        280.44453572770874     
 805_seed.data         137  0.16806871650776700       0.39154632988541133        23.025414161564079        53.641847194301349       0.21174547245149039        29.009129725854184        376.18303128857906        465.34016000913851     
 806_seed.data         126  0.30620249560462742       0.68445242051592581        38.581514446183057        86.241004985006654       0.36596525249249634        46.111621814054537        154.44850335083765        139.56519159991143     
 807_seed.data         132  0.16762331212826037       0.38312090755973177        22.126277200930367        50.571959797884595       0.22464559005001644        29.653217886602171        237.27122898796799        255.91598062902068     
 808_seed.data         171  0.20296144511615849       0.47065482117895618        34.706407114863104        80.481974421601507       0.25702056685667340        43.950516932491155        242.07731147868242        293.36045348734154     
 809_seed.data         139  0.23284029897165326       0.53204523971500839        32.364801557059806        73.954288320386169       0.30704970426969708        42.679908893487891        218.83687951259733        239.64325163582188     
 810_seed.data         198  0.31262171505500608       0.68289577891658826        61.899099580891203        135.21336422548447       0.36828892778661310        72.921207701749395        225.32161621725655        272.52496224944264     
 811_seed.data         190  0.33353463347429951       0.72888759333306130        63.371580360116909        138.48864273328164       0.38570277969471056        73.283528141995006        192.11018252045662        219.00516847468171     
 812_seed.data         174  0.21800805021846176       0.50389070329735375        37.933400738012345        87.676982373739548       0.27599907843149396        48.023839647079946        364.29723167661251        494.18838437097338     
 813_seed.data         204  0.27929920748537729       0.61753270035647390        56.977038327016970        125.97667087272067       0.33450109531014299        68.238223443269177        218.38534899655988        243.09732429737142     
 814_seed.data         205  0.19337567660816554       0.44609702745131674        39.642013704673936        91.449890627519935       0.23988405737607910        49.176231762096215        427.99482295624694        627.39195432706333     
 815_seed.data         133  0.33037869613410281       0.72935768548893920        43.940366585835676        97.004572170028908       0.38699396697519689        51.470197607701188        140.51746785995294        125.10614734642947     
 816_seed.data         144  0.20697640607975712       0.46964909325589721        29.804602475485027        67.629469428849205       0.25568819902392687        36.819100659445468        372.50029027403338        444.53853837825955     
 817_seed.data         213  0.24463858734006527       0.55447405886788703        52.108019103433904        118.10297453885994       0.30656655631978691        65.298676496114609        294.45382361510394        388.04212039962221     
 818_seed.data         164  0.31808061592876363       0.70352026052825967        52.165221012317232        115.37732272663459       0.36455173222065723        59.786484084187784        187.04173906237409        201.49299036207447     
 819_seed.data         198  0.29773954640974359       0.65705937575087525        58.952430189129231        130.09775639867331       0.34652404327370684        68.611760568193958        264.98340075244045        334.67407620953128     
 820_seed.data         148  0.27682054576777870       0.61775140931822292        40.969440773631248        91.427208579096998       0.32641155375927255        48.308909956372339        205.68360954026642        213.65139951953029     
 821_seed.data         225  0.22530862230462417       0.51253395159958937        50.694440018540440        115.32013910990760       0.29810227199756728        67.073011199452637        322.54332447885832        450.54758575178232     
 822_seed.data         183  0.28369974262674974       0.64799626142768463        51.917052900695204        118.58331584126628       0.32224931517136246        58.971624676359333        253.04787881976759        297.04116107754760     
 823_seed.data         140  0.24942011543482462       0.56938686889598622        34.918816160875444        79.714161645438068       0.31956231797794438        44.738724516912214        203.39440363624215        225.11440229962358     
 824_seed.data         149  0.27715970147424507       0.62421836518928631        41.296795519662517        93.008536413203657       0.32186640394739779        47.958094188162271        170.80515981530530        158.27315890109989     
 825_seed.data         131  0.25572574308805968       0.59837405660193188        33.500072344535816        78.387001414853074       0.32143331893783750        42.107764780856712        193.66970099816558        206.71705315382417     
 826_seed.data         134  0.12840987682479316       0.29818112811701208        17.206923494522282        39.956271167679617       0.16147377223109100        21.637485478966195        306.10224294434391        347.57262499633339     
 827_seed.data         179  0.25436820403995214       0.56972708761841495        45.531908523151436        101.98114868369628       0.32742260506850013        58.608646307261523        287.87043556902881        356.73169448728635     
 828_seed.data         163  0.27303334230330639       0.61839452278621654        44.504434795438939        100.79830721415330       0.31902328545916397        52.000795529843728        207.13947520528529        223.21764114210808     
 829_seed.data         166  0.26673703227570339       0.62077995042276934        44.278347357766762        103.04947177017971       0.33511053423137782        55.628348682408721        342.22439589863194        419.26328080637478     
 830_seed.data         153  0.30140042682035895       0.66824872332546259        46.114265303514919        102.24205466879577       0.36579958955176101        55.967337201419433        177.80512154736115        188.82733701425718     
 831_seed.data         192  0.28936900612717803       0.66088253608510927        55.558849176418178        126.88944692834099       0.34967798946719569        67.138173977701570        209.05265994462999        224.94601393545955     
 832_seed.data         192  0.24407708948378384       0.55290373701514284        46.862801180886500        106.15751750690742       0.30144847767205957        57.878107713035433        302.65556325475626        393.93719513205360     
 833_seed.data         196  0.28859362978885084       0.64448711693070349        56.564351438614764        126.31947491841788       0.35107516590042398        68.810732516483100        234.58947543563616        285.41836266987195     
 834_seed.data         219  0.29721012509604661       0.65089793349906622        65.089017396034208        142.54664743629550       0.35777226659882339        78.352126385142327        278.94077432953787        360.27581755448944     
 835_seed.data         179  0.28966324492628587       0.64710650780661749        51.849720841805173        115.83206489738453       0.34379430246177201        61.539180140657187        205.73528575544358        221.29106802002244     
 836_seed.data         212  0.24414095760458224       0.55543320029647059        51.757883012171433        117.75183846285177       0.29692753243139564        62.948636875455875        289.57372291548597        384.99127678624211     
 837_seed.data         188  0.25457849614023143       0.57493180117904874        47.860757274363507        108.08717862166117       0.32429858437935855        60.968133863319409        261.38568408516596        304.28272316744085     
 838_seed.data         128  0.24474053783257929       0.55514133691858769        31.326788842570149        71.058091125579224       0.30315560798274732        38.803917821791657        189.33078845200703        168.90928697838194     
 839_seed.data         177  0.27912146795053316       0.61691754210287164        49.404499827244372        109.19440495220827       0.34340073503985502        60.781930102054339        258.97400750877478        314.02376409959396     
 840_seed.data         217  0.30358022990133821       0.67690829310850298        65.876909888590390        146.88909960454515       0.36501086523445581        79.207357755876913        253.23837462168584        312.09280554271697     
 841_seed.data         149  0.21404492196760308       0.50839822346848296        31.892693373172857        75.751335296803958       0.27235844707923035        40.581408614805319        270.13383247964276        335.13081053913299     
 842_seed.data         198  0.29555186705360453       0.64060249987282847        58.519269676613696        126.83929497482004       0.36635228982056534        72.537753384471941        225.65394673372950        253.33922536342342     
 843_seed.data         133  0.24701645662190297       0.57495616393405713        32.853188730713093        76.469169803229605       0.29888378217044159        39.751543028668735        172.67212493222078        179.39230678210041     
 844_seed.data         139  0.25513648160626090       0.58552821570793456        35.463970943270269        81.388421983402907       0.31130456088003194        43.271333962324441        217.41887178132404        207.90751447299229     
 845_seed.data         146  0.30146813814134699       0.67375959866120783        44.014348168636658        98.368901404536345       0.37377720563713174        54.571472023021236        188.39527177538451        191.96579367286796     
 846_seed.data         193  0.24658048486086306       0.55472572976145962        47.590033578146574        107.06206584396170       0.30450920386048269        58.770276345073157        247.45052238052375        300.02093894792569     
 847_seed.data         174  0.25005941840314994       0.57125174335455386        43.510338802148091        99.397803343692374       0.31088609786902349        54.094181029210091        319.73686321940369        351.32525868388228     
 848_seed.data         133  0.26458910283953041       0.62507760018175651        35.190350677657541        83.135320824173618       0.31112511600395493        41.379640428526002        163.83157940136107        149.97461394994951     
 849_seed.data         147  0.17962218934827107       0.42780943601668875        26.404461834195846        62.887987094453244       0.22667806775264407        33.321675959638675        336.07490488024661        415.96301064418378     
 850_seed.data         223  0.29474262344633245       0.66174419087025182        65.727605028532139        147.56895456406616       0.34656685810706178        77.284409357874779        234.79362292547140        274.04238645615703     
 851_seed.data         187  0.28748404297753527       0.65987636193822830        53.759516036799099        123.39687968244868       0.33844532989734183        63.289276690802922        244.97618110755695        283.03585267952803     
 852_seed.data         164  0.20627572444599174       0.48439767113833548        33.829218809142645        79.441218066687014       0.23933491821329111        39.250926586979745        263.19025672782902        330.52487471950190     
 853_seed.data         177  0.31314994977625027       0.69665056978975859        55.427541110396298        123.30715085278727       0.37340898383625953        66.093390139017941        188.43853976527959        190.22230420121261     
 854_seed.data         215  0.25448280062870099       0.56291762739889628        54.713802135170710        121.02728989076270       0.33091580729953690        71.146898569400435        341.15351371100121        452.16194329118849     
 855_seed.data         192  0.28363131427401134       0.64069860263642808        54.457212340610177        123.01413170619419       0.33927715416689969        65.141213600044736        225.39260129745637        263.59147842267544     
 856_seed.data         138  0.19400209451731854       0.43651690782845715        26.772289043389957        60.239333280327088       0.25633802730046956        35.374647767464801        271.60756021121801        345.56826531440100     
 857_seed.data         217  0.31800918757656987       0.70886405304279698        69.007993704115663        153.82349951028695       0.37311461320307532        80.965871065067347        224.00961960169050        267.22776344797779     
 858_seed.data         160  0.28003347688718666       0.64651689221795661        44.805356301949864        103.44270275487305       0.33309853062728251        53.295764900365199        197.37969076863652        216.17210451229980     
 859_seed.data         161  0.33319115126451654       0.74153941247625210        53.643775353587159        119.38784540867658       0.37352519505145826        60.137556403284776        143.65155760752879        136.00231662595584     
 860_seed.data         144  0.29953362085668694       0.66345511561483905        43.132841403362917        95.537536648536829       0.37082447061124679        53.398723768019536        169.53398788405588        163.33358755442254     
 861_seed.data         151  0.19020205058440695       0.44430026926175253        28.720509638245449        67.089340658524634       0.23792477583153299        35.926641150561480        265.13419104273567        330.67576740854105     
 862_seed.data         154  0.25277648975685474       0.59047498639213569        38.927579422555631        90.933147904388903       0.31321717306474256        48.235444651970354        266.62126252703979        285.09708026644051     
 863_seed.data         201  0.18206144516629577       0.42252797187168911        36.594350478425447        84.928122346209506       0.23549711740588283        47.334920598582450        406.37720757175720        625.51070244088908     
 864_seed.data         204  0.30196004482826083       0.67718267910807384        61.599849144965212        138.14526653804705       0.36318162811487226        74.089052135433946        297.36050025234726        389.23993896925481     
 865_seed.data         150  0.17772299384405904       0.41051768066746902        26.658449076608857        61.577652100120353       0.22808609820637440        34.212914730956157        314.07029756379171        388.39907527418694     
 866_seed.data         137  0.34526609729588631       0.75999396044099066        47.301455329536424        104.11917258041572       0.40645855449573737        55.684821965916022        151.18017439830643        140.73007102673924     
 867_seed.data         178  0.27076469465279873       0.62789832608522655        48.196115648198173        111.76590204317033       0.32964057758488141        58.676022810108890        206.28712591188554        240.97139817548543     
 868_seed.data         146  0.27584463098224526       0.61660257632596238        40.273316123407810        90.023976143590502       0.32961621465180246        48.123967339163158        170.02424325834608        167.14592180778843     
 869_seed.data         181  0.28911995155641007       0.65958496296381341        52.330711231710225        119.38487829645022       0.34358150296151291        62.188252036033838        203.01372433504088        232.45010299376804     
 870_seed.data         188  0.28157495128224141       0.62401443295088654        52.936090841061386        117.31471339476667       0.34968098300098788        65.740024804185722        268.78643770801420        327.55737184669817     
 871_seed.data         142  0.26831999872905749       0.62726091206112111        38.101439819526163        89.071049512679195       0.31654932398660912        44.950004006098496        205.53064824674638        225.36843983438112     
 872_seed.data         130  0.16871930626467710       0.39560937072012170        21.933509814408023        51.429218193615824       0.22167176889644752        28.817329956538178        227.51848155452683        246.34652459156598     
 873_seed.data         158  0.30314070479009214       0.68359380524958901        47.896231356834555        108.00782122943507       0.36020598997277747        56.912546415698841        198.19171547597747        218.87776210759580     
 874_seed.data         166  0.24992466417011891       0.57659672619556146        41.487494252239742        95.715056548463195       0.30314112016485856        50.321425947366521        254.96944605500104        313.28505541869049     
 875_seed.data         224  0.28263688447620333       0.62357537790045836        63.310662122669548        139.68088464970268       0.33989030832740957        76.135429065339750        252.95055248899530        317.36561551385353     
 876_seed.data         170  0.18887900101541238       0.44200615312019009        32.109430172620108        75.141046030432321       0.21890646977569903        37.214099861868831        346.64216034534866        429.45390809030658     
 877_seed.data         205  0.26601029535065757       0.59862420076970668        54.532110546884802        122.71796115778987       0.31941347651153035        65.479762684863715        252.44240158794543        296.26345721181059     
 878_seed.data         197  0.29730100019044486       0.66416679001479229        58.568297037517638        130.84085763291409       0.35171299664003419        69.287460338086731        241.39206851588190        280.59085580235126     
 879_seed.data         197  0.29780037158283729       0.65201566231953489        58.666673201818945        128.44708547694839       0.35181125787148243        69.306817800682040        217.65729227524082        253.85442579993210     
 880_seed.data         173  0.20920460167330285       0.48651396542793179        36.192396089481392        84.166916019032200       0.27304905120273293        47.237485858072795        332.51144538063159        441.58848184148388     
 881_seed.data         206  0.27281473683082330       0.62557336127361984        56.199835787149603        128.86811242236570       0.31043654582342473        63.949928439625495        224.42680587113065        261.27999353366545     
 882_seed.data         138  0.25148089516855959       0.56076245829538096        34.704363533261223        77.385219244762567       0.30820234286725984        42.531923315681858        221.22416317084043        244.05397833798474     
 883_seed.data         207  0.21848728136683687       0.49836750627100151        45.226867242935235        103.16207379809731       0.27201607151040846        56.307326802654551        300.56718264681763        399.14635180268408     
 884_seed.data         223  0.30904249194313055       0.67027532028086190        68.916475703318113        149.47139642263221       0.35686300975059876        79.580451174383526        214.11415556741935        251.92883250726044     
 885_seed.data         163  0.28982504752686755       0.66154459296332102        47.241482746879413        107.83176865302133       0.35896283691816239        58.510942417660466        193.95412337933047        206.59596709829984     
 886_seed.data         155  0.30542723225153273       0.68777253077388001        47.341220998987573        106.60474226995140       0.35839372428234889        55.551027263764077        165.38371328963970        167.94085144076357     
 887_seed.data         215  0.23326813400840304       0.52941238391997270        50.152648811806657        113.82366254279412       0.28552200261050853        61.387230561259337        333.11219062294293        442.81162737863502     
 888_seed.data         138  0.11647082968915574       0.26627173335829413        16.072974497103491        36.745499203444588       0.16698004432518959        23.043246116876162        322.53309033529331        405.26200862240574     
 889_seed.data         200  0.22906684987349205       0.52748412345700491        45.813369974698411        105.49682469140097       0.27505490891950340        55.010981783900682        264.13245651152710        307.01298910669652     
 890_seed.data         203  0.31515439629262654       0.69185189557362359        63.976342447403184        140.44593480144559       0.37725108162173576        76.581969569212362        256.90496415675807        332.10393810152328     
 891_seed.data         156  0.26737229236722776       0.61588370615278087        41.710077609287531        96.077858159833823       0.31071096715321789        48.470910875901993        278.69303541984323        310.39288423945607     
 892_seed.data         148  0.16406349608498397       0.38325962487297272        24.281397420577626        56.722424481199965       0.21718132098310022        32.142835505498830        328.73491567539185        438.05503147303330     
 893_seed.data         137  0.32589678510725950       0.72904629411882926        44.647859559694552        99.879342294279610       0.39024700477070795        53.463839653586987        144.16109282688018        134.76855604941014     
 894_seed.data         179  0.28435495521276749       0.65235798040102055        50.899536983085383        116.77207849178268       0.32071909092822232        57.408717276151798        254.99925766448396        291.03503700822489     
 895_seed.data         130  0.24132848018436956       0.54190837758214672        31.372702423968043        70.448089085679072       0.29409001223461045        38.231701590499362        217.67402086984134        223.38504160602005     
 896_seed.data         135  0.26334352319623833       0.60808820558474741        35.551375631492171        82.091907753940902       0.31774400584014389        42.895440788419428        211.23406140788279        235.63104695296477     
 897_seed.data         135  0.24820578677478400       0.56189218968294163        33.507781214595838        75.855445607197126       0.30998243324933861        41.847628488660710        235.75203203268410        244.57309598493387     
 898_seed.data         155  0.16655060456984255       0.38208547599580617        25.815343708325596        59.223248779349959       0.20060298498002552        31.093462671903954        351.38394459093678        469.79740156296685     
 899_seed.data         182  0.26411227622931943       0.58549782364074721        48.068434273736138        106.56060390261599       0.33790225028445980        61.498209551771687        310.29740103360228        364.93616494457268     
 900_seed.data         136  0.25501142286478412       0.58079650755394041        34.681553509610637        78.988325027335890       0.32227203574663899        43.828996861542905        196.65331206598574        201.61482364998733     
 901_seed.data         151  0.28540279118650741       0.64221059756591825        43.095821469162615        96.973800232453655       0.33472331859806626        50.543221108308003        179.61859808655387        170.32926164285809     
 902_seed.data         184  0.19185698642834928       0.44912272148705940        35.301685502816269        82.638580753618925       0.24109868759712258        44.362158517870554        344.13195441336478        456.68201252009715     
 903_seed.data         188  0.29643640218476608       0.65431964642088036        55.730043610736026        123.01209352712551       0.35014144409920478        65.826591490650500        208.66569900826767        235.00194103375117     
 904_seed.data         158  0.30228967091025055       0.67017477194227548        47.761768003819590        105.88761396687953       0.37270251498007873        58.886997366852441        213.88891902859228        228.99028282380522     
 905_seed.data         203  0.26357675395771402       0.59109681760064703        53.506081053415947        119.99265397293135       0.33479334654459103        67.963049348551976        257.56374198600503        323.65125721668812     
 906_seed.data         210  0.31374682600613035       0.68931055522865192        65.886833461287381        144.75521659801691       0.35934283697624675        75.461995765011821        198.61528087594542        217.69714938899176     
 907_seed.data         220  0.33826105736461637       0.75068036173769592        74.417432620215607        165.14967958229309       0.39241882696231267        86.332141931708790        227.04006148784191        276.70433662429110     
 908_seed.data         135  0.26754109018546129       0.59767029734145993        36.118047175037276        80.685490141097091       0.35373045337331160        47.753611205397064        223.42423080609109        217.24398225357339     
 909_seed.data         148  0.30440465735426175       0.68499575457554740        45.051889288430736        101.37937167718101       0.37191016865905352        55.042704961539918        192.50285568391249        197.85105760869385     
 910_seed.data         166  0.29627104158257772       0.65863446291316863        49.180992902707899        109.33332084358599       0.35712683304415610        59.283054285329911        181.95221720154115        198.25724035210223     
 911_seed.data         191  0.19665467357681096       0.45314901233589971        37.561042653170894        86.551461356156850       0.24395123563215423        46.594686005741458        407.83430514170254        559.55936457992652     
 912_seed.data         211  0.30500861812232405       0.68356179335770983        64.356818423810381        144.23153839847677       0.35621503009140115        75.161371349285645        224.86535800334201        265.29464054662947     
 913_seed.data         224  0.32294885970341142       0.70678384332707489        72.340544573564159        158.31958090526479       0.37634996044031566        84.302391138630711        240.38240778640369        280.05567451254007     
 914_seed.data         205  0.32517458687184453       0.73350689135665981        66.660790308728124        150.36891272811525       0.36403711688428164        74.627608961277730        195.07259881887160        218.95936995724011     
 915_seed.data         165  0.25716679943744980       0.60022239541221067        42.432521907179215        99.036695243014762       0.31851217175536417        52.554508339635085        225.32142520058309        240.16082370657264     
 916_seed.data         179  0.19640272108821602       0.43524348677497976        35.156087074790669        77.908584132721373       0.27577260061615166        49.363295510291145        357.95531735218026        475.36193231322920     
 917_seed.data         195  0.23013537572784235       0.51563894004098620        44.876398266929257        100.54959330799231       0.30951680677556664        60.355777321235493        387.23436160761435        461.08334701880909     
 918_seed.data         197  0.27775651761154552       0.63052906565704647        54.718033969474469        124.21422593443816       0.33804487131727379        66.594839649502930        260.54718171651689        322.79960197432825     
 919_seed.data         139  0.32466596485390070       0.72084913455795385        45.128569114692198        100.19802970355559       0.39609866488336948        55.057714418788358        158.25669566645735        155.24390548216121     
 920_seed.data         149  0.23045747480037479       0.52531184637802208        34.338163745255841        78.271465110325295       0.29647054223373198        44.174110792826063        218.41084959037286        240.94343937989780     
 921_seed.data         184  0.24977727256086421       0.56327505558384150        45.959018151199018        103.64261022742684       0.30630056488776120        56.359303939348059        269.92019163978881        351.13861928491747     
 922_seed.data         152  0.27774607098052218       0.60276060272082421        42.217402789039369        91.619611613565283       0.35554579244047857        54.042960450952741        259.76169723038487        303.32370100882332     
 923_seed.data         175  0.26120138714607011       0.58020439413084768        45.710242750562266        101.53576897289834       0.33302754284594954        58.279819998041170        242.31564789511688        295.18845755938395     
 924_seed.data         165  0.24134842335650999       0.54502446971696206        39.822489853824152        89.929037503298744       0.31569614180031097        52.089863397051310        279.40877240964465        337.94864684064947     
 925_seed.data         143  0.28037507352316121       0.64103347650208875        40.093635513812053        91.667787139798691       0.32990689216335206        47.176685579359344        198.93393408192466        207.37741056267191     
 926_seed.data         213  0.27879200968717588       0.62969499870184453        59.382698063368466        134.12503472349289       0.33806395417344492        72.007622238943767        250.15253963818964        308.39781879542721     
 927_seed.data         162  0.29181395071260791       0.66006454263402570        47.273860015442480        106.93045590671217       0.34148234467968819        55.320139838109483        259.31289497472784        304.11907773441510     
 928_seed.data         138  0.12403706387156344       0.28751359005429394        17.117114814275755        39.676875427492561       0.15402502344702526        21.255453235689487        361.76992332399738        487.30114993655792     
 929_seed.data         145  0.25166461992093242       0.56727747165088438        36.491369888535203        82.255233389378233       0.31737433820738581        46.019279040070941        273.07337816870296        337.67731282900246     
 930_seed.data         163  0.27297282078061458       0.62386570489103088        44.494569787240174        101.69010989723803       0.32801296384957956        53.466113107481469        194.29216818508513        209.14327004054292     
 931_seed.data         191  0.25847493536177651       0.60298810643132605        49.368712654099312        115.17072832838328       0.30959525198335647        59.132693128821089        226.62452312224428        258.50977934097477     
 932_seed.data         216  0.28813070813499436       0.64563829290116226        62.236232957158784        139.45787126665104       0.34207741901807365        73.888722507903907        239.30268831245033        281.90301460963167     
 933_seed.data         216  0.29712598727799217       0.65877901489098944        64.179213252046310        142.29626721645371       0.35253699318398518        76.147990527740802        221.25479765507285        263.29214831966021     
 934_seed.data         202  0.29049183540471046       0.65814542514930419        58.679350751751514        132.94537588015945       0.33437967143530306        67.544693629931217        191.50882403651607        204.02218126742434     
 935_seed.data         187  0.23344780634986811       0.53902579062934353        43.654739787425335        100.79782284768724       0.28429557733410665        53.163272961477944        335.09245542352591        471.72566588618491     
 936_seed.data         128  0.32833553121095593       0.71446580446374475        42.026947995002359        91.451622971359328       0.38240986919113401        48.948463256465153        134.22033035414140        121.78174029648849     
 937_seed.data         142  0.28406312528501582       0.63392864614064415        40.336963790472247        90.017867751971465       0.34560033166483717        49.075247096406876        194.31547028065535        200.41893133351306     
 938_seed.data         172  0.28143635549576057       0.63363727857547825        48.407053145270815        108.98561191498226       0.33826294482080205        58.181226509177954        243.18831703738894        287.82261391328456     
 939_seed.data         160  0.27303983761255607       0.59736876081234813        43.686374018008969        95.579001729975701       0.32673048542549765        52.276877668079621        170.29714271792903        174.12181112161909     
 940_seed.data         153  0.25535726282634402       0.57261643619021918        39.069661212430638        87.610314737103536       0.32199614430062867        49.265410077996187        226.84861503937191        251.68365915305168     
 941_seed.data         140  0.18560180822521075       0.42888963898985361        25.984253151529504        60.044549458579503       0.24421558675245991        34.190182145344387        301.02915486318000        353.23715409223763     
 942_seed.data         208  0.23948297705994587       0.55046899072898137        49.812459228468740        114.49755007162813       0.28104182839978703        58.456700307155700        220.99928944861270        255.99802898156108     
 943_seed.data         181  0.27993764706904434       0.62969550103208649        50.668714119497025        113.97488568680765       0.34218628967936288        61.935718431964681        247.19398063378128        297.26016915783470     
 944_seed.data         217  0.21807148397902010       0.50257916171961237        47.321512023447362        109.05967809315588       0.25920644761979000        56.247799133494432        296.99162311163315        357.03719329630530     
 945_seed.data         219  0.21667864308500062       0.48196132097471506        47.452622835615138        105.54952929346260       0.28064309544533117        61.460837902527530        359.25961659677165        492.10787742529976     
 946_seed.data         156  0.24153436181146729       0.53726752507305231        37.679360442588894        83.813733911396156       0.31233068572975914        48.723586973842423        210.52419620068707        218.68328276760576     
 947_seed.data         212  0.25599535661368816       0.57121958973583586        54.271015602101890        121.09855302399720       0.32913065926135282        69.775699763406791        344.26395293684334        414.89748338643443     
 948_seed.data         174  0.29124225872018972       0.64034589553711929        50.676153017313013        111.42018582345875       0.34093121353497291        59.322031155085284        194.25922792519498        219.24864445247539     
 949_seed.data         182  0.24199105091969436       0.55877018048006122        44.042371267384375        101.69617284737114       0.30169966173637164        54.909338436019638        284.86987227867598        324.16406461603327     
 950_seed.data         152  0.31310029640087106       0.69398573282461340        47.591245052932400        105.48583138934124       0.37208122870121413        56.556346762584546        159.57348630930940        152.45533995602770     
 951_seed.data         225  0.31753989369970703       0.69609010092485435        71.446476082434089        156.62027270809222       0.36420636343472906        81.946431772814037        202.53188143518494        229.78243126851302     
 952_seed.data         137  0.21547582143208382       0.49467057669995690        29.520187536195483        67.769869007894101       0.25942942492421367        35.541831214617275        298.85218272212575        340.76310186389509     
 953_seed.data         223  0.26829890902374853       0.60839376227149711        59.830656712295919        135.67180898654385       0.32149437001543918        71.693244513442934        265.98936686351129        342.78992291245788     
 954_seed.data         153  0.32070481998530570       0.72335936771139553        49.067837457751772        110.67398325984351       0.37330811738098868        57.116141959291269        190.75472361423110        204.83324862723020     
 955_seed.data         188  0.33330978502332465       0.74135494981018069        62.662239584385034        139.37473056431398       0.39137097265781484        73.577742859669186        214.41206601511726        219.98400693285689     
 956_seed.data         135  0.17472239615010079       0.41366360292041332        23.587523480263606        55.844586394255799       0.22270482828092833        30.065151817925326        364.96839250170700        452.87578728132837     
 957_seed.data         154  0.24142669475603709       0.54298314852185414        37.179710992429712        83.619404872365536       0.31017499403905141        47.766949082013916        251.95903251534406        288.34624963871374     
 958_seed.data         174  0.23334264487443016       0.53677717181073403        40.601620208150848        93.399227895067725       0.29695154175970695        51.669568266189010        221.26954914100614        250.34417355457154     
 959_seed.data         172  0.20617898982075400       0.48783560316487018        35.462786249169689        83.907723744357668       0.23465531746022095        40.360714603158002        267.49185995401353        354.41229018018817     
 960_seed.data         139  0.22538429153393280       0.51769683851443471        31.328416523216660        71.959860553506431       0.28250298266292939        39.267914590147186        208.02489698279263        210.42856586703525     
 961_seed.data         127  0.18376368596936477       0.41067482860238025        23.337988118109326        52.155703232502290       0.25717744347903465        32.661535321837398        246.12106500925358        284.56493380569941     
 962_seed.data         151  0.33677092725775015       0.73766506018275468        50.852410015920270        111.38742408759596       0.38537383270660752        58.191448738697737        180.67613466803186        198.55429944741076     
 963_seed.data         134  0.23067222649894414       0.53284307164513955        30.910078350858516        71.400971600448699       0.26662810815902799        35.728166493309750        180.71079510428527        184.03343637050423     
 964_seed.data         173  0.27808026265644270       0.62826516394967513        48.107885439564591        108.68987336329380       0.34451121221245823        59.600439712755275        247.25574411639840        274.68365126869685     
 965_seed.data         142  0.32378120515286746       0.71772491670349692        45.976931131707175        101.91693817189656       0.38597462138572314        54.808396236772687        169.46942963149476        173.72707633774769     
 966_seed.data         152  0.26385724596224219       0.60296607348228537        40.106301386260810        91.650843169307379       0.30508405598207450        46.372776509275326        191.53822320357992        207.19392077811690     
 967_seed.data         153  0.28904535294758549       0.63267862657236285        44.223939000980579        96.799829865571510       0.36975600452632712        56.572668692528048        214.58625060895139        216.70543397727948     
 968_seed.data         154  0.31637935987587978       0.69398004498052901        48.722421420885489        106.87292692700147       0.36906724797428153        56.836356188039353        168.16883662818350        172.11082575565908     
 969_seed.data         180  0.28604125983282075       0.65361378595766206        51.487426769907735        117.65048147237917       0.34217758028280165        61.591964450904300        217.99836715663264        259.24601763833761     
 970_seed.data         219  0.27059069215104420       0.60042296581860366        59.259361581078679        131.49262951427420       0.34957180874408983        76.556226114955678        312.75681296704306        429.01130877334850     
 971_seed.data         216  0.34212532114007793       0.74160800605527577        73.899069366256839        160.18732930793956       0.40454743351415612        87.382245639057714        236.80505741684740        283.88916439441437     
 972_seed.data         145  0.29747132526123982       0.67092110614821532        43.133342162879771        97.283560391491221       0.34642785330830772        50.232038729704620        188.25827860876970        201.89490852668590     
 973_seed.data         153  0.33553952043332941       0.74905494417855423        51.337546626299400        114.60540645931880       0.39615356717327677        60.611495777511344        156.99791728299510        154.27199005729935     
 974_seed.data         223  0.27437636674883648       0.63336317583884727        61.185929784990535        141.23998821206294       0.32573559561737864        72.639037822675434        311.72579565128137        435.16859536090169     
 975_seed.data         197  0.21923139684276033       0.49741000610735464        43.188585178023786        97.989771203148862       0.27480669082819925        54.136918093155252        322.71083541540798        414.02837491717781     
 976_seed.data         126  0.32292174069871671       0.70836296649879049        40.688139328038304        89.253733778847604       0.38966442326690792        49.097717331630399        134.79965256065395        128.37371104384988     
 977_seed.data         148  0.29970793786368310       0.66583033162807403        44.356774803825097        98.542889080954950       0.35775707474106833        52.948047061678110        170.29717536563516        166.77482256929457     
 978_seed.data         218  0.25159734690979974       0.57792379855109677        54.848221626336340        125.98738808413910       0.29427050669301869        64.150970459078067        306.00568229810767        390.33698775799178     
 979_seed.data         192  0.25075597908356179       0.56669361131794482        48.145147984043859        108.80517337304541       0.30188275200644854        57.961488385238120        288.43732732058908        350.50321873794491     
 980_seed.data         183  0.33798319035393459       0.75553549708103784        61.850923834770029        138.26299596582993       0.38495176901949929        70.446173730568376        190.39730825568256        206.69177214926725     
 981_seed.data         154  0.20589475762837670       0.47729211624809315        31.707792674770012        73.502985902206348       0.26548237740602348        40.884286120527619        260.85677039491270        298.51470810964469     
 982_seed.data         224  0.34928541470974983       0.75389730968436375        78.239932894983966        168.87299736929748       0.40547686254089865        90.826817209161305        211.67067941544477        247.05602340057033     
 983_seed.data         166  0.17982830311873257       0.41627981471142034        29.851498317709606        69.102449242095773       0.22987326134725941        38.158961383645064        255.08799962246496        301.73274058914791     
 984_seed.data         127  0.23136640403883338       0.54980052472174301        29.383533312931839        69.824666639661359       0.30049670868495532        38.163082002989327        235.85742956404826        208.49977288105242     
 985_seed.data         157  0.25951677949546581       0.58243954546123466        40.744134380788132        91.443008637413840       0.30824225038430308        48.394033310335587        179.82810363098847        183.05293958174809     
 986_seed.data         189  0.28085516025943152       0.63612974182562920        53.081625289032559        120.22852120504392       0.34203200488736030        64.644048923711097        246.90689718862805        280.92275916089346     
 987_seed.data         141  0.32767456981340259       0.71675472812990992        46.202114343689765        101.06241666631730       0.38560458958806404        54.370247131917033        157.82037208835385        147.68549171772327     
 988_seed.data         203  0.32812591605776908       0.72287350513010640        66.609560959727119        146.74332154141160       0.38445847955820328        78.045071350315268        207.11809166862994        237.65637299189166     
 989_seed.data         147  0.28594314126474646       0.65189104906283035        42.033641765917729        95.827984212236061       0.35100084196465409        51.597123768804153        231.55159578666613        229.78688814088255     
 990_seed.data         175  0.30534475205323069       0.67107944440548006        53.435331609315369        117.43890277095902       0.36798221510722540        64.396887643764444        184.39027686117726        193.14247092061089     
 991_seed.data         165  0.25715079386524170       0.58627493638572181        42.429880987764882        96.735364503644092       0.30562191763743035        50.427616410176007        206.27280455889593        228.05972251921585     
 992_seed.data         131  0.24540940685125026       0.56771959560808594        32.148632297513785        74.371267024659261       0.28982113172525187        37.966568256007996        181.19500747399098        187.80538322397402     
 993_seed.data         165  0.26561378655298518       0.60339067800675217        43.826274781242553        99.559461871114109       0.31738422785191484        52.368397595565945        232.59000010408744        268.87358384291286     
 994_seed.data         186  0.26854494159693892       0.62134909559615437        49.949359137030640        115.57093178088471       0.31823610146037928        59.191914871630544        283.10301458502096        348.62789171615049     
 995_seed.data         180  0.26235042083634263       0.57908778295192354        47.223075750541675        104.23580093134623       0.33667162068885120        60.600891723993215        239.92428729975995        267.34143353920575     
 996_seed.data         154  0.23388959104524665       0.53346763029439370        36.018997020967987        82.154015065336637       0.30394564544389779        46.807629398360262        347.18410470426841        418.81813019591982     
 997_seed.data         126  0.22894499474661315       0.53460016455434733        28.847069338073258        67.359620733847763       0.28966958921092156        36.498368240576120        240.77484807231650        240.64720731927304     
 998_seed.data         139  0.28811526201743559       0.65254369587412053        40.048021420423545        90.703573726502754       0.34788815160693021        48.356453073363298        193.09734891819909        197.91350221777765     
 999_seed.data         218  0.28972910691533849       0.65120082437338389        63.160945307543791        141.96177971339768       0.34205840538788945        74.568732374559900        247.66840605400941        304.26599876883290     
 1000_seed.data         159  0.25413304511258383       0.57256208731304881        40.407154172900832        91.037371882774764       0.32965638186967988        52.415364717279104        255.52920025504565        292.44616879521891     
 1001_seed.data         187  0.14758141681778994       0.34725986448080731        27.597724944926718        64.937594657910964       0.17878719489665312        33.433205445674133        332.77663910706133        441.78085514811630     
 1002_seed.data         163  0.29948407339020883       0.68280141997037869        48.815903962604040        111.29663145517172       0.36552460895659428        59.580511259924869        233.23690641972485        257.82185748571351     
 1003_seed.data         171  0.20264458392588461       0.46285366772631970        34.652223851326269        79.147977181200673       0.28088607464497739        48.031518764291135        349.80356596549171        481.74061904582186     
 1004_seed.data         205  0.31926345875757467       0.69286015309397486        65.449009045302802        142.03633138426486       0.38674127502470801        79.281961380065141        224.96957688291388        270.71527773517931     
 1005_seed.data         141  0.29743709013596425       0.66105570389789259        41.938629709170961        93.208854249602851       0.36018577680660296        50.786194529731020        155.70826492185805        149.22183367955597     
 1006_seed.data         170  0.26072722102372864       0.59985791541158617        44.323627574033871        101.97584561996965       0.30166398914167064        51.282878154084010        198.80903074653654        221.03163574040101     
 1007_seed.data         135  0.29279791802947530       0.66977758703010548        39.527718933979166        90.419974249064239       0.34598794529370630        46.708372614650351        156.79241579173444        153.92883087569274     
 1008_seed.data         224  0.23021600455202212       0.51747206631220721        51.568385019652958        115.91374285393442       0.30737229477071892        68.851394028641039        366.96930210320761        526.45865390495089     
 1009_seed.data         203  0.17588035480624645       0.41564876291393693        35.703712025668025        84.376698871529200       0.23630774498699778        47.970472232360549        352.61584581040762        494.82529075821589     
 1010_seed.data         158  0.28609654882576896       0.62911946461141854        45.203254714471498        99.400875408604136       0.34533486140286168        54.562908101652148        205.00418947746243        217.68550466763651     
 1011_seed.data         172  0.27124748860728920       0.61900946159545955        46.654568040453739        106.46962739441905       0.33315650346235520        57.302918595525092        234.67130812315850        271.13608809261507     
 1012_seed.data         218  0.25334918896711106       0.58010737339822294        55.230123194830213        126.46340740081260       0.30417859635437178        66.310934005253046        253.74254764639844        312.39937549553940     
 1013_seed.data         150  0.17453108582840579       0.40524576851454797        26.179662874260870        60.786865277182194       0.21110332706129195        31.665499059193792        290.42622102149437        351.04645558199246     
 1014_seed.data         128  0.29363618097730693       0.65087689880513377        37.585431165095287        83.312243047057123       0.35102376299346139        44.931041663163057        159.61864242951572        147.32198845062342     
 1015_seed.data         136  0.20315926957113889       0.47241437247626772        27.629660661674890        64.248354656772406       0.25117782368876351        34.160184021671839        303.02337077596030        366.18479194228320     
 1016_seed.data         178  0.35525520400800153       0.76918942106176780        63.235426313424270        136.91571694899466       0.40841110547786263        72.697176775059546        176.67321921121459        182.92792205982775     
 1017_seed.data         175  0.27440241865350196       0.62174103366351563        48.020423264362840        108.80468089111524       0.33595856492474580        58.792748861830518        201.09297724777275        228.20183256176787     
 1018_seed.data         127  0.27328770017741538       0.61655479605104291        34.707537922531756        78.302459098482444       0.32640553609437750        41.453503083985943        161.87340913012000        146.55436084388325     
 1019_seed.data         193  0.26829516326822661       0.60092879719251413        51.780966510767733        115.97925785815522       0.32478533946963783        62.683570517640099        254.34792786115526        305.22964293785236     
 1020_seed.data         190  0.22897793554777779       0.52287426412902993        43.505807754077779        99.346110184515680       0.29241848782254781        55.559512686284087        319.91057940307445        422.01930954341634     
 1021_seed.data         197  0.28507420889240748       0.63585456241151384        56.159619151804272        125.26334879506823       0.34050137684140430        67.078771237756641        235.61215975605185        271.57652469856066     
 1022_seed.data         191  0.29760188482199385       0.67726743471963646        56.841960001000821        129.35808003145056       0.34521244129424117        65.935576287200064        221.92679641483488        233.51350196998135     
 1023_seed.data         159  0.22345186912196874       0.51876230187052663        35.528847190393030        82.483205997413734       0.26977460000845899        42.894161401344981        333.79743761946463        387.39686891355814     
 1024_seed.data         197  0.32588543045293561       0.72193150434960107        64.199429799228312        142.22050635687143       0.37726924447808602        74.322041162182941        207.88746728584533        229.76227752067223     
 1025_seed.data         210  0.22007363771461799       0.49867162215197641        46.215463920069780        104.72104065191505       0.28176121104698548        59.169854319866950        304.73260816593393        396.61860447159268     
 1026_seed.data         194  0.22107129215821697       0.49810585474577346        42.887830678694094        96.632535820680047       0.28437784069514432        55.169301094858000        322.31312598947915        377.61156420506165     
 1027_seed.data         144  0.32389250095775496       0.73905115186558856        46.640520137916717        106.42336586864475       0.36269540188571603        52.228137871543112        134.82755743372596        129.12821444482788     
 1028_seed.data         202  0.28413725146031277       0.63250664921833166        57.395724794983181        127.76634314210300       0.34636882081256842        69.966501804138815        260.35381677738144        313.60483145371597     
 1029_seed.data         198  0.26218800251159691       0.58925872606753471        51.913224497296184        116.67322776137188       0.31160658695357640        61.698104216808126        255.87733644559290        301.77336892698253     
 1030_seed.data         170  0.33862424343386555       0.73717251585124344        57.566121383757142        125.31932769471139       0.39571758314797301        67.271989135155408        158.74308341496300        167.20571451043273     
 1031_seed.data         147  0.28730437190851321       0.64960119916084491        42.233742670551443        95.491376276644203       0.33927133028233153        49.872885551502733        161.75436902881236        155.20949852228978     
 1032_seed.data         148  0.20510996628099443       0.45429199556088823        30.356275009587176        67.235215343011461       0.27565934524568253        40.797583096361016        236.75828495247691        269.84107294751948     
 1033_seed.data         198  0.30675883238877455       0.67055119563365484        60.738248812977361        132.76913673546366       0.36559794164413950        72.388392445539623        243.80996872002905        298.68430093191449     
 1034_seed.data         153  0.29057390749315309       0.63595782656105093        44.457807846452425        97.301547463840791       0.35948151485597302        55.000671772963869        250.40062417787141        294.19763253624046     
 1035_seed.data         144  0.30435031247321775       0.68797741902784781        43.826444996143358        99.068748340010089       0.34902858636029105        50.260116435881912        158.19081554325703        145.40625653478415     
 1036_seed.data         151  0.26494679993352765       0.59827767013159749        40.006966789962675        90.339928189871216       0.31719384706195181        47.896270906354722        179.88939441417750        190.04773154145170     
 1037_seed.data         178  0.33186676996973324       0.73448234245049304        59.072285054612514        130.73785695618776       0.39007482112634007        69.433318160488525        178.04736785837977        197.78588127765300     
 1038_seed.data         201  0.31571818055564532       0.70173736022256750        63.459354291684711        141.04920940473608       0.36614877191789874        73.595903155497652        214.95983660478470        245.45839905645136     
 1039_seed.data         183  0.24907578362596233       0.58211421920648654        45.580868403551108        106.52690211478703       0.29864004459747534        54.651128161337986        246.47364532171378        297.07851737610900     
 1040_seed.data         156  0.32275136167631002       0.71742828072338471        50.349212421504362        111.91881179284802       0.39765033782982467        62.033452701452646        174.06456120804734        181.98026050180874     
 1041_seed.data         210  0.31103848709041915       0.69815849230175198        65.318082288988023        146.61328338336793       0.36493465380618051        76.636277299297902        244.24418240558390        306.80513321084470     
 1042_seed.data         217  0.19251590807743463       0.45129219655319308        41.775952052803312        97.930406652042905       0.23524950217084978        51.049141971074398        362.29405234563637        505.62321245153316     
 1043_seed.data         154  0.19820766269738013       0.45382952384014008        30.523980055396539        69.889746671381573       0.26278647392707594        40.469116984769691        308.59110625259467        386.15325283939603     
 1044_seed.data         146  0.23227199913493982       0.54145310887541265        33.911711873701215        79.052153895810250       0.28096001527268433        41.020162229811909        252.32265273839383        293.20246997793271     
 1045_seed.data         202  0.24259554369024033       0.54272520137232549        49.004299825428546        109.63049067720975       0.30761054847612840        62.137330792177934        272.24446839266005        342.79107839674151     
 1046_seed.data         135  0.26857201778059986       0.59738962768710413        36.257222400380982        80.647599737759052       0.32080754969000014        43.309019208150019        168.97433550745671        168.99426369098771     
 1047_seed.data         215  0.30752361796928412       0.68706914143488640        66.117577863396093        147.71986540850057       0.35261155061676597        75.811483382604678        191.52910168488680        216.09495946258332     
 1048_seed.data         162  0.25081578578573244       0.58549667838298936        40.632157297288657        94.850461898044273       0.30410282514140879        49.264657672908221        256.34383373411094        276.61235014912154     
 1049_seed.data         150  0.22252056221358973       0.52088297105492243        33.378084332038462        78.132445658238368       0.27772543615890949        41.658815423836423        203.14644537158830        221.95830953515909     
 1050_seed.data         215  0.24656376151771878       0.56226058658559053        53.011208726309540        120.88602611590197       0.29607909868472870        63.657006217216669        334.08416561122004        453.25189555773539     
 1051_seed.data         183  0.29253742910545710       0.65515869809046390        53.534349526298648        119.89404175055489       0.34761326131966863        63.613226821499360        246.38248610797174        261.13703916529721     
 1052_seed.data         199  0.23860940848648113       0.54021728756049070        47.483272288809744        107.50324022453765       0.28534498017174031        56.783651054176325        258.31242468787406        308.90263607620227     
 1053_seed.data         129  0.32923908110088879       0.72822454032412642        42.471841462014652        93.940965701812303       0.38805139532166621        50.058629996494943        156.47885486341480        147.27315668316533     
 1054_seed.data         167  0.24218901375823071       0.56712785639872521        40.445565297624526        94.710352018587116       0.29161807814138480        48.700219049611263        300.44126928484502        384.45823891924891     
 1055_seed.data         135  0.25438913853048117       0.59409178151948194        34.342533701614961        80.202390505130069       0.29997509499576597        40.496637824428404        165.55347956425135        155.23359047555329     
 1056_seed.data         185  0.23364659798638066       0.55363069221526284        43.224620627480419        102.42167805982362       0.28345431462560922        52.439048205737706        242.12131275702183        308.86762434263039     
 1057_seed.data         216  0.24060360180595181       0.53977992085850490        51.970377990085588        116.59246290543706       0.29144393788250472        62.951890582621019        308.99847556550964        387.80413466579853     
 1058_seed.data         179  0.19589258631593529       0.44632112742929536        35.064772950552417        79.891481809843867       0.25155570936311494        45.028471975997576        287.21272079966371        381.47612181767897     
 1059_seed.data         153  0.18254310899388757       0.42493422226716737        27.929095676064797        65.014936006876610       0.23143607557278884        35.409719562636688        331.10117936895801        432.12430594512142     
 1060_seed.data         179  0.29801974157523681       0.66416033891990900        53.345533741967387        118.88470066666370       0.35670234323129812        63.849719438402367        212.26238728489628        230.34043251794529     
 1061_seed.data         150  0.26772170911923693       0.61286320222477708        40.158256367885542        91.929480333716569       0.33490870422060720        50.236305633091078        215.87283625224376        240.91814564265093     
 1062_seed.data         177  0.25032376054616934       0.57577478212642619        44.307305616671975        101.91213643637744       0.31810408437002530        56.304422933494479        317.29339833559737        438.78487825282099     
 1063_seed.data         147  0.24076394604023404       0.53774174504416949        35.392300067914405        79.048036521492918       0.29216176254663334        42.947779094355099        215.15964921747224        223.46773899312950     
 1064_seed.data         127  0.28363614665450315       0.64345173812090017        36.021790625121902        81.718370741354320       0.34013589177268727        43.197258255131281        180.22105492731407        174.46896088408582     
 1065_seed.data         155  0.23556228680893262       0.54511132010705909        36.512154455384554        84.492254616594153       0.29299666543560610        45.414483142518947        210.34611184490473        222.06928115699003     
 1066_seed.data         140  0.26241776324633598       0.62134854313563725        36.738486854487036        86.988796038989221       0.31149321030636762        43.609049442891468        188.39592015581928        194.08963974548845     
 1067_seed.data         219  0.25935618838420982       0.59806827972530519        56.799005256141953        130.97695325984185       0.30421563415161701        66.623223879204119        284.51033136621840        361.32314651974735     
 1068_seed.data         161  0.30911616643998324       0.68895556422409931        49.767702796837305        110.92184584008000       0.36105810169093744        58.130354372240930        193.53979391084030        203.80583867907751     
 1069_seed.data         150  0.27457101946617091       0.63196296344792857        41.185652919925637        94.794444517189291       0.31973117127776257        47.959675691664387        173.35611184460367        180.43560367557453     
 1070_seed.data         200  0.28465072252188461       0.65460313196099218        56.930144504376926        130.92062639219844       0.33153028246789851        66.306056493579703        225.82341467443405        272.60100829380190     
 1071_seed.data         154  0.23601920706706486       0.54166173839073994        36.346957888327992        83.415907712173947       0.29429579676301010        45.321552701503556        254.36939506182779        299.68680062787689     
 1072_seed.data         156  0.31052251438919287       0.68464405804583273        48.441512244714090        106.80447305514990       0.37195584205295190        58.025111360260496        185.76699009937187        188.83364630791763     
 1073_seed.data         165  0.29362816234016986       0.65782282659458613        48.448646786128030        108.54076638810672       0.35022332147990309        57.786848044184012        223.93536397816203        262.36478676989213     
 1074_seed.data         173  0.22753246842708125       0.52942166660124923        39.363117037885054        91.589948322016113       0.28433060633265561        49.189194895549420        256.49767437917438        294.02992970181845     
 1075_seed.data         216  0.27614776787137302       0.63312233158506415        59.647917860216573        136.75442362237385       0.32688624595621740        70.607429126542954        252.72367764302012        297.51859227353879     
 1076_seed.data         153  0.22730646869005544       0.52304123018018767        34.777889709578481        80.025308217568707       0.29576694482101407        45.252342557615151        244.48503734683024        276.09101469231416     
 1077_seed.data         170  0.24027808638462170       0.54485766889205067        40.847274685385692        92.625803711648615       0.31093994561580068        52.859790754686117        295.31429698445976        321.41362502319441     
 1078_seed.data         185  0.22260719461636291       0.52444609031179978        41.182331004027141        97.022526707682957       0.27330739103180762        50.561867340884412        323.41240859702827        397.82315532844626     
 1079_seed.data         132  0.25635817622032425       0.59253391742187789        33.839279261082801        78.214477099687883       0.32012434383684912        42.256413386464082        242.15917049007271        256.68993251510278     
 1080_seed.data         148  0.30938805243430539       0.69091744771463659        45.789431760277196        102.25578226176621       0.36752840443892704        54.394203856961198        194.81285605880677        209.82825882377298     
 1081_seed.data         168  0.26019896219755223       0.58250990470721897        43.713425649188778        97.861663990812787       0.32075149026174837        53.886250363973730        274.39390538175775        323.79329127952957     
 1082_seed.data         173  0.26828182610499152       0.60038766359988094        46.412755916163533        103.86706580277941       0.32746352193417622        56.651189294612486        232.81965736500968        276.47828661232575     
 1083_seed.data         137  0.27042442299743147       0.60190705702329939        37.048145950648113        82.461266812192022       0.33504770157265479        45.901535115453704        220.09676015440857        245.79201264563838     
 1084_seed.data         197  0.28496432333373006       0.63448558529053256        56.137971696744820        124.99366030223491       0.34809020355984577        68.573770101289611        252.39868654571774        281.08289596083034     
 1085_seed.data         209  0.29156809054288724       0.64320973178993501        60.937730923463434        134.43083394409641       0.35592674727599533        74.388690180683028        288.65679773075107        340.83386901764197     
 1086_seed.data         151  0.28014005081018362       0.64127604911734759        42.301147672337727        96.832683416719490       0.34199753205556122        51.641627340389746        211.27423602370428        230.77896997198189     
 1087_seed.data         152  0.31521499220587396       0.70635099941091872        47.912678815292843        107.36535191045965       0.38065075009925919        57.858914015087400        201.93898486614728        224.72979104207218     
 1088_seed.data         211  0.31117978194499785       0.69806774156344653        65.658933990394544        147.29229346988723       0.37312975833884493        78.730379009496275        272.92845607984304        337.06425058006266     
 1089_seed.data         130  0.31557782546280211       0.71329568810776844        41.025117310164276        92.728439454009902       0.37160687009923837        48.308893112900989        151.98324475508153        145.56970404994047     
 1090_seed.data         150  0.26405873314971040       0.60022501053119437        39.608809972456562        90.033751579679162       0.31221439275718216        46.832158913577324        259.43972075063004        295.18711580842614     
 1091_seed.data         170  0.28189542824297004       0.62616441749631824        47.922222801304905        106.44795097437409       0.33640066233324778        57.188112596652125        215.54485784025519        214.16540943767896     
 1092_seed.data         151  0.26156116263527945       0.59667088229375631        39.495735557927198        90.097303226357198       0.32149307492700818        48.545454313978233        183.45804137086327        194.44162834417654     
 1093_seed.data         194  0.25749721775519657       0.59327348136362423        49.954460244508134        115.09505538454310       0.30348095506931144        58.875305283446423        266.53183612182107        306.51520707242815     
 1094_seed.data         195  0.29938092522105209       0.66361795841879578        58.379280418105154        129.40550189166518       0.35442513008813276        69.112900367185887        225.49472589463545        252.68886718008343     
 1095_seed.data         148  0.27586856157266798       0.61840450045507489        40.828547112754862        91.523866067351079       0.33759916161728504        49.964675919358186        198.45642551768461        197.35146179876057     
 1096_seed.data         150  0.31010768626086449       0.68513314481805732        46.516152939129675        102.76997172270860       0.36952399388594609        55.428599082891914        188.77022766988108        199.16744657844788     
 1097_seed.data         220  0.27666160565183801       0.61814639776421065        60.865553243404364        135.99220750812634       0.34412721744494679        75.707987837888297        318.89237599378231        412.44255187378440     
 1098_seed.data         203  0.27864938273658513       0.62818828187785702        56.565824695526778        127.52222122120497       0.33229049958394924        67.454971415541692        270.83264257162944        323.16157819795245     
 1099_seed.data         156  0.27017071125226694       0.60781917180644707        42.146630955353643        94.819790801805738       0.33400507302182947        52.104791391405399        211.21668191059837        222.56593384247560     
 1100_seed.data         215  0.21033004976697961       0.47620162861500237        45.220960699900616        102.38335015222550       0.26568788677846772        57.122895657370563        418.76223630600225        528.03740309058571     
 1101_seed.data         223  0.26609471291192688       0.60217792516276869        59.339120979359691        134.28567731129741       0.32326226445518230        72.087484973505653        317.75049869741815        411.24791539417225     
 1102_seed.data         203  0.21495702077600701       0.49125476389322026        43.636275217529423        99.724717070323706       0.27502898490448879        55.830883935611226        371.63128542318907        543.84514891576498     
 1103_seed.data         178  0.28314570312277576       0.63516039390548706        50.399935155854088        113.05855011517670       0.33882119804537947        60.310173252077547        200.47343664615991        209.88674966628665     
 1104_seed.data         165  0.23708285914285085       0.53356549898000116        39.118671758570393        88.038307331700196       0.29765234087072823        49.112636243670160        211.64217386560352        232.64912533917203     
 1105_seed.data         202  0.27441578302159780       0.61581121417665041        55.431988170362757        124.39386526368338       0.33843144734362807        68.363152363412865        305.94664761094054        399.64722463961590     
 1106_seed.data         145  0.30370466940304408       0.69284742154732748        44.037177063441391        100.46287612436248       0.35915417964292151        52.077356048223621        213.72017012198452        235.41985471443820     
 1107_seed.data         152  0.30809419893222900       0.69481332024717757        46.830318237698805        105.61162467757099       0.36192103511877127        55.011997338053234        190.14665709047969        192.92685708756056     
 1108_seed.data         144  0.26424745280714240       0.58239133072989457        38.051633204228509        83.864351625104817       0.34161144279270628        49.192047762149706        221.75005627724207        244.95442591176280     
 1109_seed.data         126  0.27668860222574371       0.62946153671769001        34.862763880443708        79.312153626428938       0.33143374608900272        41.760652007214340        141.01900560862293        134.92225821203371     
 1110_seed.data         185  0.23998782989851591       0.54637512484914641        44.397748531225446        101.07939809709208       0.28867672346681439        53.405193841360663        277.50064910754571        353.48711278431068     
 1111_seed.data         197  0.23346677623744033       0.52295061504633344        45.992954918775744        103.02127116412768       0.31468579275430603        61.993101172598287        284.11837949191261        314.12578735292180     
 1112_seed.data         130  0.27341823976908119       0.62752829997821147        35.544371169980558        81.578678997167486       0.32343164371849914        42.046113683404890        160.18292228875742        150.20928204924220     
 1113_seed.data         151  0.24378456440151441       0.56119318333689583        36.811469224628674        84.740170683871270       0.31003166299286933        46.814781111923267        261.61418878138511        300.60017294994100     
 1114_seed.data         221  0.29536896940554402       0.65208567460970690        65.276542238625225        144.11093408874524       0.34793175104224583        76.892916980336324        224.73959913272597        263.85937233260194     
 1115_seed.data         190  0.32982405073082993       0.72693802491512804        62.666569638857688        138.11822473387434       0.38751847481590834        73.628510215022587        199.69045041957369        224.00083889021525     
 1116_seed.data         197  0.28255305499510941       0.63422102471780240        55.662951834036555        124.94154186940708       0.33688631930017587        66.366604902134654        216.29257011991194        255.91330682238421     
 1117_seed.data         186  0.21508422879214673       0.49192884056543507        40.005666555339289        91.498764345170926       0.27111078596677274        50.426606189819729        268.01838088723770        312.68448498629647     
 1118_seed.data         189  0.29657114697784648       0.65513808319790934        56.051946778812983        123.82109772440486       0.35419785781865715        66.943395127726205        211.53813088795189        228.66652831985888     
 1119_seed.data         149  0.24789705968414424       0.57554594285828542        36.936661892937494        85.756345485884523       0.30266928339861882        45.097723226394201        244.69277119731615        283.63487666664412     
 1120_seed.data         210  0.31283323460504003       0.71617011562089705        65.694979267058400        150.39572428038838       0.34574755346527541        72.606986227707836        248.05903494920173        277.06674254180348     
 1121_seed.data         220  0.25309025146311365       0.57825381028612466        55.679855321885000        127.21583826294743       0.30838766524131589        67.845286353089492        323.87004673769047        414.26844514895032     
 1122_seed.data         197  0.27337663853534144       0.60305179788532493        53.855197791462267        118.80120418340901       0.35041437102746353        69.031631092410322        331.44555983783408        443.05204840856487     
 1123_seed.data         159  0.29276001354151360       0.66632150295068004        46.548842153100665        105.94511896915813       0.33300858491045798        52.948365000762820        191.04762566099834        195.24410004290633     
 1124_seed.data         193  0.27637372976868568       0.61466432767231316        53.340129845356337        118.63021524075644       0.34066450328006198        65.748249133051957        247.55892674203406        309.53935541408293     
 1125_seed.data         150  0.25358057747754459       0.58923272578707975        38.037086621631687        88.384908868061956       0.30366893361062119        45.550340041593181        204.43821913556306        232.57474044217980     
 1126_seed.data         192  0.30487259787409743       0.68417725760380954        58.535538791826710        131.36203345993144       0.35136231322977313        67.461564140116437        192.01820968579770        218.48558284923055     
 1127_seed.data         204  0.31982344673156121       0.69509805403691205        65.243983133238487        141.80000302353005       0.37536103817056454        76.573651786795168        225.17024570170480        263.57815901682829     
 1128_seed.data         131  0.30451188585424488       0.69462563731922833        39.891057046906077        90.995958488818914       0.35148910544992179        46.045072813939754        132.68908807182143        119.35825061351557     
 1129_seed.data         128  0.29727612580425172       0.67773077245909330        38.051344102944221        86.749538874763942       0.35017524244310549        44.822431032717503        185.92539759643833        186.31949253381686     
 1130_seed.data         180  0.26576596280933273       0.59711868494059672        47.837873305679892        107.48136328930741       0.32530744771450437        58.555340588610790        276.67533513731638        332.30790128330608     
 1131_seed.data         186  0.25120011810123383       0.56362842899600174        46.723221966829492        104.83488779325633       0.34339766104539982        63.871964954444366        355.32274995552535        496.28104759860042     
 1132_seed.data         209  0.28080957840270127       0.64280984093914550        58.689201886164561        134.34725675628141       0.32923065148958791        68.809206161323871        265.95728115475976        311.87554678358373     
 1133_seed.data         164  0.26001124363087214       0.57634423582791972        42.641843955463031        94.520454675778836       0.30227103566359587        49.572449848829720        182.70481733430915        194.65028604141804     
 1134_seed.data         196  0.24178799904820886       0.54721954834715569        47.390447813448937        107.25503147604252       0.28706268900511861        56.264287045003250        248.28699701668862        289.85574810927176     
 1135_seed.data         196  0.27548845268148003       0.60534766188732925        53.995736725570083        118.64814172991653       0.34750516272825749        68.111011894738468        248.08047483905372        291.98630782402267     
 1136_seed.data         139  0.23767453672485644       0.55935196807287380        33.036760604755045        77.749923562129453       0.29406072167722991        40.874440313134954        193.20289306530407        208.26158241593336     
 1137_seed.data         138  0.24356447818400451       0.55521732921231648        33.611897989392624        76.619991431299681       0.28919062352699004        39.908306046724626        169.86556102587755        165.41942747864621     
 1138_seed.data         196  0.34408393521475017       0.74794425251422747        67.440451302091034        146.59707349278858       0.39869314050763816        78.143855539497082        189.96005173429091        202.79711912531823     
 1139_seed.data         147  0.25531745340533074       0.57836071578016135        37.531665650583619        85.019025219683712       0.28825650451337137        42.373706163465592        160.64696109704630        159.15546159970890     
 1140_seed.data         173  0.25131029649627684       0.58321322169262113        43.476681293855897        100.89588735282345       0.29570806379362585        51.157495036297270        199.28973502901511        226.44927578088397     
 1141_seed.data         161  0.15856649522377267       0.35920848142586859        25.529205731027400        57.832565509564844       0.19740337137426411        31.781942791256522        327.51393951876838        424.83016981530636     
 1142_seed.data         205  0.16667432549659456       0.38598941025532885        34.168236726801887        79.127829102342417       0.22613476827836679        46.357627497065188        524.63474933443490        914.80436336965738     
 1143_seed.data         185  0.24973609274035385       0.57337381598737380        46.201177156965464        106.07415595766415       0.29890282720176176        55.297023032325924        278.73754436162750        338.23148922687813     
 1144_seed.data         193  0.26671780511920878       0.61160954871353412        51.476536388007297        118.04064290171209       0.31638707659236626        61.062705782326688        264.77680467063021        318.95947591059843     
 1145_seed.data         147  0.20897657279143000       0.48414079533443566        30.719556200340211        71.168696914162041       0.26535689112535571        39.007462995427289        253.76446197815341        277.04904167995039     
 1146_seed.data         175  0.33012436102066950       0.73989549135163701        57.771763178617164        129.48171098653648       0.37858476020434817        66.252333035760927        206.12020008170794        232.16663641322631     
 1147_seed.data         146  0.28227697225507548       0.63918045680607283        41.212437949241021        93.320346693686631       0.34106765766701358        49.795878019383984        180.30844222234907        197.74477522759048     
 1148_seed.data         125  0.28700023931972896       0.65602627202678154        35.875029914966120        82.003284003347687       0.35066731520515437        43.833414400644294        166.64650236625985        162.46060496171938     
 1149_seed.data         141  0.30668304820729297       0.69894051137322211        43.242309797228309        98.550612103624317       0.35223201968862217        49.664714776095728        150.29244334639242        147.13607986389260     
 1150_seed.data         211  0.32603423944968685       0.71065821451042321        68.793224523883922        149.94888326169931       0.37989473070829777        80.157788179450833        235.84294197264722        261.34326596423961     
 1151_seed.data         168  0.31910737422704866       0.71037207333147456        53.610038870144173        119.34250831968772       0.38577464585267329        64.810140503249116        192.93321783875726        218.07511682716512     
 1152_seed.data         204  0.32698664297941549       0.71364254316784259        66.705275167800764        145.58307880623988       0.39204754176247730        79.977698519545370        229.07224113891439        263.33863079331348     
 1153_seed.data         198  0.28163285070759342       0.62273415351413841        55.763304440103497        123.30136239579940       0.34031156843187255        67.381690549510765        241.34105799776512        275.10113064729330     
 1154_seed.data         159  0.24561548855661117       0.56619910610623714        39.052862680501178        90.025657870891706       0.29508747346054914        46.918908280227313        197.90409868309794        217.12592876062408     
 1155_seed.data         225  0.25346845108788929       0.57365656565452705        57.030401494775091        129.07272727226859       0.30662734620506171        68.991152896138885        316.45030478088620        440.69458188503859     
 1156_seed.data         208  0.27683793937537338       0.61404329591615348        57.582291390077664        127.72100555055992       0.33322326496076943        69.310439111840040        250.63618987458813        300.99518667948075     
 1157_seed.data         158  0.23834590513485054       0.54960984118663125        37.658653011306384        86.838354907487741       0.30817642601749662        48.691875310764466        273.81840014863485        290.66115788664536     
 1158_seed.data         146  0.24655579123339258       0.55445876383424442        35.997145520075314        80.950979519799688       0.31592700428663761        46.125342625849093        262.50260568009134        320.59645434994957     
 1159_seed.data         145  0.29854521951243079       0.67882496592851438        43.289056829302467        98.429620059634587       0.35186716932236495        51.020739551742921        157.18319278811924        156.64991420001465     
 1160_seed.data         139  0.28084256466309354       0.64786624421517358        39.037116488170000        90.053407945909129       0.33319044761397254        46.313472218342184        178.69179256505186        171.15650512333858     
 1161_seed.data         216  0.25398947617694240       0.57602504699077128        54.861726854219555        124.42141015000659       0.30645605934139980        66.194508817742360        340.09277109772796        453.35869948497395     
 1162_seed.data         160  0.17929903872889788       0.41098257241408293        28.687846196623660        65.757211586253263       0.22836245151275303        36.537992242040488        260.44340288399422        270.12531532051139     
 1163_seed.data         206  0.31696420310647461       0.68577120381320344        65.294625839933772        141.26886798551990       0.37493246487639292        77.236087764536947        213.30365722894047        233.33506530313670     
 1164_seed.data         166  0.22511611093266184       0.50839616764337359        37.369274414821867        84.393763828800019       0.28629089480330761        47.524288537349065        368.91650104808593        512.24519399197209     
 1165_seed.data         147  0.30453229824680805       0.67637222127474861        44.766247842280784        99.426716527388052       0.35546651761636416        52.253578089605533        151.71350612435648        146.22517014542453     
 1166_seed.data         166  0.24751949995544484       0.56530219796358261        41.088236992603846        93.840164861954719       0.31718523556885231        52.652749104429482        243.24974042457757        295.18816562715904     
 1167_seed.data         222  0.19377351925403372       0.43433161407175402        43.017721274395484        96.421618323929394       0.25976629302372828        57.668117051267679        339.14207870166086        471.64300121764694     
 1168_seed.data         194  0.23438237137893733       0.53856896340463345        45.470180047513843        104.48237890049889       0.29131046048667558        56.514229334415063        289.86973387969442        376.26705401770357     
 1169_seed.data         214  0.31067599322780043       0.68847427852097798        66.484662550749292        147.33349560348930       0.36402317971638459        77.900960459306305        230.01461679602531        276.48403863558889     
 1170_seed.data         191  0.30055273125732052       0.66184247084299730        57.405571670148220        126.41191193101248       0.35460053674831943        67.728702518929012        244.70404294869044        278.75581692570978     
 1171_seed.data         196  0.28991114119965056       0.64571911213121858        56.822583675131511        126.56094597771884       0.34954476318885142        68.510773585014874        235.75017133464650        271.07758630550353     
 1172_seed.data         160  0.23084523911032664       0.53358228464569013        36.935238257652266        85.373165543310421       0.29330421321755501        46.928674114808800        262.92920411221320        298.69600126770524     
 1173_seed.data         133  0.23591471906913475       0.53949046360919850        31.376657636194921        71.752231660023398       0.30010564973998077        39.914051415417440        234.06960593379551        267.89026496648597     
 1174_seed.data         214  0.24930130508993578       0.56811665592478344        53.350479289246259        121.57696436790366       0.31180822646567868        66.726960463655232        330.19725026292781        435.27583390029952     
 1175_seed.data         175  0.23059025532723504       0.54460871336133621        40.353294682266132        95.306524838233841       0.26503034535155412        46.380310436521974        204.25492634249613        226.13208533480176     
 1176_seed.data         143  0.30777730362112099       0.69980915031117996        44.012154417820298        100.07270849449874       0.34633850115922499        49.526405665769175        163.03680740133731        159.09881174082756     
 1177_seed.data         224  0.33591843429768165       0.73807805295123874        75.245729282680685        165.32948386107748       0.39653333690487763        88.823467466692591        236.51267427012311        282.89847082340958     
 1178_seed.data         213  0.24860393337548106       0.56260130412073039        52.952637808977464        119.83407777771558       0.31134518818968487        66.316525084402883        308.45696479185727        396.98214708299417     
 1179_seed.data         207  0.17171601975152548       0.38552794515006750        35.545216088565773        79.804284646063977       0.23473220518636162        48.589566473576852        407.43706858754155        527.89528084698816     
 1180_seed.data         165  0.30162896302004016       0.68759930061246177        49.768778898306628        113.45388460105619       0.36458341590949539        60.156263625066742        210.94003183604650        246.06260002127124     
 1181_seed.data         148  0.16233593468322427       0.36543827113311184        24.025718333117190        54.084864127700548       0.21000486793484205        31.080720454356623        262.67702058991398        305.06750906252296     
 1182_seed.data         179  0.35125163302630297       0.77309751647314484        62.874042311708230        138.38445544869293       0.39708633184823700        71.078453400834420        153.45616770249418        150.78598430310410     
 1183_seed.data         164  0.26385615541693513       0.60657400583034782        43.272409488377363        99.478136956177039       0.31432108288375876        51.548657592936436        187.46676913323822        200.62153397280096     
 1184_seed.data         187  0.24686055997269055       0.56036794308797866        46.162924714893130        104.78880535745201       0.30995014739421234        57.960677562717706        259.85155695120551        311.24975826590963     
 1185_seed.data         148  0.26421274640412667       0.60082200121629459        39.103486467810747        88.921656180011595       0.31579118255019267        46.737095017428516        200.16417699327181        201.41058735117326     
 1186_seed.data         144  0.28943960755049164       0.64234393302428505        41.679303487270793        92.497526355497044       0.35133844213239473        50.592735667064844        167.99368715434773        165.87038585434598     
 1187_seed.data         167  0.22806654085190203       0.51660489153390743        38.087112322267643        86.273016886162537       0.28990253634542240        48.413723569685544        241.30587670843738        289.43958838155135     
 1188_seed.data         219  0.19755568360206432       0.45301714830097140        43.264694708852090        99.210755477912741       0.24216935567658887        53.035088893172961        307.58537583475527        411.44529536708427     
 1189_seed.data         171  0.26552134251728216       0.60107534702500409        45.404149570455246        102.78388434127569       0.31476719935452391        53.825191089623587        209.29933728030167        235.31718897656458     
 1190_seed.data         158  0.30818414260610377       0.68244301291896114        48.693094531764395        107.82599604119586       0.36501217320247442        57.671923365990956        179.90694204872702        189.69498472045763     
 1191_seed.data         151  0.31929606473327315       0.71890928051065672        48.213705774724247        108.55530135710916       0.37431290009261486        56.521247913984844        165.10127009941641        162.98129536291731     
 1192_seed.data         179  0.25119962545360519       0.57331344927012229        44.964732956195327        102.62310741935190       0.30627476911600426        54.823183671764767        256.44467813128807        331.29788134674919     
 1193_seed.data         196  0.31268290145074085       0.68252884657568569        61.285848684345204        133.77565392883440       0.37490692472306025        73.481757245719805        204.14221654236195        235.36564659252514     
 1194_seed.data         131  0.30935231773127064       0.67504163203761769        40.525153622796452        88.430453796927921       0.37044561659336139        48.528375773730346        147.66166845518214        139.67405642167685     
 1195_seed.data         140  0.21419104143678880       0.49303307502055327        29.986745801150430        69.024630502877457       0.26975398452851146        37.765557833991608        235.57687728764628        266.38261838381845     
 1196_seed.data         130  0.24317589695808245       0.55081152021588309        31.612866604550717        71.605497628064796       0.28882414002952067        37.547138203837690        190.10313546571825        190.09625080199112     
 1197_seed.data         206  0.31692867450504136       0.70331419841976806        65.287306948038520        144.88272487447222       0.36475633628644455        75.139805275007575        254.95191670967719        315.18799545554862     
 1198_seed.data         187  0.17932907615997223       0.41564735736130265        33.534537241914805        77.726055826563595       0.23999178382686762        44.878463575624245        355.86471373146583        487.08588183704268     
 1199_seed.data         189  0.31789499127019122       0.70686798814082752        60.082153350066143        133.59804975861641       0.38262097538735879        72.315364348210807        221.63280265913650        253.67358201394447     
 1200_seed.data         154  0.20420323292586112       0.47444041435848233        31.447297870582613        73.063823811206277       0.26440776907725588        40.718796437897403        289.52413252324550        363.91481083830115     
 1201_seed.data         191  0.34021881629491968       0.75345727498773474        64.981793912329664        143.91033952265732       0.38580215503628357        73.688211611930157        181.23236367096644        198.61447329278496     
 1202_seed.data         158  0.12606517518754656       0.30633994409299564        19.918297679632357        48.401711166693310       0.14324403621145446        22.632557721409803        446.71804181158427        674.97058559488585     
 1203_seed.data         167  0.31675794634168747       0.70775127078876954        52.898577039061806        118.19446222172451       0.37369332952465739        62.406786030617788        207.67821164622109        225.35110956988362     
 1204_seed.data         187  0.31420370236743383       0.70061210966874521        58.756092342710126        131.01446450805534       0.37320192443704936        69.788759869728224        217.95424883123698        263.02873090540868     
 1205_seed.data         139  0.28446278912481504       0.63287199260406757        39.540327688349294        87.969206971965392       0.34408722425018079        47.828124170775126        208.67533663092001        221.03939175866850     
 1206_seed.data         149  0.33543220245977579       0.74577163603100283        49.979398166506591        111.11997376861942       0.38477218531477847        57.331055611901995        139.93853122678846        129.38090772284067     
 1207_seed.data         171  0.29561938650751696       0.65789391946341724        50.550915092785402        112.49986022824434       0.35859053399080432        61.318981312427539        299.18740989225671        363.94196885470427     
 1208_seed.data         129  0.26692973025287375       0.61616573063803892        34.433935202620717        79.485379252307027       0.33279038462665445        42.929959616838424        229.65277047490042        257.49429413284702     
 1209_seed.data         128  0.26741576213033408       0.61383960919766167        34.229217552682762        78.571469977300694       0.31652255181703648        40.514886632580669        149.68586949681784        126.67967110134428     
 1210_seed.data         168  0.23385391164156635       0.51837330223414158        39.287457155783144        87.086714775335778       0.28013600315561948        47.062848530144073        290.02225676660191        329.60100999730400     
 1211_seed.data         188  0.27023965364492192       0.59613307471938304        50.805054885245319        112.07301804724401       0.32547700062301632        61.189676117127071        324.71407820545801        394.04349793401980     
 1212_seed.data         216  0.28610908700228554       0.64558073900226487        61.799562792493674        139.44543962448921       0.33787081632249616        72.980096325659176        268.66146909704844        335.86919379700674     
 1213_seed.data         151  0.23424885810260951       0.54975797943697657        35.371577573494037        83.013454894983468       0.30496618299489414        46.049893632229015        315.09004223165670        412.98757268357133     
 1214_seed.data         196  0.21991939486153206       0.50951625793962241        43.104201392860283        99.865186556165995       0.27312513287069040        53.532526042655320        331.79030852453809        411.98199781148242     
 1215_seed.data         193  0.31309135251227438       0.69643659582942652        60.426631034868954        134.41226299507932       0.36074473881691038        69.623734591663705        202.71354221727387        225.11427708089067     
 1216_seed.data         209  0.24043078383946537       0.55419048580836627        50.250033822448259        115.82581153394855       0.28840970171753877        60.277627658965599        292.03980493253050        354.93267485482249     
 1217_seed.data         128  0.27929905476138828       0.63815292640098309        35.750279009457699        81.683574579325835       0.32206776339030690        41.224673713959284        152.97187008799574        152.54727581972134     
 1218_seed.data         224  0.30273077831755701       0.66390262920667831        67.811694343132771        148.71418894229595       0.36732148035523343        82.280011599572290        311.49332046289442        365.34377909722963     
 1219_seed.data         192  0.28063514915236915       0.63841236115188682        53.881948637254879        122.57517334116227       0.33372787542730264        64.075752082042101        233.22814914781290        277.98072232345748     
 1220_seed.data         224  0.28241838455686508       0.63553947190169291        63.261718140737777        142.36084170597923       0.33365154631152794        74.737946373782250        257.27623025020870        304.85355397079763     
 1221_seed.data         143  0.23413026400050005       0.53594780475692727        33.480627752071506        76.640536080240594       0.28908744941088160        41.339505265756067        234.65407673345305        265.06340221524738     
 1222_seed.data         160  0.27956752079911229       0.63512956020867872        44.730803327857970        101.62072963338859       0.33847226300888184        54.155562081421095        213.06399526456781        237.57785772512830     
 1223_seed.data         126  0.27701972543651598       0.62267902635000771        34.904485405001012        78.457557320100975       0.32090632499581556        40.434196949472764        172.23838903029545        175.78991347651510     
 1224_seed.data         184  0.20562301796272978       0.47583973769722804        37.834635305142278        87.554511736289953       0.25014339315285716        46.026384340125716        312.56088329811070        371.93593978663813     
 1225_seed.data         180  0.26991792701423473       0.58959204581811020        48.585226862562251        106.12656824725984       0.32906520094674641        59.231736170414351        254.42230783863971        289.36092516218633     
 1226_seed.data         168  0.31134117817445256       0.69787455597931281        52.305317933308032        117.24292540452456       0.35466459418868657        59.583651823699341        186.57067500836433        194.36584535324377     
 1227_seed.data         180  0.35102739110830700       0.76679947369196322        63.184930399495258        138.02390526455338       0.40317934053339266        72.572281296010672        167.57619498885532        176.06245094671780     
 1228_seed.data         190  0.28638174328944188       0.63104846100225265        54.412531224993955        119.89920759042801       0.34968950931774440        66.441006770371430        222.25016629496028        263.39982163375015     
 1229_seed.data         144  0.26675936012158957       0.61625407459949699        38.413347857508896        88.740586742327565       0.30859799091695350        44.438110692041306        184.06375022244035        180.26577855257023     
 1230_seed.data         146  0.27781928498592767       0.62846003185343435        40.561615607945441        91.755164650601415       0.33037809235248689        48.235201483463086        204.48193928300040        197.99828801182537     
 1231_seed.data         155  0.23490908896675033       0.54524893515943507        36.410908789846303        84.513584949712438       0.31426588872660066        48.711212752623105        307.17893954763662        404.02595691729346     
 1232_seed.data         172  0.25864276458826413       0.59709430815348696        44.486555509181429        102.70022100239976       0.30753793024873666        52.896524002782705        262.55411062218025        308.25651948472358     
 1233_seed.data         197  0.29653697447383626       0.65647891481571130        58.417783971345742        129.32634621869514       0.35940835946710364        70.803446815019413        269.21580040836875        334.44826398365086     
 1234_seed.data         151  0.26573519518670413       0.59004250283475490        40.126014473192321        89.096417928047984       0.34011682017591216        51.357639846562734        200.83843084353992        216.20452790588632     
 1235_seed.data         159  0.25883434683907064       0.59530057707326445        41.154661147412234        94.652791754649044       0.32226281723103578        51.239787939734690        189.12844614831468        204.68643990104280     
 1236_seed.data         219  0.27318134217816659       0.62065215000787399        59.826713937018482        135.92282085172440       0.32222780613544100        70.567889543661579        250.24076059869168        298.60848482786321     
 1237_seed.data         185  0.22847250317615778       0.52202171921133189        42.267413087589190        96.574018054096399       0.29100550978098449        53.836019309482133        228.21020092340538        277.46163493278004     
 1238_seed.data         178  0.23860593965332505       0.54839667338299858        42.471857258291855        97.614607862173742       0.29761551724475310        52.975562069566053        290.24305065407566        368.43107893920967     
 1239_seed.data         149  0.23928144740926752       0.53439967955776568        35.652935663980863        79.625552254107092       0.30231536501683326        45.044989387508153        245.82794146851771        281.35332998970472     
 1240_seed.data         185  0.30980087530752920       0.69821971135672845        57.313161931892900        129.17064660099476       0.35661974295693499        65.974652447032980        193.62732325124114        218.79516039947657     
 1241_seed.data         175  0.31649640669165130       0.70676786365738253        55.386871171038976        123.68437614004195       0.37826953337551938        66.197168340715891        174.24061616972418        182.75555018858560     
 1242_seed.data         143  0.30058635703375552       0.68179527245198135        42.983849055827037        97.496723960633332       0.35386597566015671        50.602834519402407        178.38268213733556        172.74064637581887     
 1243_seed.data         194  0.29989001154110750       0.68903154606701122        58.178662238974859        133.67211993700019       0.34564285289457386        67.054713461547323        274.94570021198638        329.27694303294209     
 1244_seed.data         208  0.32645487055887046       0.73014419932227270        67.902613076245061        151.86999345903271       0.37220793691429754        77.419250878173884        215.04471196048928        250.37812354970254     
 1245_seed.data         207  0.31032521935465879       0.68493470006159807        64.237320406414369        141.78148291275079       0.37047402597741008        76.688123377323890        239.73514195452367        288.42327462834311     
 1246_seed.data         220  0.29391480280745136       0.65664195452283647        64.661256617639296        144.46122999502401       0.34712177780497372        76.366791117094223        236.21578344980693        288.04353556538734     
 1247_seed.data         184  0.31880010148711957       0.69777586221306942        58.659218673630001        128.39075864720476       0.38771097880389577        71.338820099916816        188.09467720886127        210.28216470554753     
 1248_seed.data         146  0.27979376338030365       0.63485670062710287        40.849889453524334        92.689078291557024       0.32467457517926873        47.402487976173234        160.17220815513195        162.07995908979655     
 1249_seed.data         151  0.27947454857762233       0.61970481434391933        42.200656835220968        93.575426965931825       0.32986102378135884        49.809014590985186        222.80825882283662        259.84875519905876     
 1250_seed.data         129  0.21623971927248964       0.51049371283968814        27.894923786151164        65.853688956319772       0.28341371945132804        36.560369809221314        267.00533884706425        290.60010697840039     
 1251_seed.data         137  0.21154407046737531       0.48786071718234919        28.981537654030419        66.836918253981835       0.26218369054380020        35.919165604500627        222.64757017659511        238.71208323646613     
 1252_seed.data         138  0.23296783354711695       0.54336904523329577        32.149561029502138        74.984928242194812       0.28498653287547271        39.328141536815231        233.89814725347696        262.16303117100671     
 1253_seed.data         146  0.31302511801452348       0.71332250834774846        45.701667230120428        104.14508621877127       0.36423219799591450        53.177900907403519        151.51069395974537        146.70015539290313     
 1254_seed.data         179  0.27169837360402316       0.62474761993090155        48.634008875120145        111.82982396763138       0.32754691138246483        58.630897137461204        254.43099497140471        293.47373354890755     
 1255_seed.data         170  0.22688093237853579       0.53370412660828936        38.569758504351086        90.729701523409190       0.28449555715590047        48.364244716503080        303.60180298155780        413.11584074320643     
 1256_seed.data         204  0.21561112944711511       0.48911767608964224        43.984670407211482        99.780005922287017       0.26286971443268148        53.625421744267022        345.05934399588074        389.33128196183657     
 1257_seed.data         176  0.34055767694470157       0.73197214436529734        59.938151142267479        128.82709740829233       0.39417838034631936        69.375394940952205        176.65583491729788        189.95051857542686     
 1258_seed.data         205  0.27378004209410106       0.63250374282552058        56.124908629290715        129.66326727923172       0.32919739935497677        67.485466867770242        273.59419634814248        333.96087303809384     
 1259_seed.data         196  0.24004906302255063       0.56315300303174953        47.049616352419925        110.37798859422291       0.27570249144860759        54.037688323927085        275.85722265687548        330.65816811738824     
 1260_seed.data         167  0.27089324675733739       0.62060212143185711        45.239172208475345        103.64055427912014       0.32989174221061163        55.091920949172142        225.99553631963343        266.88816139839332     
 1261_seed.data         172  0.29785574827827183       0.66867349375247476        51.231188703862756        115.01184092542566       0.35032251051595692        60.255471808744588        186.68143202998917        195.56355290317839     
 1262_seed.data         167  0.34752211582391179       0.75686962534535485        58.036193342593272        126.39722743267426       0.40369968716126786        67.417847755931732        149.17379272878901        151.28161067619089     
 1263_seed.data         175  0.32812928714536499       0.72778458676865587        57.422625250438870        127.36230268451477       0.37670106567879380        65.922686493788916        200.30716616345856        215.07616949144810     
 1264_seed.data         171  0.32336007819207313       0.71105861680651605        55.294573370844503        121.59102347391425       0.37676055814056819        64.426055442037168        189.57681880275510        202.88437658686354     
 1265_seed.data         191  0.31660712340535313       0.71063178178045616        60.471960570422446        135.73067032006713       0.37385877705275750        71.407026417076679        217.79763153667304        240.83631483890917     
 1266_seed.data         224  0.30355183793668938       0.66091571899978718        67.995611697818418        148.04512105595234       0.36620096404799779        82.029015946751500        292.06822511924088        393.85880228561297     
 1267_seed.data         188  0.32420084068190030       0.71848469523908132        60.949758048197261        135.07512270494729       0.38937325047014276        73.202171088386834        243.85193775767704        288.09780822500551     
 1268_seed.data         157  0.30522488931794312       0.66948168588273793        47.920307622917072        105.10862468358985       0.36665051934434251        57.564131537061776        215.86593228797253        235.59245095457797     
 1269_seed.data         141  0.23515299605745690       0.54611580206606225        33.156572444101421        77.002328091314780       0.28179454757510575        39.733031208089912        250.20035520726816        268.38294214232815     
 1270_seed.data         160  0.22341507244562772       0.49794551731382508        35.746411591300436        79.671282770212017       0.30438521557817910        48.701634492508660        256.04566289545158        307.29271463188132     
 1271_seed.data         214  0.23819964241172470       0.53412388667881039        50.974723476109084        114.30251174926542       0.29616551351463816        63.379419892132567        292.72476212512100        376.59008193434033     
 1272_seed.data         202  0.29491860859852315       0.66155829108010189        59.573558936901676        133.63477479818059       0.34838437536333605        70.373643823393877        214.23344652594309        247.44829426727779     
 1273_seed.data         175  0.32165588033333653       0.72186174026133598        56.289779058333892        126.32580454573380       0.37402916103354489        65.455103180870353        182.27641814856531        196.28189124493264     
 1274_seed.data         134  0.26480966902262160       0.58911537799238933        35.484495649031295        78.941460650980176       0.32641372150384401        43.739438681515097        216.43637137600140        238.68702099578385     
 1275_seed.data         157  0.20451701332030120       0.47039357110423941        32.109171091287287        73.851790663365591       0.24905051255109506        39.100930470521924        231.38633563933593        236.44513306694253     
 1276_seed.data         186  0.22892300920663333       0.52689646002264379        42.579679712433801        98.002741564211746       0.27579535440170244        51.297935918716654        273.35248570962455        321.80571375479275     
 1277_seed.data         142  0.22522302926762536       0.52014757677593015        31.981670156002799        73.860955902182084       0.27211503794930003        38.640335388800608        188.25824329670712        194.02647469443016     
 1278_seed.data         139  0.24764612982697129       0.57192657484167941        34.422812045949009        79.497793902993436       0.30457048531630099        42.335297458965840        196.44154238837456        202.76838962628301     
 1279_seed.data         168  0.30278342484349957       0.69637620036793024        50.867615373707928        116.99120166181228       0.35351038322613226        59.389744381990219        177.02494876546075        186.06258276778667     
 1280_seed.data         212  0.19567371496736227       0.43311431055307481        41.482827573080804        91.820233837251862       0.26739376050530500        56.687477227124660        427.62855965750879        631.93841139755364     
 1281_seed.data         167  0.20970209842991364       0.48358157533023494        35.020250437795575        80.758123080149232       0.27343194696602141        45.663135143325576        284.32988225704469        372.71639392602179     
 1282_seed.data         218  0.33870656023527029       0.73824573783187464        73.838030131288917        160.93757084734867       0.40386401170687225        88.042354552098146        209.16448411228686        252.54344735512834     
 1283_seed.data         137  0.30494236605798108       0.69030852011568200        41.777104149943412        94.572267255848431       0.36015257498408099        49.340902772819092        167.91521075875482        159.97742894933634     
 1284_seed.data         172  0.22353780392293077       0.52002280066821294        38.448502274744094        89.443921714932628       0.27343564468269921        47.030930885424262        306.90106193755889        369.20110104661541     
 1285_seed.data         145  0.26072994734257454       0.58676250749547354        37.805842364673310        85.080563586843667       0.32355894351342174        46.916046809446151        189.47041387155843        198.36070728627956     
 1286_seed.data         151  0.25203259146306223       0.58485422349090765        38.056921310922398        88.312987747127053       0.31399490702483862        47.413230960750631        245.80657893457669        266.11096178859952     
 1287_seed.data         152  0.24838364576755506       0.57168228544146982        37.754314156668372        86.895707387103414       0.29998546999375536        45.597791439050816        244.84326935111798        292.75246527282559     
 1288_seed.data         185  0.19877395466381262       0.47020342589619973        36.773181612805331        86.987633790796949       0.24998869027731976        46.247907701304158        363.54932080583927        442.49880318220733     
 1289_seed.data         139  0.29669166288553134       0.67142066761724617        41.240141141088856        93.327472798797217       0.35793680891607482        49.753216439334402        171.48148686222572        164.23346478262408     
 1290_seed.data         209  0.27794464169588068       0.62832153196428031        58.090430114439059        131.31920018053458       0.34581208341218039        72.274725433145704        312.92863782127318        410.52705405835519     
 1291_seed.data         145  0.31270148299965106       0.71358446669042241        45.341715034949402        103.46974767011125       0.35710739659197088        51.780572505835778        152.70298952185391        155.76385650604814     
 1292_seed.data         188  0.25774367718193236       0.57956026570118047        48.455811310203288        108.95732995182193       0.32568415896819897        61.228621886021408        318.16383399556332        413.36777745704762     
 1293_seed.data         178  0.32016332085341398       0.72259532030480544        56.989071111907691        128.62196701425538       0.36975754672974226        65.816843317894126        189.93080864311926        200.93184977947135     
 1294_seed.data         167  0.27819072037779147       0.63145547079129838        46.457850303091178        105.45306362214683       0.33056243908275357        55.203927326819844        191.67854973213497        209.79111677916029     
 1295_seed.data         138  0.20972970085127715       0.49794360065234911        28.942698717476247        68.716216890024171       0.25610404772769185        35.342358586421476        203.27032287297331        218.66501386059701     
 1296_seed.data         224  0.29858980358256626       0.66590166729691702        66.884116002494835        149.16197347450941       0.34432864585344874        77.129616671172514        261.12204849258757        318.08434868133702     
 1297_seed.data         154  0.31061663321982463       0.70075754477452612        47.834961515852996        107.91666189527702       0.37505894781044441        57.759077962808441        212.44287132874410        228.70305992501582     
 1298_seed.data         212  0.30645405537808340       0.68494545414898966        64.968259740153684        145.20843627958581       0.34474921037029160        73.086832598501815        200.63992480508932        229.40334072673588     
 1299_seed.data         186  0.29073987029676207       0.65533508965213239        54.077615875197743        121.89232667529663       0.34981412518775978        65.065427284923317        246.45283236847672        301.68172883347978     
 1300_seed.data         215  0.27912857249928880       0.63561308383209603        60.012643087347094        136.65681302390064       0.32875968240338799        70.683331716728418        266.36135968950316        313.28886103784782     
 1301_seed.data         179  0.21786462633368392       0.49337546468433868        38.997768113729421        88.314208178496628       0.27740650798449701        49.655764929224965        367.47987894764123        532.42964406120234     
 1302_seed.data         166  0.30828565762831694       0.68087959066350334        51.175419166300614        113.02601205014156       0.35289410884674827        58.580422068560210        167.86208157933550        167.96853858692171     
 1303_seed.data         205  0.27900262983637719       0.63329635920889793        57.195539116457326        129.82575363782408       0.33484010568190187        68.642221664789886        223.03188482185482        263.58892160033150     
 1304_seed.data         175  0.22755917232931561       0.52057515008594824        39.822855157630229        91.100651265040938       0.27594439706385970        48.290269486175447        270.72111842208773        334.99928669257872     
 1305_seed.data         155  0.32673831616410226       0.72102657243435975        50.644439005435849        111.75911872732576       0.38352217901223479        59.445937746896391        183.74365027267021        181.57644511056651     
 1306_seed.data         215  0.26182867770406254       0.59768829795674894        56.293165706373443        128.50298406070101       0.31471480016942011        67.663682036425328        280.59016015363471        363.51423124314761     
 1307_seed.data         205  0.26352813121414076       0.59865016775749502        54.023266898898854        122.72328439028648       0.31085648240726232        63.725578893488773        287.77243178225552        362.06729446326352     
 1308_seed.data         159  0.20722474255855716       0.46793232322087797        32.948734066810587        74.401239392119592       0.26972020176316847        42.885512080343787        214.85560317264611        237.35987383735051     
 1309_seed.data         158  0.22174342146372916       0.50253400756143041        35.035460591269207        79.400373194706006       0.30087743697538993        47.538635042111608        394.90652400594530        524.45365691623908     
 1310_seed.data         225  0.28241969391466643       0.64051699896831382        63.544431130799943        144.11632476787062       0.32764840045322546        73.720890101975726        264.74593678271822        302.49784394203704     
 1311_seed.data         188  0.30779812623231834       0.69127508475189570        57.866047731675849        129.95971593335639       0.35235914205259888        66.243518705888590        197.27578960858847        214.25511811649659     
 1312_seed.data         174  0.27789792982162531       0.62372880929377783        48.354239788962801        108.52881281711734       0.33613629697640457        58.487715673894392        239.99626343120866        268.77062144225488     
 1313_seed.data         181  0.30503778000629589       0.68976341956702703        55.211838181139555        124.84717894163190       0.35738747880470839        64.687133663652219        203.65518546154641        234.18347512090372     
 1314_seed.data         208  0.25058793078296032       0.56394348131140681        52.122289602855744        117.30024411277262       0.31237006957807806        64.972974472240239        320.64996602216138        404.60476632504464     
 1315_seed.data         183  0.22199824388259418       0.50557489627430385        40.625678630514734        92.520206018197598       0.27445596598865857        50.225441775924516        258.59976340334873        305.94197359266730     
 1316_seed.data         134  0.23155668480803496       0.55741181593499223        31.028595764276684        74.693183335288964       0.27202552907728345        36.451420896355984        184.73724838156681        176.42748175116736     
 1317_seed.data         140  0.16724364510462439       0.36402463493174225        23.414110314647413        50.963448890443914       0.24985383373649453        34.979536723109234        296.16179509228829        341.06053531648598     
 1318_seed.data         184  0.28811911368266929       0.62594919193297138        53.013916917611148        115.17465131566674       0.35355383849506578        65.053906283092104        208.56311974301673        231.40458402639953     
 1319_seed.data         142  0.25524578142688215       0.58239430628269950        36.244900962617265        82.699991492143326       0.33082887485214046        46.977700229003943        276.38826396539645        322.56587570427263     
 1320_seed.data         133  0.19676870624252288       0.45398697578100711        26.170237930255542        60.380267778873943       0.28283981587096729        37.617695510838651        297.39997428162894        340.67472083172356     
 1321_seed.data         203  0.23718995653540020       0.53381609923552031        48.149561176686241        108.36466814481062       0.29628076678886961        60.144995658140530        259.59343480304449        328.24839671122857     
 1322_seed.data         149  0.29182127071856551       0.66191585370509709        43.481369337066262        98.625462202059467       0.33818119674850117        50.388998315526671        181.92230131857212        185.06262368298127     
 1323_seed.data         218  0.32781450044822508       0.71895437122513906        71.463561097713068        156.73205292708030       0.38206435334336980        83.290029028854619        203.94985574158508        225.77350606332490     
 1324_seed.data         125  0.29660789442946278       0.67132795808721613        37.075986803682845        83.915994760902009       0.34509756073870962        43.137195092338700        148.27485184227402        138.69227588851695     
 1325_seed.data         221  0.27958873178316146       0.63102545820781031        61.789109724078685        139.45662626392607       0.33412954609456302        73.842629686898434        267.82955202479542        339.96874705130210     
 1326_seed.data         182  0.24049510280096750       0.53005165355890294        43.770108709776089        96.469400947720331       0.30340753956667288        55.220172201134467        247.34273023249963        314.92703361839847     
 1327_seed.data         153  0.18330905171599607       0.44036724629632873        28.046284912547399        67.376188683338299       0.24575420074976403        37.600392714713898        331.59950045204266        445.20355784299409     
 1328_seed.data         202  0.25909153807479213       0.59082547387740747        52.336490691108011        119.34674572323631       0.29759424824608915        60.114038145710012        218.21797555688056        248.44952822092191     
 1329_seed.data         218  0.26924711730072848       0.61553503321027203        58.695871571558811        134.18663723983931       0.33793034358239665        73.668814900962474        284.29225603349198        376.35723627326411     
 1330_seed.data         127  0.23412732325567717       0.56086519960377557        29.734170053471001        71.229880349679490       0.28440545321720911        36.119492558585556        167.90144594477732        173.14403615422526     
 1331_seed.data         162  0.32042279283868591       0.69486622452987612        51.908492439867118        112.56832837383993       0.37511644680341510        60.768864382153247        190.10239087250881        195.53563715796827     
 1332_seed.data         159  0.28405927924440683       0.63490647750152562        45.165425399860688        100.95012992274258       0.34976122755322292        55.612035180962444        282.00837371415679        338.56689618824015     
 1333_seed.data         175  0.31385678515956161       0.70282050321503864        54.924937402923284        122.99358806263176       0.35737122149120382        62.539963760960667        161.27480808337759        169.85941974355711     
 1334_seed.data         172  0.25875084747773086       0.58375689556651233        44.505145766169711        100.40618603744012       0.31781974428608323        54.664996017206313        250.24300903100303        288.35672518340289     
 1335_seed.data         215  0.27275284044641884       0.60337470410560889        58.641860695980050        129.72556138270591       0.34303982691117574        73.753562785902787        274.54160873849094        359.15210909183946     
 1336_seed.data         199  0.28927923101433040       0.65636523011379910        57.566566971851749        130.61668079264601       0.35290239607666085        70.227576819255503        234.12497505922994        279.81160243334267     
 1337_seed.data         134  0.27671713586117042       0.63651327250558021        37.080096205396835        85.292778515747742       0.33508315552961937        44.901142840968994        156.36696670174709        156.33886793217530     
 1338_seed.data         137  0.27033572243066650       0.60004627770213204        37.035993973001311        82.206340045192093       0.33206507407965147        45.492915148912253        180.07671750366447        196.87512176257306     
 1339_seed.data         200  0.27932809075275933       0.60268481715865097        55.865618150551867        120.53696343173019       0.32921309747234517        65.842619494469034        252.82999159763230        306.20825672095435     
 1340_seed.data         192  0.24519810103935097       0.55064564667576565        47.078035399555390        105.72396416174701       0.31499376107183052        60.478802125791461        279.00706724436304        360.76545107799615     
 1341_seed.data         172  0.23223870725951526       0.52110334977449324        39.945057648636627        89.629776161212831       0.29469644374753673        50.687788324576317        231.20637204024425        261.76138402499896     
 1342_seed.data         145  0.25378335917523903       0.56253037152608809        36.798587080409661        81.566903871282776       0.32699970910175663        47.414957819754711        222.96875164777256        243.62582722111378     
 1343_seed.data         216  0.27149439226488742       0.60969275354503050        58.642788729215681        131.69363476572659       0.32726150018102207        70.688484039100771        251.54124011787079        302.58803919210129     
 1344_seed.data         169  0.31625801046243340       0.69893030961112679        53.447603768151247        118.11922232428043       0.36981941494393844        62.499481125525598        150.47492825029860        156.47898448219098     
 1345_seed.data         224  0.27593429456288976       0.63368749122560608        61.809281982087306        141.94599803453576       0.34093833881552821        76.370187894678324        300.40381775190434        404.44225016334917     
 1346_seed.data         184  0.30977953573841388       0.69447931237947746        56.999434575868150        127.78419347782385       0.36575571654116701        67.299051843574730        205.72807078929350        220.00487792974289     
 1347_seed.data         219  0.28815518644688742       0.64778638590623150        63.105985831868345        141.86521851346470       0.33758645030453110        73.931432616692305        267.06732526845747        331.00457648456137     
 1348_seed.data         149  0.28028860637710018       0.63958907441773716        41.763002350187925        95.298772088242842       0.32555238298994127        48.507305065501249        181.59208917808769        191.47345198752529     
 1349_seed.data         196  0.14354173333348530       0.33686021079258188        28.134179733363119        66.024601315346047       0.19598290554612130        38.412649487039772        513.68524673143600        721.48802293778465     
 1350_seed.data         206  0.28300733145709239       0.64231184281516129        58.299510280161030        132.31623961992324       0.33668349757597915        69.356800500651701        237.41355617418046        284.65042013666550     
 1351_seed.data         146  0.28432295207358682       0.62852881243442871        41.511151002743674        91.765206615426592       0.35104342083392476        51.252339441753016        193.19109071545645        215.00360205329818     
 1352_seed.data         224  0.21368640532567809       0.49551482608648506        47.865754792951890        110.99532104337266       0.27433685870063995        61.451456348943353        338.67768179508982        452.05813492055756     
 1353_seed.data         167  0.27400438244357334       0.63023848966611951        45.758731868076744        105.24982777424196       0.32899608281632420        54.942345830326140        224.12887346741158        256.60540220781877     
 1354_seed.data         169  0.29046107563408913       0.65850139768809057        49.087921782161061        111.28673620928731       0.33821309780833048        57.158013529607850        194.86046782130632        201.49997109328058     
 1355_seed.data         204  0.26489174696806678       0.58466588551538790        54.037916381485623        119.27184064513914       0.33522746426841721        68.386402710757110        287.73784493639261        351.62988993570838     
 1356_seed.data         156  0.20249170575339201       0.46955356455349734        31.588706097529155        73.250356070345589       0.24228168503725880        37.795942865812371        283.29466964090477        352.08719227399683     
 1357_seed.data         194  0.26335651487647366       0.60367826558839865        51.091163886035886        117.11358352414933       0.32045143125760817        62.167577663975983        218.89692307695697        251.46120379913555     
 1358_seed.data         138  0.27410865466568107       0.60847345232430972        37.826994343863987        83.969336420754743       0.33439642783608114        46.146707041379202        219.49630617036129        233.13779700900591     
 1359_seed.data         213  0.31502338584939149       0.70387857965304124        67.099981185920385        149.92613746609777       0.35811297631821720        76.278063955780269        211.27297084682485        237.10473481528774     
 1360_seed.data         166  0.26351053377943867       0.60969532238323798        43.742748607386822        101.20942351561750       0.31468229441055584        52.237260872152270        230.73804010757357        263.41698971384818     
 1361_seed.data         172  0.25689952293684287       0.58926941746701844        44.186717945136976        101.35433980432717       0.33031598774355286        56.814349891891091        225.05074924324015        264.76444066396516     
 1362_seed.data         210  0.30537743282614183       0.68145330005108806        64.129260893489786        143.10519301072850       0.35769628571061513        75.116219999229173        209.35501109820828        244.15508772266409     
 1363_seed.data         134  0.26586129696096383       0.60459670479021244        35.625413792769152        81.015958441888472       0.31925067905577537        42.779590993473896        153.12507374654942        148.25506374968944     
 1364_seed.data         126  0.27538206898214812       0.62243677265400910        34.698140691750666        78.427033354405140       0.32314406119733829        40.716151710864622        151.36671607652025        138.65508063458867     
 1365_seed.data         219  0.30354571971162836       0.67415866881757236        66.476512616846605        147.64074847104834       0.35427124375893870        77.585402383207580        197.43144920383344        227.41834233250989     
 1366_seed.data         142  0.17054910770199216       0.39674949047164093        24.217973293682888        56.338427646973010       0.19788367879491359        28.099482388877728        217.53147408526920        240.53150912864763     
 1367_seed.data         180  0.23580694467861263       0.53304446000025907        42.445250042150271        95.948002800046638       0.29691645969993641        53.444962745988555        220.21417229049598        257.80890637408925     
 1368_seed.data         137  0.26562440183462077       0.61311784254402135        36.390543051343045        83.997144428530930       0.31070454926061464        42.566523248704208        160.46669530185241        151.35189210982315     
 1369_seed.data         136  0.24795835210524986       0.57939334815253718        33.722335886313978        78.797495348745059       0.29708287193354666        40.403270582962342        192.84985006609691        202.86312419914117     
 1370_seed.data         172  0.23233662849495490       0.52238978678959680        39.961900101132244        89.851043327810643       0.28033553642371017        48.217712264878152        294.04727881297515        352.53559979691357     
 1371_seed.data         203  0.17198496296561097       0.40569012883512001        34.912947482019028        82.355096153529360       0.23188300200654455        47.072249407328542        321.16512653344978        428.23179673581285     
 1372_seed.data         191  0.28969258558494382       0.65005992440942428        55.331283846724268        124.16144556220004       0.34362450004721301        65.632279509017678        233.89874604104020        265.97095818125456     
 1373_seed.data         215  0.27468869384866718       0.61696052085189601        59.058069177463445        132.64651198315764       0.33652264135656546        72.352367891661572        249.88797218292891        310.20221126753626     
 1374_seed.data         198  0.30631727546342102       0.68078447160461153        60.650820541757362        134.79532537771308       0.36199838637313470        71.675680501880663        247.62969088584427        279.26619000739367     
 1375_seed.data         131  0.25333594657108127       0.58600983470859425        33.187009000811649        76.767288346825850       0.30588561024212357        40.071014941718190        209.19512156032485        220.83476447746983     
 1376_seed.data         137  0.26747209047708254       0.61189695585113690        36.643676395360309        83.829882951605754       0.31255630193568140        42.820213365188351        208.13509761388428        210.42043698448825     
 1377_seed.data         187  0.30234774097242340       0.68295787020314414        56.539027561843177        127.71312172798795       0.35586367117069889        66.546506508920686        216.44731043282590        256.63738839742365     
 1378_seed.data         156  0.21608861335739080       0.49391809914769119        33.709823683752965        77.051223467039833       0.27198456455121645        42.429592069989766        244.02932440805395        295.17701777666775     
 1379_seed.data         225  0.28925887765119812       0.65426028779137657        65.083247471519570        147.20856475305973       0.34426090758234112        77.458704206026752        245.59950052591154        294.77304485967835     
 1380_seed.data         206  0.29505928143646215       0.66732890877115769        60.782211975911203        137.46975520685848       0.34860170335465718        71.811950891059382        198.09036914468223        232.45454801011414     
 1381_seed.data         165  0.29923010496970881       0.65229374065182988        49.372967320001955        107.62846720755194       0.36486464177266636        60.202665892489954        205.33643251889265        220.90662154475064     
 1382_seed.data         208  0.27112301826538232       0.61021058953990981        56.393587799199523        126.92380262430125       0.33291928147979072        69.247210547796470        284.17800293242203        352.59009459293611     
 1383_seed.data         210  0.26758083487775441       0.60068136226623015        56.191975324328425        126.14308607590833       0.32392519636677675        68.024291237023121        270.59543138772187        339.15411716755705     
 1384_seed.data         144  0.29246301235190580       0.66804340273358553        42.114673778674437        96.198249993636324       0.35195600949880013        50.681665367827222        169.36199889565316        169.16814150880816     
 1385_seed.data         212  0.30963399033099465       0.68474884287250704        65.642405950170868        145.16675468897148       0.36414742022581675        77.199253087873146        247.90300422089982        285.48860230269850     
 1386_seed.data         207  0.23512723113106421       0.53301146517318143        48.671336844130288        110.33337329084856       0.30740602647417942        63.633047480155142        331.64839517166018        472.61553093275711     
 1387_seed.data         176  0.26764495370855573       0.60008693621613041        47.105511852705810        105.61530077403896       0.33180792326074243        58.398194493890671        209.51682006488838        229.97297724352271     
 1388_seed.data         196  0.25172668828045769       0.56458574629864511        49.338430902969705        110.65880627453444       0.32590036270490497        63.876471090161374        261.37147358855174        336.33995670770457     
 1389_seed.data         169  0.24457818010281820       0.56116578136108763        41.333712437376278        94.837017050023803       0.31122087444435403        52.596327781095830        278.20509535724108        320.41711185797664     
 1390_seed.data         189  0.19615286874305779       0.43488328905878582        37.072892192437919        82.192941632110518       0.25244240288926123        47.711614146070374        301.00027209042287        377.10251894238996     
 1391_seed.data         186  0.32852837152866621       0.72929558929207494        61.106277104331916        135.64897960832593       0.37880268743782797        70.457299863436006        188.16221263669439        204.43297098795904     
 1392_seed.data         168  0.21059359737180319       0.48909536390679825        35.379724358462937        82.168021136342105       0.24548294555192748        41.241134852723818        246.05570044400750        300.59586344617418     
 1393_seed.data         206  0.21540678059615626       0.50021003781392925        44.373796802808187        103.04326778966943       0.26854145912178051        55.319540579086784        344.78311654975187        469.92416034322747     
 1394_seed.data         147  0.31902362100032755       0.70349849693324762        46.896472287048148        103.41427904918740       0.38292794526390334        56.290407953793789        169.89358929308872        163.23282219997822     
 1395_seed.data         130  0.33552394032033123       0.73682769434245787        43.618112241643061        95.787600264519526       0.38456065228515074        49.992884797069593        146.26681687592651        135.71836271651671     
 1396_seed.data         203  0.31067299877643262       0.68851996993720721        63.066618751615820        139.76955389725308       0.37429750008347146        75.982392516944699        212.69361460803981        258.24377936914442     
 1397_seed.data         175  0.31782627305490690       0.71416734587389807        55.619597784608708        124.97928552793216       0.37740145793507585        66.045255138638268        219.71686796274801        253.93811416086706     
 1398_seed.data         186  0.30201126584847837       0.67897538652451717        56.174095447816974        126.28942189356019       0.34290674560499584        63.780654682529224        209.92236978862738        243.91678420036635     
 1399_seed.data         195  0.30092251673462572       0.67505973460848756        58.679890763252018        131.63664824865506       0.34738300008915957        67.739685017386108        226.79042637051063        259.08382187278232     
 1400_seed.data         171  0.27716010696793508       0.62332465222282618        47.394378291516901        106.58851553010328       0.32440998451836023        55.474107352639599        191.03361566167180        204.10107436523620     
 1401_seed.data         202  0.27138129293847996       0.59999915486118638        54.819021173572949        121.19982928195965       0.31468905873838682        63.567189865154134        227.04407322986947        272.30687892659006     
 1402_seed.data         170  0.29075001361362535       0.65277231964475224        49.427502314316307        110.97129433960788       0.34567547926891606        58.764831475715731        204.86800518604153        227.00157676703347     
 1403_seed.data         150  0.21870142440505858       0.52129117943422665        32.805213660758788        78.193676915133992       0.26169249680628837        39.253874520943256        244.14388548436472        277.19840353538149     
 1404_seed.data         176  0.24916576617837660       0.55623483076678160        43.853174847394286        97.897330214953556       0.30390979165863552        53.488123331919851        248.12209271267108        291.64149855088300     
 1405_seed.data         166  0.22993658903191883       0.52748641958874665        38.169473779298528        87.562745651731944       0.30331508305472893        50.350303787085004        296.06515552309264        360.58112819614706     
 1406_seed.data         208  0.26169955712208393       0.58831404105496654        54.433507881393453        122.36932053943303       0.32108991687717714        66.786702710452843        305.63115776184111        417.77473179821112     
 1407_seed.data         150  0.33570098058652503       0.74801488383211179        50.355147087978757        112.20223257481676       0.37491042076399100        56.236563114598653        142.56652459965142        139.83259571860870     
 1408_seed.data         168  0.23884252272608034       0.53238228941153543        40.125543817981494        89.440224621137958       0.31773608515271207        53.379662305655629        276.53647157750629        332.34174291546901     
 1409_seed.data         201  0.23087616807821698       0.52162883638623858        46.406109783721611        104.84739611363395       0.28887505635248389        58.063886326849264        311.87809487835551        394.01547544226833     
 1410_seed.data         127  0.25265602722834463       0.58368036861651218        32.087315457999765        74.127406814297046       0.28999080485446899        36.828832216517561        201.97348255340654        196.75105905562418     
 1411_seed.data         195  0.25214686442564788       0.58344363226352325        49.168638563001338        113.77150829138704       0.30829838242098423        60.118184572091927        273.60489292326344        340.20483825097534     
 1412_seed.data         125  0.17673373460086611       0.41450754607314505        22.091716825108264        51.813443259143128       0.23640320083570093        29.550400104462618        258.01441193079739        252.66452554071785     
 1413_seed.data         194  0.30882834372722312       0.68728324928599249        59.912698683081288        133.33295036148255       0.36298688663045880        70.419456006309005        218.55570202878044        235.97092843564400     
 1414_seed.data         189  0.30305252859640619       0.67682233898735711        57.276927904720772        127.91942206861049       0.35208419035217670        66.543911976561390        197.07804316908536        217.75723035754561     
 1415_seed.data         162  0.24326889052092615       0.55108344168470813        39.409560264390038        89.275517552922722       0.31622455912708719        51.228378578588128        291.02461879152258        357.57502591919825     
 1416_seed.data         170  0.26900025964290247       0.61422542682666648        45.730044139293419        104.41832256053330       0.30546200583203137        51.928540991445331        188.79023925223299        202.87893821138334     
 1417_seed.data         148  0.27616544835655848       0.61218580423817304        40.872486356770658        90.603499027249612       0.33645092284931577        49.794736581698736        210.92935101955138        233.37552528538808     
 1418_seed.data         147  0.33032730698456192       0.71859531223387796        48.558114126730601        105.63351089838007       0.38406718759418756        56.457876576345569        164.53708832115794        166.83658699468174     
 1419_seed.data         163  0.28607106982439762       0.62599064307642283        46.629584381376809        102.03647482145692       0.35424808377169376        57.742437654786080        247.90727625921792        277.68467753595030     
 1420_seed.data         127  0.24076996956847421       0.54954192425102633        30.577786135196224        69.791824379880339       0.31684954022564904        40.239891608657430        228.44039688789604        252.18579860100706     
 1421_seed.data         142  0.28718458104880978       0.65290785979946409        40.780210508930992        92.712916091523894       0.34786582060757670        49.396946526275890        207.33074048825520        228.65900996162034     
 1422_seed.data         130  0.28674897549725381       0.65254747800919544        37.277366814642996        84.831172141195410       0.34238330166224035        44.509829216091248        189.68053913145988        196.71055286880190     
 1423_seed.data         183  0.27212132322473903       0.61266371537970088        49.798202150127246        112.11745991448527       0.34455935098748036        63.054361230708906        256.88519912196352        316.83465607604603     
 1424_seed.data         207  0.24745646617419076       0.54578677420542554        51.223488498057485        112.97786226052308       0.30746815693300489        63.645908485132011        251.57903867783187        295.50399922744191     
 1425_seed.data         189  0.32243685424402097       0.71188041823592441        60.940565452119962        134.54539904658972       0.37071994364717786        70.066069349316621        186.18753650348035        199.69875122658988     
 1426_seed.data         191  0.24386777050564395       0.56868952738664114        46.578744166577998        108.61969973084845       0.31062350353857388        59.329089175867608        266.37464427612508        330.31224006352846     
 1427_seed.data         181  0.31498566062392053       0.70126070894383963        57.012404572929618        126.92818831883497       0.37902892653379283        68.604235702616506        234.81200180363709        277.75328802908359     
 1428_seed.data         137  0.34035036508917765       0.75932219574954785        46.628000017217339        104.02714081768805       0.39068177642942564        53.523403370831311        146.57426964150835        140.39316181598664     
 1429_seed.data         136  0.25480015145594037       0.58846006563161701        34.652820598007892        80.030568925899914       0.29195255528012226        39.705547518096630        203.19468723665099        219.29710211752231     
 1430_seed.data         190  0.30977456410875553       0.68005835956497496        58.857167180663552        129.21108831734523       0.37547929247241424        71.341065569758712        221.97842923548117        253.39416974332150     
 1431_seed.data         127  0.26092173934036572       0.60452980371659815        33.137060896226444        76.775285072007961       0.32231286817414134        40.933734258115948        182.72452439768736        188.02158874657300     
 1432_seed.data         179  0.29112518653300368       0.66269187469948421        52.111408389407657        118.62184557120767       0.36165927826772054        64.737010809921983        239.99249708450441        301.73790276715857     
 1433_seed.data         218  0.31636491556473212       0.69414102432658242        68.967551593111608        151.32274330319495       0.36189293056021754        78.892658862127419        236.79256716034206        286.17982435463534     
 1434_seed.data         212  0.29431873465136749       0.65270128493700152        62.395571746089907        138.37267240664431       0.34747402184892495        73.664492631972095        248.37248550668801        308.94638258780185     
 1435_seed.data         189  0.26518652813188981       0.59753090209269588        50.120253816927175        112.93334049551952       0.32539008377217254        61.498725832940607        229.35377582464420        272.95274475510030     
 1436_seed.data         210  0.28966712562496094       0.65945898078576326        60.830096381241795        138.48638596501027       0.35257081675672974        74.039871518913245        233.74536137370572        276.92479685534681     
 1437_seed.data         150  0.29691811221326447       0.66840232414377909        44.537716831989670        100.26034862156686       0.34950359469589609        52.425539204384414        207.93102424989866        220.98491087093143     
 1438_seed.data         181  0.24111259353621939       0.56132040580611842        43.641379430055707        101.59899345090743       0.29489641451556653        53.376251027317544        276.33747604683549        331.93543479132512     
 1439_seed.data         133  0.24465103709336244       0.57308272828899121        32.538587933417205        76.220002862435834       0.29587618783401270        39.351532981923690        202.55600625447224        204.21680708589116     
 1440_seed.data         220  0.29097209355814607       0.66385961077389599        64.013860582792134        146.04911437025712       0.34629298857324470        76.184457486113828        253.02276738337031        323.24598665602099     
 1441_seed.data         141  0.26885231109026142       0.58949064760756031        37.908175863726861        83.118181312666010       0.34934153020294090        49.257155758614665        231.42927822992817        243.20334332645314     
 1442_seed.data         222  0.30186465815915958       0.67236452363416199        67.013954111333433        149.26492424678395       0.35470067367682079        78.743549556254209        289.79672112827103        382.84599898079921     
 1443_seed.data         146  0.26867237888262518       0.60810927981333729        39.226167316863275        88.783954852747243       0.32614502554814717        47.617173730029485        196.86787873835257        205.97129110579007     
 1444_seed.data         150  0.19468008805849205       0.44609906839941021        29.202013208773806        66.914860259911535       0.25178564884291937        37.767847326437909        271.45401091772885        334.28706616638988     
 1445_seed.data         205  0.26670489213849385       0.61718290558366384        54.674502888391238        126.52249564465109       0.31922821047189814        65.441783146739112        274.63877388604863        302.50032530261990     
 1446_seed.data         196  0.22905208798020182       0.50912564489447976        44.894209244119558        99.788626399318034       0.28607027743310609        56.069774376888795        288.82892865291933        347.88674138654767     
 1447_seed.data         166  0.23705891576907659       0.52435285762799844        39.351780017666712        87.042574366247734       0.30185490334687082        50.107913955580557        223.09609501426095        263.24772366346235     
 1448_seed.data         138  0.15781352406615859       0.35943181527857354        21.778266321129884        49.601590508443145       0.22686185979478107        31.306936651679788        301.58984600562360        384.83417782095160     
 1449_seed.data         133  0.14249083545962737       0.34040213386996560        18.951281116130442        45.273483804705421       0.17908675938646387        23.818538998399696        330.59871811418424        413.45453313225846     
 1450_seed.data         156  0.16726631651021101       0.37820298558191023        26.093545375592917        58.999665750777993       0.20667626095674363        32.241496709252004        326.51099295031065        399.92782644385761     
 1451_seed.data         192  0.32602014233744869       0.70316174429946632        62.595867328790149        135.00705490549754       0.38991960811745507        74.864564758551381        213.24122688402224        240.26388006609687     
 1452_seed.data         188  0.26427598777586475       0.60608618672548031        49.683885701862572        113.94420310439030       0.30842269217615520        57.983466129117176        215.94870034063820        252.99283108572217     
 1453_seed.data         159  0.28682247678356160       0.64856867842453891        45.604773808586295        103.12241986950168       0.33363101588670119        53.047331525985491        196.23246546475880        203.85392294158612     
 1454_seed.data         214  0.30080148974823612       0.68477229143157903        64.371518806122523        146.54127036635791       0.34403988582649225        73.624535566869341        240.62812194016482        287.91221516498422     
 1455_seed.data         170  0.23696524516508194       0.55285402866857425        40.284091678063930        93.985184873657616       0.29274829395539292        49.767209972416794        258.48093528564209        307.50402517887841     
 1456_seed.data         175  0.27701604800411211       0.60518586921886042        48.477808400719617        105.90752711330057       0.33822947378969143        59.190157913195996        215.05122967133150        242.23592434313613     
 1457_seed.data         144  0.25485998372273416       0.57653685393441090        36.699837656073719        83.021306966555173       0.31224348468621221        44.963061794814557        195.91760157343535        206.45188988689046     
 1458_seed.data         161  0.29215658068361100       0.67931199297629119        47.037209490061372        109.36923086918289       0.35066610870353015        56.457243501268358        185.03542765581264        193.85328788634709     
 1459_seed.data         149  0.29818001759314738       0.69172476183959342        44.428822621378963        103.06698951409942       0.34568470470018869        51.507021000328116        166.24854945664467        163.93952467065415     
 1460_seed.data         151  0.27601519911020139       0.62689911261619324        41.678295065640413        94.661766005045180       0.33755250574256085        50.970428367126686        215.67020418024089        227.05688626923683     
 1461_seed.data         174  0.26632630663917362       0.61561340579129442        46.340777355216211        107.11673260768524       0.32613600674125148        56.747665172977761        260.02826854513631        300.65812214879662     
 1462_seed.data         210  0.26001459791294762       0.58924584704552485        54.603065561718999        123.74162787956021       0.31600797112579471        66.361673936416892        272.72737189626872        336.79560924169107     
 1463_seed.data         155  0.33866134193512598       0.73983680864492374        52.492507999944529        114.67470533996318       0.40031275833853580        62.048477542473051        148.32248862553956        146.61130491335700     
 1464_seed.data         155  0.26691168156198858       0.61266812946434934        41.371310642108227        94.963560066974154       0.30329841718581985        47.011254663802077        177.88622271103640        190.54681806158013     
 1465_seed.data         207  0.29693957082026423       0.66398894262737018        61.466491159794693        137.44571112386564       0.34563360905169377        71.546157073700613        233.21579448374084        270.62941759832700     
 1466_seed.data         200  0.24057974868406454       0.53914135214074754        48.115949736812908        107.82827042814951       0.30554028902022351        61.108057804044705        325.66480493870620        423.54893963931374     
 1467_seed.data         195  0.16317590947267652       0.37498499795278317        31.819302347171920        73.122074600792715       0.19137361277416495        37.317854490962169        322.42354878686371        438.59746048225026     
 1468_seed.data         225  0.27802903581071337       0.61770075844450567        62.556533057410505        138.98267065001377       0.33829750009172116        76.116937520637265        250.94827516615868        316.44173694016303     
 1469_seed.data         184  0.24913036559337459       0.56024014941084921        45.839987269180924        103.08418749159625       0.30673410424289027        56.439075180691809        291.74313045280786        345.55099317030181     
 1470_seed.data         193  0.27626123528502927       0.62611935221396198        53.318418410010651        120.84103497729465       0.32762702419328038        63.232015669303117        242.91703211770519        306.44238021095356     
 1471_seed.data         178  0.23031931663448452       0.52184903522885340        40.996838360938241        92.889128270735910       0.28894252539919968        51.431769521057539        339.05612254956043        413.76545784687266     
 1472_seed.data         166  0.29031530861448179       0.64274213898860522        48.192341230003976        106.69519507210846       0.34652585926539931        57.523292638056283        229.89922332154532        251.77650852864980     
 1473_seed.data         185  0.29402041414673102       0.66251149989334301        54.393776617145242        122.56462748026846       0.34137823490144509        63.154973456767344        219.52653909255162        239.71401888586115     
 1474_seed.data         192  0.30479132103888629       0.67463630048276368        58.519933639466167        129.53016969269063       0.35266778737862742        67.712215176696461        202.20810457260146        230.81923592350191     
 1475_seed.data         127  0.32632878138894755       0.72430187784390676        41.443755236396342        91.986338486176152       0.38359818990188366        48.716970117539226        131.71172624770597        118.13400013801947     
 1476_seed.data         149  0.24774323917321020       0.54681010389525242        36.913742636808323        81.474705480392615       0.31661371916248432        47.175444155210165        263.54760766190634        321.73823000008514     
 1477_seed.data         198  0.32176829207518942       0.71212980930795722        63.710121830887502        141.00170224297554       0.37647916423998790        74.542874519517596        224.14452560126603        258.19382317554357     
 1478_seed.data         200  0.27369747107986531       0.60487356914879742        54.739494215973060        120.97471382975948       0.33720408232956439        67.440816465912874        268.12506423590889        297.81313399372902     
 1479_seed.data         126  0.24195945949394379       0.56464936513863717        30.486891896236919        71.145820007468288       0.29235703096563620        36.836985901670161        220.17355161262140        232.14233183941724     
 1480_seed.data         147  0.32380747700631385       0.72079166296881836        47.599699119928133        105.95637445641630       0.37424697765390824        55.014305715124515        167.42981623258393        162.20239581846502     
 1481_seed.data         207  0.27931909026984453       0.62480467593761568        57.819051685857815        129.33456791908645       0.33815077691619649        69.997210821652672        297.15757501303119        353.82156600574046     
 1482_seed.data         173  0.21921738682128436       0.50955253698898217        37.924607920082195        88.152588899093914       0.28978763237069971        50.133260400131050        292.17184581735421        390.44433926591546     
 1483_seed.data         189  0.12579295161731888       0.29315950289840831        23.774867855673268        55.407146047799174       0.16921848399063028        31.982293474229120        387.23755120786723        601.81419285792674     
 1484_seed.data         195  0.26298066894953209       0.60713016758677740        51.281230445158755        118.39038267942159       0.33466813078271113        65.260285502628676        307.39774550385960        408.88465100082726     
 1485_seed.data         134  0.25532101429741194       0.57936241528375976        34.213015915853198        77.634563648023814       0.34071382131989547        45.655652056865996        230.80676185604193        263.68457375879331     
 1486_seed.data         214  0.27420207613222491       0.58927138056791495        58.679244292296133        126.10407544153379       0.35904685287582921        76.836026515427449        341.84071011685711        481.08623495564899     
 1487_seed.data         177  0.24983801847660392       0.56467906543781543        44.221329270358893        99.948194582493329       0.30800301366459720        54.516533418633706        274.38733148214004        334.66227645422413     
 1488_seed.data         206  0.30861253917969750       0.70477270527336777        63.574183071017686        145.18317728631376       0.36169855787668764        74.509902922597661        228.39808615541406        278.78036273553761     
 1489_seed.data         154  0.19419952720419617       0.44141508501581700        29.906727189446212        67.977923092435816       0.25031307638315198        38.548213763005407        276.55980343088407        322.60213883092138     
 1490_seed.data         202  0.23388440652156334       0.53529540120265784        47.244650117355796        108.12967104293688       0.28289940866216656        57.145680549757643        328.05821095743107        402.28818931119133     
 1491_seed.data         224  0.32656449703928636       0.71419103181031129        73.150447336800141        159.97879112550973       0.38062868714808590        85.260825921171246        222.46327294918439        257.41394110280214     
 1492_seed.data         126  0.30907358918641087       0.68508046691517765        38.943272237487768        86.320138831312391       0.37851122728523701        47.692414637939862        185.99553885063003        189.73936954779049     
 1493_seed.data         189  0.25769826304625087       0.59526065109165749        48.704971715741415        112.50426305632327       0.31188130139397602        58.945565963461469        282.47754963949654        351.07440205977161     
 1494_seed.data         193  0.27701936977799918       0.62305688653276770        53.464738367153842        120.24997910082416       0.33550540746435964        64.752543640621411        248.55773478147296        306.67110211501603     
 1495_seed.data         139  0.32774411643929285       0.71611430430658563        45.556432185061709        99.539888298615395       0.39119492291410463        54.376094285060546        163.32348854785715        158.38772463821067     
 1496_seed.data         216  0.29359607742400512       0.66406819181916399        63.416752723585105        143.43872943293943       0.33242802149240813        71.804452642360161        221.44315993617201        266.58928630032426     
 1497_seed.data         214  0.28500775634905889       0.65108973130364034        60.991659858698604        139.33320249897903       0.32724811127687381        70.031095813251000        220.68534673923068        258.74110847995166     
 1498_seed.data         210  0.28481521033166884       0.62809039062670591        59.811194169650456        131.89898203160823       0.34293827795259796        72.017038370045569        225.64584609803512        275.07920498281055     
 1499_seed.data         186  0.15514389627437511       0.36532680589642247        28.856764707033772        67.950785896734573       0.20300082945573922        37.758154278767492        375.20102768805469        520.25371076672411     
 1500_seed.data         136  0.17457175570272995       0.39819036800754143        23.741758775571274        54.153890049025634       0.22761919046920143        30.956209903811395        268.96753943495514        326.78943289648112     
 1501_seed.data         141  0.32475928695508272       0.73348912455597515        45.791059460666666        103.42196656239250       0.39386642839232222        55.535166403317433        179.42019481340981        189.22439566326898     
 1502_seed.data         172  0.27383047980676761       0.62144400718896720        47.098842526764031        106.88836923650236       0.32268882288153711        55.502477535624379        195.82699866348193        204.96088877580343     
 1503_seed.data         172  0.24672560739862121       0.55846188659472318        42.436804472562848        96.055444494292388       0.32836515180498144        56.478806110456809        326.71297420469210        438.36254243306405     
 1504_seed.data         154  0.24701163837280365       0.57610687741329603        38.039792309411766        88.720459121647593       0.28929808239535121        44.551904688884086        224.60994576252969        221.88165464422349     
 1505_seed.data         187  0.30448936613282845       0.69040051837695859        56.939511466838923        129.10489693649126       0.35320529064805206        66.049389351185738        194.20642517746086        219.07888471581157     
 1506_seed.data         147  0.18691477317037686       0.43170495583322299        27.476471656045398        63.460628507483783       0.24051041280700361        35.355030682629533        319.53087398438089        420.07290880231312     
 1507_seed.data         184  0.30004328284257709       0.67831465197362706        55.207964043034181        124.80989596314738       0.37632394258660867        69.243605435935990        226.33157168223579        267.37627521872179     
 1508_seed.data         202  0.20700445794704200       0.47810913514901077        41.814900505302482        96.578045300100172       0.24299412016780739        49.084812273897093        249.90914875498396        306.04245007912533     
 1509_seed.data         205  0.27376105229468833       0.62203365651616993        56.121015720411108        127.51689958581484       0.33084480020532325        67.823184042091270        238.39591209847154        283.28012325386743     
 1510_seed.data         167  0.24279554136389114       0.55443907639458179        40.546855407769819        92.591325757895163       0.29985943675698412        50.076525938416346        260.83438900386761        317.04916101702628     
 1511_seed.data         171  0.29033097970983307       0.65074782519563690        49.646597530381456        111.27787810845390       0.33965058144483690        58.080249427067109        178.96080467822858        184.28762408988550     
 1512_seed.data         196  0.30604717003180243       0.68935548698833482        59.985245326233276        135.11367544971361       0.34349933700959429        67.325870053880479        204.99201206033200        233.22245669586272     
 1513_seed.data         170  0.30272562022012578       0.68941079180699361        51.463355437421384        117.19983460718892       0.34082100385900671        57.939570656031144        180.66066619948489        191.80395492034773     
 1514_seed.data         150  0.27568657963436882       0.62056461791642714        41.352986945155322        93.084692687464070       0.34875215911988433        52.312823867982651        225.05419755471405        227.83876338371704     
 1515_seed.data         220  0.25013531005209361       0.57999974653645792        55.029768211460592        127.59994423802074       0.30068435321141340        66.150557706510952        327.07469702219385        437.90645295042373     
 1516_seed.data         159  0.26702773147775377       0.60967211583557324        42.457409304962852        96.937866417856142       0.32104938811459610        51.046852710220783        229.66789627154213        244.02645683347907     
 1517_seed.data         130  0.29246621474488421       0.67826961847378231        38.020607916834948        88.175050401591704       0.33478741292592057        43.522363680369672        149.82230320571659        146.16391413266618     
 1518_seed.data         218  0.25269634540808683       0.56117775227436362        55.087803298962932        122.33674999581127       0.33831713457876855        73.753135338171546        344.12323475292089        464.18104458599981     
 1519_seed.data         216  0.24906698903668828       0.56268410388186507        53.798469631924668        121.53976643848286       0.30168896645856053        65.164816755049074        319.76356568919198        425.39402591148507     
 1520_seed.data         165  0.28586853972595611       0.64521607290123073        47.168309054782760        106.46065202870307       0.33980383160639621        56.067632215055376        210.33442960670479        236.93701375656784     
 1521_seed.data         220  0.31245727732379519       0.70109381230957624        68.740601011234943        154.24063870810676       0.35820790202293812        78.805738445046387        224.11976839435616        253.37700049407186     
 1522_seed.data         186  0.23046668912955476       0.52653619631714044        42.866804178097183        97.935732514988118       0.28969651632477966        53.883552036409014        319.81011773222656        392.03594819086601     
 1523_seed.data         179  0.26609335134664819       0.62218887156781499        47.630709891050024        111.37180801063889       0.31181307764830257        55.814540899046158        200.44903514889566        224.44482758161462     
 1524_seed.data         156  0.28993948776236583       0.66271742371419107        45.230560090929067        103.38391809941380       0.33889165361335560        52.867097963683477        216.09577444644731        229.97848966636934     
 1525_seed.data         207  0.28746312996016427       0.64989274966331301        59.504867901754004        134.52779918030581       0.35555310768859011        73.599493291538153        279.40712971422818        359.11578997626623     
 1526_seed.data         195  0.25596253334590546       0.58740577620138579        49.912694002451566        114.54412635927022       0.31510375515159522        61.445232254561070        224.26357457251495        265.05125171098069     
 1527_seed.data         221  0.23554823457287130       0.54327351244342648        52.056159840604558        120.06344624999726       0.29287639435379265        64.725683152188168        447.31125799987103        641.52147053655733     
 1528_seed.data         130  0.27403223314249026       0.61571676960825072        35.624190308523737        80.043180049072589       0.34016640001888149        44.221632002454591        199.67564589552433        181.24132511341870     
 1529_seed.data         130  0.30162951763380386       0.67521798443357373        39.211837292394499        87.778337976364583       0.36619007669386616        47.604709970202599        185.19236125469763        193.60087330697903     
 1530_seed.data         193  0.31465881625086278       0.69385432899703436        60.729151536416516        133.91388549642764       0.37150224153187200        71.699932615651292        201.58546048496461        226.70059834629294     
 1531_seed.data         184  0.23782611070808052       0.53558399724929673        43.760004370286815        98.547455493870601       0.31047904389836878        57.128144077299858        387.31337727098571        536.39455217159821     
 1532_seed.data         166  0.20919394584266415       0.48558233600744483        34.726195009882247        80.606667777235842       0.25507203172092430        42.341957265673436        249.86130151480856        288.99699306090071     
 1533_seed.data         206  0.32636584228100185       0.70882950587610827        67.231363509886378        146.01887821047831       0.38976019375301824        80.290599913121753        213.14186196707476        230.69802527619765     
 1534_seed.data         162  0.27989903320210291       0.62025125837510076        45.343643378740673        100.48070385676633       0.35515086245923039        57.534439718395326        213.54289873080597        227.61365079237518     
 1535_seed.data         184  0.33192977102650739       0.73550149057496883        61.075077868877358        135.33227426579427       0.38275021110192459        70.426038842754124        192.94791288950458        208.49771490090515     
 1536_seed.data         125  0.31565212665219639       0.70580798144274159        39.456515831524548        88.225997680342701       0.36963445157019970        46.204306446274963        171.80063724544542        158.17280784765671     
 1537_seed.data         203  0.30455852430375235       0.68618896035799204        61.825380433661728        139.29635895267239       0.35928659016251968        72.935177802991490        205.35405644742443        230.38941786347027     
 1538_seed.data         179  0.30417968444095705       0.67936300037543529        54.448163514931309        121.60597706720291       0.35813517822023894        64.106196901422763        178.43872182108794        189.89948123312297     
 1539_seed.data         146  0.29952642885297859       0.66901242192909527        43.730858612534874        97.675813601647903       0.34871247791151683        50.912021775081456        170.75259170785088        169.39915879944820     
 1540_seed.data         198  0.31205430403376838       0.68796907949180330        61.786752198686138        136.21787773937706       0.36476879213253260        72.224220842241451        245.97568913653200        288.24485281595446     
 1541_seed.data         198  0.24690738026780518       0.55654974409343905        48.887661293025424        110.19684933050092       0.30480793260085709        60.351970654969705        275.92983506576115        342.18203419788085     
 1542_seed.data         139  0.23848790902907613       0.56299657027131889        33.149819355041579        78.256523267713320       0.29347001001656986        40.792331392303211        257.88040501595725        287.82519752791177     
 1543_seed.data         169  0.32175694038547814       0.70906597306839581        54.376922925145806        119.83214944855889       0.37349394531572400        63.120476758357356        162.59384639242381        154.96445446795687     
 1544_seed.data         196  0.27844394416438017       0.62553986896955971        54.575013056218516        122.60581431803371       0.35512926283388047        69.605335515440572        318.06865650881895        396.53042682654637     
 1545_seed.data         200  0.26384713451017427       0.59262053312441854        52.769426902034851        118.52410662488370       0.32898483970375575        65.796967940751145        307.22971175971571        380.62717134162307     
 1546_seed.data         166  0.20938080882095803       0.47906231756850326        34.757214264279035        79.524344716371544       0.26046705446700191        43.237531041522317        184.14325485015760        189.27296124662223     
 1547_seed.data         199  0.29131978848712631       0.63123479274661121        57.972637908938133        125.61572375657563       0.36208893863906583        72.055698789174102        298.59168766389001        375.64844922572479     
 1548_seed.data         186  0.25593214513258766       0.57544994358737944        47.603378994661306        107.03368950725257       0.31493219063710526        58.577387458501576        230.04635071281709        272.11808333534537     
 1549_seed.data         156  0.33836157862832889       0.75205092781938943        52.784406266019303        117.31994473982475       0.38691803906209388        60.359214093686646        138.54250749551338        133.25466019264420     
 1550_seed.data         129  0.30540812305283743       0.67977171176500484        39.397647873816027        87.690550817685619       0.34992225948163119        45.139971473130423        146.64049530222150        132.12071719286251     
 1551_seed.data         150  0.30566627630570803       0.68381279693303032        45.849941445856203        102.57191953995455       0.36095418509312238        54.143127763968359        162.32744712224880        154.35823359425393     
 1552_seed.data         139  0.19872941674418701       0.45349799227986759        27.623388927441994        63.036220926901592       0.23100310548403549        32.109431662280933        251.82190406395051        309.31939095721100     
 1553_seed.data         151  0.25590321419674872       0.59936594828975465        38.641385343709054        90.504258191752953       0.31365690334044682        47.362192404407473        245.06932384913182        284.04668083476525     
 1554_seed.data         170  0.28148677675549738       0.65140776320399041        47.852752048434553        110.73931974467837       0.32956779896376703        56.026525823840394        257.82817428772125        262.90344275804858     
 1555_seed.data         130  0.30846446932830296       0.69919910456783196        40.100381012679385        90.895883593818155       0.36457946736384922        47.395330757300400        157.26401716013731        154.30470003937643     
 1556_seed.data         188  0.18994819138910171       0.44861601856084454        35.710259981151118        84.339811489438773       0.25517142676703308        47.972228232202220        379.95267768211113        505.74715185463816     
 1557_seed.data         158  0.25755574406123155       0.59822296457270363        40.693807561674582        94.519228402487173       0.30501044879800343        48.191650910084540        216.16376163952299        234.13912967798510     
 1558_seed.data         126  0.24773331421599534       0.57299145132673035        31.214397591215413        72.196922867168027       0.31696066944344747        39.937044349874384        259.54364522089531        289.02057992858329     
 1559_seed.data         146  0.24909593409787120       0.58491416302616250        36.368006378289195        85.397467801819730       0.30158755123672354        44.031782480561638        227.16041971646959        233.81627737474116     
 1560_seed.data         128  0.24078679560594285       0.55817636818438754        30.820709837560685        71.446575127601605       0.30617055535916859        39.189831085973580        182.78292323100439        185.90977624019214     
 1561_seed.data         142  0.23040788659069428       0.53537288393706328        32.717919895878588        76.022949519062990       0.27536594152062693        39.101963695929022        252.23847934136140        287.03657212762045     
 1562_seed.data         149  0.26554235060055376       0.61356924931200862        39.565810239482509        91.421818147489290       0.32251953019325069        48.055409998794353        168.08314514981549        166.88099256859641     
 1563_seed.data         130  0.19098363070157501       0.44768507690016041        24.827871991204752        58.199059997020854       0.23238303283553277        30.209794268619259        273.96140603671324        325.12946598042680     
 1564_seed.data         128  0.25390578634763966       0.57978440411871468        32.499940652497877        74.212403727195479       0.31644367871610607        40.504790875661577        188.13290596367511        184.98831178350261     
 1565_seed.data         222  0.26265012860197751       0.60564884911734029        58.308328549639008        134.45404450404953       0.30175750970605031        66.990167154743162        283.25209124891154        359.90821917701720     
 1566_seed.data         149  0.34685536535552702       0.75190102386572732        51.681449437973527        112.03325255599337       0.41489865533094000        61.819899644310063        156.77801012279693        156.43216741823852     
 1567_seed.data         145  0.25028206038132278       0.56940283418450655        36.290898755291806        82.563410956753444       0.29793156196377696        43.200076484747662        201.88838818883553        227.84936875413311     
 1568_seed.data         148  0.30727421530528493       0.70908958338452122        45.476583865182171        104.94525834090913       0.35666283872640719        52.786100131508263        158.61027956056674        153.06170190704009     
 1569_seed.data         189  0.28275266974425772       0.64474064931202646        53.440254581664711        121.85598271997300       0.32848797732229545        62.084227713913840        207.74277793153820        236.31878645008481     
 1570_seed.data         134  0.31704590483108164       0.69334335500197819        42.484151247364942        92.908009570265079       0.37276849194582712        49.950977920740833        134.51693354376326        120.58720982405792     
 1571_seed.data         164  0.20624243963705552       0.47261210546151200        33.823760100477102        77.508385295687972       0.25922122064658015        42.512280186039142        265.53193339846183        306.26944012949923     
 1572_seed.data         158  0.27842316126848660       0.64522439133116349        43.990859480420880        101.94545383032383       0.32615924692736797        51.533161014524140        210.79898392982423        216.11286702756070     
 1573_seed.data         167  0.25199679500968181       0.57656719802018985        42.083464766616864        96.286722069371706       0.31460331757160132        52.538754034457419        290.24512555858962        347.38456028048381     
 1574_seed.data         187  0.17734770152841137       0.41570917899368193        33.164020185812923        77.737616471818527       0.23416935064817562        43.789668571208843        398.49241091379622        525.82034224083054     
 1575_seed.data         146  0.31289062535586792       0.68794577737564433        45.682031301956719        100.44008349684407       0.36755816483509257        53.663492065923514        151.85223951710782        147.69417736473002     
 1576_seed.data         201  0.29543123981675024       0.66740484102839948        59.381679203166797        134.14837304670829       0.36004058214277579        72.368157010697928        290.77025915253751        372.40478878734189     
 1577_seed.data         151  0.23682402578076880       0.51740448945607087        35.760427892896089        78.128077907866697       0.29582785720676891        44.670006438222103        211.30655802058993        233.41501027448672     
 1578_seed.data         204  0.22189287622105769       0.50320203181926504        45.266146749095768        102.65321449113007       0.28334221040945107        57.801810923528016        318.45367239952947        442.78482629515383     
 1579_seed.data         188  0.30727318394577713       0.68550954786244722        57.767358581806100        128.87579499814007       0.35963631742524982        67.611627675946963        210.64183270170767        248.43469692761687     
 1580_seed.data         192  0.30772739061442084       0.68927281792062955        59.083658997968797        132.34038104076086       0.36429363678278665        69.944378262295032        227.53127279089776        241.47836703357640     
 1581_seed.data         192  0.27022273112046458       0.59323912595567774        51.882764375129199        113.90191218349013       0.32203694289383417        61.831093035616163        224.39860992721515        265.76444971524620     
 1582_seed.data         209  0.29044882691244639       0.65376489920909076        60.703804824701294        136.63686393469996       0.36625360155793957        76.547002725609374        288.39402511511861        346.81194004186170     
 1583_seed.data         208  0.26566331754504841       0.59704260722176994        55.257970049370066        124.18486230212815       0.32146419322181191        66.864552190136877        245.89882000060260        307.03682935634816     
 1584_seed.data         134  0.27080267335380664       0.61960800986353859        36.287558229410088        83.027473321714169       0.31126518383694235        41.709534634150273        150.12668540664609        145.14877243720193     
 1585_seed.data         211  0.21187280339928710       0.46890429527074756        44.705161517249579        98.938806302127730       0.28281862546058678        59.674729972183812        316.40927742107044        441.82212539086561     
 1586_seed.data         161  0.27861355031688106       0.62687134879178075        44.856781601017850        100.92628715547670       0.33146916451659481        53.366535487171767        179.46849416947205        186.73738975565135     
 1587_seed.data         222  0.28603611295744297       0.62541514751358540        63.500017076552339        138.84216274801597       0.35754480456399962        79.374946613207911        316.93094356369016        437.05233421897651     
 1588_seed.data         153  0.28326751341905421       0.63850223154709451        43.339929553115290        97.690841426705461       0.34491396791277407        52.771837090654429        192.36927203736593        201.96419820159537     
 1589_seed.data         136  0.15522777247030692       0.36419051132404462        21.110977055961740        49.529909540070065       0.19671999957522310        26.753919942230340        310.71609644938371        406.14119220014044     
 1590_seed.data         170  0.21566045815340168       0.50211096765159569        36.662277886078286        85.358864500771261       0.28129867548084597        47.820774831743819        268.29006982887410        299.60534949883521     
 1591_seed.data         203  0.27547669011139203       0.61662841370777655        55.921768092612581        125.17556798267864       0.32791213240830575        66.566162878886061        246.78651081537845        293.63428610543247     
 1592_seed.data         178  0.18898831523695159       0.43389560380679199        33.639920112177386        77.233417477608967       0.24094565965974057        42.888327419433821        332.90438527327677        400.55141346290958     
 1593_seed.data         125  0.16338970396321389       0.38687007753464031        20.423712995401736        48.358759691830038       0.19561636176337793        24.452045220422242        330.76896866374915        387.68858775246963     
 1594_seed.data         181  0.31793585135040159       0.69622551559613266        57.546389094422686        126.01681832290001       0.38083277560053791        68.930732383697361        203.22626050474892        225.83133283361781     
 1595_seed.data         149  0.29882211971799022       0.67979273821197461        44.524495837980545        101.28911799358421       0.35578877565986156        53.012527573319375        185.50335187849674        191.61677499618696     
 1596_seed.data         200  0.23331212211220601       0.52569658921163276        46.662424422441198        105.13931784232655       0.26614698202381526        53.229396404763051        243.27387594047121        281.78316950739514     
 1597_seed.data         149  0.26831323049280198       0.60316780587590524        39.978671343427493        89.872003075509880       0.34284490941177026        51.083891502353765        232.85874334747919        259.72577355391923     
 1598_seed.data         173  0.28675224163023955       0.65142817484290649        49.608137802031443        112.69707424782283       0.34156711454702543        59.091110816635400        198.92702805547330        218.43522867919407     
 1599_seed.data         161  0.24413985413687428       0.57244238317669049        39.306516516036758        92.163223691447172       0.29319395949937449        47.204227479399293        231.22966995184848        263.02194370911394     
 1600_seed.data         150  0.26274421813067955       0.59337988734449498        39.411632719601933        89.006983101674251       0.32317531574429020        48.476297361643532        213.33383446603236        240.56382114938765     
 1601_seed.data         196  0.25869704346839023       0.58988320810880990        50.704620519804486        115.61710878932674       0.30784406087520494        60.337435931540170        221.70941725795041        264.18925421633696     
 1602_seed.data         179  0.23606015030878194       0.54250396868910511        42.254766905271964        97.108210395349815       0.28345544126691596        50.738523986777956        237.72544758593253        282.82506593035703     
 1603_seed.data         185  0.32065302722329192       0.71439305341848347        59.320810036309005        132.16271488241944       0.38938924252110291        72.037009866404034        224.31209260279672        254.22428720220472     
 1604_seed.data         180  0.28657753018898102       0.65542497552926282        51.583955434016588        117.97649559526731       0.33791618539793866        60.824913371628959        209.32582936059674        223.65051995302491     
 1605_seed.data         187  0.25052693215966854       0.56958779814978833        46.848536313858020        106.51291825401042       0.32012196532165571        59.862807515149619        282.61770134169336        320.08063533509386     
 1606_seed.data         204  0.24216943612866454       0.54378617062491319        49.402564970247568        110.93237880748229       0.29716239230812524        60.621128030857548        279.11594766157799        370.12629796656142     
 1607_seed.data         190  0.34851618413050245       0.76343409327922573        66.218074984795464        145.05247772305290       0.39639384508175474        75.314830565533398        180.34788070931910        189.80019141559100     
 1608_seed.data         127  0.28801962243631207       0.64607727857419850        36.578492049411636        82.051814378923211       0.33427542314434039        42.452978739331229        144.12858855574268        133.80547847709320     
 1609_seed.data         210  0.26414577840682757       0.60441165922222329        55.470613465433793        126.92644843666689       0.31581587071887257        66.321332850963245        227.46225212896204        249.91555347226321     
 1610_seed.data         213  0.30986663087598454       0.67994586957269953        66.001592376584711        144.82847021898499       0.38106274498586634        81.166364681989535        270.94804931684570        356.64342456360185     
 1611_seed.data         128  0.33839783159978193       0.75360910475641574        43.314922444772087        96.461965408821214       0.39186866691830702        50.159189365543298        114.18962509151810        103.26218821856465     
 1612_seed.data         204  0.27576730315264225       0.61479729105031999        56.256529843139020        125.41864737426528       0.34587452715500655        70.558403539621338        283.77538728007846        354.19952583041425     
 1613_seed.data         156  0.26137974914393813       0.59164117100242075        40.775240866454347        92.296022676377632       0.31673720204266936        49.411003518656422        229.34442324489621        220.09056754496467     
 1614_seed.data         168  0.24575314626150804       0.56420474047116087        41.286528571933353        94.786396399155024       0.28882028891611500        48.521808537907319        202.12668604400369        217.76470171613406     
 1615_seed.data         150  0.30138516169442908       0.69712018884745874        45.207774254164363        104.56802832711881       0.35985048060425540        53.977572090638311        194.90483118339120        212.78795212895699     
 1616_seed.data         138  0.29099683982226615       0.65163969075926842        40.157563895472727        89.926277324779036       0.34882098179284143        48.137295487412118        157.08659377624835        156.76492123152906     
 1617_seed.data         163  0.21070337313153834       0.49422692443959171        34.344649820440750        80.558988683653453       0.25919164105275572        42.248237491599184        224.45949008756386        255.38861434220459     
 1618_seed.data         143  0.27321677139752754       0.61082569555888733        39.069998309846440        87.348074464920884       0.34716079863311328        49.643994204535197        186.05388625601418        193.70873848477086     
 1619_seed.data         207  0.30461270771470683       0.68120822498806810        63.054830496944312        141.01010257253009       0.36736209487929600        76.043953640014266        211.52956298308314        244.37377452670910     
 1620_seed.data         163  0.29261062408917254       0.65538802453052003        47.695531726535123        106.82824799847477       0.36446925883107206        59.408489189464746        263.67800797457255        306.14863566708220     
 1621_seed.data         170  0.21285485432861556       0.49380083705617100        36.185325235864646        83.946142299549066       0.27741885490604734        47.161205334028047        347.96514857051022        447.82717766258185     
 1622_seed.data         178  0.27228211020552079       0.60671827879028473        48.466215616582701        107.99585362467069       0.32274863079594318        57.449256281677883        219.85063392007172        247.93354072701550     
 1623_seed.data         221  0.31352178794321606       0.68407745714259405        69.288315135450745        151.18111802851328       0.36556470910910932        80.789800713113166        232.65661460259676        265.73564513659426     
 1624_seed.data         193  0.31394250961722886       0.68934312989173285        60.590904356125172        133.04322406910444       0.37297037121013671        71.983281643556381        208.24849901168631        233.80237024944105     
 1625_seed.data         145  0.29127927421592664       0.66954708501842575        42.235494761309361        97.084327327671730       0.33181597049629441        48.113315721962692        175.10705174396981        175.73032873866239     
 1626_seed.data         149  0.28518839434371362       0.64839155613327148        42.493070757213331        96.610341863857457       0.33582011460367661        50.037197075947816        162.86999523419675        162.04242125697303     
 1627_seed.data         131  0.31502948386043711       0.69503072287570111        41.268862385717263        91.049024696716842       0.36161791272359822        47.371946566791365        149.79583805382924        139.68455724654140     
 1628_seed.data         225  0.25973995221993762       0.57679135267571779        58.441489249485961        129.77805435203649       0.32147762269232261        72.332465105772584        330.53670727443375        417.34457375254931     
 1629_seed.data         210  0.26415880032226319       0.58796208719026333        55.473348067675268        123.47203830995529       0.34360636906050540        72.157337502706127        284.89457445313025        370.04056097761531     
 1630_seed.data         147  0.30397492684171307       0.68502543232275792        44.684314245731819        100.69873855144542       0.35062490741115337        51.541861389439546        204.85127020688500        222.70390750742615     
 1631_seed.data         200  0.25501716700614641       0.58238697780473025        51.003433401229280        116.47739556094605       0.30384601227136387        60.769202454272772        272.92600341239489        328.02816215192814     
 1632_seed.data         128  0.27458586556932268       0.61996223962039987        35.146990792873304        79.355166671411183       0.34461811196006054        44.111118330887749        185.96573819803552        186.60265123143583     
 1633_seed.data         199  0.20399251172021618       0.47242679481769428        40.594509832323020        94.012932168721164       0.25435013097138470        50.615676063305557        333.55594921401348        459.80169471261888     
 1634_seed.data         135  0.23828324453785879       0.54394268076476326        32.168238012610935        73.432261903243045       0.29937495439376993        40.415618843158938        210.53660310788493        241.57227679144572     
 1635_seed.data         125  0.23693054796309623       0.54599004657031325        29.616318495387031        68.248755821289151       0.30126208312817088        37.657760391021363        180.62088648196354        177.74401009494807     
 1636_seed.data         205  0.32882470237848149       0.73494333591400973        67.409063987588709        150.66338386237200       0.38152589779613716        78.212809048208115        204.99452420375883        235.86759641479227     
 1637_seed.data         128  0.30092019310582369       0.67745445345694366        38.517784717545432        86.714170042488789       0.35898275866531631        45.949793109160488        137.67716673366732        123.19391006431657     
 1638_seed.data         204  0.30338180267114317       0.67953842029528866        61.889887744913210        138.62583774023889       0.36127385416693225        73.699866250054185        212.03367325312951        241.80441060049452     
 1639_seed.data         146  0.29543046398820455       0.66111450010521189        43.132847742277868        96.522717015360939       0.34858253743634049        50.893050465705713        164.42622779607098        161.88843224281948     
 1640_seed.data         130  0.25366446183307451       0.58674261376048964        32.976380038299688        76.276539788863658       0.31151323027053873        40.496719935170034        211.34930150236960        182.63364564255193     
 1641_seed.data         180  0.29666786125836980       0.67377268937244128        53.400215026506565        121.27908408703944       0.35445339326004710        63.801610786808482        248.43032571342908        268.82046222489993     
 1642_seed.data         191  0.29026413173123272       0.64221254086618074        55.440449160665452        122.66259530544052       0.35019926606928337        66.888059819233121        256.97399133320556        265.08283170881765     
 1643_seed.data         174  0.28588790408300591       0.64728986623625318        49.744495310443028        112.62843672510806       0.33246465509204620        57.848849986016042        180.30334662808659        197.83675691491808     
 1644_seed.data         147  0.30578835450680142       0.67129252739758194        44.950888112499811        98.680001527444546       0.36250403250429114        53.288092778130796        180.72565720984133        185.19609024488361     
 1645_seed.data         220  0.28328467722769363       0.63778459614413663        62.322628990092596        140.31261115171006       0.33762843795513686        74.278256350130107        242.18588692891760        304.58873036467395     
 1646_seed.data         214  0.31028558293461722       0.69053675093061262        66.401114748008084        147.77486469915110       0.36240405297162892        77.554467335928592        206.11641185440905        234.10127839266940     
 1647_seed.data         150  0.29038226359445729       0.66767473918304987        43.557339539168595        100.15121087745749       0.33339461205231136        50.009191807846705        197.38309358503929        208.86741251879621     
 1648_seed.data         170  0.28083972728417950       0.63311634148968232        47.742753638310518        107.62977805324600       0.33672258881450468        57.242840098465791        272.79467470657193        309.88889231026070     
 1649_seed.data         153  0.31477945239954941       0.71482794206150690        48.161256217131061        109.36867513541056       0.36665586374716164        56.098347153315729        169.95458422758412        169.56606679146577     
 1650_seed.data         179  0.16399509273086560       0.37930329268446122        29.355121598824944        67.895289390518556       0.24042834376730049        43.036673534346789        433.51730347979588        660.83745487287933     
 1651_seed.data         158  0.28903240300734262       0.64743443771187081        45.667119675160137        102.29464115847559       0.34535023973045997        54.565337877412674        205.63087259830587        213.62410067998249     
 1652_seed.data         144  0.20793640465294871       0.46944860460770466        29.942842270024613        67.600599063509463       0.26465768561517439        38.110706728585114        241.38697941505231        271.90018826130415     
 1653_seed.data         197  0.27559663011503316       0.62004982317992474        54.292536132661532        122.14981516644518       0.34042868907387019        67.064451747552425        265.30105619415434        296.74242357250807     
 1654_seed.data         167  0.24774526490479470       0.56051205635146628        41.373459239100718        93.605513410694869       0.31060580497842777        51.871169431397441        255.73141123189762        291.27826316972732     
 1655_seed.data         205  0.25134608570103589       0.56373121895285516        51.525947568712361        115.56489988533531       0.30947897664901874        63.443190213048844        383.64322608386027        497.37690370232855     
 1656_seed.data         210  0.30523926322343686       0.67861696497562873        64.100245276921740        142.50956264488204       0.35792161442634984        75.163539029533467        287.74032056094831        361.41863149468799     
 1657_seed.data         148  0.25652868697409115       0.57169424387728296        37.966245672165492        84.610748093837884       0.33088195986026042        48.970530059318541        246.90943226413364        287.67793112453666     
 1658_seed.data         168  0.28923287078826038       0.65979726362776492        48.591122292427741        110.84594028946451       0.34516063334365216        57.986986401733560        249.81388065520932        287.38361872358632     
 1659_seed.data         212  0.30493940115814899       0.69206915051634843        64.647153045527588        146.71865990946586       0.35273200210344013        74.779184445929303        229.66789332902843        279.51931655648377     
 1660_seed.data         137  0.27538779019943316       0.61731969649187446        37.728127257322342        84.572798419386800       0.33557247496096027        45.973429069651559        181.15975899571424        189.12875884427106     
 1661_seed.data         217  0.28049798827207462       0.62955092600874829        60.868063455040193        136.61255094389838       0.33811422491664822        73.370786806912662        312.82621391855412        411.46240341233965     
 1662_seed.data         224  0.25870635437193906       0.59852158790744592        57.950223379314352        134.06883569126788       0.31096472499415606        69.656098398690958        246.75001249040912        298.48079497191060     
 1663_seed.data         134  0.31418936365910777       0.72249292195481185        42.101374730320444        96.814051541944792       0.36159863374198381        48.454216921425832        159.16617250170279        162.44250609405665     
 1664_seed.data         136  0.25335206311997016       0.56587527619445999        34.455880584315942        76.959037562446554       0.33706754722064691        45.841186422007979        246.69826780562664        255.85175277289690     
 1665_seed.data         179  0.25556536919554579       0.56715410964535129        45.746201086002699        101.52058562651789       0.31898349475257853        57.098045560711554        245.15602490322738        282.71101463059949     
 1666_seed.data         210  0.24283404708867642       0.56006606711083484        50.995149888622052        117.61387409327531       0.29519627096810341        61.991216903301719        259.99801294038474        324.65046093771679     
 1667_seed.data         209  0.26658104144780465       0.60329898556453132        55.715437662591171        126.08948798298705       0.31711667656143933        66.277385401340823        275.18777476663905        359.19913836091052     
 1668_seed.data         197  0.27440533150601920       0.61576023754484377        54.057850306685779        121.30476679633422       0.30805904525788635        60.687631915803614        229.58971444013503        273.50580159703208     
 1669_seed.data         125  0.24693071023476848       0.56939178386108957        30.866338779346059        71.173972982636201       0.28868249588019140        36.085311985023928        193.41641849247333        199.60407222645239     
 1670_seed.data         179  0.14385894016873069       0.33690987157415142        25.750750290202792        60.306867011773107       0.17191930059846125        30.773554807124565        249.96069796615296        312.61776519136447     
 1671_seed.data         225  0.21181690397540168       0.47780668996712133        47.658803394465380        107.50650524260230       0.27729725941690736        62.391883368804159        320.69829669522198        420.02658145625765     
 1672_seed.data         224  0.27947295390970706       0.62614644745132653        62.601941675774384        140.25680422909716       0.32553205253069312        72.919179766875260        252.50738988068491        316.24131789464315     
 1673_seed.data         183  0.32172423365606989       0.71504583225981833        58.875534759060791        130.85338730354675       0.38740369913828820        70.894876942306738        198.20184146311709        220.04521836184284     
 1674_seed.data         129  0.29321616378910687       0.64610513154975802        37.824885128794783        83.347561969918786       0.34055907629176813        43.932120841638088        157.13107025593288        142.30412758134707     
 1675_seed.data         151  0.31267724666240471       0.70234034526073430        47.214264246023113        106.05339213437088       0.37410051863930405        56.489178314534911        173.66440624482578        173.81986760795425     
 1676_seed.data         206  0.28602250647177291       0.63416770103104836        58.920636333185222        130.63854641239595       0.33764352765510258        69.554566696951127        312.36409347562471        417.31581170784642     
 1677_seed.data         143  0.32167029140408004       0.70926463829726072        45.998851670783445        101.42484327650828       0.38346025632266412        54.834816654140965        153.97652679554864        149.91238219208722     
 1678_seed.data         159  0.26167169476379870       0.60580798621468501        41.605799467443994        96.323469808134917       0.31904464884095413        50.728099165711704        228.00658517549016        245.59986241111056     
 1679_seed.data         221  0.17265235144048538       0.39790710039442989        38.156169668347268        87.937469187169000       0.22507067152467464        49.740618406953097        429.74961461072019        679.13399450893860     
 1680_seed.data         212  0.25328135454668482       0.56916841589159461        53.695647163897185        120.66370416901806       0.32871975696453193        69.688588476480774        300.85118966737349        405.69388485288448     
 1681_seed.data         217  0.33554689901974633       0.72943720774379983        72.813677087284958        158.28787408040455       0.38116462257763051        82.712723099345823        229.50949933892943        271.84705470288640     
 1682_seed.data         160  0.19081751899217553       0.42776975137428441        30.530803038748083        68.443160219885499       0.24521190621705047        39.233904994728078        289.48106525009723        360.38311366199309     
 1683_seed.data         170  0.26550030237491418       0.59048531994474140        45.135051403735410        100.38250439060604       0.32271627728381136        54.861767138247934        211.79334895042138        240.64841614990922     
 1684_seed.data         159  0.13137973727572930       0.31446972915912796        20.889378226840957        50.000686936301349       0.16092566979324219        25.587181497125506        306.08498100350852        366.00235117622810     
 1685_seed.data         170  0.22892071658363675       0.53266009560456640        38.916521819218246        90.552216252776290       0.28903355976031347        49.135705159253291        336.65107914401801        408.69358488288253     
 1686_seed.data         221  0.31699228525925632       0.70084885105500538        70.055295042295654        154.88759608315618       0.37581198114218972        83.054447832423932        239.08950780234974        289.09836363900052     
 1687_seed.data         213  0.29570132536707855       0.66500862980772157        62.984382303187729        141.64683814904470       0.34927886808924113        74.396398903008361        267.95325560050878        329.41976517266806     
 1688_seed.data         185  0.31597698894894372       0.68315717938226417        58.455742955554591        126.38407818571888       0.36403726402016556        67.346893843730626        158.66586178139548        160.03525747011727     
 1689_seed.data         141  0.14807183278985364       0.34949793152269165        20.878128423369365        49.279208344699526       0.20464580733910245        28.855058834813445        298.55947262020953        373.71890744490804     
 1690_seed.data         219  0.17419692088578073       0.40755106732346769        38.149125673985978        89.253683743839417       0.21557522219657291        47.210973661049465        315.27355612778450        419.69617855820258     
 1691_seed.data         223  0.23745405859579533       0.52005062611971065        52.952255066862357        115.97128962469547       0.30480926123453517        67.972465255301344        355.00751918618073        466.93431961693295     
 1692_seed.data         186  0.29764310817586437       0.67457652796066880        55.361618120710773        125.47123420068439       0.34554436776688074        64.271252404639824        189.29695784252203        194.15190814196157     
 1693_seed.data         216  0.25444259988680462       0.57414062227563312        54.959601575549797        124.01437441153675       0.32283475736620648        69.732307591100607        307.29950914185031        423.84396022105938     
 1694_seed.data         172  0.25975480720331845       0.59897177358228049        44.677826838970773        103.02314505615225       0.31608529574389982        54.366670867950766        244.13024320181324        281.47814855982409     
 1695_seed.data         136  0.30587870382194116       0.69945778636742562        41.599503719783996        95.126258945969880       0.36165238633465469        49.184724541513035        178.69780287519563        180.36844999742658     
 1696_seed.data         159  0.21482542530570078       0.50956072139286435        34.157242623606422        81.020154701465430       0.27052056762391158        43.012770252201939        285.14754301885216        327.06877149912879     
 1697_seed.data         172  0.25467156756565751       0.59040548692565442        43.803509621293088        101.54974375121256       0.30945674536376500        53.226560202567576        244.64755100680091        287.15632481642109     
 1698_seed.data         159  0.28787492823096428       0.64855335442700512        45.772113588723322        103.11998335389382       0.35243937370377837        56.037860418900763        188.03535009232348        194.72316167147090     
 1699_seed.data         137  0.30730494722022883       0.70030607643026332        42.100777769171351        95.941932470946071       0.35318012316363784        48.385676873418383        160.66286095949269        160.30046980895489     
 1700_seed.data         136  0.26159067764216881       0.62280599889022648        35.576332159334960        84.701615849070805       0.31378911374064072        42.675319468727139        185.37749360434995        187.40342912315066     
 1701_seed.data         219  0.28574927074124346       0.64984733263984151        62.579090292332317        142.31656584812529       0.34016371733582390        74.495854096545429        251.97863108550538        304.33414750335089     
 1702_seed.data         148  0.22718791896591198       0.50450895302900001        33.623812006954971        74.667325048292000       0.30373956630579735        44.953455813258010        300.16320501570374        355.58561769836149     
 1703_seed.data         180  0.25589635776553377       0.58961083298522299        46.061344397796077        106.12994993734014       0.31326549488007838        56.387789078414109        239.59525056810668        255.17312011462599     
 1704_seed.data         127  0.22130534082403497       0.52636507198225468        28.105778284652441        66.848364141746345       0.27036741563258515        34.336661785338315        253.33876025585849        283.35941568017597     
 1705_seed.data         223  0.23986029404761372       0.53542199705794535        53.488845572617862        119.39910534392182       0.31819644621198462        70.957807505272569        328.77552077509392        471.91323132220583     
 1706_seed.data         148  0.24588341136738356       0.55440476887466605        36.390744882372765        82.051905793450572       0.31355325142363732        46.405881210698325        221.43331362301691        247.09577590536995     
 1707_seed.data         187  0.31243959117650211       0.68799359542821981        58.426203550005894        128.65480234507712       0.38234453249672012        71.498427576886669        228.98440254846224        270.60734467616743     
 1708_seed.data         168  0.29571271590150161       0.66342734309822815        49.679736271452271        111.45579364050234       0.36710402668190006        61.673476482559209        217.19818998460508        252.78938117440006     
 1709_seed.data         180  0.23923398807872062       0.53803130168584279        43.062117854169713        96.845634303451703       0.28827819095370372        51.890074371666671        251.76340273295898        314.15112985199181     
 1710_seed.data         188  0.26563547919295338       0.59681454087551822        49.939470088275236        112.20113368459742       0.32536545837456438        61.168706174418105        283.39751494491753        350.84137564048410     
 1711_seed.data         200  0.30625840742643418       0.69923936408997978        61.251681485286838        139.84787281799595       0.35463794840033463        70.927589680066930        194.40314979231746        216.64716410843820     
 1712_seed.data         181  0.29346265166092522       0.66461590259472347        53.116739950627462        120.29547836964495       0.33954705915151856        61.458017706424862        175.55427934627787        191.99727290940729     
 1713_seed.data         207  0.26536432442449875       0.60395827869583030        54.930415155871245        125.01936369003687       0.31980495220051436        66.199625105506470        260.36766139560376        318.36327302478963     
 1714_seed.data         218  0.22087698255870633       0.50759734692974268        48.151182197797979        110.65622163068390       0.27949280291998052        60.929431036555755        453.26980586013019        653.94967692938997     
 1715_seed.data         200  0.27739708998043788       0.61744263678214450        55.479417996087577        123.48852735642890       0.32684121061572552        65.368242123145109        279.55988953850112        357.32165323397226     
 1716_seed.data         222  0.23707636186081243       0.53285579912247960        52.630952333100360        118.29398740519048       0.28494522310099751        63.257839528421449        282.72311742209052        373.78120375251001     
 1717_seed.data         221  0.31277641198656669       0.68403111788760884        69.123587049031244        151.17087705316155       0.37409521083121955        82.675041593699518        247.83298845504424        307.34874110050259     
 1718_seed.data         178  0.26830557367694557       0.60467471401181194        47.758392114496310        107.63209909410253       0.32837203374123125        58.450222005939160        229.59725474908595        278.18267997187394     
 1719_seed.data         134  0.31121311003434138       0.70972236819569057        41.702556744601743        95.102797338222530       0.36842012568823551        49.368296842223558        150.59415901554451        145.78756726584410     
 1720_seed.data         125  0.24191366800879102       0.54145744603470514        30.239208501098879        67.682180754338148       0.30953875454078822        38.692344317598526        194.79197211667974        209.88484106623028     
 1721_seed.data         137  0.25495681169639584       0.57390522235665520        34.929083202406233        78.625015462861768       0.31248095905317697        42.809891390285244        206.69513661374043        199.62693409984092     
 1722_seed.data         154  0.29876287904789500       0.68048224071868102        46.009483373375829        104.79426507067687       0.34813885689041774        53.613383961124335        163.68416790980893        168.40287426842420     
 1723_seed.data         193  0.31165113761378360       0.69872985448445879        60.148669559460238        134.85486191550055       0.36865086042237732        71.149616061518827        238.41513371012974        285.85809675245400     
 1724_seed.data         153  0.21901012314565707       0.50042435626918191        33.508548841285531        76.564926509184829       0.29075076406484907        44.484866901921905        271.57965135202471        306.08042214170291     
 1725_seed.data         134  0.28965304485296556       0.65256816118991323        38.813508010297383        87.444133599448378       0.33351127520994317        44.690510878132386        167.69197843643241        175.01308068920980     
 1726_seed.data         188  0.29852286250462801       0.66544732872754087        56.122298150870066        125.10409780077768       0.35149048728475035        66.080211609533066        192.98646315037018        222.48598573558439     
 1727_seed.data         173  0.27485228391064548       0.62880098344818436        47.549445116541669        108.78257013653590       0.31950846001715971        55.274963582968631        198.60660528947747        204.53619578851917     
 1728_seed.data         164  0.26938232482883323       0.59498800233457116        44.178701271928652        97.578032382869665       0.32597254239510554        53.459496952797309        200.73593998781251        223.91258647814792     
 1729_seed.data         203  0.33346475943681808       0.74066284316352549        67.693346165674072        150.35455716219568       0.38816462536566071        78.797418949229126        215.43458348759788        227.41788750316042     
 1730_seed.data         166  0.30099967937241712       0.68883024634871537        49.965946775821244        114.34582089388675       0.34612034831736016        57.455977820681788        181.64426272619059        191.48014712574749     
 1731_seed.data         160  0.25363214228861258       0.58664935555828590        40.581142766178012        93.863896889325744       0.30964055680252311        49.542489088403698        277.11129837987954        316.51809889302314     
 1732_seed.data         167  0.28420951269661937       0.63890497639054633        47.462988620335437        106.69713105722124       0.35297202333722133        58.946327897315960        226.73818519623740        244.51638991441584     
 1733_seed.data         131  0.30677493242467407       0.67047148504670273        40.187516147632302        87.831764541118062       0.39232395676082338        51.394438335667864        174.34363400696458        179.35495192613055     
 1734_seed.data         129  0.23169048187730687       0.53946265564696794        29.888072162172588        69.590682578458868       0.29531018153489563        38.095013418001535        249.48928084382962        273.70197790433883     
 1735_seed.data         217  0.22383627582376164       0.49602082685436860        48.572471853756277        107.63651942739799       0.30164505990317148        65.456977998988208        424.63245967389992        617.54768648687639     
 1736_seed.data         167  0.28013383446382517       0.62550618034338012        46.782350355458803        104.45953211734448       0.33261894591275365        55.547363967429860        199.96928139384309        216.24513985545320     
 1737_seed.data         179  0.26681946605245788       0.60861383588352502        47.760684423389961        108.94187662315097       0.31600704163316851        56.565260452337164        232.44682624527007        268.58168755880973     
 1738_seed.data         204  0.22270762979221276       0.49509423908990169        45.432356477611400        100.99922477433995       0.29659715858389052        60.505820351113663        319.41909048468330        396.28044293257869     
 1739_seed.data         145  0.23873582060600948       0.55946242497840493        34.616693987871372        81.122051621868721       0.28600174018540392        41.470252326883568        209.14633927602438        219.66766163688129     
 1740_seed.data         138  0.22587907965267504       0.52791034250047608        31.171312992069154        72.851627265065702       0.28040184236685339        38.695454246625765        213.22704449869920        210.98712965301704     
 1741_seed.data         192  0.27968132843281218       0.62758278079334773        53.698815059099942        120.49589391232277       0.33944451227832040        65.173346357437509        286.83924216434104        357.90087019605727     
 1742_seed.data         174  0.26154924761200526       0.59564810243829636        45.509569084488916        103.64276982426357       0.31351678796416632        54.551921105764940        245.68651913259743        282.63168459699517     
 1743_seed.data         137  0.25164696152860844       0.56439191213176421        34.475633729419357        77.321691962051702       0.30524286039466897        41.818271874069652        177.90380895577078        187.76618312556246     
 1744_seed.data         158  0.26908040803422956       0.62968605242838294        42.514704469408272        99.490396283684504       0.33285924306459397        52.591760404205850        264.49132136559899        284.12897345652635     
 1745_seed.data         134  0.18507037052395653       0.43387015363230114        24.799429650210175        58.138600586728352       0.23348177444500401        31.286557775630538        278.18685724968873        326.00273273946647     
 1746_seed.data         134  0.26805870870657167       0.60842182355638375        35.919866966680601        81.528524356555423       0.32817021032853555        43.974808184023765        154.63768654973234        144.93686886570970     
 1747_seed.data         188  0.21668925093755562       0.51044814803583427        40.737579176260454        95.964251830736842       0.25714885303258339        48.343984370125675        349.39435027225511        445.35905337698239     
 1748_seed.data         154  0.16587733278775060       0.39369320955762160        25.545109249313594        60.628754271873724       0.23020354849600128        35.451346468384195        409.66049115208386        615.22654808576613     
 1749_seed.data         171  0.24647424073901164       0.55881869702866549        42.147095166370988        95.557997191901805       0.29910360002293546        51.146715603921962        193.45967470529146        213.19851317512200     
 1750_seed.data         185  0.30597445900755005       0.67735755489182536        56.605274916396759        125.31114765498769       0.34949740229166476        64.657019423957976        199.71402611559969        208.70777384591221     
 1751_seed.data         138  0.15734684987324893       0.36571757444183328        21.713865282508351        50.469025272972992       0.17937390964547537        24.753599531075601        285.45303369265764        330.92749032361047     
 1752_seed.data         139  0.17276462819841673       0.39359491654218665        24.014283319579924        54.709693399363942       0.21146553054259556        29.393708745420785        212.27783088865041        241.97842454626124     
 1753_seed.data         218  0.25177104696151525       0.57602323797925858        54.886088237610323        125.57306587947838       0.32142940107748158        70.071609434890988        353.90402518854938        498.68179628938060     
 1754_seed.data         206  0.31822709542017108       0.69609391958914490        65.554781656555249        143.39534743536385       0.37190949228210463        76.613355410113556        216.28363113903981        254.53807501906820     
 1755_seed.data         198  0.30050517645504538       0.67118862428145498        59.500024938098981        132.89534760772810       0.36554160721429935        72.377238228431267        285.62885993495672        354.29700798419714     
 1756_seed.data         200  0.20068641512470181       0.46144774441456499        40.137283024940359        92.289548882912996       0.25927338973808012        51.854677947616025        309.46988392585490        427.46400898782917     
 1757_seed.data         133  0.13544444746895110       0.31876019447361470        18.014111513370494        42.395105864990754       0.18968247206621253        25.227768784806266        394.77161601902031        503.84043740337404     
 1758_seed.data         127  0.18953087881699193       0.43716758398467531        24.070421609757975        55.520283166053765       0.22717248649625521        28.850905785024413        273.51770416547458        316.73746630946277     
 1759_seed.data         133  0.19896940218828776       0.46785071515432186        26.462930491042272        62.224145115524806       0.25499287615122335        33.914052528112705        277.04516535188213        348.13185188858142     
 1760_seed.data         207  0.29415329201338047       0.66576632073003739        60.889731446769758        137.81362839111773       0.34131216380804719        70.651617908265763        220.04610953501231        258.43098989313859     
 1761_seed.data         183  0.27648971817678886       0.63800333057632341        50.597618426352362        116.75460949546718       0.32398097754769906        59.288518891228925        207.45193983073128        226.99229592601020     
 1762_seed.data         211  0.29668338278703299       0.65649779582219470        62.600193768063960        138.52103491848308       0.34920803754523683        73.682895922044978        221.22289614148525        253.43299296007433     
 1763_seed.data         143  0.30461932034296568       0.67577932211429137        43.560562809044093        96.636443062343659       0.37477166914771226        53.592348688122854        199.43279326706835        194.51045411868432     
 1764_seed.data         125  0.22183369823917434       0.51234440857244679        27.729212279896792        64.043051071555851       0.28585591316273706        35.731989145342133        234.46166315300485        220.85793387007382     
 1765_seed.data         201  0.23397568059743584       0.55282909665569113        47.029111800084607        111.11864842779391       0.28325432559809449        56.934119445216993        231.10013594596290        283.30114124702897     
 1766_seed.data         134  0.31842735072091227       0.72047349677243877        42.669264996602244        96.543448567506800       0.37914347540608268        50.805225704415079        146.37083200542816        139.22636068167978     
 1767_seed.data         158  0.25250359758805552       0.56814208986623393        39.895568418912774        89.766450198864959       0.32268536161848277        50.984287135720280        210.65455067490154        221.56578341282824     
 1768_seed.data         179  0.30270056941062645       0.66302109605311621        54.183401924502135        118.68077619350780       0.35524344191639068        63.588576103033930        206.94587102901104        218.75693563422425     
 1769_seed.data         169  0.29052526029276543       0.64115576250611528        49.098768989477357        108.35532386353348       0.34006325257755077        57.470689685606082        231.33868564141787        253.95772341416023     
 1770_seed.data         150  0.23829926166651877       0.53539090917361165        35.744889249977817        80.308636376041747       0.29077581138674008        43.616371708011009        208.28414541420511        207.41127808926078     
 1771_seed.data         152  0.23469947345613684       0.52581872650271710        35.674319965332799        79.924446428413006       0.29673381426577250        45.103539768397418        262.81136585372832        316.66545808967589     
 1772_seed.data         144  0.23633088326699689       0.53420689905448437        34.031647190447551        76.925793463845750       0.29335622758943408        42.243296772878509        204.31437456860652        220.34633637191700     
 1773_seed.data         139  0.19683973866503607       0.46898263089354530        27.360723674440013        65.188585694202800       0.24866476615743768        34.564402495883840        291.86375813730137        359.69485335874833     
 1774_seed.data         223  0.26002706142861315       0.58517673819803517        57.986034698580731        130.49441261816185       0.30071717263485737        67.059929497573194        240.96652898770796        295.11178908249423     
 1775_seed.data         180  0.31582697100536966       0.69650238715345558        56.848854780966541        125.37042968762201       0.37066580461672316        66.719844831010164        210.94888309875773        237.13777871152115     
 1776_seed.data         180  0.15395331241624616       0.35694380608558679        27.711596234924308        64.249885095405617       0.20712985836240341        37.283374505232615        336.78109834289160        440.47630872232486     
 1777_seed.data         171  0.21012874053587091       0.49540695503368049        35.932014631633926        84.714589310759365       0.25313777519334646        43.286559558062244        313.39834526697410        396.73859524281937     
 1778_seed.data         190  0.27189087361678371       0.61877207416172875        51.659265987188903        117.56669409072846       0.32269819678414230        61.312657388987034        230.15693687561077        275.33583356006159     
 1779_seed.data         216  0.33189677405420825       0.73866558675399907        71.689703195708987        159.55176673886379       0.38493437119023133        83.145824177089963        211.72294820187025        250.92525045666326     
 1780_seed.data         150  0.23013648116745142       0.53710472201757709        34.520472175117710        80.565708302636565       0.29199544984713149        43.799317477069721        227.41600610156971        260.12486340199621     
 1781_seed.data         182  0.26574663076883581       0.61007943477827153        48.365886799928120        111.03445712964542       0.31755080485978388        57.794246484480666        204.01217936889515        229.71711382499862     
 1782_seed.data         212  0.29259653616026421       0.63732948622300511        62.030465665976010        135.11385107927708       0.35357839394855373        74.958619517093396        279.27163796322128        359.00100612669110     
 1783_seed.data         141  0.24664568605676870       0.58335336470763133        34.777041734004385        82.252824423776019       0.29089282745466516        41.015888671107788        239.63768190375424        250.21994647959494     
 1784_seed.data         150  0.24363222299708295       0.55049099002489821        36.544833449562447        82.573648503734731       0.29815530140817237        44.723295211225853        185.52293673505233        188.47087697404976     
 1785_seed.data         213  0.24454811409394595       0.55028285070758898        52.088748302010487        117.21024720071645       0.29936780587981726        63.765342652401074        269.47253186019833        313.34843068081221     
 1786_seed.data         143  0.21501272554481290       0.49383081705339615        30.746819752908245        70.617806838635644       0.25485175504567742        36.443800971531871        206.69342015742521        213.11581225224273     
 1787_seed.data         195  0.30838508168273482       0.70538642196098789        60.135090928133287        137.55035228239265       0.36575937731873803        71.323078577153922        263.04411805178444        296.41161061615179     
 1788_seed.data         129  0.22313674975493086       0.53417228087879365        28.784640718386083        68.908224233364379       0.28193536280903525        36.369661802365549        233.52984901274610        270.75869985791343     
 1789_seed.data         156  0.16676760715034242       0.39473098294967274        26.015746715453417        61.578033340148949       0.21330670340051797        33.275845730480803        269.74796884997016        296.51291804034184     
 1790_seed.data         222  0.27352393905958927       0.61983513121275768        60.722314471228820        137.60339912923220       0.33481975548528903        74.329985717734161        293.51027708921958        355.49048296864936     
 1791_seed.data         165  0.28072423932673629       0.63728937496505089        46.319499488911489        105.15274686923340       0.34351338116843139        56.679707892791178        253.65634358522482        306.87349371874240     
 1792_seed.data         145  0.33936954781929024       0.75032234290676281        49.208584433797085        108.79673972148061       0.38592266900709082        55.958787006028167        144.32500164483690        137.16477213637134     
 1793_seed.data         133  0.23322953488968232       0.54943375139796136        31.019528140327747        73.074688935928862       0.27957100624359804        37.182943830398543        242.09358967355703        268.88816315359583     
 1794_seed.data         144  0.29162598385357080       0.67667063500656432        41.994141674914196        97.440571440945263       0.33984168653160246        48.937202860550755        168.54247294623676        160.81694449289043     
 1795_seed.data         144  0.32541780528294650       0.72304093811620751        46.860163960744295        104.11789508873389       0.37593741601885555        54.134987906715196        132.22289742414637        125.25524642320694     
 1796_seed.data         203  0.22366173609177384       0.51152792686293558        45.403332426630087        103.84016915317592       0.28207972577896390        57.262184333129674        340.25003866985793        484.19824463612815     
 1797_seed.data         142  0.25019021863926172       0.57869153625722447        35.527011046775165        82.174198148525875       0.31040800870663632        44.077937236342358        183.77852098578910        191.89401014353774     
 1798_seed.data         173  0.30713077378660347       0.69804530319472058        53.133623865082399        120.76183745268666       0.36347748460561619        62.881604836771601        189.39051890739867        199.32614251412048     
 1799_seed.data         197  0.30117210175664061       0.67466593578534917        59.330904046058201        132.90918934971378       0.36973687195983768        72.838163776088024        294.45770188201698        362.12071108471088     
 1800_seed.data         170  0.28380232776296505       0.63469475271837039        48.246395719704054        107.89810796212296       0.33735486365553691        57.350326821441271        199.53770576205537        224.57368303070325     
 1801_seed.data         125  0.27415468514265129       0.61926649772338205        34.269335642831408        77.408312215422754       0.33652935731150529        42.066169663938162        157.74917655801585        147.51422084722330     
 1802_seed.data         137  0.29254556919118913       0.65383431081994314        40.078742979192910        89.575300582332204       0.35931071152011790        49.225567478256153        171.70349736018480        167.83934094105422     
 1803_seed.data         169  0.34957400458345472       0.75661748679003749        59.078006774603850        127.86835526751634       0.39517231099349076        66.784120557899939        155.87132611934516        155.91339487869419     
 1804_seed.data         221  0.18631959886909980       0.40907528460018838        41.176631350071055        90.405637896641636       0.27606250323693743        61.009813215363174        448.24919058455919        639.83421549254160     
 1805_seed.data         186  0.22562960621469833       0.51982682784084255        41.967106755933891        96.687789978396708       0.30177873159561719        56.130844076784797        282.54207518106051        365.71319524276970     
 1806_seed.data         186  0.29250463026672036       0.65066164112527569        54.405861229609989        121.02306524930128       0.34407211241814678        63.997412909775299        185.05403367798345        194.07694341940186     
 1807_seed.data         225  0.29985517220301594       0.66086942540143401        67.467413745678584        148.69562071532266       0.34687485045377214        78.046841352098738        232.59671433163936        283.80288967342915     
 1808_seed.data         186  0.33442609926727968       0.73437872975001883        62.203254463714018        136.59444373350351       0.38620468044356737        71.834070562503527        179.75723091512643        194.43852509768394     
 1809_seed.data         132  0.23226983557256339       0.54540723999588925        30.659618295578369        71.993755679457379       0.28175194380430219        37.191256582167888        218.71886251477292        237.33904102134406     
 1810_seed.data         149  0.26509864093971652       0.60460857145326574        39.499697500017760        90.086677146536601       0.32834307938659935        48.923118828603300        212.81488933875184        234.21815893633894     
 1811_seed.data         136  0.28679278714180478       0.66384082219172658        39.003819051285447        90.282351818074815       0.33711120210733841        45.847123486598022        161.95328349041927        163.71113920102971     
 1812_seed.data         217  0.30935366115573942       0.68827922580464462        67.129744470795458        149.35659199960787       0.36156544236467958        78.459700993135471        232.91007326996515        277.10683555121926     
 1813_seed.data         186  0.32922866100224180       0.73859438776063324        61.236530946416977        137.37855612347778       0.38692575529279299        71.968190484459498        204.46035596315232        220.13629636171547     
 1814_seed.data         186  0.29100353550191876       0.66231479939798032        54.126657603356890        123.19055268802434       0.35493842734704317        66.018547486550034        230.91320175078096        278.76718294207677     
 1815_seed.data         224  0.29382266064989893       0.66378561122718793        65.816275985577363        148.68797691489010       0.34547536976655124        77.386482827707482        278.60005833708118        370.01676860314768     
 1816_seed.data         156  0.18702370106495395       0.43509358535426934        29.175697366132816        67.874599315266011       0.24455147806549460        38.150030578217155        303.85410957811706        361.86186308912244     
 1817_seed.data         183  0.30330930520701560       0.66581634696175640        55.505602852883854        121.84439149400143       0.36341662359771082        66.505242118381076        235.99080020436753        282.22644749370875     
 1818_seed.data         210  0.31978985452782582       0.70562552396855993        67.155869450843426        148.18136003339760       0.37668314222321997        79.103459866876193        214.38779776207488        250.59279853426960     
 1819_seed.data         137  0.26484686765551613       0.57343960500579394        36.284020868805712        78.561225885793775       0.33553795945036824        45.968700444700445        193.92150222028752        208.65933331984502     
 1820_seed.data         142  0.21497221893893279       0.50603880196825268        30.526055089328455        71.857509879491886       0.28143139712468385        39.963258391705104        267.38189278073889        309.55137000028407     
 1821_seed.data         191  0.24638779612568590       0.55507542377349695        47.060069060006008        106.01940594073791       0.30492488146190888        58.240652359224597        232.09143838209985        276.85983214969423     
 1822_seed.data         150  0.24888012993927786       0.56744806951995841        37.332019490891682        85.117210427993768       0.30510969631857510        45.766454447786266        234.05678654219710        259.02996260603339     
 1823_seed.data         128  0.19999701758273619       0.45514688651915142        25.599618250590233        58.258801474451381       0.26475672840786335        33.888861236206509        280.68375143276558        310.31649126312533     
 1824_seed.data         146  0.28808070969390087       0.64190389182880447        42.059783615309527        93.717968207005455       0.36120258734039379        52.735577751697491        201.53907819757322        214.43636275749307     
 1825_seed.data         168  0.33865357057135270       0.75693447396162461        56.893799855987254        127.16499162555293       0.37512619646929746        63.021201006841970        153.84017127024663        159.75106897886300     
 1826_seed.data         219  0.29220727462400325       0.64494247539608873        63.993393142656714        141.24240211174344       0.35521476497751903        77.792033530076665        329.95403095339333        426.35142283005467     
 1827_seed.data         202  0.24827187949220153       0.55950042234689545        50.150919657424708        113.01908531407288       0.32001009261398439        64.642038708024842        305.70432000910915        418.03731842286794     
 1828_seed.data         170  0.31203113793279347       0.70408587693543878        53.045293448574888        119.69459907902460       0.34804162448908099        59.167076163143768        176.27499505531839        170.39186264364750     
 1829_seed.data         202  0.33245150622496783       0.72410297298909765        67.155204257443501        146.26880054379774       0.39716778796627766        80.227893169188093        244.81566838796533        291.68802297334685     
 1830_seed.data         174  0.20291771110631926       0.46952675322812776        35.307681732499553        81.697655061694235       0.25785400406450482        44.866596707223835        304.56119639868189        394.55345250942639     
 1831_seed.data         209  0.24509869300139125       0.56395244244328535        51.225626837290775        117.86606047064664       0.31628331143443966        66.103212089797893        291.20404379650984        390.56735187155562     
 1832_seed.data         192  0.26290016005237909       0.60341199894904962        50.476830730056790        115.85510379821753       0.31259715045961484        60.018652888246052        245.88376857045870        308.55421013339037     
 1833_seed.data         216  0.25575145485507172       0.58474834171716894        55.242314248695493        126.30564181090850       0.30445194776693113        65.761620717657124        271.97077935425096        350.62876974790106     
 1834_seed.data         131  0.20511900565214061       0.46948977123477603        26.870589740430422        61.503160031755662       0.25360893663014078        33.222770698548445        286.91837650221072        344.74570363110081     
 1835_seed.data         186  0.26441076538933372       0.60409765654550840        49.180402362416075        112.36216411746456       0.30357718052790800        56.465355578190888        185.21843456228314        198.14588789976327     
 1836_seed.data         141  0.25069516845983680       0.58815012899670382        35.348018752836992        82.929168188535243       0.29043722997382465        40.951649426309274        191.33531170743262        214.31179424181167     
 1837_seed.data         218  0.26279550919518002       0.61498007492413787        57.289421004549247        134.06565633346204       0.30884171839206881        67.327494609471003        259.33866747266001        324.87386387597326     
 1838_seed.data         165  0.26844913684348631       0.62445867887487549        44.294107579175240        103.03568201435445       0.32164637963304232        53.071652639451983        191.14859093622587        198.81172931803525     
 1839_seed.data         160  0.24348798635917121       0.54439507695804423        38.958077817467391        87.103212313287074       0.27842943177536189        44.548709084057904        232.44227989528295        266.96611526182926     
 1840_seed.data         174  0.24477527612573088       0.55586273572475620        42.590898045877175        96.720116016107582       0.29363403701251256        51.092322440177185        291.40648100287893        369.25069167485617     
 1841_seed.data         216  0.25882044073048721       0.57262325560348970        55.905215197785239        123.68662321035377       0.31099491930328849        67.174902569510309        246.90635480163542        298.36965687995314     
 1842_seed.data         183  0.27098572811701260       0.60836292851202378        49.590388245413308        111.33041591770035       0.34232930259055194        62.646262374071007        260.16670253083458        308.33116689570409     
 1843_seed.data         161  0.24266492858715966       0.54517188004242001        39.069053502532704        87.772672686829623       0.28930476482653616        46.578067137072324        187.08371923825743        199.11848211009823     
 1844_seed.data         196  0.26721179914364229       0.60654260360259848        52.373512632153890        118.88235030610930       0.32869119556421489        64.423474330586117        267.05101600259303        330.76039791165874     
 1845_seed.data         127  0.30772887352787204       0.68141895284872633        39.081566938039749        86.540207011788240       0.36559033987256911        46.429973163816278        157.08431028461587        160.06518303486678     
 1846_seed.data         221  0.29260326885848292       0.65569165754446912        64.665322417724724        144.90785631732768       0.34928151658576789        77.191215165454707        221.38483231345390        260.70993897015813     
 1847_seed.data         137  0.17546019683660821       0.41239116039307511        24.038046966615326        56.497588973851286       0.22360805145629581        30.634303049512525        259.96850196788222        306.98934288929217     
 1848_seed.data         137  0.28210249747994770       0.62587430271800770        38.648042154752837        85.744779472367057       0.33358447544536551        45.701073136015076        149.01559339893956        132.54389167049433     
 1849_seed.data         195  0.27510035812458067       0.62540456988561599        53.644569834293229        121.95389112769512       0.32893950023029650        64.143202544907822        238.39251925208143        285.89105800733483     
 1850_seed.data         172  0.28498130026738699       0.63788532625861616        49.016783645990564        109.71627611648198       0.34344145484232852        59.071930232880504        233.11332890072390        260.26371100835047     
 1851_seed.data         187  0.27619673375816667       0.62700955606052289        51.648789212777167        117.25078698331778       0.32998422545160017        61.707050159449231        250.68453141320853        302.58128018164814     
 1852_seed.data         219  0.30363137659837214       0.67007757386159883        66.495271475043495        146.74698867569015       0.35517931553891352        77.784270103022067        266.16816869115536        324.00073409797295     
 1853_seed.data         202  0.28150402591164847       0.63886024420105281        56.863813234152992        129.04976932861265       0.32976300120563251        66.612126243537773        242.54168721384244        296.11535166498743     
 1854_seed.data         189  0.35286048193203490       0.75352240295248163        66.690631085154592        142.41573415801903       0.40059317480381107        75.712110037920297        171.42424119356690        180.90062527636104     
 1855_seed.data         131  0.23158600559773249       0.53503862043425676        30.337766733302956        70.090059276887629       0.30812586391956598        40.364488173463144        222.65843784979938        255.92753829568312     
 1856_seed.data         224  0.31672738492531005       0.70169942491244641        70.946934223269452        157.18067118038800       0.36170480354103596        81.021875993192054        250.16789377964901        311.66403229168372     
 1857_seed.data         220  0.24206214588052638       0.53291177669003031        53.253672093715807        117.24059087180667       0.29159163531005944        64.150159768213072        259.13750151163202        326.40611637678762     
 1858_seed.data         194  0.29855726297865981       0.64181697272863414        57.920109017860000        124.51249270935503       0.35974879854451214        69.791266917635355        205.63154274884755        225.26076787789083     
 1859_seed.data         148  0.22946771149280254       0.52927959115921841        33.961221300934774        78.333379491564330       0.29773212383947800        44.064354328242743        254.63587967666865        272.92035918833483     
 1860_seed.data         144  0.25223653973847010       0.56288462042644405        36.322061722339697        81.055385341407941       0.31617104363016318        45.528630282743499        194.30172583400289        200.38586732619808     
 1861_seed.data         129  0.25241729620905551       0.58801133095705793        32.561831210968158        75.853461693460474       0.30217344343045016        38.980374202528068        224.64995849375032        233.56665519960532     
 1862_seed.data         212  0.30892047186834481       0.67878574514134427        65.491140036089107        143.90257796996499       0.36433043991341058        77.238053261643046        262.17253518064075        324.98787199736046     
 1863_seed.data         134  0.32120617873991575       0.70930566782289439        43.041627951148712        95.046959488267845       0.37735838752620532        50.566023928511513        146.63775149655265        137.36989953994055     
 1864_seed.data         142  0.27179850277265621       0.63257152824114604        38.595387393717182        89.825157010242734       0.33106634968871540        47.011421655797584        218.74775929824736        237.86173970416118     
 1865_seed.data         202  0.25533652105121551       0.58516691566266332        51.577977252345534        118.20371696385799       0.31948968330576388        64.536916027764306        277.18311869565383        337.34794472923022     
 1866_seed.data         157  0.33164573703573752       0.71964386108429201        52.068380714610790        112.98408619023385       0.40064136725631200        62.900694659240983        183.04652673008397        189.22032364859135     
 1867_seed.data         133  0.29100120043279432       0.66616912486564994        38.703159657561642        88.600493607131440       0.33868220936739291        45.044733845863256        161.56568716654866        157.32241369953098     
 1868_seed.data         215  0.30311053704497365       0.67110207969684976        65.168765464669335        144.28694713482270       0.35426238107417457        76.166411930947532        218.51213100303343        255.48299203178624     
 1869_seed.data         145  0.26591769972380885       0.60803245059433453        38.558066459952286        88.164705336178500       0.31225886633225652        45.277535618177197        171.71778539661889        168.94082281651146     
 1870_seed.data         178  0.27327207691810995       0.63232421222685697        48.642429691423573        112.55370977638054       0.31420021020367850        55.927637416254775        213.39193115115052        247.67189623426725     
 1871_seed.data         216  0.27341334938884193       0.61630830571806727        59.057283467989855        133.12259403510254       0.33082798561973920        71.458844893863670        288.14951506331465        362.58918577860265     
 1872_seed.data         187  0.25427422219815032       0.56711424988299919        47.549279551054113        106.05036472812085       0.30044107808623993        56.182481602126870        199.40262546131177        224.58634186792654     
 1873_seed.data         182  0.29339971330222581       0.67308168675197799        53.398747821005095        122.50086698886000       0.35193604884893664        64.052360890506463        249.32657875473168        307.41897946865924     
 1874_seed.data         208  0.31264030163029044       0.69087640932610694        65.029182739100406        143.70229313983023       0.38159676893531563        79.372127938545646        273.31657821428564        306.66729566825774     
 1875_seed.data         218  0.25676170240847174       0.57433095670705525        55.974051125046842        125.20414856213804       0.32536027481755281        70.928539910226519        380.30688375801429        517.12390207544081     
 1876_seed.data         195  0.30376821173461993       0.68928685862301264        59.234801288250885        134.41093743148747       0.34889593733453556        68.034707780234427        214.21643737266248        250.21024994482994     
 1877_seed.data         132  0.28719413251334930       0.64025077293208843        37.909625491762107        84.513102027035671       0.36390375209673115        48.035295276768508        187.86769613000308        193.50961763607691     
 1878_seed.data         201  0.30462870045160795       0.67404687232665150        61.230368790773198        135.48342133765695       0.36698759636345879        73.764506869055211        246.14390997989165        294.86953531373820     
 1879_seed.data         210  0.31949589260539352       0.69893794712636848        67.094137447132638        146.77696889653737       0.37792894186892684        79.365077792474636        255.57038616548084        311.21247364564829     
 1880_seed.data         213  0.32144499359827938       0.71495059265719330        68.467783636433509        152.28447623598217       0.38140129080885588        81.238474942286302        230.82445255902820        254.25486453856482     
 1881_seed.data         138  0.32083149401067712       0.70144535897621629        44.274746173473446        96.799459538717855       0.37197130080463525        51.332039511039667        144.65181385037491        135.58465960241017     
 1882_seed.data         145  0.25771861595854517       0.58185584462284423        37.369199313989050        84.369097470312411       0.34651319469917280        50.244413231380058        235.26232504391703        250.30574014001084     
 1883_seed.data         221  0.26930823785202063       0.59957753753824594        59.517120565296558        132.50663579595235       0.33164410364214431        73.293346904913889        287.97486368136634        367.97070771851224     
 1884_seed.data         194  0.22201266250379054       0.50763910135425117        43.070456525735366        98.481985662724725       0.29823889782563817        57.858346178173804        333.23024024807154        448.08831633748480     
 1885_seed.data         198  0.28790394724981838       0.63765576654253475        57.004981555464042        126.25584177542189       0.36166306235850249        71.609286346983495        299.07914557981707        360.75479253256702     
 1886_seed.data         163  0.27353571560005069       0.61611166831999686        44.586321642808265        100.42620193615949       0.32263341560979425        52.589246744396462        202.43647737267662        220.67354261226032     
 1887_seed.data         138  0.19219389581086874       0.44189637259743575        26.522757621899885        60.981699418446134       0.24867376820450893        34.316980012222231        238.57128049286251        275.56364068583878     
 1888_seed.data         127  0.24594802274369590       0.56825477340544550        31.235398888449378        72.168356222491582       0.30632830156619062        38.903694298906210        162.92351504293885        164.78418463653460     
 1889_seed.data         201  0.33627951691504077       0.73567705186088028        67.592182899923188        147.87108742403694       0.39500806782583125        79.396621632992080        199.54612193994470        220.51329188575357     
 1890_seed.data         179  0.23994361335242187       0.54768720751153177        42.949906790083517        98.036010144564187       0.29206638162363152        52.279882310630043        253.47091589850788        304.78991026832466     
 1891_seed.data         203  0.23742743884095741       0.52768999033926245        48.197770084714357        107.12106803887028       0.30996798584702256        62.923501126945581        359.53669311908908        456.80986960017441     
 1892_seed.data         212  0.27046979029326412       0.62005307574068680        57.339595542171992        131.45125205702561       0.32839593224077018        69.619937635043286        264.38020027109752        327.34439977974256     
 1893_seed.data         165  0.28433143468054878       0.63013796319882820        46.914686722290547        103.97276392780665       0.32595236169078284        53.782139678979171        163.00624344198212        167.33063252983075     
 1894_seed.data         185  0.25960566553396036       0.60052095940173189        48.027048123782670        111.09637748932040       0.31977042540002887        59.157528699005340        266.33973497159224        326.70829003113732     
 1895_seed.data         188  0.16899066164119980       0.39615867622636536        31.770244388545564        74.477831130556694       0.22948762877451281        43.143674209608406        529.79777578365497        735.85339878041248     
 1896_seed.data         194  0.24345090121424587       0.56134012072296291        47.229474835563700        108.89998342025480       0.30001072141285828        58.202079954094508        276.35641704512847        345.96974375644027     
 1897_seed.data         137  0.29429582780663410       0.65635641619044904        40.318528409508872        89.920829018091524       0.36028342277614311        49.358828920331604        174.23885085653853        178.52760383669428     
 1898_seed.data         128  0.29092635733992972       0.65656269295142378        37.238573739511004        84.040024697782243       0.35994456323633617        46.072904094251030        181.80892916078639        175.55365584530171     
 1899_seed.data         206  0.23765267466153206       0.53618176896493597        48.956450980275605        110.45344440677681       0.28708211299823905        59.138915277637246        265.08733725715871        325.35713084040475     
 1900_seed.data         163  0.27729605748850739       0.62757620675202319        45.199257370626704        102.29492170057978       0.32637265893176365        53.198743405877472        180.18457056633719        198.40716539985203     
 1901_seed.data         132  0.31393836060472263       0.70374009222701961        41.439863599823390        92.893692173966585       0.35559126120849283        46.938046479521056        152.32094236750086        153.14441485547664     
 1902_seed.data         220  0.29008588726726969       0.64644771270382972        63.818895198799332        142.21849679484254       0.34770922902446105        76.496030385381431        257.52093309355018        312.20958636809087     
 1903_seed.data         154  0.29347850137673942       0.68465157895248308        45.195689212017868        105.43634315868239       0.33366890617245609        51.385011550558239        193.95911987676570        206.58638699283603     
 1904_seed.data         140  0.35434769410868561       0.77425104532995137        49.608677175215988        108.39514634619319       0.40003809803938006        56.005333725513211        136.93450243150022        133.16694559373812     
 1905_seed.data         126  0.27447124356313951       0.62108618234767843        34.583376688955582        78.256858975807475       0.34721405935716176        43.748971479002385        177.81792897494572        175.91056213173414     
 1906_seed.data         169  0.27063077038048738       0.61890227526078423        45.736600194302369        104.59448451907254       0.31538878250577490        53.300704243475955        220.70144130548067        249.83588594439752     
 1907_seed.data         181  0.29865767332637061       0.67250510729858226        54.057038872073079        121.72342442104339       0.36457962462107341        65.988912056414293        216.95617224805056        257.35315212444482     
 1908_seed.data         205  0.31725729232086158       0.68996899871589135        65.037744925776622        141.44364473675773       0.36543052520775920        74.913257667590642        197.65559060713858        218.75906377645097     
 1909_seed.data         143  0.22366181373383612       0.49484545614598979        31.983639363938565        70.762900228876546       0.26488925115906831        37.879162915746768        188.96168751451015        191.29797325296013     
 1910_seed.data         163  0.29085427259024271       0.65290379691111666        47.409246432209564        106.42331889651201       0.33531620877059232        54.656542029606548        195.80722951559866        200.00757483849242     
 1911_seed.data         152  0.22704208874639484       0.52400153063194277        34.510397489452018        79.648232656055299       0.30170333575756841        45.858907035150402        234.54681428342488        268.51959261086154     
 1912_seed.data         225  0.29261904540951933       0.66547722589713576        65.839285217141850        149.73237582685556       0.34306225734800067        77.189007903300151        226.41647035023999        271.86834274274059     
 1913_seed.data         137  0.26313430822652412       0.59693282512010615        36.049400227033807        81.779797041454543       0.32539070563638944        44.578526672185355        196.39999947038720        190.48669534221327     
 1914_seed.data         151  0.28804238240202062       0.66018532143367237        43.494399742705113        99.687983536484523       0.33720719053374310        50.918285770595205        175.73581614705998        181.48137978024050     
 1915_seed.data         199  0.23982258143518445       0.53534102897220459        47.724693705601709        106.53286476546872       0.29990665830342633        59.681425002381843        260.47349389806544        317.47967793724763     
 1916_seed.data         197  0.28429786507476201       0.63192694373605196        56.006679419728115        124.48960791600224       0.35330266064169480        69.600624146413878        296.66257042207735        359.51918114626994     
 1917_seed.data         143  0.31172325666477779       0.69734722177070851        44.576425703063222        99.720652713211322       0.36393009942499305        52.042004217774007        176.30936609818477        179.26979543267228     
 1918_seed.data         163  0.26670462219445340       0.60970079161215196        43.472853417695902        99.381229032780766       0.31065452511299307        50.636687593417868        242.29212108379016        281.51254174688768     
 1919_seed.data         224  0.31707919166653431       0.70899311706182633        71.025738933303685        158.81445822184909       0.35904195377407416        80.425397645392607        189.16727708812155        220.53285189070550     
 1920_seed.data         213  0.29566800858348669       0.65843706555471770        62.977285828282668        140.24709496315486       0.35374763335386333        75.348245904372888        291.93702528293966        368.50308734836995     
 1921_seed.data         164  0.22606889789542212       0.51715199540141177        37.075299254849227        84.812927245831531       0.28158473548217211        46.179896619076224        269.31759354489310        317.32263283601782     
 1922_seed.data         202  0.35735325993269229       0.78678553181817978        72.185358506403844        158.93067742727231       0.39808530302280110        80.413231210605815        170.99804624273520        179.97381653439209     
 1923_seed.data         195  0.28819121518004481       0.66881157281448655        56.197286960108741        130.41825669882488       0.33897957760337094        66.101017632657332        253.83573596878350        285.45673770377260     
 1924_seed.data         181  0.27021189457509870       0.60681609430323824        48.908352918092866        109.83371306888613       0.33947752112285406        61.445431323236583        254.97812542465900        312.76399934535857     
 1925_seed.data         154  0.27789030084115457       0.64075845588392444        42.795106329537802        98.676802206124364       0.33446836922114842        51.508128860056857        204.48560641074513        204.70089239202110     
 1926_seed.data         171  0.28223044125519392       0.64005343700124728        48.261405454638158        109.44913772721328       0.32607461580687480        55.758759302975591        171.04074822900915        178.41496343290544     
 1927_seed.data         188  0.17400246044058318       0.39118462998823411        32.712462562829636        73.542710437788017       0.22701451124566863        42.678728114185702        261.70313380036509        335.08362925836838     
 1928_seed.data         148  0.17353307844451804       0.39918499828571546        25.682895609788670        59.079379746285888       0.22460634734881546        33.241739407624685        253.82227078738060        306.87111260674897     
 1929_seed.data         143  0.32374872595611315       0.71994753404275802        46.296067811724178        102.95249736811439       0.39831712096753225        56.959348298357114        200.07350161902130        203.80033245698306     
 1930_seed.data         160  0.24555584452837825       0.55318920534259419        39.288935124540522        88.510272854815071       0.31293789582195991        50.070063331513587        223.70322501170205        262.00794781303432     
 1931_seed.data         200  0.28681430618749143       0.63996251629026146        57.362861237498286        127.99250325805230       0.32962092165912366        65.924184331824733        202.52029954480503        216.87465960352222     
 1932_seed.data         182  0.21136112293748763       0.49458361561182185        38.467724374622748        90.014218041351583       0.25256348479881024        45.966554233383462        235.41675787515800        266.40597299031617     
 1933_seed.data         217  0.35115826870683980       0.75563448581067627        76.201344309384240        163.97268342091675       0.41169437257441016        89.337678848647002        234.74400952924799        284.79461907079576     
 1934_seed.data         195  0.26754605010777527       0.61562464699686414        52.171479771016180        120.04680616438851       0.31761997243526147        61.935894624875985        250.61586840256314        293.06521170357269     
 1935_seed.data         205  0.31169838095969188       0.69824907715428164        63.898168096736832        143.14106081662774       0.36133980793968518        74.074660627635467        243.94286179823209        285.64270610264492     
 1936_seed.data         152  0.26693850045977957       0.61984359845480563        40.574652069886497        94.216226965130460       0.31039330263632581        47.179782000721524        219.38956913447106        238.83255808370370     
 1937_seed.data         135  0.31456071992758267       0.70280585130255158        42.465697190223658        94.878789925844458       0.36419481751050459        49.166300363918118        133.05553534794197        126.66658690047684     
 1938_seed.data         198  0.31693998144091912       0.68757752941238592        62.754116325301986        136.14035082365243       0.38714610520728338        76.654928831042113        216.71818098467114        260.48755607470889     
 1939_seed.data         131  0.26218164585256831       0.58588499348883882        34.345795606686451        76.750934147037881       0.32587309341973769        42.689375237985637        190.15643630665781        193.75594446997769     
 1940_seed.data         197  0.26613616808279666       0.61076045776380183        52.428825112310946        120.31981017946896       0.30696206567397777        60.471526937773618        236.37339501533611        279.52274071461318     
 1941_seed.data         160  0.22613695756021063       0.53141997225180715        36.181913209633699        85.027195560289144       0.27746296921285130        44.394075074056204        292.48117756749269        339.35905472022398     
 1942_seed.data         148  0.21752104582885409       0.49951903728631486        32.193114782670406        73.928817518374601       0.25720876371733697        38.066897030165869        248.39831205543234        281.21112025786698     
 1943_seed.data         160  0.18908534412937825       0.42828418416813080        30.253655060700520        68.525469466900930       0.25761651349123732        41.218642158597973        330.83645296908833        389.47980113875133     
 1944_seed.data         134  0.22831127071900542       0.54328222357955724        30.593710276346727        72.799817959660672       0.28974312426147170        38.825578651037205        229.95134469865852        257.07281296185778     
 1945_seed.data         208  0.23877068667163978       0.54478952830556571        49.664302827701071        113.31622188755767       0.30058961725301647        62.522640388627423        293.13428055762660        376.63950462604799     
 1946_seed.data         206  0.27499847263399041       0.62311944638253947        56.649685362602021        128.36260595480314       0.32505785751987548        66.961918649094343        248.60299423917724        290.50699732733102     
 1947_seed.data         185  0.27773618412342571       0.62668765116091885        51.381194062833757        115.93721546476999       0.33116547588902440        61.265613039469514        238.99310246674844        277.66434753042449     
 1948_seed.data         142  0.32053325003671468       0.71962552242158562        45.515721505213484        102.18682418386516       0.37731350205834202        53.578517292284566        191.30290639050455        183.37149435555969     
 1949_seed.data         162  0.25658764447971366       0.59284313420140078        41.567198405713611        96.040587740626933       0.29977035490676252        48.562797494895527        201.59029313628304        223.88486368935023     
 1950_seed.data         139  0.22661512808170495       0.51745421805573555        31.499502803356986        71.926136309747235       0.29086540759920815        40.430291656289931        210.16421647972246        233.97967188101561     
 1951_seed.data         133  0.13061494089659395       0.31304865057285330        17.371787139246994        41.635470526189486       0.16440965861681525        21.866484596036429        301.57149052662857        390.18889021144417     
 1952_seed.data         204  0.30143386684009599       0.66557678071414694        61.492508835379581        135.77766326568599       0.35201689994856994        71.811447589508262        236.94011628423848        283.32447686488166     
 1953_seed.data         184  0.30486284569216354       0.69389517767921982        56.094763607358090        127.67671269297645       0.34244513800753651        63.009905393386717        211.02605993283353        247.87791233542515     
 1954_seed.data         127  0.22501942097978198       0.52062526454412850        28.577466464432312        66.119408597104325       0.28621101442449243        36.348798831910536        222.42635536436131        240.39707879755511     
 1955_seed.data         179  0.22757421007952849       0.52241008061692895        40.735783604235600        93.511404430430275       0.29030885332162959        51.965284744571697        264.05896297778082        326.05272545616202     
 1956_seed.data         190  0.26181648640468419       0.59574010640088404        49.745132416889994        113.19062021616797       0.30965912922004174        58.835234551807929        249.10892631709265        295.24881048253383     
 1957_seed.data         148  0.31328848445671809       0.70079751462099571        46.366695699594274        103.71803216390737       0.37077740363338246        54.875055737740603        169.51400020850517        166.72760282004847     
 1958_seed.data         130  0.27187490072161774       0.61588080799711098        35.343737093810304        80.064505039624422       0.34011325125180392        44.214722662734509        199.94679866510546        219.17813078385217     
 1959_seed.data         165  0.23851672964598378       0.55611803268130577        39.355260391587322        91.759475392415453       0.29919737781337569        49.367567339206985        236.31042165249104        278.82019794499359     
 1960_seed.data         174  0.21791542489983190       0.49264590065888197        37.917283932570747        85.720386714645457       0.29522537812746735        51.369215794179318        256.20620782805327        281.16331206812282     
 1961_seed.data         207  0.26916554052600483       0.60757802617050871        55.717266888883003        125.76865141729530       0.32751244643471594        67.795076411986201        229.54301558088790        261.63221652706352     
 1962_seed.data         130  0.25766101001186364       0.60961371179877399        33.495931301542271        79.249782533840616       0.32327415448631713        42.025640083221226        167.48161673832161        171.09807480833820     
 1963_seed.data         184  0.23544197373758838       0.53342461158544829        43.321323167716258        98.150128531722487       0.29335577030558496        53.977461736227632        280.61021015327174        348.40196923711966     
 1964_seed.data         209  0.26944216421254980       0.60613138372884967        56.313412320422906        126.68145919932958       0.32544307120739313        68.017601882345161        249.41710382695732        310.53617161706973     
 1965_seed.data         212  0.21547886066870742       0.50324403160739972        45.681518461765975        106.68773470076874       0.29092006983571345        61.675054805171250        393.42976466094677        547.03515423425040     
 1966_seed.data         218  0.29668339343979161       0.66637377848195156        64.676979769874578        145.26948370906544       0.35611279130659440        77.632588504837585        258.35315716421377        321.64588697479888     
 1967_seed.data         221  0.24716006282463732       0.55979496720960242        54.622373884244844        123.71468775332214       0.28863153600645070        63.787569457425604        253.21397912142686        324.15457564424668     
 1968_seed.data         187  0.28343810998147539       0.63406394885629047        53.002926566535898        118.56995843612631       0.34691101207183017        64.872359257432237        292.68929421133271        350.84080233883122     
 1969_seed.data         176  0.27701436827417869       0.64001833453943768        48.754528816255451        112.64322687894104       0.31410274657920856        55.282083397940710        192.26807877323583        209.66831449253675     
 1970_seed.data         192  0.27780652189361071       0.63090086690931479        53.338852203573254        121.13296644658844       0.31318960461514317        60.132404086107485        188.28673789671188        198.71641494346673     
 1971_seed.data         172  0.32205988559952919       0.73076356506563545        55.394300323119019        125.69133319128930       0.36923624388573867        63.508633948347054        186.95138724873834        203.59985515550892     
 1972_seed.data         187  0.29705133297393826       0.67032700323559091        55.548599266126459        125.35114960505550       0.34779652430867980        65.037950045723122        206.12595436423172        235.36526731646993     
 1973_seed.data         134  0.18354220624286113       0.42988754913853650        24.594655636543393        57.604931584563893       0.22829824439450011        30.591964748863013        255.16117206120606        286.82713081391205     
 1974_seed.data         156  0.29462476692381356       0.66880895101674342        45.961463640114914        104.33419635861198       0.35711385511277782        55.709761397593340        199.29928541844981        221.03242346547117     
 1975_seed.data         216  0.28123695806738092       0.63278032809865148        60.747182942554275        136.68055086930872       0.33363975875241292        72.066187890521192        255.09273972151180        323.66856253437487     
 1976_seed.data         132  0.23937611227539624       0.54307991478340523        31.597646820352303        71.686548751409489       0.28398514493080412        37.486039130866146        219.98827791701984        240.67316830854739     
 1977_seed.data         158  0.24748973796448323       0.60001922662934803        39.103378598388353        94.803037807436993       0.28239852004390265        44.618966166936616        247.45917112428640        290.38854975544740     
 1978_seed.data         140  0.29931003749519608       0.66917656076199772        41.903405249327449        93.684718506679687       0.35404959369710665        49.566943117594931        157.66863954858940        150.00981642222439     
 1979_seed.data         140  0.32253334115632160       0.73089987874402629        45.154667761885023        102.32598302416368       0.38128631894522452        53.380084652331433        160.25060743163846        158.71359164930757     
 1980_seed.data         212  0.36060548971969025       0.78255396708744041        76.448363820574329        165.90144102253737       0.41133744410644657        87.203538150566672        208.44723921830982        240.64001872798005     
 1981_seed.data         178  0.30308693078455090       0.68591398740418141        53.949473679650062        122.09268975794429       0.34415414209236123        61.259437292440296        183.78353686994552        200.48676445394725     
 1982_seed.data         164  0.29316129142717295       0.66672066249903827        48.078451794056363        109.34218864984227       0.34969751294194057        57.350392122478254        199.52480146692108        211.34745011618904     
 1983_seed.data         183  0.16655567522315323       0.38907828683953599        30.479688565837041        71.201326491635086       0.20543847289995534        37.595240540691826        285.52531992854716        367.84817443581807     
 1984_seed.data         216  0.27052158957436523       0.60511493420443030        58.432663348062889        130.70482578815694       0.32727221819543073        70.690799130213037        286.06654142373401        356.84458158176665     
 1985_seed.data         131  0.12520896391337424       0.29293295067835468        16.402374272652025        38.374216538864459       0.13804335444183949        18.083679431880974        290.43268268290927        344.93400887829409     
 1986_seed.data         161  0.21208040556941263       0.48658360260332051        34.144945296675431        78.339960019134608       0.26575099613158026        42.785910377184422        384.74979901245916        522.45142617232887     
 1987_seed.data         223  0.26397216626282682       0.58554637703308787        58.865793076610380        130.57684207837860       0.32775290550401642        73.088897927395664        311.01935196229147        416.11222481882845     
 1988_seed.data         170  0.22999901410988868       0.54012731178521323        39.099832398681073        91.821643003486244       0.26838110788254066        45.624788340031913        222.05542882327836        248.24371580984777     
 1989_seed.data         222  0.23704019778497476       0.54805396639057846        52.622923908264397        121.66798053870842       0.30473536308616378        67.651250605128354        375.78785933946580        557.32020536206107     
 1990_seed.data         178  0.27334851723823955       0.61951123416853593        48.656036068406642        110.27299968199939       0.33214049867748002        59.121008764591444        253.15352150752210        300.79315411075476     
 1991_seed.data         129  0.23619301859175343       0.55535948701413707        30.468899398336191        71.641373824823688       0.29199380547553061        37.667200906343446        199.56577447483141        196.47271133445494     
 1992_seed.data         169  0.31691024137981483       0.70101220494197769        53.557830793188707        118.47106263519423       0.38925859234835475        65.784702106871947        225.96249571604392        243.78371762684162     
 1993_seed.data         213  0.26740681774469127       0.61272907369911822        56.957652179619238        130.51129269791218       0.31453836653182227        66.996672071278141        247.03282381616731        307.48684512805022     
 1994_seed.data         179  0.23882995017263164       0.52998997931612268        42.750561080901065        94.868206297585957       0.30354348879979637        54.334284495163551        308.44293566691147        396.08785731658372     
 1995_seed.data         206  0.26045817408440852       0.58688531415975043        53.654383861388155        120.89837471690859       0.31935817497376245        65.787784044595071        262.97690790619021        323.05807741277135     
 1996_seed.data         215  0.31102453459749868       0.69189691653649910        66.870274938462217        148.75783705534730       0.35570622944397767        76.476839330455206        206.85235674647461        245.63957698064493     
 1997_seed.data         142  0.25298329847947293       0.58502092171335696        35.923628384085156        83.072970883296691       0.30963780228431287        43.968567924372429        274.89878877767472        310.80980895430497     
 1998_seed.data         152  0.29153708027982961       0.65402987982702521        44.313636202534099        99.412541733707826       0.33542566391915080        50.984700915710924        154.81785494363618        154.50170398819577     
 1999_seed.data         145  0.19567808459472658       0.44866700706372653        28.373322266235352        65.056716024240345       0.25919550337164132        37.583347988887994        272.06050055440647        327.24703391139849     
 2000_seed.data         148  0.29893476366673993       0.67224669841407791        44.242345022677512        99.492511365283534       0.35779219665244227        52.953245104561454        206.47436812682713        205.79662609187463     
 2001_seed.data         216  0.29449891811227624       0.66056230165586527        63.611766312251667        142.68145715766690       0.33773069297860331        72.949829683378312        241.86390173706175        293.28656668658323     
 2002_seed.data         143  0.30395903235855115       0.67786112800238385        43.466141627272812        96.934141304340898       0.35476865173883432        50.731917198653306        147.14803386280295        144.74564553683484     
 2003_seed.data         169  0.24137655659558091       0.54748890498578007        40.792638064653175        92.525624942596835       0.29229248610353104        49.397430151496742        224.34939199335795        269.95101792962862     
 2004_seed.data         186  0.20525183905589930       0.45950974668821609        38.176842064397270        85.468812884008187       0.25989556475056880        48.340575043605796        272.17497688867985        335.57174382634099     
 2005_seed.data         176  0.27988019162012567       0.62513252682018394        49.258913725142122        110.02332472035238       0.35503041496615129        62.485353034042625        246.95941015268895        289.41046037012234     
 2006_seed.data         221  0.30438334972607911       0.68439080052104129        67.268720289463488        151.25036691515012       0.36530299381864306        80.731961633920122        296.75446207620251        371.02286178167350     
 2007_seed.data         129  0.29533681669411299       0.68294754853966655        38.098449353540573        88.100233761616991       0.34401419648962395        44.377831347161489        166.59266703749958        164.61673645460181     
 2008_seed.data         165  0.32678909202826584       0.72674525845243754        53.920200184663862        119.91296764465220       0.39572512720957898        65.294645989580530        184.85034230973261        192.01839643821148     
 2009_seed.data         175  0.20717487425261766       0.46925247888289406        36.255602994208090        82.119183804506463       0.27333371874905760        47.833400781085082        267.58746291319301        312.74843344972794     
 2010_seed.data         179  0.24877041979624129       0.58310188525874063        44.529905143527188        104.37523746131457       0.29481184658786963        52.771320539228661        222.17418110364778        254.33489164245759     
 2011_seed.data         200  0.29428633538826521       0.65965709102232140        58.857267077653042        131.93141820446428       0.34217942926497874        68.435885852995753        242.34901325516122        293.63062980167996     
 2012_seed.data         154  0.24145229880946770       0.54168002110482349        37.183654016658025        83.418723250142818       0.30289708749111977        46.646151473632443        267.04807282445114        289.07797407339825     
 2013_seed.data         154  0.29816560606806153       0.66750732771478183        45.917503334481474        102.79612846807640       0.36546448643330653        56.281530910729209        230.19281994780332        225.71192568286790     
 2014_seed.data         175  0.21397762080135926       0.49130208086632826        37.446083640237873        85.977864151607449       0.27624195114990380        48.342341451233168        238.52336318618566        275.34798435363479     
 2015_seed.data         130  0.32420323976743803       0.72316840627963719        42.146421169766946        94.011892816352841       0.38438438810926528        49.969970454204486        143.71978219770105        135.37226591516725     
 2016_seed.data         202  0.25081900821014869       0.56277382106702367        50.665439658450033        113.68031185553878       0.32252525184679626        65.150100873052850        316.08242953276221        386.43230280159480     
 2017_seed.data         223  0.25235474335835584       0.57189688744892309        56.275107768913351        127.53300590110985       0.31968967905185391        71.290798428563420        299.32147778068673        392.94133938488187     
 2018_seed.data         215  0.27933429873677812       0.62703828592365829        60.056874228407295        134.81323147358654       0.33914371752521322        72.915899267920835        250.93808588900262        308.66061736723032     
 2019_seed.data         129  0.26836035392991398       0.62809813543789705        34.618485656958903        81.024659471488718       0.31540906501823995        40.687769387352951        150.69235325539486        143.39959667578140     
 2020_seed.data         222  0.26746930889032600       0.61207625342442451        59.378186573652371        135.88092826022225       0.31120196620169760        69.086836496776868        287.78384788716471        366.06197412093059     
 2021_seed.data         217  0.24824346008788784       0.57610005103030348        53.868830839071663        125.01371107357586       0.29249036541763079        63.470409295625885        227.20314429515631        251.19450910377074     
 2022_seed.data         176  0.26512319447004518       0.59996154396868995        46.661682226727947        105.59323173848944       0.31928199458464523        56.193631046897565        208.51736772976054        227.03502053566157     
 2023_seed.data         180  0.16455765260815894       0.38619231954983929        29.620377469468608        69.514617518971079       0.21191314424227736        38.144365963609928        344.63344589526855        477.37692240936565     
 2024_seed.data         152  0.24212517942966907       0.54025110242819641        36.803027273309702        82.118167569085855       0.30152332445195729        45.831545316697508        249.65003994375351        262.77241463327715     
 2025_seed.data         221  0.29282098100274145       0.65235138684839789        64.713436801605866        144.16965649349592       0.34569475150712847        76.398540083075389        291.59154210864807        390.26630952858278     
 2026_seed.data         214  0.25090701874473720       0.58017404828739738        53.694102011373758        124.15724633350304       0.30417189413631907        65.092785345172274        273.08741666753701        338.30947000025816     
 2027_seed.data         206  0.25913752720579736       0.56957216637026831        53.382330604394255        117.33186627227528       0.32830247645941812        67.630310150640128        330.27358213298066        445.64676806837156     
 2028_seed.data         205  0.24224694763262050       0.55324859385444669        49.660624264687200        113.41596174016158       0.30091734379362917        61.688055477693979        280.22939501694344        363.28057379954282     
 2029_seed.data         143  0.20055476308480227       0.46661274046936735        28.679331121126726        66.725621887119530       0.24045353083477897        34.384854909373395        224.65253526997475        251.52893737852239     
 2030_seed.data         147  0.23827160415206022       0.55735417978402280        35.025925810352852        81.931064428251346       0.27811513467698079        40.882924797516175        231.31175599736991        261.55211328068509     
 2031_seed.data         216  0.24246670609755769       0.54600192160127936        52.372808517072464        117.93641506587635       0.30349441702507507        65.554794077416219        316.74628740780179        443.39751298154187     
 2032_seed.data         220  0.30418651981406442       0.66541388928643685        66.921034359094165        146.39105564301610       0.36479887817635548        80.255753198798203        271.19970909692250        345.08913530580639     
 2033_seed.data         150  0.33508335980306286       0.72995372178540363        50.262503970459427        109.49305826781054       0.38966885576191174        58.450328364286761        180.63999562779378        177.51314596043883     
 2034_seed.data         194  0.32097779306590224       0.71853945740118219        62.269691854785037        139.39665473582934       0.36562480056024665        70.931211308687850        212.68643960101011        241.98126537112589     
 2035_seed.data         136  0.23034632850420542       0.53761656253177681        31.327100676571938        73.115852504321651       0.29278004052910350        39.818085511958074        192.05286963672620        201.73457896040239     
 2036_seed.data         190  0.30612034809457045       0.67727233981779489        58.162866137968386        128.68174456538102       0.36502888466430522        69.355488086217989        236.02268548909365        274.67891297205728     
 2037_seed.data         152  0.28033302305276786       0.64622794941769812        42.610619504020718        98.226648311490109       0.34624035206552972        52.628533513960519        237.19409748834184        271.50446643470184     
 2038_seed.data         212  0.25757480464675264       0.57920098695095634        54.605858585111562        122.79060923360275       0.32077594620195621        68.004500594814715        283.24826428986182        364.63860216869489     
 2039_seed.data         213  0.30229589666395673       0.68112396170655265        64.389025989422777        145.07940384349573       0.35765808239558888        76.181171550260430        235.67673642341504        285.55995157010506     
 2040_seed.data         151  0.28478401139321952       0.64923450519333281        43.002385720376147        98.034410284193257       0.32367525598278513        48.874963653400556        174.28639273858573        179.86577564493447     
 2041_seed.data         212  0.25510039097334036       0.57775603947965304        54.081282886348156        122.48428036968645       0.30733702369778804        65.155449023931070        272.19163936539684        329.14542757814570     
 2042_seed.data         144  0.20238719857209109       0.47227305446860057        29.143756594381117        68.007319843478484       0.26614570340580329        38.324981290435673        261.18866151702179        299.27308947377526     
 2043_seed.data         145  0.30158705880060749       0.67403480133328253        43.730123526088086        97.735046193325971       0.36248620582177027        52.560499844156688        180.34480429588390        177.60804827437997     
 2044_seed.data         157  0.32889228187026631       0.71819342340998549        51.636088253631812        112.75636747536772       0.38979640442524416        61.198035494763332        165.44806828134818        168.86039545836874     
 2045_seed.data         188  0.25234929311503784       0.56637338761716449        47.441667105627111        106.47819687202693       0.30888568229619878        58.070508271685370        285.29942843434412        378.59866708363541     
 2046_seed.data         158  0.22291305074302259       0.52317951851484168        35.220262017397566        82.662363925344991       0.27878245546224190        44.047627963034216        206.66154286664076        235.54213488298009     
 2047_seed.data         215  0.24034215089663521       0.54895021859221349        51.673562442776571        118.02429699732591       0.30803863046798635        66.228305550617065        339.94102765825363        465.52192386192945     
 2048_seed.data         175  0.18738591112880704       0.43058213395826411        32.792534447541229        75.351873442696217       0.23731927000617334        41.530872251080332        296.99274021040463        393.22403075254329     
 2049_seed.data         219  0.29847895423394366       0.66555622218194987        65.366890977233666        145.75681265784704       0.35098229018870314        76.865121551325984        217.37275512171331        253.15163824908080     
 2050_seed.data         131  0.21691699190226801       0.48764353462998533        28.416125939197109        63.881303036528081       0.28045460325333665        36.739553026187103        209.98971879970648        219.44283243440006     
 2051_seed.data         154  0.27653613319165610       0.63102085998307167        42.586564511515036        97.177212437393038       0.32692917077567013        50.347092299453202        180.63254212132190        188.12412361106490     
 2052_seed.data         222  0.30508455929292411       0.67824377861401131        67.728772163029149        150.57011885231051       0.35578045625645310        78.983261288932596        245.68451625764524        289.07557811898289     
 2053_seed.data         221  0.27717955044700737       0.60773529191564302        61.256680648788631        134.30949951335711       0.32785063184289748        72.454989637280349        287.73661425767955        337.19802729930842     
 2054_seed.data         190  0.25782659275359848       0.58613352862325840        48.987052623183715        111.36537043841909       0.30348787952266520        57.662697109306386        256.62548033996478        310.92240361161873     
 2055_seed.data         183  0.24042848206106368       0.54766870015983093        43.998412217174653        100.22337212924906       0.29047881296339295        53.157622772300911        323.47468207611189        408.24463751522785     
 2056_seed.data         204  0.29834786955276094       0.65976251498566563        60.862965388763229        134.59155305707580       0.36631197715198666        74.727643339005283        291.54187487902539        384.57325699407426     
 2057_seed.data         179  0.30059350601120916       0.67741874368091104        53.806237576006438        121.25795511888307       0.35179926951907814        62.972069243914987        199.39673096050572        209.98881809616867     
 2058_seed.data         223  0.26540450454998854       0.59128913262810212        59.185204514647445        131.85747657606677       0.32472231044958905        72.413075230258357        302.15886447906860        375.31760205196707     
 2059_seed.data         214  0.23229200385697524       0.53567984300223581        49.710488825392702        114.63548640247846       0.28493133150706473        60.975304942511855        287.45821484534781        382.66335665169652     
 2060_seed.data         216  0.27630416580483946       0.63167687262269323        59.681699813845327        136.44220448650174       0.32283245195723859        69.731809622763535        282.05079286959653        353.34674514740925     
 2061_seed.data         131  0.24046924820155885       0.56073805649081798        31.501471514404209        73.456685400297161       0.28483099894259573        37.312860861480040        203.32474207967411        218.90169382318115     
 2062_seed.data         139  0.24965196330237915       0.58018185064827155        34.701622899030703        80.645277240109749       0.31730793030606830        44.105802312543496        236.12644765292339        266.59105124843103     
 2063_seed.data         217  0.29437153954499046       0.63969650081592822        63.878624081262927        138.81414067705643       0.35779345668103280        77.641180099784123        266.09149825942325        331.72677081349684     
 2064_seed.data         136  0.19597668703744103       0.45578639813052169        26.652829437091981        61.986950145750953       0.25201925325851604        34.274618443158182        313.24860056136430        411.12551918617646     
 2065_seed.data         185  0.25838751079698186       0.59816082494129619        47.801689497441643        110.65975261413979       0.31210195388868622        57.738861469406949        243.03740414614757        288.67211968337938     
 2066_seed.data         155  0.26572599556027976       0.58993159148726404        41.187529311843363        91.439396680525931       0.32216971671762507        49.936306091231884        261.39539362461289        328.80860396644260     
 2067_seed.data         152  0.27691595856847512       0.64295730771347304        42.091225702408217        97.729510772447895       0.31500778563270443        47.881183416171076        195.95472076963139        209.74862049613253     
 2068_seed.data         167  0.27741669152146398       0.63750209220214171        46.328587484084487        106.46284939775767       0.32790022531358820        54.759337627369227        235.91470275961802        254.69088921231983     
 2069_seed.data         199  0.23663226679727964       0.53689897944545473        47.089821092658646        106.84289690964549       0.28757859394829821        57.228140195711347        323.53195964258077        421.78613815594588     
 2070_seed.data         175  0.27242243061433141       0.61231413701305326        47.673925357507997        107.15497397728431       0.33264106631518042        58.212186605156575        219.62195613341433        245.05559927875188     
 2071_seed.data         132  0.17566076219780358       0.41194676064082886        23.187220610110071        54.376972404589409       0.20682851456731219        27.301363922885209        268.18086153212977        319.96534923794349     
 2072_seed.data         161  0.29852551758636825       0.67834759915301523        48.062608331405286        109.21396346363545       0.33919249206958296        54.609991223202854        174.64205859249350        182.50557792949829     
 2073_seed.data         212  0.32093236889678251       0.70832440977949085        68.037662206117886        150.16477487325207       0.37073330212448924        78.595460050391722        210.41107976984566        240.30054201760922     
 2074_seed.data         167  0.21722480000787284       0.48979435741411370        36.276541601314761        81.795657688156993       0.29109541237909375        48.612933867308655        290.66587856510512        337.96916894534075     
 2075_seed.data         131  0.20095473718467799       0.46032851102176181        26.325070571192818        60.303034943850797       0.27308099549673936        35.773610410072855        236.44150143407327        256.56328401232344     
 2076_seed.data         131  0.25475753163936760       0.57308980389052533        33.373236644757156        75.074764309658818       0.30685469149160577        40.197964585400356        160.99088629450156        146.04600379118605     
 2077_seed.data         168  0.28447527087428370       0.62921488415778215        47.791845506879660        105.70810053850740       0.33722089114495879        56.653109712353078        215.27674523197183        235.78048354107673     
 2078_seed.data         191  0.29944791649326763       0.68574350483426261        57.194552050214121        130.97700942334416       0.35278348721265795        67.381646057617672        230.41552983511292        265.01426054124960     
 2079_seed.data         146  0.28946603032314394       0.65454440457575946        42.262040427179016        95.563483068060876       0.34537450026781619        50.424677039101162        185.54235750496974        187.04145589874082     
 2080_seed.data         184  0.28268488095922406       0.63418727909296779        52.014018096497225        116.69045935310608       0.32881523862240120        60.502003906521821        239.07724014548256        280.43380324696017     
 2081_seed.data         201  0.19541268655268651       0.46092872490024001        39.277949997089991        92.646673704948242       0.23167635465785108        46.566947286228064        256.74675207481647        317.19016624211343     
 2082_seed.data         151  0.27138687676087264       0.62206479271617088        40.979418390891766        93.931783700141807       0.32223532505741631        48.657534083669866        187.66824930977873        202.78107881799306     
 2083_seed.data         137  0.29299841457326453       0.63921378038428245        40.140782796537238        87.572287912646701       0.35714750369092163        48.929208005656264        165.24683862022152        156.91150669257289     
 2084_seed.data         127  0.26138920068724841       0.60697741914755021        33.196428487280549        77.086132231738873       0.31918691055057907        40.536737639923544        205.65013297371851        217.72222047931160     
 2085_seed.data         189  0.27675600098777675       0.63828390173629934        52.306884186689807        120.63565742816057       0.32859462082684410        62.104383336273536        274.31215708962651        338.36918732788729     
 2086_seed.data         161  0.29089280898477338       0.66668823972672830        46.833742246548510        107.33680659600326       0.33120048433658666        53.323277978190454        178.31387414498556        185.11567315635097     
 2087_seed.data         153  0.27372985297274477       0.62613765001527111        41.880667504829951        95.799060452336477       0.32244563805103643        49.334182621808573        171.61176355119363        174.25372592516337     
 2088_seed.data         201  0.19789636674929509       0.43759344153482838        39.777169716608313        87.956281748500501       0.27705584182956394        55.688224207742351        340.71534106979573        477.02266134486689     
 2089_seed.data         155  0.29822971810525106       0.68019224009672452        46.225606306313914        105.42979721499231       0.35532847492039410        55.075913612661083        181.61224545396348        193.71159523801032     
 2090_seed.data         215  0.25306262408448027       0.58075019466374334        54.408464178163257        124.86129185270482       0.30343497589338980        65.238519817078810        272.03740129503126        342.40833815521631     
 2091_seed.data         161  0.21738086918049407       0.51596139399715102        34.998319938059545        83.069784433541315       0.27541221889011119        44.341367241307900        356.51043574557616        490.70116519932606     
 2092_seed.data         132  0.25201775887467354       0.58890999846411862        33.266344171456907        77.736119797263655       0.30521158291697653        40.287928945040903        225.97286012222949        241.65965036335555     
 2093_seed.data         165  0.26085938222934868       0.60242518629467834        43.041798067842535        99.400155738621919       0.30989517806016298        51.132704379926892        228.94937308829219        267.08936425833468     
 2094_seed.data         129  0.20859041763345332       0.48908208279348608        26.908163874715477        63.091588680359706       0.25996390285805321        33.535343468688865        310.70124527808417        372.04023028663210     
 2095_seed.data         169  0.19956051328482413       0.46810462661547136        33.725726745135276        79.109681898014657       0.24801455868133096        41.914460417144930        252.30372869548896        306.13721073264418     
 2096_seed.data         193  0.27129455782449735       0.61689895227467673        52.359849660127992        119.06149778901261       0.34352677530553233        66.300667633967734        253.67552446485138        301.23713545952324     
 2097_seed.data         188  0.25758131803599998       0.59886008793968870        48.425287790767996        112.58569653266147       0.30556913253337420        57.446996916274351        198.48896634382902        228.89138312090236     
 2098_seed.data         127  0.30973753788072084       0.70192446635615435        39.336667310851546        89.144407227231596       0.35682774127726691        45.317123142212900        138.84022803835347        130.45493106229375     
 2099_seed.data         179  0.31512476475616424       0.70066517400967154        56.407332891353398        125.41906614773120       0.37290178007510411        66.749418633443639        221.64655978858571        241.79706158143111     
 2100_seed.data         158  0.20764691024107657       0.47132412663085205        32.808211818090101        74.469212007674628       0.26913885289646960        42.523938757642199        236.97575556446196        255.91479693659679     
 2101_seed.data         207  0.26474016659924754       0.60121777400994036        54.801214486044238        124.45207922005766       0.32297158977930318        66.855119084315760        335.51317088168105        404.08433220461637     
 2102_seed.data         225  0.29386368859910794       0.64235549099795086        66.119329934799282        144.52998547453893       0.35161213662316121        79.112730740211276        312.72128064739741        409.06938910856798     
 2103_seed.data         175  0.20708103439987338       0.48525631979908546        36.239181019977842        84.919855964839954       0.24102508597858083        42.179390046251648        351.36075520719555        407.79554708744615     
 2104_seed.data         158  0.25346191045773414       0.56131122663697253        40.046981852321991        88.687173808641660       0.30557357051645229        48.280624141599461        229.99015117594297        270.57364152667168     
 2105_seed.data         195  0.23909307006186539       0.54276641502505651        46.623148662063748        105.83945092988603       0.30320753256464072        59.125468850104944        260.02252537533542        313.91066431079696     
 2106_seed.data         146  0.23551231150410420       0.55477163205500934        34.384797479599214        80.996658280031369       0.29354233687115461        42.857181183188573        232.32349864678898        275.86508267137509     
 2107_seed.data         209  0.22740218883905830       0.51835989497990864        47.527057467363186        108.33721805080090       0.28783433598489788        60.157376220843659        368.95231570730715        532.81438315043067     
 2108_seed.data         137  0.25237194467787583       0.57613207271435107        34.574956420868986        78.930093961866092       0.32069644712136314        43.935413255626749        199.88756568124106        210.97521750337071     
 2109_seed.data         133  0.27275247920136175       0.62646589658874796        36.276079733781110        83.319964246303485       0.33446075937245451        44.483280996536450        173.61824683493666        168.30138247791012     
 2110_seed.data         149  0.30798457331229551       0.69758389255955966        45.889701423532031        103.93999999137439       0.35717211932540405        53.218645779485200        162.95194233813092        152.90499851767768     
 2111_seed.data         203  0.28376605273843053       0.61775246308500320        57.604508705901395        125.40375000625565       0.36549131716474048        74.194737384442320        282.43420048722186        380.33577291984136     
 2112_seed.data         165  0.27090049022120538       0.62181884573214974        44.698580886498888        102.60010954580471       0.33692053156261276        55.591887707831106        251.63365502777739        289.16238144690686     
 2113_seed.data         188  0.27263666147437521       0.63456147892210824        51.255692357182539        119.29755803735635       0.32433093575303806        60.974215921571158        266.51007362567270        323.65477686928051     
 2114_seed.data         179  0.24492859780029033       0.56388055945831983        43.842219006251966        100.93462014303925       0.30142870764360091        53.955738668204560        253.00307460038326        309.34510991431893     
 2115_seed.data         126  0.29297686746869761       0.66117816210167657        36.915085301055896        83.308448424811246       0.35618990370127085        44.879927866360127        153.64459429567643        147.73658850316863     
 2116_seed.data         138  0.26116727603216694       0.59849322954808493        36.041084092439036        82.592065677635716       0.31538210861614019        43.522730989027345        202.23248835774226        220.81257819542716     
 2117_seed.data         143  0.14140239943388574       0.33011962247054411        20.220543119045661        47.207106013287806       0.17161308315333226        24.540670890926513        303.11495702470563        375.48354333775472     
 2118_seed.data         176  0.26718566624812434       0.61416338888358968        47.024677259669886        108.09275644351179       0.31746658507996350        55.874118974073575        228.85293405540071        265.58283186194808     
 2119_seed.data         223  0.27910261892956323       0.62072314346485202        62.239884021292603        138.42126099266201       0.34160275561121256        76.177414501300404        281.91745990391956        345.91269238423524     
 2120_seed.data         207  0.28524929949739858       0.63704717758731066        59.046604995961509        131.86876576057330       0.33537958761034553        69.423574635341524        234.59177396821434        282.32578140242765     
 2121_seed.data         180  0.29523088877355069       0.66124533677828579        53.141559979239126        119.02416062009144       0.35085285593120941        63.153514067617692        231.07138307101428        261.66278899361623     
 2122_seed.data         132  0.29014382686706852       0.65657303245264587        38.298985146453042        86.667640283749250       0.35405466375549172        46.735215615724904        193.01063046433748        189.99080410781548     
 2123_seed.data         198  0.23886176370200501       0.54764240762630145        47.294629212996995        108.43319671000769       0.27925389872837159        55.292271948217575        249.53660302987703        321.26578872921914     
 2124_seed.data         142  0.18519835732113080       0.43298285983863222        26.298166739600575        61.483566097085777       0.23522120512547839        33.401411127817930        226.39634488834804        266.23816699423435     
 2125_seed.data         201  0.21499354223028583       0.49215783778361133        43.213701988287454        98.923725394505880       0.28067079458776045        56.414829712139849        378.42794466164787        517.17510325283695     
 2126_seed.data         137  0.22241764004424991       0.51571297592843712        30.471216686062238        70.652677702195888       0.26358219294810814        36.110760433890817        238.39158506910701        267.83819144284797     
 2127_seed.data         158  0.26482443976338704       0.61144913087017361        41.842261482615150        96.608962677487426       0.31130530128408285        49.186237602885093        182.30583340852820        195.32997440464436     
 2128_seed.data         155  0.33756905248586694       0.75779733279678319        52.323203135309377        117.45858658350140       0.37767600122712280        58.539780190204034        131.32831343954837        127.23374964527497     
 2129_seed.data         194  0.26169589368813573       0.59047569757012552        50.769003375498329        114.55228532860436       0.31134021955659358        60.400002593979153        229.42739102807394        260.84813948033320     
 2130_seed.data         146  0.19061034120401824       0.44155777355323694        27.829109815786662        64.467434938772598       0.25684960898766496        37.500042912199085        331.25606363990607        398.09523951106189     
 2131_seed.data         135  0.27895460025351249       0.63602747815795169        37.658871034224184        85.863709551323481       0.33996853657042742        45.895752437007701        174.71491256563360        182.38586563878928     
 2132_seed.data         135  0.23490081494542669       0.54493214467047835        31.711610017632605        73.565839530514580       0.28967367626623969        39.105946295942360        232.58599520228341        241.73603145542060     
 2133_seed.data         216  0.27059104696687852       0.61579491219186533        58.447666144845762        133.01170103344290       0.33202327661115733        71.717027748009983        265.13152678388684        312.04499817084678     
 2134_seed.data         185  0.21117654170886108       0.49325557614840265        39.067660216139302        91.252281587454490       0.26340348507449457        48.729644738781495        338.87001894303620        433.12997689160483     
 2135_seed.data         132  0.22849076861876289       0.54141147927577848        30.160781457676702        71.466315264402766       0.28314846174340741        37.375596950129776        175.34642870324490        183.92343251572120     
 2136_seed.data         204  0.24236616741946224       0.55074583327184434        49.442698153570298        112.35214998745624       0.30058688748431855        61.319725046800983        270.13512804151821        348.85594178436344     
 2137_seed.data         165  0.26737912808933334       0.61452067235705177        44.117556134739999        101.39591093891354       0.32052330627110914        52.886345534733010        226.14356753908385        258.96277089311263     
 2138_seed.data         190  0.29175647255766063       0.64068446865199380        55.433729785955521        121.73004904387882       0.35816547013766742        68.051439326156810        290.65761404205085        333.83524518659158     
 2139_seed.data         177  0.25205999931496353       0.57369787045167864        44.614619878748549        101.54452306994712       0.31572556774562405        55.883425490975455        235.74748145695676        266.29686296499494     
 2140_seed.data         166  0.32028886036711923       0.73763420130351720        53.167950820941790        122.44727741638386       0.36042175382002839        59.830011134124710        186.92533368879828        205.30003033107423     
 2141_seed.data         208  0.27947295675401429       0.63356231487530834        58.130375004834974        131.78096149406414       0.34115772561894392        70.960806928740340        258.49271720439316        300.74265593183924     
 2142_seed.data         194  0.29120819017174454       0.65320049747528497        56.494388893318444        126.72089651020528       0.35290687233794332        68.463933233561008        279.39884004221761        338.45226576175457     
 2143_seed.data         213  0.19369767952957873       0.45566780018887360        41.257605739800269        97.057241440230072       0.24929824465553574        53.100526111629115        403.02226667037559        642.41250934917969     
 2144_seed.data         179  0.19218458547095896       0.44831061836297442        34.401040799301654        80.247600686972419       0.22990068495108656        41.152222606244493        308.09703297441433        345.19841241727607     
 2145_seed.data         170  0.29090638995691498       0.65574604854279617        49.454086292675548        111.47682825227535       0.34287728838248988        58.289139025023282        188.18283099611327        209.44661985126152     
 2146_seed.data         126  0.25357561559953257       0.59480135773978482        31.950527565541105        74.944971075212891       0.31709095101828838        39.953459828304339        244.03126287499356        263.39538517419493     
 2147_seed.data         168  0.24495191939540847       0.56261485505118514        41.151922458428622        94.519295648599098       0.28978968334052418        48.684666801208060        234.74629519193473        240.13729209808125     
